ISO-10303-21;
HEADER;
/* Generated by software containing ST-Developer
 * from STEP Tools, Inc. (www.steptools.com) 
 */

FILE_DESCRIPTION(
/* description */ ('',
'CAx-IF Rec.Pracs.---Representation and Presentation of Product Manufa
cturing Information (PMI)---4.0---2014-10-13'),
/* implementation_level */ '2;1');

FILE_NAME(
/* name */ 'XT60_Female v7 v2.step',
/* time_stamp */ '2024-12-08T11:42:59+03:00',
/* author */ (''),
/* organization */ (''),
/* preprocessor_version */ 'ST-DEVELOPER v20',
/* originating_system */ 'Autodesk Translation Framework v13.20.0.188',

/* authorisation */ '');

FILE_SCHEMA (('AP242_MANAGED_MODEL_BASED_3D_ENGINEERING_MIM_LF { 1 0 10303 442 1 1 4 }'));
ENDSEC;

DATA;
#10=MECHANICAL_DESIGN_GEOMETRIC_PRESENTATION_REPRESENTATION('',(#4717,#4718,
#4719,#4720,#4721,#4722,#4723,#4724,#4725,#4726,#4727,#4728,#4729,#4730,
#4731,#4732,#4733,#4734,#4735,#4736,#4737,#4738,#4739,#4740,#4741,#4742,
#4743,#4744,#4745,#4746,#4747,#4748,#4749,#4750,#4751,#4752,#4753,#4754,
#4755,#4756,#4757,#4758,#4759,#4760,#4761,#4762,#4763,#4764,#4765,#4766,
#4767,#4768,#4769,#4770,#4771,#4772,#4773,#4774,#4775,#4776,#4777,#4778,
#4779,#4780,#4781,#4782,#4783,#4784),#11803);
#11=SHAPE_REPRESENTATION_RELATIONSHIP('SRR','None',#11810,#12);
#12=ADVANCED_BREP_SHAPE_REPRESENTATION('',(#17,#18,#19,#20),#11802);
#13=CONICAL_SURFACE('',#5162,1.,1.02974425867665);
#14=CONICAL_SURFACE('',#5165,1.,1.02974425867665);
#15=CONICAL_SURFACE('',#5172,0.75,1.02974425867665);
#16=CONICAL_SURFACE('',#5179,0.75,1.02974425867665);
#17=MANIFOLD_SOLID_BREP('Body2',#5057);
#18=MANIFOLD_SOLID_BREP('Body2',#5058);
#19=MANIFOLD_SOLID_BREP('Body2',#5059);
#20=MANIFOLD_SOLID_BREP('Body3',#5060);
#21=FACE_BOUND('',#563,.T.);
#22=FACE_BOUND('',#612,.T.);
#23=FACE_BOUND('',#617,.T.);
#24=FACE_BOUND('',#618,.T.);
#25=FACE_BOUND('',#626,.T.);
#26=FACE_BOUND('',#627,.T.);
#27=FACE_BOUND('',#635,.T.);
#28=FACE_BOUND('',#640,.T.);
#29=FACE_BOUND('',#644,.T.);
#30=FACE_BOUND('',#645,.T.);
#31=FACE_BOUND('',#646,.T.);
#32=FACE_BOUND('',#647,.T.);
#33=FACE_BOUND('',#666,.T.);
#34=FACE_BOUND('',#688,.T.);
#35=FACE_BOUND('',#728,.T.);
#36=FACE_BOUND('',#729,.T.);
#37=FACE_BOUND('',#730,.T.);
#38=FACE_BOUND('',#731,.T.);
#39=FACE_BOUND('',#750,.T.);
#40=FACE_BOUND('',#772,.T.);
#41=FACE_BOUND('',#811,.T.);
#42=FACE_BOUND('',#812,.T.);
#43=FACE_BOUND('',#813,.T.);
#44=FACE_BOUND('',#825,.T.);
#45=FACE_BOUND('',#829,.T.);
#46=FACE_BOUND('',#834,.T.);
#47=FACE_BOUND('',#835,.T.);
#48=PLANE('',#5089);
#49=PLANE('',#5093);
#50=PLANE('',#5104);
#51=PLANE('',#5106);
#52=PLANE('',#5107);
#53=PLANE('',#5125);
#54=PLANE('',#5128);
#55=PLANE('',#5138);
#56=PLANE('',#5141);
#57=PLANE('',#5142);
#58=PLANE('',#5146);
#59=PLANE('',#5149);
#60=PLANE('',#5150);
#61=PLANE('',#5151);
#62=PLANE('',#5152);
#63=PLANE('',#5153);
#64=PLANE('',#5154);
#65=PLANE('',#5155);
#66=PLANE('',#5171);
#67=PLANE('',#5178);
#68=PLANE('',#5180);
#69=PLANE('',#5181);
#70=PLANE('',#5182);
#71=PLANE('',#5183);
#72=PLANE('',#5184);
#73=PLANE('',#5185);
#74=PLANE('',#5186);
#75=PLANE('',#5187);
#76=PLANE('',#5188);
#77=PLANE('',#5189);
#78=PLANE('',#5190);
#79=PLANE('',#5191);
#80=PLANE('',#5192);
#81=PLANE('',#5193);
#82=PLANE('',#5194);
#83=PLANE('',#5195);
#84=PLANE('',#5196);
#85=PLANE('',#5197);
#86=PLANE('',#5198);
#87=PLANE('',#5199);
#88=PLANE('',#5200);
#89=PLANE('',#5201);
#90=PLANE('',#5202);
#91=PLANE('',#5203);
#92=PLANE('',#5204);
#93=PLANE('',#5205);
#94=PLANE('',#5206);
#95=PLANE('',#5207);
#96=PLANE('',#5208);
#97=PLANE('',#5209);
#98=PLANE('',#5210);
#99=PLANE('',#5211);
#100=PLANE('',#5212);
#101=PLANE('',#5213);
#102=PLANE('',#5214);
#103=PLANE('',#5215);
#104=PLANE('',#5216);
#105=PLANE('',#5217);
#106=PLANE('',#5218);
#107=PLANE('',#5219);
#108=PLANE('',#5220);
#109=PLANE('',#5221);
#110=PLANE('',#5222);
#111=PLANE('',#5223);
#112=PLANE('',#5224);
#113=PLANE('',#5225);
#114=PLANE('',#5226);
#115=PLANE('',#5227);
#116=PLANE('',#5228);
#117=PLANE('',#5229);
#118=PLANE('',#5230);
#119=PLANE('',#5231);
#120=PLANE('',#5232);
#121=PLANE('',#5233);
#122=PLANE('',#5234);
#123=PLANE('',#5237);
#124=PLANE('',#5238);
#125=PLANE('',#5239);
#126=PLANE('',#5240);
#127=PLANE('',#5241);
#128=PLANE('',#5242);
#129=PLANE('',#5243);
#130=PLANE('',#5244);
#131=PLANE('',#5250);
#132=PLANE('',#5256);
#133=PLANE('',#5257);
#134=PLANE('',#5258);
#135=PLANE('',#5259);
#136=PLANE('',#5260);
#137=B_SPLINE_SURFACE_WITH_KNOTS('',3,3,((#6241,#6242,#6243,#6244,#6245,
#6246,#6247,#6248,#6249,#6250,#6251,#6252,#6253,#6254,#6255,#6256),(#6257,
#6258,#6259,#6260,#6261,#6262,#6263,#6264,#6265,#6266,#6267,#6268,#6269,
#6270,#6271,#6272),(#6273,#6274,#6275,#6276,#6277,#6278,#6279,#6280,#6281,
#6282,#6283,#6284,#6285,#6286,#6287,#6288),(#6289,#6290,#6291,#6292,#6293,
#6294,#6295,#6296,#6297,#6298,#6299,#6300,#6301,#6302,#6303,#6304)),
 .UNSPECIFIED.,.F.,.F.,.F.,(4,4),(4,1,1,1,1,1,1,1,1,1,1,1,1,4),(0.,0.0386536005222454),
(11.852942864427,12.8141638877007,13.7753849109743,14.736605934248,15.6978269575216,
16.6590479807952,17.6202690040689,18.5814900273425,19.5427110506162,20.5039320738898,
21.4651530971634,22.4263741204371,23.3875951437107,24.3488161669844),
 .UNSPECIFIED.);
#138=B_SPLINE_SURFACE_WITH_KNOTS('',3,3,((#6457,#6458,#6459,#6460,#6461,
#6462,#6463),(#6464,#6465,#6466,#6467,#6468,#6469,#6470),(#6471,#6472,#6473,
#6474,#6475,#6476,#6477),(#6478,#6479,#6480,#6481,#6482,#6483,#6484)),
 .UNSPECIFIED.,.F.,.F.,.F.,(4,4),(4,1,1,1,4),(0.,0.0386536005222454),(26.663321364194,
27.4570084278502,28.2506954915064,29.0443825551626,29.8380696188189),
 .UNSPECIFIED.);
#139=B_SPLINE_SURFACE_WITH_KNOTS('',3,3,((#6547,#6548,#6549,#6550,#6551,
#6552,#6553),(#6554,#6555,#6556,#6557,#6558,#6559,#6560),(#6561,#6562,#6563,
#6564,#6565,#6566,#6567),(#6568,#6569,#6570,#6571,#6572,#6573,#6574)),
 .UNSPECIFIED.,.F.,.F.,.F.,(4,4),(4,1,1,1,4),(0.,0.0386536005222454),(32.9937834529769,
33.7756513212323,34.5575191894877,35.3393870577431,36.1212549259985),
 .UNSPECIFIED.);
#140=B_SPLINE_SURFACE_WITH_KNOTS('',3,3,((#6604,#6605,#6606,#6607,#6608,
#6609,#6610),(#6611,#6612,#6613,#6614,#6615,#6616,#6617),(#6618,#6619,#6620,
#6621,#6622,#6623,#6624),(#6625,#6626,#6627,#6628,#6629,#6630,#6631)),
 .UNSPECIFIED.,.F.,.F.,.F.,(4,4),(4,1,1,1,4),(0.,0.0386536005222454),(39.2769687601564,
40.0588366284118,40.8407044966672,41.6225723649226,42.404440233178),
 .UNSPECIFIED.);
#141=B_SPLINE_SURFACE_WITH_KNOTS('',3,3,((#6661,#6662,#6663,#6664,#6665,
#6666,#6667),(#6668,#6669,#6670,#6671,#6672,#6673,#6674),(#6675,#6676,#6677,
#6678,#6679,#6680,#6681),(#6682,#6683,#6684,#6685,#6686,#6687,#6688)),
 .UNSPECIFIED.,.F.,.F.,.F.,(4,4),(4,1,1,1,4),(0.,0.0386536005222454),(45.560154067336,
46.3420219355914,47.1238898038468,47.9057576721022,48.6876255403576),
 .UNSPECIFIED.);
#142=B_SPLINE_SURFACE_WITH_KNOTS('',3,3,((#6718,#6719,#6720,#6721,#6722,
#6723,#6724),(#6725,#6726,#6727,#6728,#6729,#6730,#6731),(#6732,#6733,#6734,
#6735,#6736,#6737,#6738),(#6739,#6740,#6741,#6742,#6743,#6744,#6745)),
 .UNSPECIFIED.,.F.,.F.,.F.,(4,4),(4,1,1,1,4),(0.,0.0386536005222454),(51.8433393745156,
52.625207242771,53.4070751110264,54.1889429792818,54.9708108475372),
 .UNSPECIFIED.);
#143=B_SPLINE_SURFACE_WITH_KNOTS('',3,3,((#6775,#6776,#6777,#6778,#6779,
#6780),(#6781,#6782,#6783,#6784,#6785,#6786),(#6787,#6788,#6789,#6790,#6791,
#6792),(#6793,#6794,#6795,#6796,#6797,#6798)),.UNSPECIFIED.,.F.,.F.,.F.,
(4,4),(4,1,1,4),(0.,0.0386536005222454),(58.1265246816952,59.0845932740852,
60.0426618664753,61.0007304588653),.UNSPECIFIED.);
#144=B_SPLINE_SURFACE_WITH_KNOTS('',3,3,((#6899,#6900,#6901,#6902,#6903,
#6904,#6905,#6906,#6907,#6908,#6909,#6910,#6911,#6912,#6913,#6914,#6915,
#6916,#6917),(#6918,#6919,#6920,#6921,#6922,#6923,#6924,#6925,#6926,#6927,
#6928,#6929,#6930,#6931,#6932,#6933,#6934,#6935,#6936),(#6937,#6938,#6939,
#6940,#6941,#6942,#6943,#6944,#6945,#6946,#6947,#6948,#6949,#6950,#6951,
#6952,#6953,#6954,#6955),(#6956,#6957,#6958,#6959,#6960,#6961,#6962,#6963,
#6964,#6965,#6966,#6967,#6968,#6969,#6970,#6971,#6972,#6973,#6974)),
 .UNSPECIFIED.,.F.,.F.,.F.,(4,4),(4,1,1,1,1,1,1,1,1,1,1,1,1,1,1,1,4),(0.,
0.0386536005222454),(14.3974932272897,15.3645169142046,16.3315406011196,
17.2985642880345,18.2655879749494,19.2326116618643,20.1996353487792,21.1666590356941,
22.133682722609,23.100706409524,24.0677300964389,25.0347537833538,26.0017774702687,
26.9688011571836,27.9358248440985,28.9028485310134,29.8698722179283),
 .UNSPECIFIED.);
#145=B_SPLINE_SURFACE_WITH_KNOTS('',3,3,((#7194,#7195,#7196,#7197,#7198,
#7199,#7200),(#7201,#7202,#7203,#7204,#7205,#7206,#7207),(#7208,#7209,#7210,
#7211,#7212,#7213,#7214),(#7215,#7216,#7217,#7218,#7219,#7220,#7221)),
 .UNSPECIFIED.,.F.,.F.,.F.,(4,4),(4,1,1,1,4),(0.,0.0386536005222454),(32.9937834529769,
33.7756513212323,34.5575191894877,35.3393870577431,36.1212549259985),
 .UNSPECIFIED.);
#146=B_SPLINE_SURFACE_WITH_KNOTS('',3,3,((#7254,#7255,#7256,#7257,#7258,
#7259,#7260),(#7261,#7262,#7263,#7264,#7265,#7266,#7267),(#7268,#7269,#7270,
#7271,#7272,#7273,#7274),(#7275,#7276,#7277,#7278,#7279,#7280,#7281)),
 .UNSPECIFIED.,.F.,.F.,.F.,(4,4),(4,1,1,1,4),(0.,0.0386536005222454),(39.2769687601564,
40.0588366284118,40.8407044966672,41.6225723649226,42.4044402331781),
 .UNSPECIFIED.);
#147=B_SPLINE_SURFACE_WITH_KNOTS('',3,3,((#7314,#7315,#7316,#7317,#7318,
#7319,#7320),(#7321,#7322,#7323,#7324,#7325,#7326,#7327),(#7328,#7329,#7330,
#7331,#7332,#7333,#7334),(#7335,#7336,#7337,#7338,#7339,#7340,#7341)),
 .UNSPECIFIED.,.F.,.F.,.F.,(4,4),(4,1,1,1,4),(0.,0.0386536005222454),(45.560154067336,
46.3420219355914,47.1238898038468,47.9057576721022,48.6876255403576),
 .UNSPECIFIED.);
#148=B_SPLINE_SURFACE_WITH_KNOTS('',3,3,((#7371,#7372,#7373,#7374,#7375,
#7376,#7377),(#7378,#7379,#7380,#7381,#7382,#7383,#7384),(#7385,#7386,#7387,
#7388,#7389,#7390,#7391),(#7392,#7393,#7394,#7395,#7396,#7397,#7398)),
 .UNSPECIFIED.,.F.,.F.,.F.,(4,4),(4,1,1,1,4),(0.,0.0386536005222454),(51.8433393745156,
52.625207242771,53.4070751110264,54.1889429792818,54.9708108475372),
 .UNSPECIFIED.);
#149=B_SPLINE_SURFACE_WITH_KNOTS('',3,3,((#7442,#7443,#7444,#7445,#7446,
#7447,#7448),(#7449,#7450,#7451,#7452,#7453,#7454,#7455),(#7456,#7457,#7458,
#7459,#7460,#7461,#7462),(#7463,#7464,#7465,#7466,#7467,#7468,#7469)),
 .UNSPECIFIED.,.F.,.F.,.F.,(4,4),(4,1,1,1,4),(0.,0.0386536005222454),(58.1265246816952,
58.9083925499506,59.690260418206,60.4721282864614,61.2539961547168),
 .UNSPECIFIED.);
#150=B_SPLINE_SURFACE_WITH_KNOTS('',3,3,((#7795,#7796,#7797,#7798,#7799,
#7800,#7801,#7802,#7803,#7804,#7805,#7806,#7807,#7808,#7809,#7810),(#7811,
#7812,#7813,#7814,#7815,#7816,#7817,#7818,#7819,#7820,#7821,#7822,#7823,
#7824,#7825,#7826),(#7827,#7828,#7829,#7830,#7831,#7832,#7833,#7834,#7835,
#7836,#7837,#7838,#7839,#7840,#7841,#7842),(#7843,#7844,#7845,#7846,#7847,
#7848,#7849,#7850,#7851,#7852,#7853,#7854,#7855,#7856,#7857,#7858)),
 .UNSPECIFIED.,.F.,.F.,.F.,(4,4),(4,1,1,1,1,1,1,1,1,1,1,1,1,4),(0.,0.0386536005222454),
(14.3974932272897,15.3652523231896,16.3330114190894,17.3007705149893,18.2685296108891,
19.236288706789,20.2040478026888,21.1718068985886,22.1395659944885,23.1073250903883,
24.0750841862882,25.042843282188,26.0106023780879,26.9783614739877),
 .UNSPECIFIED.);
#151=B_SPLINE_SURFACE_WITH_KNOTS('',3,3,((#7973,#7974,#7975,#7976,#7977,
#7978,#7979),(#7980,#7981,#7982,#7983,#7984,#7985,#7986),(#7987,#7988,#7989,
#7990,#7991,#7992,#7993),(#7994,#7995,#7996,#7997,#7998,#7999,#8000)),
 .UNSPECIFIED.,.F.,.F.,.F.,(4,4),(4,1,1,1,4),(0.,0.0386536005222454),(29.8521907993895,
30.6340586676437,31.4159265358979,32.1977944041522,32.9796622724064),
 .UNSPECIFIED.);
#152=B_SPLINE_SURFACE_WITH_KNOTS('',3,3,((#8030,#8031,#8032,#8033,#8034,
#8035,#8036),(#8037,#8038,#8039,#8040,#8041,#8042,#8043),(#8044,#8045,#8046,
#8047,#8048,#8049,#8050),(#8051,#8052,#8053,#8054,#8055,#8056,#8057)),
 .UNSPECIFIED.,.F.,.F.,.F.,(4,4),(4,1,1,1,4),(0.,0.0386536005222454),(36.1353761065691,
36.9172439748233,37.6991118430775,38.4809797113317,39.262847579586),
 .UNSPECIFIED.);
#153=B_SPLINE_SURFACE_WITH_KNOTS('',3,3,((#8087,#8088,#8089,#8090,#8091,
#8092,#8093),(#8094,#8095,#8096,#8097,#8098,#8099,#8100),(#8101,#8102,#8103,
#8104,#8105,#8106,#8107),(#8108,#8109,#8110,#8111,#8112,#8113,#8114)),
 .UNSPECIFIED.,.F.,.F.,.F.,(4,4),(4,1,1,1,4),(0.,0.0386536005222454),(42.4185614137487,
43.2004292820029,43.9822971502571,44.7641650185113,45.5460328867655),
 .UNSPECIFIED.);
#154=B_SPLINE_SURFACE_WITH_KNOTS('',3,3,((#8144,#8145,#8146,#8147,#8148,
#8149,#8150),(#8151,#8152,#8153,#8154,#8155,#8156,#8157),(#8158,#8159,#8160,
#8161,#8162,#8163,#8164),(#8165,#8166,#8167,#8168,#8169,#8170,#8171)),
 .UNSPECIFIED.,.F.,.F.,.F.,(4,4),(4,1,1,1,4),(0.,0.0386536005222454),(48.7017467209283,
49.4836145891825,50.2654824574367,51.0473503256909,51.8292181939451),
 .UNSPECIFIED.);
#155=B_SPLINE_SURFACE_WITH_KNOTS('',3,3,((#8201,#8202,#8203,#8204,#8205,
#8206,#8207),(#8208,#8209,#8210,#8211,#8212,#8213,#8214),(#8215,#8216,#8217,
#8218,#8219,#8220,#8221),(#8222,#8223,#8224,#8225,#8226,#8227,#8228)),
 .UNSPECIFIED.,.F.,.F.,.F.,(4,4),(4,1,1,1,4),(0.,0.0386536005222454),(54.9849320281079,
55.7667998963621,56.5486677646163,57.3305356328705,58.1124035011247),
 .UNSPECIFIED.);
#156=B_SPLINE_SURFACE_WITH_KNOTS('',3,3,((#8258,#8259,#8260,#8261,#8262,
#8263,#8264,#8265,#8266,#8267,#8268,#8269,#8270,#8271,#8272,#8273,#8274,
#8275),(#8276,#8277,#8278,#8279,#8280,#8281,#8282,#8283,#8284,#8285,#8286,
#8287,#8288,#8289,#8290,#8291,#8292,#8293),(#8294,#8295,#8296,#8297,#8298,
#8299,#8300,#8301,#8302,#8303,#8304,#8305,#8306,#8307,#8308,#8309,#8310,
#8311),(#8312,#8313,#8314,#8315,#8316,#8317,#8318,#8319,#8320,#8321,#8322,
#8323,#8324,#8325,#8326,#8327,#8328,#8329)),.UNSPECIFIED.,.F.,.F.,.F.,(4,
4),(4,1,1,1,1,1,1,1,1,1,1,1,1,1,1,4),(0.,0.0386536005222454),(11.852942864427,
12.8454821611771,13.8380214579271,14.8305607546772,15.8231000514273,16.8156393481773,
17.8081786449274,18.8007179416774,19.7932572384275,20.7857965351775,21.7783358319276,
22.7708751286777,23.7634144254277,24.7559537221778,25.7484930189278,26.7410323156779),
 .UNSPECIFIED.);
#157=B_SPLINE_SURFACE_WITH_KNOTS('',3,3,((#8525,#8526,#8527,#8528,#8529,
#8530,#8531),(#8532,#8533,#8534,#8535,#8536,#8537,#8538),(#8539,#8540,#8541,
#8542,#8543,#8544,#8545),(#8546,#8547,#8548,#8549,#8550,#8551,#8552)),
 .UNSPECIFIED.,.F.,.F.,.F.,(4,4),(4,1,1,1,4),(0.,0.0386536005222454),(29.8521907993895,
30.6340586676437,31.4159265358979,32.1977944041522,32.9796622724064),
 .UNSPECIFIED.);
#158=B_SPLINE_SURFACE_WITH_KNOTS('',3,3,((#8582,#8583,#8584,#8585,#8586,
#8587,#8588),(#8589,#8590,#8591,#8592,#8593,#8594,#8595),(#8596,#8597,#8598,
#8599,#8600,#8601,#8602),(#8603,#8604,#8605,#8606,#8607,#8608,#8609)),
 .UNSPECIFIED.,.F.,.F.,.F.,(4,4),(4,1,1,1,4),(0.,0.0386536005222454),(36.1353761065691,
36.9172439748233,37.6991118430775,38.4809797113317,39.262847579586),
 .UNSPECIFIED.);
#159=B_SPLINE_SURFACE_WITH_KNOTS('',3,3,((#8639,#8640,#8641,#8642,#8643,
#8644,#8645),(#8646,#8647,#8648,#8649,#8650,#8651,#8652),(#8653,#8654,#8655,
#8656,#8657,#8658,#8659),(#8660,#8661,#8662,#8663,#8664,#8665,#8666)),
 .UNSPECIFIED.,.F.,.F.,.F.,(4,4),(4,1,1,1,4),(0.,0.0386536005222454),(42.4185614137487,
43.2004292820029,43.9822971502571,44.7641650185113,45.5460328867655),
 .UNSPECIFIED.);
#160=B_SPLINE_SURFACE_WITH_KNOTS('',3,3,((#8696,#8697,#8698,#8699,#8700,
#8701,#8702),(#8703,#8704,#8705,#8706,#8707,#8708,#8709),(#8710,#8711,#8712,
#8713,#8714,#8715,#8716),(#8717,#8718,#8719,#8720,#8721,#8722,#8723)),
 .UNSPECIFIED.,.F.,.F.,.F.,(4,4),(4,1,1,1,4),(0.,0.0386536005222454),(48.7017467209283,
49.4836145891825,50.2654824574367,51.0473503256909,51.8292181939451),
 .UNSPECIFIED.);
#161=B_SPLINE_SURFACE_WITH_KNOTS('',3,3,((#8753,#8754,#8755,#8756,#8757,
#8758,#8759),(#8760,#8761,#8762,#8763,#8764,#8765,#8766),(#8767,#8768,#8769,
#8770,#8771,#8772,#8773),(#8774,#8775,#8776,#8777,#8778,#8779,#8780)),
 .UNSPECIFIED.,.F.,.F.,.F.,(4,4),(4,1,1,1,4),(0.,0.0386536005222454),(54.9849320281079,
55.7667998963621,56.5486677646163,57.3305356328705,58.1124035011247),
 .UNSPECIFIED.);
#162=B_SPLINE_SURFACE_WITH_KNOTS('',3,3,((#8820,#8821,#8822,#8823,#8824,
#8825),(#8826,#8827,#8828,#8829,#8830,#8831),(#8832,#8833,#8834,#8835,#8836,
#8837),(#8838,#8839,#8840,#8841,#8842,#8843)),.UNSPECIFIED.,.F.,.F.,.F.,
(4,4),(4,1,1,4),(0.,0.0386536005222454),(61.2681173352874,62.0271718307676,
62.7862263262478,63.545280821728),.UNSPECIFIED.);
#163=B_SPLINE_SURFACE_WITH_KNOTS('',3,1,((#9565,#9566),(#9567,#9568),(#9569,
#9570),(#9571,#9572),(#9573,#9574)),.UNSPECIFIED.,.F.,.F.,.F.,(4,1,4),(2,
2),(0.,0.0171230368049949,0.0293719473941455),(0.,0.05),.UNSPECIFIED.);
#164=B_SPLINE_SURFACE_WITH_KNOTS('',3,1,((#9576,#9577),(#9578,#9579),(#9580,
#9581),(#9582,#9583),(#9584,#9585)),.UNSPECIFIED.,.F.,.F.,.F.,(4,1,4),(2,
2),(0.,0.013328798767587,0.0277498485944861),(0.,0.05),.UNSPECIFIED.);
#165=B_SPLINE_SURFACE_WITH_KNOTS('',3,1,((#9599,#9600),(#9601,#9602),(#9603,
#9604),(#9605,#9606),(#9607,#9608)),.UNSPECIFIED.,.F.,.F.,.F.,(4,1,4),(2,
2),(0.,0.00771891327134338,0.015969283029071),(0.,0.05),.UNSPECIFIED.);
#166=B_SPLINE_SURFACE_WITH_KNOTS('',3,1,((#9610,#9611),(#9612,#9613),(#9614,
#9615),(#9616,#9617),(#9618,#9619)),.UNSPECIFIED.,.F.,.F.,.F.,(4,1,4),(2,
2),(0.,0.0108458363222668,0.0177891577867103),(0.,0.05),.UNSPECIFIED.);
#167=B_SPLINE_SURFACE_WITH_KNOTS('',3,1,((#9743,#9744),(#9745,#9746),(#9747,
#9748),(#9749,#9750),(#9751,#9752)),.UNSPECIFIED.,.F.,.F.,.F.,(4,1,4),(2,
2),(0.,0.0360088440250918,0.0847596451001801),(0.,0.05),.UNSPECIFIED.);
#168=B_SPLINE_SURFACE_WITH_KNOTS('',3,1,((#9755,#9756),(#9757,#9758),(#9759,
#9760),(#9761,#9762),(#9763,#9764)),.UNSPECIFIED.,.F.,.F.,.F.,(4,1,4),(2,
2),(0.,0.0320608374303244,0.057736423330548),(0.,0.05),.UNSPECIFIED.);
#169=B_SPLINE_SURFACE_WITH_KNOTS('',3,1,((#9766,#9767),(#9768,#9769),(#9770,
#9771),(#9772,#9773),(#9774,#9775)),.UNSPECIFIED.,.F.,.F.,.F.,(4,1,4),(2,
2),(0.,0.0211909857535031,0.0401920335923215),(0.,0.05),.UNSPECIFIED.);
#170=B_SPLINE_SURFACE_WITH_KNOTS('',3,1,((#9777,#9778),(#9779,#9780),(#9781,
#9782),(#9783,#9784),(#9785,#9786)),.UNSPECIFIED.,.F.,.F.,.F.,(4,1,4),(2,
2),(0.,0.0184810074110407,0.0386646167542199),(0.,0.05),.UNSPECIFIED.);
#171=B_SPLINE_SURFACE_WITH_KNOTS('',3,1,((#9788,#9789),(#9790,#9791),(#9792,
#9793),(#9794,#9795),(#9796,#9797)),.UNSPECIFIED.,.F.,.F.,.F.,(4,1,4),(2,
2),(0.,0.0151957276004776,0.0291972763413675),(0.,0.05),.UNSPECIFIED.);
#172=B_SPLINE_SURFACE_WITH_KNOTS('',3,1,((#9799,#9800),(#9801,#9802),(#9803,
#9804),(#9805,#9806),(#9807,#9808)),.UNSPECIFIED.,.F.,.F.,.F.,(4,1,4),(2,
2),(0.,0.013619031730469,0.0276411073547822),(0.,0.05),.UNSPECIFIED.);
#173=B_SPLINE_SURFACE_WITH_KNOTS('',3,1,((#9810,#9811),(#9812,#9813),(#9814,
#9815),(#9816,#9817),(#9818,#9819)),.UNSPECIFIED.,.F.,.F.,.F.,(4,1,4),(2,
2),(0.,0.0152703100348924,0.0323328542251258),(0.,0.05),.UNSPECIFIED.);
#174=B_SPLINE_SURFACE_WITH_KNOTS('',3,1,((#9821,#9822),(#9823,#9824),(#9825,
#9826),(#9827,#9828),(#9829,#9830)),.UNSPECIFIED.,.F.,.F.,.F.,(4,1,4),(2,
2),(0.,0.0208583386510922,0.0475703213760848),(0.,0.05),.UNSPECIFIED.);
#175=B_SPLINE_SURFACE_WITH_KNOTS('',3,1,((#9832,#9833),(#9834,#9835),(#9836,
#9837),(#9838,#9839),(#9840,#9841)),.UNSPECIFIED.,.F.,.F.,.F.,(4,1,4),(2,
2),(0.,0.0318555617337857,0.0574536216840496),(0.,0.05),.UNSPECIFIED.);
#176=B_SPLINE_SURFACE_WITH_KNOTS('',3,1,((#9843,#9844),(#9845,#9846),(#9847,
#9848),(#9849,#9850),(#9851,#9852)),.UNSPECIFIED.,.F.,.F.,.F.,(4,1,4),(2,
2),(0.,0.021184564583552,0.0402126037391583),(0.,0.05),.UNSPECIFIED.);
#177=B_SPLINE_SURFACE_WITH_KNOTS('',3,1,((#9854,#9855),(#9856,#9857),(#9858,
#9859),(#9860,#9861),(#9862,#9863)),.UNSPECIFIED.,.F.,.F.,.F.,(4,1,4),(2,
2),(0.,0.0185353714734302,0.0388226529201229),(0.,0.05),.UNSPECIFIED.);
#178=B_SPLINE_SURFACE_WITH_KNOTS('',3,1,((#9865,#9866),(#9867,#9868),(#9869,
#9870),(#9871,#9872),(#9873,#9874)),.UNSPECIFIED.,.F.,.F.,.F.,(4,1,4),(2,
2),(0.,0.026333914574837,0.0513634826096901),(0.,0.05),.UNSPECIFIED.);
#179=B_SPLINE_SURFACE_WITH_KNOTS('',3,1,((#9875,#9876),(#9877,#9878),(#9879,
#9880),(#9881,#9882),(#9883,#9884)),.UNSPECIFIED.,.F.,.F.,.F.,(4,1,4),(2,
2),(0.,0.0277083964601083,0.0693369088786598),(0.,0.05),.UNSPECIFIED.);
#180=B_SPLINE_SURFACE_WITH_KNOTS('',3,1,((#9887,#9888),(#9889,#9890),(#9891,
#9892),(#9893,#9894),(#9895,#9896)),.UNSPECIFIED.,.F.,.F.,.F.,(4,1,4),(2,
2),(0.,0.041114107879795,0.067132226384521),(0.,0.05),.UNSPECIFIED.);
#181=B_SPLINE_SURFACE_WITH_KNOTS('',3,1,((#9898,#9899),(#9900,#9901),(#9902,
#9903),(#9904,#9905),(#9906,#9907)),.UNSPECIFIED.,.F.,.F.,.F.,(4,1,4),(2,
2),(0.,0.0177559642269247,0.0338501500464452),(0.,0.05),.UNSPECIFIED.);
#182=B_SPLINE_SURFACE_WITH_KNOTS('',3,1,((#9909,#9910),(#9911,#9912),(#9913,
#9914),(#9915,#9916),(#9917,#9918)),.UNSPECIFIED.,.F.,.F.,.F.,(4,1,4),(2,
2),(0.,0.0160985150340561,0.0338897017706105),(0.,0.05),.UNSPECIFIED.);
#183=B_SPLINE_SURFACE_WITH_KNOTS('',3,1,((#9920,#9921),(#9922,#9923),(#9924,
#9925),(#9926,#9927),(#9928,#9929)),.UNSPECIFIED.,.F.,.F.,.F.,(4,1,4),(2,
2),(0.,0.0260342171008199,0.067063270710892),(0.,0.05),.UNSPECIFIED.);
#184=B_SPLINE_SURFACE_WITH_KNOTS('',3,1,((#9931,#9932),(#9933,#9934),(#9935,
#9936),(#9937,#9938),(#9939,#9940)),.UNSPECIFIED.,.F.,.F.,.F.,(4,1,4),(2,
2),(0.,0.0411991555860579,0.0672012093154005),(0.,0.05),.UNSPECIFIED.);
#185=B_SPLINE_SURFACE_WITH_KNOTS('',3,1,((#9942,#9943),(#9944,#9945),(#9946,
#9947),(#9948,#9949),(#9950,#9951)),.UNSPECIFIED.,.F.,.F.,.F.,(4,1,4),(2,
2),(0.,0.0177703266503479,0.0340583491677098),(0.,0.05),.UNSPECIFIED.);
#186=B_SPLINE_SURFACE_WITH_KNOTS('',3,1,((#9953,#9954),(#9955,#9956),(#9957,
#9958),(#9959,#9960),(#9961,#9962)),.UNSPECIFIED.,.F.,.F.,.F.,(4,1,4),(2,
2),(0.,0.0156273289792074,0.0315861112488129),(0.,0.05),.UNSPECIFIED.);
#187=B_SPLINE_SURFACE_WITH_KNOTS('',3,1,((#10128,#10129),(#10130,#10131),
(#10132,#10133),(#10134,#10135),(#10136,#10137)),.UNSPECIFIED.,.F.,.F.,
 .F.,(4,1,4),(2,2),(0.,0.0198406174499786,0.0414989267112591),(0.,0.05),
 .UNSPECIFIED.);
#188=B_SPLINE_SURFACE_WITH_KNOTS('',3,1,((#10142,#10143),(#10144,#10145),
(#10146,#10147),(#10148,#10149),(#10150,#10151)),.UNSPECIFIED.,.F.,.F.,
 .F.,(4,1,4),(2,2),(0.,0.0130949038532322,0.0231453727956089),(0.,0.05),
 .UNSPECIFIED.);
#189=B_SPLINE_SURFACE_WITH_KNOTS('',3,1,((#10153,#10154),(#10155,#10156),
(#10157,#10158),(#10159,#10160),(#10161,#10162)),.UNSPECIFIED.,.F.,.F.,
 .F.,(4,1,4),(2,2),(0.,0.0136270665607433,0.0273192095238648),(0.,0.05),
 .UNSPECIFIED.);
#190=B_SPLINE_SURFACE_WITH_KNOTS('',3,1,((#10164,#10165),(#10166,#10167),
(#10168,#10169),(#10170,#10171),(#10172,#10173)),.UNSPECIFIED.,.F.,.F.,
 .F.,(4,1,4),(2,2),(0.,0.0111373463285916,0.0219064027315649),(0.,0.05),
 .UNSPECIFIED.);
#191=B_SPLINE_SURFACE_WITH_KNOTS('',3,1,((#10175,#10176),(#10177,#10178),
(#10179,#10180),(#10181,#10182),(#10183,#10184)),.UNSPECIFIED.,.F.,.F.,
 .F.,(4,1,4),(2,2),(0.,0.014687195521497,0.0310221619574838),(0.,0.05),
 .UNSPECIFIED.);
#192=B_SPLINE_SURFACE_WITH_KNOTS('',3,1,((#10186,#10187),(#10188,#10189),
(#10190,#10191),(#10192,#10193),(#10194,#10195)),.UNSPECIFIED.,.F.,.F.,
 .F.,(4,1,4),(2,2),(0.,0.020324981987091,0.0469600075710273),(0.,0.05),
 .UNSPECIFIED.);
#193=B_SPLINE_SURFACE_WITH_KNOTS('',3,1,((#10197,#10198),(#10199,#10200),
(#10201,#10202),(#10203,#10204),(#10205,#10206)),.UNSPECIFIED.,.F.,.F.,
 .F.,(4,1,4),(2,2),(0.,0.015349625469656,0.0297979462731753),(0.,0.05),
 .UNSPECIFIED.);
#194=B_SPLINE_SURFACE_WITH_KNOTS('',3,1,((#10208,#10209),(#10210,#10211),
(#10212,#10213),(#10214,#10215),(#10216,#10217)),.UNSPECIFIED.,.F.,.F.,
 .F.,(4,1,4),(2,2),(0.,0.0140193877886662,0.0278614313197895),(0.,0.05),
 .UNSPECIFIED.);
#195=B_SPLINE_SURFACE_WITH_KNOTS('',3,1,((#10219,#10220),(#10221,#10222),
(#10223,#10224),(#10225,#10226),(#10227,#10228)),.UNSPECIFIED.,.F.,.F.,
 .F.,(4,1,4),(2,2),(0.,0.0231767439975834,0.046584955320459),(0.,0.05),
 .UNSPECIFIED.);
#196=B_SPLINE_SURFACE_WITH_KNOTS('',3,1,((#10230,#10231),(#10232,#10233),
(#10234,#10235),(#10236,#10237),(#10238,#10239)),.UNSPECIFIED.,.F.,.F.,
 .F.,(4,1,4),(2,2),(0.,0.024430207869379,0.050791797733119),(0.,0.05),
 .UNSPECIFIED.);
#197=B_SPLINE_SURFACE_WITH_KNOTS('',3,1,((#10241,#10242),(#10243,#10244),
(#10245,#10246),(#10247,#10248),(#10249,#10250)),.UNSPECIFIED.,.F.,.F.,
 .F.,(4,1,4),(2,2),(0.,0.0182746932343056,0.036173382450852),(0.,0.05),
 .UNSPECIFIED.);
#198=B_SPLINE_SURFACE_WITH_KNOTS('',3,1,((#10252,#10253),(#10254,#10255),
(#10256,#10257),(#10258,#10259),(#10260,#10261)),.UNSPECIFIED.,.F.,.F.,
 .F.,(4,1,4),(2,2),(0.,0.0172211591319545,0.0336691083663922),(0.,0.05),
 .UNSPECIFIED.);
#199=B_SPLINE_SURFACE_WITH_KNOTS('',3,1,((#10263,#10264),(#10265,#10266),
(#10267,#10268),(#10269,#10270),(#10271,#10272)),.UNSPECIFIED.,.F.,.F.,
 .F.,(4,1,4),(2,2),(0.,0.01645814042772,0.0336461607516268),(0.,0.05),
 .UNSPECIFIED.);
#200=B_SPLINE_SURFACE_WITH_KNOTS('',3,1,((#10274,#10275),(#10276,#10277),
(#10278,#10279),(#10280,#10281),(#10282,#10283)),.UNSPECIFIED.,.F.,.F.,
 .F.,(4,1,4),(2,2),(0.,0.0284309317760355,0.0563547495562113),(0.,0.05),
 .UNSPECIFIED.);
#201=B_SPLINE_SURFACE_WITH_KNOTS('',3,1,((#10285,#10286),(#10287,#10288),
(#10289,#10290),(#10291,#10292),(#10293,#10294)),.UNSPECIFIED.,.F.,.F.,
 .F.,(4,1,4),(2,2),(0.,0.0332380505440873,0.0780265919616802),(0.,0.05),
 .UNSPECIFIED.);
#202=B_SPLINE_SURFACE_WITH_KNOTS('',3,1,((#10296,#10297),(#10298,#10299),
(#10300,#10301),(#10302,#10303),(#10304,#10305)),.UNSPECIFIED.,.F.,.F.,
 .F.,(4,1,4),(2,2),(0.,0.0503537381468864,0.0881773881752574),(0.,0.05),
 .UNSPECIFIED.);
#203=B_SPLINE_SURFACE_WITH_KNOTS('',3,1,((#10307,#10308),(#10309,#10310),
(#10311,#10312),(#10313,#10314),(#10315,#10316)),.UNSPECIFIED.,.F.,.F.,
 .F.,(4,1,4),(2,2),(0.,0.0278644389568005,0.0568470966294625),(0.,0.05),
 .UNSPECIFIED.);
#204=B_SPLINE_SURFACE_WITH_KNOTS('',3,1,((#10318,#10319),(#10320,#10321),
(#10322,#10323),(#10324,#10325),(#10326,#10327)),.UNSPECIFIED.,.F.,.F.,
 .F.,(4,1,4),(2,2),(0.,0.0217234052984811,0.0415873026969394),(0.,0.05),
 .UNSPECIFIED.);
#205=B_SPLINE_SURFACE_WITH_KNOTS('',3,1,((#10328,#10329),(#10330,#10331),
(#10332,#10333),(#10334,#10335),(#10336,#10337)),.UNSPECIFIED.,.F.,.F.,
 .F.,(4,1,4),(2,2),(0.,0.0163086281128218,0.0340605760395434),(0.,0.05),
 .UNSPECIFIED.);
#206=B_SPLINE_SURFACE_WITH_KNOTS('',3,1,((#10340,#10341),(#10342,#10343),
(#10344,#10345),(#10346,#10347),(#10348,#10349)),.UNSPECIFIED.,.F.,.F.,
 .F.,(4,1,4),(2,2),(0.,0.0124876226092769,0.0250258927660475),(0.,0.05),
 .UNSPECIFIED.);
#207=B_SPLINE_SURFACE_WITH_KNOTS('',3,1,((#10351,#10352),(#10353,#10354),
(#10355,#10356),(#10357,#10358),(#10359,#10360)),.UNSPECIFIED.,.F.,.F.,
 .F.,(4,1,4),(2,2),(0.,0.0120878752470918,0.0234764712689261),(0.,0.05),
 .UNSPECIFIED.);
#208=B_SPLINE_SURFACE_WITH_KNOTS('',3,1,((#10362,#10363),(#10364,#10365),
(#10366,#10367),(#10368,#10369),(#10370,#10371)),.UNSPECIFIED.,.F.,.F.,
 .F.,(4,1,4),(2,2),(0.,0.0109195337136451,0.0214321424638532),(0.,0.05),
 .UNSPECIFIED.);
#209=B_SPLINE_SURFACE_WITH_KNOTS('',3,1,((#10373,#10374),(#10375,#10376),
(#10377,#10378),(#10379,#10380),(#10381,#10382)),.UNSPECIFIED.,.F.,.F.,
 .F.,(4,1,4),(2,2),(0.,0.0147976334367994,0.0302691565426192),(0.,0.05),
 .UNSPECIFIED.);
#210=B_SPLINE_SURFACE_WITH_KNOTS('',3,1,((#10384,#10385),(#10386,#10387),
(#10388,#10389),(#10390,#10391),(#10392,#10393)),.UNSPECIFIED.,.F.,.F.,
 .F.,(4,1,4),(2,2),(0.,0.0170146853739802,0.0365204557527749),(0.,0.05),
 .UNSPECIFIED.);
#211=B_SPLINE_SURFACE_WITH_KNOTS('',3,1,((#10395,#10396),(#10397,#10398),
(#10399,#10400),(#10401,#10402),(#10403,#10404)),.UNSPECIFIED.,.F.,.F.,
 .F.,(4,1,4),(2,2),(0.,0.0187415521895009,0.0351289570407113),(0.,0.05),
 .UNSPECIFIED.);
#212=B_SPLINE_SURFACE_WITH_KNOTS('',3,1,((#10406,#10407),(#10408,#10409),
(#10410,#10411),(#10412,#10413),(#10414,#10415)),.UNSPECIFIED.,.F.,.F.,
 .F.,(4,1,4),(2,2),(0.,0.0153616010088768,0.0309969198533027),(0.,0.05),
 .UNSPECIFIED.);
#213=B_SPLINE_SURFACE_WITH_KNOTS('',3,1,((#10417,#10418),(#10419,#10420),
(#10421,#10422),(#10423,#10424),(#10425,#10426)),.UNSPECIFIED.,.F.,.F.,
 .F.,(4,1,4),(2,2),(0.,0.0156688136659331,0.0313368240396488),(0.,0.05),
 .UNSPECIFIED.);
#214=B_SPLINE_SURFACE_WITH_KNOTS('',3,1,((#10816,#10817),(#10818,#10819),
(#10820,#10821),(#10822,#10823),(#10824,#10825)),.UNSPECIFIED.,.F.,.F.,
 .F.,(4,1,4),(2,2),(0.,0.0171230368049949,0.0293719473941455),(0.,0.05),
 .UNSPECIFIED.);
#215=B_SPLINE_SURFACE_WITH_KNOTS('',3,1,((#10827,#10828),(#10829,#10830),
(#10831,#10832),(#10833,#10834),(#10835,#10836)),.UNSPECIFIED.,.F.,.F.,
 .F.,(4,1,4),(2,2),(0.,0.013328798767587,0.0277498485944861),(0.,0.05),
 .UNSPECIFIED.);
#216=B_SPLINE_SURFACE_WITH_KNOTS('',3,1,((#10850,#10851),(#10852,#10853),
(#10854,#10855),(#10856,#10857),(#10858,#10859)),.UNSPECIFIED.,.F.,.F.,
 .F.,(4,1,4),(2,2),(0.,0.00771891327134338,0.015969283029071),(0.,0.05),
 .UNSPECIFIED.);
#217=B_SPLINE_SURFACE_WITH_KNOTS('',3,1,((#10861,#10862),(#10863,#10864),
(#10865,#10866),(#10867,#10868),(#10869,#10870)),.UNSPECIFIED.,.F.,.F.,
 .F.,(4,1,4),(2,2),(0.,0.0108458363222668,0.0177891577867103),(0.,0.05),
 .UNSPECIFIED.);
#218=B_SPLINE_SURFACE_WITH_KNOTS('',3,1,((#10994,#10995),(#10996,#10997),
(#10998,#10999),(#11000,#11001),(#11002,#11003)),.UNSPECIFIED.,.F.,.F.,
 .F.,(4,1,4),(2,2),(0.,0.0360088440250918,0.0847596451001801),(0.,0.05),
 .UNSPECIFIED.);
#219=B_SPLINE_SURFACE_WITH_KNOTS('',3,1,((#11006,#11007),(#11008,#11009),
(#11010,#11011),(#11012,#11013),(#11014,#11015)),.UNSPECIFIED.,.F.,.F.,
 .F.,(4,1,4),(2,2),(0.,0.0320608374303244,0.057736423330548),(0.,0.05),
 .UNSPECIFIED.);
#220=B_SPLINE_SURFACE_WITH_KNOTS('',3,1,((#11017,#11018),(#11019,#11020),
(#11021,#11022),(#11023,#11024),(#11025,#11026)),.UNSPECIFIED.,.F.,.F.,
 .F.,(4,1,4),(2,2),(0.,0.0211909857535031,0.0401920335923215),(0.,0.05),
 .UNSPECIFIED.);
#221=B_SPLINE_SURFACE_WITH_KNOTS('',3,1,((#11028,#11029),(#11030,#11031),
(#11032,#11033),(#11034,#11035),(#11036,#11037)),.UNSPECIFIED.,.F.,.F.,
 .F.,(4,1,4),(2,2),(0.,0.0184810074110407,0.0386646167542199),(0.,0.05),
 .UNSPECIFIED.);
#222=B_SPLINE_SURFACE_WITH_KNOTS('',3,1,((#11039,#11040),(#11041,#11042),
(#11043,#11044),(#11045,#11046),(#11047,#11048)),.UNSPECIFIED.,.F.,.F.,
 .F.,(4,1,4),(2,2),(0.,0.0151957276004776,0.0291972763413675),(0.,0.05),
 .UNSPECIFIED.);
#223=B_SPLINE_SURFACE_WITH_KNOTS('',3,1,((#11050,#11051),(#11052,#11053),
(#11054,#11055),(#11056,#11057),(#11058,#11059)),.UNSPECIFIED.,.F.,.F.,
 .F.,(4,1,4),(2,2),(0.,0.013619031730469,0.0276411073547822),(0.,0.05),
 .UNSPECIFIED.);
#224=B_SPLINE_SURFACE_WITH_KNOTS('',3,1,((#11061,#11062),(#11063,#11064),
(#11065,#11066),(#11067,#11068),(#11069,#11070)),.UNSPECIFIED.,.F.,.F.,
 .F.,(4,1,4),(2,2),(0.,0.0152703100348924,0.0323328542251258),(0.,0.05),
 .UNSPECIFIED.);
#225=B_SPLINE_SURFACE_WITH_KNOTS('',3,1,((#11072,#11073),(#11074,#11075),
(#11076,#11077),(#11078,#11079),(#11080,#11081)),.UNSPECIFIED.,.F.,.F.,
 .F.,(4,1,4),(2,2),(0.,0.0208583386510922,0.0475703213760848),(0.,0.05),
 .UNSPECIFIED.);
#226=B_SPLINE_SURFACE_WITH_KNOTS('',3,1,((#11083,#11084),(#11085,#11086),
(#11087,#11088),(#11089,#11090),(#11091,#11092)),.UNSPECIFIED.,.F.,.F.,
 .F.,(4,1,4),(2,2),(0.,0.0318555617337857,0.0574536216840496),(0.,0.05),
 .UNSPECIFIED.);
#227=B_SPLINE_SURFACE_WITH_KNOTS('',3,1,((#11094,#11095),(#11096,#11097),
(#11098,#11099),(#11100,#11101),(#11102,#11103)),.UNSPECIFIED.,.F.,.F.,
 .F.,(4,1,4),(2,2),(0.,0.021184564583552,0.0402126037391583),(0.,0.05),
 .UNSPECIFIED.);
#228=B_SPLINE_SURFACE_WITH_KNOTS('',3,1,((#11105,#11106),(#11107,#11108),
(#11109,#11110),(#11111,#11112),(#11113,#11114)),.UNSPECIFIED.,.F.,.F.,
 .F.,(4,1,4),(2,2),(0.,0.0185353714734302,0.0388226529201229),(0.,0.05),
 .UNSPECIFIED.);
#229=B_SPLINE_SURFACE_WITH_KNOTS('',3,1,((#11116,#11117),(#11118,#11119),
(#11120,#11121),(#11122,#11123),(#11124,#11125)),.UNSPECIFIED.,.F.,.F.,
 .F.,(4,1,4),(2,2),(0.,0.026333914574837,0.0513634826096901),(0.,0.05),
 .UNSPECIFIED.);
#230=B_SPLINE_SURFACE_WITH_KNOTS('',3,1,((#11126,#11127),(#11128,#11129),
(#11130,#11131),(#11132,#11133),(#11134,#11135)),.UNSPECIFIED.,.F.,.F.,
 .F.,(4,1,4),(2,2),(0.,0.0277083964601083,0.0693369088786598),(0.,0.05),
 .UNSPECIFIED.);
#231=B_SPLINE_SURFACE_WITH_KNOTS('',3,1,((#11138,#11139),(#11140,#11141),
(#11142,#11143),(#11144,#11145),(#11146,#11147)),.UNSPECIFIED.,.F.,.F.,
 .F.,(4,1,4),(2,2),(0.,0.041114107879795,0.067132226384521),(0.,0.05),
 .UNSPECIFIED.);
#232=B_SPLINE_SURFACE_WITH_KNOTS('',3,1,((#11149,#11150),(#11151,#11152),
(#11153,#11154),(#11155,#11156),(#11157,#11158)),.UNSPECIFIED.,.F.,.F.,
 .F.,(4,1,4),(2,2),(0.,0.0177559642269247,0.0338501500464452),(0.,0.05),
 .UNSPECIFIED.);
#233=B_SPLINE_SURFACE_WITH_KNOTS('',3,1,((#11160,#11161),(#11162,#11163),
(#11164,#11165),(#11166,#11167),(#11168,#11169)),.UNSPECIFIED.,.F.,.F.,
 .F.,(4,1,4),(2,2),(0.,0.0160985150340561,0.0338897017706105),(0.,0.05),
 .UNSPECIFIED.);
#234=B_SPLINE_SURFACE_WITH_KNOTS('',3,1,((#11171,#11172),(#11173,#11174),
(#11175,#11176),(#11177,#11178),(#11179,#11180)),.UNSPECIFIED.,.F.,.F.,
 .F.,(4,1,4),(2,2),(0.,0.0260342171008199,0.067063270710892),(0.,0.05),
 .UNSPECIFIED.);
#235=B_SPLINE_SURFACE_WITH_KNOTS('',3,1,((#11182,#11183),(#11184,#11185),
(#11186,#11187),(#11188,#11189),(#11190,#11191)),.UNSPECIFIED.,.F.,.F.,
 .F.,(4,1,4),(2,2),(0.,0.0411991555860579,0.0672012093154005),(0.,0.05),
 .UNSPECIFIED.);
#236=B_SPLINE_SURFACE_WITH_KNOTS('',3,1,((#11193,#11194),(#11195,#11196),
(#11197,#11198),(#11199,#11200),(#11201,#11202)),.UNSPECIFIED.,.F.,.F.,
 .F.,(4,1,4),(2,2),(0.,0.0177703266503479,0.0340583491677098),(0.,0.05),
 .UNSPECIFIED.);
#237=B_SPLINE_SURFACE_WITH_KNOTS('',3,1,((#11204,#11205),(#11206,#11207),
(#11208,#11209),(#11210,#11211),(#11212,#11213)),.UNSPECIFIED.,.F.,.F.,
 .F.,(4,1,4),(2,2),(0.,0.0156273289792074,0.0315861112488129),(0.,0.05),
 .UNSPECIFIED.);
#238=B_SPLINE_SURFACE_WITH_KNOTS('',3,1,((#11379,#11380),(#11381,#11382),
(#11383,#11384),(#11385,#11386),(#11387,#11388)),.UNSPECIFIED.,.F.,.F.,
 .F.,(4,1,4),(2,2),(0.,0.0198406174499786,0.0414989267112591),(0.,0.05),
 .UNSPECIFIED.);
#239=B_SPLINE_SURFACE_WITH_KNOTS('',3,1,((#11393,#11394),(#11395,#11396),
(#11397,#11398),(#11399,#11400),(#11401,#11402)),.UNSPECIFIED.,.F.,.F.,
 .F.,(4,1,4),(2,2),(0.,0.0130949038532322,0.0231453727956089),(0.,0.05),
 .UNSPECIFIED.);
#240=B_SPLINE_SURFACE_WITH_KNOTS('',3,1,((#11404,#11405),(#11406,#11407),
(#11408,#11409),(#11410,#11411),(#11412,#11413)),.UNSPECIFIED.,.F.,.F.,
 .F.,(4,1,4),(2,2),(0.,0.0136270665607433,0.0273192095238648),(0.,0.05),
 .UNSPECIFIED.);
#241=B_SPLINE_SURFACE_WITH_KNOTS('',3,1,((#11415,#11416),(#11417,#11418),
(#11419,#11420),(#11421,#11422),(#11423,#11424)),.UNSPECIFIED.,.F.,.F.,
 .F.,(4,1,4),(2,2),(0.,0.0111373463285916,0.0219064027315649),(0.,0.05),
 .UNSPECIFIED.);
#242=B_SPLINE_SURFACE_WITH_KNOTS('',3,1,((#11426,#11427),(#11428,#11429),
(#11430,#11431),(#11432,#11433),(#11434,#11435)),.UNSPECIFIED.,.F.,.F.,
 .F.,(4,1,4),(2,2),(0.,0.014687195521497,0.0310221619574838),(0.,0.05),
 .UNSPECIFIED.);
#243=B_SPLINE_SURFACE_WITH_KNOTS('',3,1,((#11437,#11438),(#11439,#11440),
(#11441,#11442),(#11443,#11444),(#11445,#11446)),.UNSPECIFIED.,.F.,.F.,
 .F.,(4,1,4),(2,2),(0.,0.020324981987091,0.0469600075710273),(0.,0.05),
 .UNSPECIFIED.);
#244=B_SPLINE_SURFACE_WITH_KNOTS('',3,1,((#11448,#11449),(#11450,#11451),
(#11452,#11453),(#11454,#11455),(#11456,#11457)),.UNSPECIFIED.,.F.,.F.,
 .F.,(4,1,4),(2,2),(0.,0.015349625469656,0.0297979462731753),(0.,0.05),
 .UNSPECIFIED.);
#245=B_SPLINE_SURFACE_WITH_KNOTS('',3,1,((#11459,#11460),(#11461,#11462),
(#11463,#11464),(#11465,#11466),(#11467,#11468)),.UNSPECIFIED.,.F.,.F.,
 .F.,(4,1,4),(2,2),(0.,0.0140193877886662,0.0278614313197895),(0.,0.05),
 .UNSPECIFIED.);
#246=B_SPLINE_SURFACE_WITH_KNOTS('',3,1,((#11470,#11471),(#11472,#11473),
(#11474,#11475),(#11476,#11477),(#11478,#11479)),.UNSPECIFIED.,.F.,.F.,
 .F.,(4,1,4),(2,2),(0.,0.0231767439975834,0.046584955320459),(0.,0.05),
 .UNSPECIFIED.);
#247=B_SPLINE_SURFACE_WITH_KNOTS('',3,1,((#11481,#11482),(#11483,#11484),
(#11485,#11486),(#11487,#11488),(#11489,#11490)),.UNSPECIFIED.,.F.,.F.,
 .F.,(4,1,4),(2,2),(0.,0.024430207869379,0.050791797733119),(0.,0.05),
 .UNSPECIFIED.);
#248=B_SPLINE_SURFACE_WITH_KNOTS('',3,1,((#11492,#11493),(#11494,#11495),
(#11496,#11497),(#11498,#11499),(#11500,#11501)),.UNSPECIFIED.,.F.,.F.,
 .F.,(4,1,4),(2,2),(0.,0.0182746932343056,0.036173382450852),(0.,0.05),
 .UNSPECIFIED.);
#249=B_SPLINE_SURFACE_WITH_KNOTS('',3,1,((#11503,#11504),(#11505,#11506),
(#11507,#11508),(#11509,#11510),(#11511,#11512)),.UNSPECIFIED.,.F.,.F.,
 .F.,(4,1,4),(2,2),(0.,0.0172211591319545,0.0336691083663922),(0.,0.05),
 .UNSPECIFIED.);
#250=B_SPLINE_SURFACE_WITH_KNOTS('',3,1,((#11514,#11515),(#11516,#11517),
(#11518,#11519),(#11520,#11521),(#11522,#11523)),.UNSPECIFIED.,.F.,.F.,
 .F.,(4,1,4),(2,2),(0.,0.01645814042772,0.0336461607516268),(0.,0.05),
 .UNSPECIFIED.);
#251=B_SPLINE_SURFACE_WITH_KNOTS('',3,1,((#11525,#11526),(#11527,#11528),
(#11529,#11530),(#11531,#11532),(#11533,#11534)),.UNSPECIFIED.,.F.,.F.,
 .F.,(4,1,4),(2,2),(0.,0.0284309317760355,0.0563547495562113),(0.,0.05),
 .UNSPECIFIED.);
#252=B_SPLINE_SURFACE_WITH_KNOTS('',3,1,((#11536,#11537),(#11538,#11539),
(#11540,#11541),(#11542,#11543),(#11544,#11545)),.UNSPECIFIED.,.F.,.F.,
 .F.,(4,1,4),(2,2),(0.,0.0332380505440873,0.0780265919616802),(0.,0.05),
 .UNSPECIFIED.);
#253=B_SPLINE_SURFACE_WITH_KNOTS('',3,1,((#11547,#11548),(#11549,#11550),
(#11551,#11552),(#11553,#11554),(#11555,#11556)),.UNSPECIFIED.,.F.,.F.,
 .F.,(4,1,4),(2,2),(0.,0.0503537381468864,0.0881773881752574),(0.,0.05),
 .UNSPECIFIED.);
#254=B_SPLINE_SURFACE_WITH_KNOTS('',3,1,((#11558,#11559),(#11560,#11561),
(#11562,#11563),(#11564,#11565),(#11566,#11567)),.UNSPECIFIED.,.F.,.F.,
 .F.,(4,1,4),(2,2),(0.,0.0278644389568005,0.0568470966294625),(0.,0.05),
 .UNSPECIFIED.);
#255=B_SPLINE_SURFACE_WITH_KNOTS('',3,1,((#11569,#11570),(#11571,#11572),
(#11573,#11574),(#11575,#11576),(#11577,#11578)),.UNSPECIFIED.,.F.,.F.,
 .F.,(4,1,4),(2,2),(0.,0.0217234052984811,0.0415873026969394),(0.,0.05),
 .UNSPECIFIED.);
#256=B_SPLINE_SURFACE_WITH_KNOTS('',3,1,((#11579,#11580),(#11581,#11582),
(#11583,#11584),(#11585,#11586),(#11587,#11588)),.UNSPECIFIED.,.F.,.F.,
 .F.,(4,1,4),(2,2),(0.,0.0163086281128218,0.0340605760395434),(0.,0.05),
 .UNSPECIFIED.);
#257=B_SPLINE_SURFACE_WITH_KNOTS('',3,1,((#11591,#11592),(#11593,#11594),
(#11595,#11596),(#11597,#11598),(#11599,#11600)),.UNSPECIFIED.,.F.,.F.,
 .F.,(4,1,4),(2,2),(0.,0.0124876226092769,0.0250258927660475),(0.,0.05),
 .UNSPECIFIED.);
#258=B_SPLINE_SURFACE_WITH_KNOTS('',3,1,((#11602,#11603),(#11604,#11605),
(#11606,#11607),(#11608,#11609),(#11610,#11611)),.UNSPECIFIED.,.F.,.F.,
 .F.,(4,1,4),(2,2),(0.,0.0120878752470918,0.0234764712689261),(0.,0.05),
 .UNSPECIFIED.);
#259=B_SPLINE_SURFACE_WITH_KNOTS('',3,1,((#11613,#11614),(#11615,#11616),
(#11617,#11618),(#11619,#11620),(#11621,#11622)),.UNSPECIFIED.,.F.,.F.,
 .F.,(4,1,4),(2,2),(0.,0.0109195337136451,0.0214321424638532),(0.,0.05),
 .UNSPECIFIED.);
#260=B_SPLINE_SURFACE_WITH_KNOTS('',3,1,((#11624,#11625),(#11626,#11627),
(#11628,#11629),(#11630,#11631),(#11632,#11633)),.UNSPECIFIED.,.F.,.F.,
 .F.,(4,1,4),(2,2),(0.,0.0147976334367994,0.0302691565426192),(0.,0.05),
 .UNSPECIFIED.);
#261=B_SPLINE_SURFACE_WITH_KNOTS('',3,1,((#11635,#11636),(#11637,#11638),
(#11639,#11640),(#11641,#11642),(#11643,#11644)),.UNSPECIFIED.,.F.,.F.,
 .F.,(4,1,4),(2,2),(0.,0.0170146853739802,0.0365204557527749),(0.,0.05),
 .UNSPECIFIED.);
#262=B_SPLINE_SURFACE_WITH_KNOTS('',3,1,((#11646,#11647),(#11648,#11649),
(#11650,#11651),(#11652,#11653),(#11654,#11655)),.UNSPECIFIED.,.F.,.F.,
 .F.,(4,1,4),(2,2),(0.,0.0187415521895009,0.0351289570407113),(0.,0.05),
 .UNSPECIFIED.);
#263=B_SPLINE_SURFACE_WITH_KNOTS('',3,1,((#11657,#11658),(#11659,#11660),
(#11661,#11662),(#11663,#11664),(#11665,#11666)),.UNSPECIFIED.,.F.,.F.,
 .F.,(4,1,4),(2,2),(0.,0.0153616010088768,0.0309969198533027),(0.,0.05),
 .UNSPECIFIED.);
#264=B_SPLINE_SURFACE_WITH_KNOTS('',3,1,((#11668,#11669),(#11670,#11671),
(#11672,#11673),(#11674,#11675),(#11676,#11677)),.UNSPECIFIED.,.F.,.F.,
 .F.,(4,1,4),(2,2),(0.,0.0156688136659331,0.0313368240396488),(0.,0.05),
 .UNSPECIFIED.);
#265=FACE_OUTER_BOUND('',#537,.T.);
#266=FACE_OUTER_BOUND('',#538,.T.);
#267=FACE_OUTER_BOUND('',#539,.T.);
#268=FACE_OUTER_BOUND('',#540,.T.);
#269=FACE_OUTER_BOUND('',#541,.T.);
#270=FACE_OUTER_BOUND('',#542,.T.);
#271=FACE_OUTER_BOUND('',#543,.T.);
#272=FACE_OUTER_BOUND('',#544,.T.);
#273=FACE_OUTER_BOUND('',#545,.T.);
#274=FACE_OUTER_BOUND('',#546,.T.);
#275=FACE_OUTER_BOUND('',#547,.T.);
#276=FACE_OUTER_BOUND('',#548,.T.);
#277=FACE_OUTER_BOUND('',#549,.T.);
#278=FACE_OUTER_BOUND('',#550,.T.);
#279=FACE_OUTER_BOUND('',#551,.T.);
#280=FACE_OUTER_BOUND('',#552,.T.);
#281=FACE_OUTER_BOUND('',#553,.T.);
#282=FACE_OUTER_BOUND('',#554,.T.);
#283=FACE_OUTER_BOUND('',#555,.T.);
#284=FACE_OUTER_BOUND('',#556,.T.);
#285=FACE_OUTER_BOUND('',#557,.T.);
#286=FACE_OUTER_BOUND('',#558,.T.);
#287=FACE_OUTER_BOUND('',#559,.T.);
#288=FACE_OUTER_BOUND('',#560,.T.);
#289=FACE_OUTER_BOUND('',#561,.T.);
#290=FACE_OUTER_BOUND('',#562,.T.);
#291=FACE_OUTER_BOUND('',#564,.T.);
#292=FACE_OUTER_BOUND('',#565,.T.);
#293=FACE_OUTER_BOUND('',#566,.T.);
#294=FACE_OUTER_BOUND('',#567,.T.);
#295=FACE_OUTER_BOUND('',#568,.T.);
#296=FACE_OUTER_BOUND('',#569,.T.);
#297=FACE_OUTER_BOUND('',#570,.T.);
#298=FACE_OUTER_BOUND('',#571,.T.);
#299=FACE_OUTER_BOUND('',#572,.T.);
#300=FACE_OUTER_BOUND('',#573,.T.);
#301=FACE_OUTER_BOUND('',#574,.T.);
#302=FACE_OUTER_BOUND('',#575,.T.);
#303=FACE_OUTER_BOUND('',#576,.T.);
#304=FACE_OUTER_BOUND('',#577,.T.);
#305=FACE_OUTER_BOUND('',#578,.T.);
#306=FACE_OUTER_BOUND('',#579,.T.);
#307=FACE_OUTER_BOUND('',#580,.T.);
#308=FACE_OUTER_BOUND('',#581,.T.);
#309=FACE_OUTER_BOUND('',#582,.T.);
#310=FACE_OUTER_BOUND('',#583,.T.);
#311=FACE_OUTER_BOUND('',#584,.T.);
#312=FACE_OUTER_BOUND('',#585,.T.);
#313=FACE_OUTER_BOUND('',#586,.T.);
#314=FACE_OUTER_BOUND('',#587,.T.);
#315=FACE_OUTER_BOUND('',#588,.T.);
#316=FACE_OUTER_BOUND('',#589,.T.);
#317=FACE_OUTER_BOUND('',#590,.T.);
#318=FACE_OUTER_BOUND('',#591,.T.);
#319=FACE_OUTER_BOUND('',#592,.T.);
#320=FACE_OUTER_BOUND('',#593,.T.);
#321=FACE_OUTER_BOUND('',#594,.T.);
#322=FACE_OUTER_BOUND('',#595,.T.);
#323=FACE_OUTER_BOUND('',#596,.T.);
#324=FACE_OUTER_BOUND('',#597,.T.);
#325=FACE_OUTER_BOUND('',#598,.T.);
#326=FACE_OUTER_BOUND('',#599,.T.);
#327=FACE_OUTER_BOUND('',#600,.T.);
#328=FACE_OUTER_BOUND('',#601,.T.);
#329=FACE_OUTER_BOUND('',#602,.T.);
#330=FACE_OUTER_BOUND('',#603,.T.);
#331=FACE_OUTER_BOUND('',#604,.T.);
#332=FACE_OUTER_BOUND('',#605,.T.);
#333=FACE_OUTER_BOUND('',#606,.T.);
#334=FACE_OUTER_BOUND('',#607,.T.);
#335=FACE_OUTER_BOUND('',#608,.T.);
#336=FACE_OUTER_BOUND('',#609,.T.);
#337=FACE_OUTER_BOUND('',#610,.T.);
#338=FACE_OUTER_BOUND('',#611,.T.);
#339=FACE_OUTER_BOUND('',#613,.T.);
#340=FACE_OUTER_BOUND('',#614,.T.);
#341=FACE_OUTER_BOUND('',#615,.T.);
#342=FACE_OUTER_BOUND('',#616,.T.);
#343=FACE_OUTER_BOUND('',#619,.T.);
#344=FACE_OUTER_BOUND('',#620,.T.);
#345=FACE_OUTER_BOUND('',#621,.T.);
#346=FACE_OUTER_BOUND('',#622,.T.);
#347=FACE_OUTER_BOUND('',#623,.T.);
#348=FACE_OUTER_BOUND('',#624,.T.);
#349=FACE_OUTER_BOUND('',#625,.T.);
#350=FACE_OUTER_BOUND('',#628,.T.);
#351=FACE_OUTER_BOUND('',#629,.T.);
#352=FACE_OUTER_BOUND('',#630,.T.);
#353=FACE_OUTER_BOUND('',#631,.T.);
#354=FACE_OUTER_BOUND('',#632,.T.);
#355=FACE_OUTER_BOUND('',#633,.T.);
#356=FACE_OUTER_BOUND('',#634,.T.);
#357=FACE_OUTER_BOUND('',#636,.T.);
#358=FACE_OUTER_BOUND('',#637,.T.);
#359=FACE_OUTER_BOUND('',#638,.T.);
#360=FACE_OUTER_BOUND('',#639,.T.);
#361=FACE_OUTER_BOUND('',#641,.T.);
#362=FACE_OUTER_BOUND('',#642,.T.);
#363=FACE_OUTER_BOUND('',#643,.T.);
#364=FACE_OUTER_BOUND('',#648,.T.);
#365=FACE_OUTER_BOUND('',#649,.T.);
#366=FACE_OUTER_BOUND('',#650,.T.);
#367=FACE_OUTER_BOUND('',#651,.T.);
#368=FACE_OUTER_BOUND('',#652,.T.);
#369=FACE_OUTER_BOUND('',#653,.T.);
#370=FACE_OUTER_BOUND('',#654,.T.);
#371=FACE_OUTER_BOUND('',#655,.T.);
#372=FACE_OUTER_BOUND('',#656,.T.);
#373=FACE_OUTER_BOUND('',#657,.T.);
#374=FACE_OUTER_BOUND('',#658,.T.);
#375=FACE_OUTER_BOUND('',#659,.T.);
#376=FACE_OUTER_BOUND('',#660,.T.);
#377=FACE_OUTER_BOUND('',#661,.T.);
#378=FACE_OUTER_BOUND('',#662,.T.);
#379=FACE_OUTER_BOUND('',#663,.T.);
#380=FACE_OUTER_BOUND('',#664,.T.);
#381=FACE_OUTER_BOUND('',#665,.T.);
#382=FACE_OUTER_BOUND('',#667,.T.);
#383=FACE_OUTER_BOUND('',#668,.T.);
#384=FACE_OUTER_BOUND('',#669,.T.);
#385=FACE_OUTER_BOUND('',#670,.T.);
#386=FACE_OUTER_BOUND('',#671,.T.);
#387=FACE_OUTER_BOUND('',#672,.T.);
#388=FACE_OUTER_BOUND('',#673,.T.);
#389=FACE_OUTER_BOUND('',#674,.T.);
#390=FACE_OUTER_BOUND('',#675,.T.);
#391=FACE_OUTER_BOUND('',#676,.T.);
#392=FACE_OUTER_BOUND('',#677,.T.);
#393=FACE_OUTER_BOUND('',#678,.T.);
#394=FACE_OUTER_BOUND('',#679,.T.);
#395=FACE_OUTER_BOUND('',#680,.T.);
#396=FACE_OUTER_BOUND('',#681,.T.);
#397=FACE_OUTER_BOUND('',#682,.T.);
#398=FACE_OUTER_BOUND('',#683,.T.);
#399=FACE_OUTER_BOUND('',#684,.T.);
#400=FACE_OUTER_BOUND('',#685,.T.);
#401=FACE_OUTER_BOUND('',#686,.T.);
#402=FACE_OUTER_BOUND('',#687,.T.);
#403=FACE_OUTER_BOUND('',#689,.T.);
#404=FACE_OUTER_BOUND('',#690,.T.);
#405=FACE_OUTER_BOUND('',#691,.T.);
#406=FACE_OUTER_BOUND('',#692,.T.);
#407=FACE_OUTER_BOUND('',#693,.T.);
#408=FACE_OUTER_BOUND('',#694,.T.);
#409=FACE_OUTER_BOUND('',#695,.T.);
#410=FACE_OUTER_BOUND('',#696,.T.);
#411=FACE_OUTER_BOUND('',#697,.T.);
#412=FACE_OUTER_BOUND('',#698,.T.);
#413=FACE_OUTER_BOUND('',#699,.T.);
#414=FACE_OUTER_BOUND('',#700,.T.);
#415=FACE_OUTER_BOUND('',#701,.T.);
#416=FACE_OUTER_BOUND('',#702,.T.);
#417=FACE_OUTER_BOUND('',#703,.T.);
#418=FACE_OUTER_BOUND('',#704,.T.);
#419=FACE_OUTER_BOUND('',#705,.T.);
#420=FACE_OUTER_BOUND('',#706,.T.);
#421=FACE_OUTER_BOUND('',#707,.T.);
#422=FACE_OUTER_BOUND('',#708,.T.);
#423=FACE_OUTER_BOUND('',#709,.T.);
#424=FACE_OUTER_BOUND('',#710,.T.);
#425=FACE_OUTER_BOUND('',#711,.T.);
#426=FACE_OUTER_BOUND('',#712,.T.);
#427=FACE_OUTER_BOUND('',#713,.T.);
#428=FACE_OUTER_BOUND('',#714,.T.);
#429=FACE_OUTER_BOUND('',#715,.T.);
#430=FACE_OUTER_BOUND('',#716,.T.);
#431=FACE_OUTER_BOUND('',#717,.T.);
#432=FACE_OUTER_BOUND('',#718,.T.);
#433=FACE_OUTER_BOUND('',#719,.T.);
#434=FACE_OUTER_BOUND('',#720,.T.);
#435=FACE_OUTER_BOUND('',#721,.T.);
#436=FACE_OUTER_BOUND('',#722,.T.);
#437=FACE_OUTER_BOUND('',#723,.T.);
#438=FACE_OUTER_BOUND('',#724,.T.);
#439=FACE_OUTER_BOUND('',#725,.T.);
#440=FACE_OUTER_BOUND('',#726,.T.);
#441=FACE_OUTER_BOUND('',#727,.T.);
#442=FACE_OUTER_BOUND('',#732,.T.);
#443=FACE_OUTER_BOUND('',#733,.T.);
#444=FACE_OUTER_BOUND('',#734,.T.);
#445=FACE_OUTER_BOUND('',#735,.T.);
#446=FACE_OUTER_BOUND('',#736,.T.);
#447=FACE_OUTER_BOUND('',#737,.T.);
#448=FACE_OUTER_BOUND('',#738,.T.);
#449=FACE_OUTER_BOUND('',#739,.T.);
#450=FACE_OUTER_BOUND('',#740,.T.);
#451=FACE_OUTER_BOUND('',#741,.T.);
#452=FACE_OUTER_BOUND('',#742,.T.);
#453=FACE_OUTER_BOUND('',#743,.T.);
#454=FACE_OUTER_BOUND('',#744,.T.);
#455=FACE_OUTER_BOUND('',#745,.T.);
#456=FACE_OUTER_BOUND('',#746,.T.);
#457=FACE_OUTER_BOUND('',#747,.T.);
#458=FACE_OUTER_BOUND('',#748,.T.);
#459=FACE_OUTER_BOUND('',#749,.T.);
#460=FACE_OUTER_BOUND('',#751,.T.);
#461=FACE_OUTER_BOUND('',#752,.T.);
#462=FACE_OUTER_BOUND('',#753,.T.);
#463=FACE_OUTER_BOUND('',#754,.T.);
#464=FACE_OUTER_BOUND('',#755,.T.);
#465=FACE_OUTER_BOUND('',#756,.T.);
#466=FACE_OUTER_BOUND('',#757,.T.);
#467=FACE_OUTER_BOUND('',#758,.T.);
#468=FACE_OUTER_BOUND('',#759,.T.);
#469=FACE_OUTER_BOUND('',#760,.T.);
#470=FACE_OUTER_BOUND('',#761,.T.);
#471=FACE_OUTER_BOUND('',#762,.T.);
#472=FACE_OUTER_BOUND('',#763,.T.);
#473=FACE_OUTER_BOUND('',#764,.T.);
#474=FACE_OUTER_BOUND('',#765,.T.);
#475=FACE_OUTER_BOUND('',#766,.T.);
#476=FACE_OUTER_BOUND('',#767,.T.);
#477=FACE_OUTER_BOUND('',#768,.T.);
#478=FACE_OUTER_BOUND('',#769,.T.);
#479=FACE_OUTER_BOUND('',#770,.T.);
#480=FACE_OUTER_BOUND('',#771,.T.);
#481=FACE_OUTER_BOUND('',#773,.T.);
#482=FACE_OUTER_BOUND('',#774,.T.);
#483=FACE_OUTER_BOUND('',#775,.T.);
#484=FACE_OUTER_BOUND('',#776,.T.);
#485=FACE_OUTER_BOUND('',#777,.T.);
#486=FACE_OUTER_BOUND('',#778,.T.);
#487=FACE_OUTER_BOUND('',#779,.T.);
#488=FACE_OUTER_BOUND('',#780,.T.);
#489=FACE_OUTER_BOUND('',#781,.T.);
#490=FACE_OUTER_BOUND('',#782,.T.);
#491=FACE_OUTER_BOUND('',#783,.T.);
#492=FACE_OUTER_BOUND('',#784,.T.);
#493=FACE_OUTER_BOUND('',#785,.T.);
#494=FACE_OUTER_BOUND('',#786,.T.);
#495=FACE_OUTER_BOUND('',#787,.T.);
#496=FACE_OUTER_BOUND('',#788,.T.);
#497=FACE_OUTER_BOUND('',#789,.T.);
#498=FACE_OUTER_BOUND('',#790,.T.);
#499=FACE_OUTER_BOUND('',#791,.T.);
#500=FACE_OUTER_BOUND('',#792,.T.);
#501=FACE_OUTER_BOUND('',#793,.T.);
#502=FACE_OUTER_BOUND('',#794,.T.);
#503=FACE_OUTER_BOUND('',#795,.T.);
#504=FACE_OUTER_BOUND('',#796,.T.);
#505=FACE_OUTER_BOUND('',#797,.T.);
#506=FACE_OUTER_BOUND('',#798,.T.);
#507=FACE_OUTER_BOUND('',#799,.T.);
#508=FACE_OUTER_BOUND('',#800,.T.);
#509=FACE_OUTER_BOUND('',#801,.T.);
#510=FACE_OUTER_BOUND('',#802,.T.);
#511=FACE_OUTER_BOUND('',#803,.T.);
#512=FACE_OUTER_BOUND('',#804,.T.);
#513=FACE_OUTER_BOUND('',#805,.T.);
#514=FACE_OUTER_BOUND('',#806,.T.);
#515=FACE_OUTER_BOUND('',#807,.T.);
#516=FACE_OUTER_BOUND('',#808,.T.);
#517=FACE_OUTER_BOUND('',#809,.T.);
#518=FACE_OUTER_BOUND('',#810,.T.);
#519=FACE_OUTER_BOUND('',#814,.T.);
#520=FACE_OUTER_BOUND('',#815,.T.);
#521=FACE_OUTER_BOUND('',#816,.T.);
#522=FACE_OUTER_BOUND('',#817,.T.);
#523=FACE_OUTER_BOUND('',#818,.T.);
#524=FACE_OUTER_BOUND('',#819,.T.);
#525=FACE_OUTER_BOUND('',#820,.T.);
#526=FACE_OUTER_BOUND('',#821,.T.);
#527=FACE_OUTER_BOUND('',#822,.T.);
#528=FACE_OUTER_BOUND('',#823,.T.);
#529=FACE_OUTER_BOUND('',#824,.T.);
#530=FACE_OUTER_BOUND('',#826,.T.);
#531=FACE_OUTER_BOUND('',#827,.T.);
#532=FACE_OUTER_BOUND('',#828,.T.);
#533=FACE_OUTER_BOUND('',#830,.T.);
#534=FACE_OUTER_BOUND('',#831,.T.);
#535=FACE_OUTER_BOUND('',#832,.T.);
#536=FACE_OUTER_BOUND('',#833,.T.);
#537=EDGE_LOOP('',(#3180,#3181,#3182,#3183));
#538=EDGE_LOOP('',(#3184,#3185,#3186,#3187));
#539=EDGE_LOOP('',(#3188,#3189,#3190,#3191));
#540=EDGE_LOOP('',(#3192,#3193,#3194,#3195));
#541=EDGE_LOOP('',(#3196,#3197,#3198,#3199,#3200));
#542=EDGE_LOOP('',(#3201,#3202,#3203,#3204));
#543=EDGE_LOOP('',(#3205,#3206,#3207,#3208));
#544=EDGE_LOOP('',(#3209,#3210,#3211,#3212));
#545=EDGE_LOOP('',(#3213,#3214,#3215,#3216));
#546=EDGE_LOOP('',(#3217,#3218,#3219,#3220));
#547=EDGE_LOOP('',(#3221,#3222,#3223,#3224,#3225,#3226,#3227,#3228,#3229));
#548=EDGE_LOOP('',(#3230,#3231,#3232,#3233));
#549=EDGE_LOOP('',(#3234,#3235,#3236,#3237));
#550=EDGE_LOOP('',(#3238,#3239,#3240,#3241));
#551=EDGE_LOOP('',(#3242,#3243,#3244,#3245));
#552=EDGE_LOOP('',(#3246,#3247,#3248,#3249));
#553=EDGE_LOOP('',(#3250,#3251,#3252,#3253));
#554=EDGE_LOOP('',(#3254,#3255,#3256,#3257,#3258,#3259,#3260,#3261,#3262,
#3263,#3264));
#555=EDGE_LOOP('',(#3265,#3266,#3267,#3268));
#556=EDGE_LOOP('',(#3269,#3270,#3271,#3272));
#557=EDGE_LOOP('',(#3273,#3274,#3275,#3276));
#558=EDGE_LOOP('',(#3277,#3278,#3279,#3280));
#559=EDGE_LOOP('',(#3281,#3282,#3283,#3284,#3285));
#560=EDGE_LOOP('',(#3286,#3287,#3288,#3289));
#561=EDGE_LOOP('',(#3290,#3291,#3292,#3293,#3294,#3295,#3296));
#562=EDGE_LOOP('',(#3297,#3298));
#563=EDGE_LOOP('',(#3299,#3300,#3301,#3302));
#564=EDGE_LOOP('',(#3303,#3304,#3305,#3306));
#565=EDGE_LOOP('',(#3307,#3308,#3309));
#566=EDGE_LOOP('',(#3310,#3311,#3312,#3313,#3314));
#567=EDGE_LOOP('',(#3315,#3316,#3317,#3318));
#568=EDGE_LOOP('',(#3319,#3320,#3321,#3322));
#569=EDGE_LOOP('',(#3323,#3324,#3325,#3326));
#570=EDGE_LOOP('',(#3327,#3328,#3329,#3330,#3331,#3332,#3333));
#571=EDGE_LOOP('',(#3334,#3335,#3336,#3337,#3338,#3339,#3340));
#572=EDGE_LOOP('',(#3341,#3342,#3343,#3344,#3345,#3346));
#573=EDGE_LOOP('',(#3347,#3348,#3349,#3350,#3351,#3352,#3353,#3354,#3355,
#3356,#3357,#3358,#3359,#3360,#3361,#3362,#3363,#3364,#3365,#3366,#3367,
#3368,#3369,#3370));
#574=EDGE_LOOP('',(#3371,#3372,#3373,#3374,#3375,#3376,#3377,#3378,#3379,
#3380,#3381,#3382,#3383,#3384,#3385,#3386,#3387,#3388,#3389,#3390,#3391,
#3392,#3393,#3394));
#575=EDGE_LOOP('',(#3395,#3396,#3397,#3398,#3399,#3400,#3401,#3402,#3403,
#3404,#3405));
#576=EDGE_LOOP('',(#3406,#3407,#3408,#3409));
#577=EDGE_LOOP('',(#3410,#3411,#3412,#3413));
#578=EDGE_LOOP('',(#3414,#3415,#3416));
#579=EDGE_LOOP('',(#3417,#3418,#3419,#3420));
#580=EDGE_LOOP('',(#3421,#3422,#3423,#3424));
#581=EDGE_LOOP('',(#3425,#3426,#3427,#3428));
#582=EDGE_LOOP('',(#3429,#3430,#3431,#3432));
#583=EDGE_LOOP('',(#3433,#3434,#3435,#3436));
#584=EDGE_LOOP('',(#3437,#3438,#3439,#3440));
#585=EDGE_LOOP('',(#3441,#3442,#3443,#3444));
#586=EDGE_LOOP('',(#3445,#3446,#3447,#3448));
#587=EDGE_LOOP('',(#3449,#3450,#3451,#3452,#3453,#3454,#3455));
#588=EDGE_LOOP('',(#3456,#3457,#3458,#3459));
#589=EDGE_LOOP('',(#3460,#3461,#3462,#3463));
#590=EDGE_LOOP('',(#3464,#3465,#3466,#3467));
#591=EDGE_LOOP('',(#3468,#3469,#3470,#3471));
#592=EDGE_LOOP('',(#3472,#3473,#3474,#3475));
#593=EDGE_LOOP('',(#3476,#3477,#3478,#3479,#3480,#3481,#3482,#3483,#3484,
#3485,#3486));
#594=EDGE_LOOP('',(#3487,#3488,#3489,#3490));
#595=EDGE_LOOP('',(#3491,#3492,#3493,#3494));
#596=EDGE_LOOP('',(#3495,#3496,#3497,#3498));
#597=EDGE_LOOP('',(#3499,#3500,#3501,#3502));
#598=EDGE_LOOP('',(#3503,#3504,#3505,#3506));
#599=EDGE_LOOP('',(#3507,#3508,#3509));
#600=EDGE_LOOP('',(#3510,#3511,#3512,#3513));
#601=EDGE_LOOP('',(#3514,#3515,#3516,#3517,#3518,#3519));
#602=EDGE_LOOP('',(#3520,#3521,#3522,#3523,#3524,#3525,#3526,#3527,#3528,
#3529,#3530,#3531,#3532,#3533,#3534,#3535,#3536,#3537,#3538,#3539,#3540,
#3541,#3542,#3543));
#603=EDGE_LOOP('',(#3544,#3545,#3546,#3547,#3548,#3549,#3550,#3551));
#604=EDGE_LOOP('',(#3552,#3553,#3554,#3555,#3556,#3557));
#605=EDGE_LOOP('',(#3558,#3559,#3560,#3561,#3562));
#606=EDGE_LOOP('',(#3563,#3564,#3565,#3566));
#607=EDGE_LOOP('',(#3567,#3568,#3569,#3570));
#608=EDGE_LOOP('',(#3571,#3572,#3573,#3574));
#609=EDGE_LOOP('',(#3575,#3576,#3577,#3578));
#610=EDGE_LOOP('',(#3579,#3580,#3581,#3582,#3583));
#611=EDGE_LOOP('',(#3584,#3585));
#612=EDGE_LOOP('',(#3586,#3587,#3588,#3589));
#613=EDGE_LOOP('',(#3590,#3591,#3592,#3593,#3594,#3595,#3596,#3597,#3598,
#3599,#3600,#3601,#3602,#3603,#3604,#3605,#3606,#3607,#3608,#3609,#3610,
#3611,#3612,#3613,#3614,#3615,#3616));
#614=EDGE_LOOP('',(#3617,#3618,#3619,#3620,#3621,#3622,#3623));
#615=EDGE_LOOP('',(#3624,#3625,#3626,#3627,#3628,#3629,#3630,#3631,#3632,
#3633));
#616=EDGE_LOOP('',(#3634,#3635,#3636,#3637,#3638,#3639));
#617=EDGE_LOOP('',(#3640));
#618=EDGE_LOOP('',(#3641));
#619=EDGE_LOOP('',(#3642,#3643,#3644,#3645));
#620=EDGE_LOOP('',(#3646,#3647,#3648,#3649,#3650,#3651,#3652,#3653,#3654));
#621=EDGE_LOOP('',(#3655,#3656,#3657,#3658));
#622=EDGE_LOOP('',(#3659,#3660,#3661,#3662,#3663,#3664,#3665,#3666,#3667));
#623=EDGE_LOOP('',(#3668,#3669,#3670,#3671));
#624=EDGE_LOOP('',(#3672,#3673,#3674,#3675));
#625=EDGE_LOOP('',(#3676,#3677,#3678,#3679,#3680,#3681));
#626=EDGE_LOOP('',(#3682,#3683));
#627=EDGE_LOOP('',(#3684,#3685));
#628=EDGE_LOOP('',(#3686,#3687,#3688,#3689,#3690));
#629=EDGE_LOOP('',(#3691,#3692,#3693));
#630=EDGE_LOOP('',(#3694,#3695,#3696,#3697,#3698));
#631=EDGE_LOOP('',(#3699,#3700,#3701));
#632=EDGE_LOOP('',(#3702,#3703,#3704,#3705));
#633=EDGE_LOOP('',(#3706,#3707,#3708,#3709));
#634=EDGE_LOOP('',(#3710));
#635=EDGE_LOOP('',(#3711));
#636=EDGE_LOOP('',(#3712,#3713,#3714));
#637=EDGE_LOOP('',(#3715,#3716,#3717,#3718));
#638=EDGE_LOOP('',(#3719,#3720,#3721,#3722));
#639=EDGE_LOOP('',(#3723));
#640=EDGE_LOOP('',(#3724));
#641=EDGE_LOOP('',(#3725,#3726,#3727));
#642=EDGE_LOOP('',(#3728,#3729,#3730,#3731,#3732,#3733,#3734,#3735));
#643=EDGE_LOOP('',(#3736,#3737,#3738,#3739));
#644=EDGE_LOOP('',(#3740,#3741,#3742,#3743,#3744,#3745,#3746,#3747));
#645=EDGE_LOOP('',(#3748,#3749,#3750,#3751,#3752,#3753,#3754,#3755,#3756,
#3757,#3758,#3759,#3760,#3761,#3762,#3763,#3764,#3765,#3766));
#646=EDGE_LOOP('',(#3767,#3768,#3769,#3770,#3771,#3772,#3773,#3774,#3775,
#3776,#3777,#3778));
#647=EDGE_LOOP('',(#3779,#3780,#3781,#3782,#3783,#3784,#3785,#3786,#3787,
#3788,#3789,#3790,#3791,#3792,#3793,#3794));
#648=EDGE_LOOP('',(#3795,#3796,#3797,#3798,#3799,#3800,#3801,#3802,#3803,
#3804,#3805,#3806,#3807,#3808,#3809,#3810));
#649=EDGE_LOOP('',(#3811,#3812,#3813,#3814));
#650=EDGE_LOOP('',(#3815,#3816,#3817,#3818));
#651=EDGE_LOOP('',(#3819,#3820,#3821,#3822));
#652=EDGE_LOOP('',(#3823,#3824,#3825,#3826));
#653=EDGE_LOOP('',(#3827,#3828,#3829,#3830));
#654=EDGE_LOOP('',(#3831,#3832,#3833,#3834));
#655=EDGE_LOOP('',(#3835,#3836,#3837,#3838));
#656=EDGE_LOOP('',(#3839,#3840,#3841,#3842));
#657=EDGE_LOOP('',(#3843,#3844,#3845,#3846));
#658=EDGE_LOOP('',(#3847,#3848,#3849,#3850));
#659=EDGE_LOOP('',(#3851,#3852,#3853,#3854));
#660=EDGE_LOOP('',(#3855,#3856,#3857,#3858));
#661=EDGE_LOOP('',(#3859,#3860,#3861,#3862));
#662=EDGE_LOOP('',(#3863,#3864,#3865,#3866));
#663=EDGE_LOOP('',(#3867,#3868,#3869,#3870));
#664=EDGE_LOOP('',(#3871,#3872,#3873,#3874));
#665=EDGE_LOOP('',(#3875,#3876,#3877,#3878,#3879,#3880,#3881,#3882,#3883,
#3884,#3885,#3886));
#666=EDGE_LOOP('',(#3887,#3888,#3889,#3890,#3891,#3892,#3893,#3894));
#667=EDGE_LOOP('',(#3895,#3896,#3897,#3898));
#668=EDGE_LOOP('',(#3899,#3900,#3901,#3902));
#669=EDGE_LOOP('',(#3903,#3904,#3905,#3906));
#670=EDGE_LOOP('',(#3907,#3908,#3909,#3910));
#671=EDGE_LOOP('',(#3911,#3912,#3913,#3914));
#672=EDGE_LOOP('',(#3915,#3916,#3917,#3918));
#673=EDGE_LOOP('',(#3919,#3920,#3921,#3922));
#674=EDGE_LOOP('',(#3923,#3924,#3925,#3926));
#675=EDGE_LOOP('',(#3927,#3928,#3929,#3930));
#676=EDGE_LOOP('',(#3931,#3932,#3933,#3934));
#677=EDGE_LOOP('',(#3935,#3936,#3937,#3938));
#678=EDGE_LOOP('',(#3939,#3940,#3941,#3942));
#679=EDGE_LOOP('',(#3943,#3944,#3945,#3946));
#680=EDGE_LOOP('',(#3947,#3948,#3949,#3950));
#681=EDGE_LOOP('',(#3951,#3952,#3953,#3954));
#682=EDGE_LOOP('',(#3955,#3956,#3957,#3958));
#683=EDGE_LOOP('',(#3959,#3960,#3961,#3962));
#684=EDGE_LOOP('',(#3963,#3964,#3965,#3966));
#685=EDGE_LOOP('',(#3967,#3968,#3969,#3970));
#686=EDGE_LOOP('',(#3971,#3972,#3973,#3974));
#687=EDGE_LOOP('',(#3975,#3976,#3977,#3978,#3979,#3980,#3981,#3982,#3983,
#3984,#3985,#3986,#3987,#3988,#3989,#3990,#3991,#3992,#3993));
#688=EDGE_LOOP('',(#3994,#3995,#3996,#3997,#3998,#3999,#4000,#4001,#4002));
#689=EDGE_LOOP('',(#4003,#4004,#4005,#4006));
#690=EDGE_LOOP('',(#4007,#4008,#4009,#4010));
#691=EDGE_LOOP('',(#4011,#4012,#4013,#4014));
#692=EDGE_LOOP('',(#4015,#4016,#4017,#4018));
#693=EDGE_LOOP('',(#4019,#4020,#4021,#4022));
#694=EDGE_LOOP('',(#4023,#4024,#4025,#4026));
#695=EDGE_LOOP('',(#4027,#4028,#4029,#4030));
#696=EDGE_LOOP('',(#4031,#4032,#4033,#4034));
#697=EDGE_LOOP('',(#4035,#4036,#4037,#4038));
#698=EDGE_LOOP('',(#4039,#4040,#4041,#4042));
#699=EDGE_LOOP('',(#4043,#4044,#4045,#4046));
#700=EDGE_LOOP('',(#4047,#4048,#4049,#4050));
#701=EDGE_LOOP('',(#4051,#4052,#4053,#4054));
#702=EDGE_LOOP('',(#4055,#4056,#4057,#4058));
#703=EDGE_LOOP('',(#4059,#4060,#4061,#4062));
#704=EDGE_LOOP('',(#4063,#4064,#4065,#4066));
#705=EDGE_LOOP('',(#4067,#4068,#4069,#4070));
#706=EDGE_LOOP('',(#4071,#4072,#4073,#4074));
#707=EDGE_LOOP('',(#4075,#4076,#4077,#4078));
#708=EDGE_LOOP('',(#4079,#4080,#4081,#4082));
#709=EDGE_LOOP('',(#4083,#4084,#4085,#4086));
#710=EDGE_LOOP('',(#4087,#4088,#4089,#4090));
#711=EDGE_LOOP('',(#4091,#4092,#4093,#4094));
#712=EDGE_LOOP('',(#4095,#4096,#4097,#4098));
#713=EDGE_LOOP('',(#4099,#4100,#4101,#4102));
#714=EDGE_LOOP('',(#4103,#4104,#4105,#4106));
#715=EDGE_LOOP('',(#4107,#4108,#4109,#4110));
#716=EDGE_LOOP('',(#4111,#4112,#4113,#4114));
#717=EDGE_LOOP('',(#4115,#4116,#4117,#4118,#4119,#4120,#4121,#4122));
#718=EDGE_LOOP('',(#4123,#4124,#4125,#4126));
#719=EDGE_LOOP('',(#4127,#4128,#4129,#4130));
#720=EDGE_LOOP('',(#4131,#4132,#4133,#4134));
#721=EDGE_LOOP('',(#4135,#4136,#4137,#4138));
#722=EDGE_LOOP('',(#4139,#4140,#4141,#4142));
#723=EDGE_LOOP('',(#4143,#4144,#4145,#4146));
#724=EDGE_LOOP('',(#4147,#4148,#4149,#4150));
#725=EDGE_LOOP('',(#4151,#4152,#4153,#4154));
#726=EDGE_LOOP('',(#4155,#4156,#4157,#4158,#4159,#4160,#4161,#4162));
#727=EDGE_LOOP('',(#4163,#4164,#4165,#4166));
#728=EDGE_LOOP('',(#4167,#4168,#4169,#4170,#4171,#4172,#4173,#4174));
#729=EDGE_LOOP('',(#4175,#4176,#4177,#4178,#4179,#4180,#4181,#4182,#4183,
#4184,#4185,#4186,#4187,#4188,#4189,#4190,#4191,#4192,#4193));
#730=EDGE_LOOP('',(#4194,#4195,#4196,#4197,#4198,#4199,#4200,#4201,#4202,
#4203,#4204,#4205));
#731=EDGE_LOOP('',(#4206,#4207,#4208,#4209,#4210,#4211,#4212,#4213,#4214,
#4215,#4216,#4217,#4218,#4219,#4220,#4221));
#732=EDGE_LOOP('',(#4222,#4223,#4224,#4225,#4226,#4227,#4228,#4229,#4230,
#4231,#4232,#4233,#4234,#4235,#4236,#4237));
#733=EDGE_LOOP('',(#4238,#4239,#4240,#4241));
#734=EDGE_LOOP('',(#4242,#4243,#4244,#4245));
#735=EDGE_LOOP('',(#4246,#4247,#4248,#4249));
#736=EDGE_LOOP('',(#4250,#4251,#4252,#4253));
#737=EDGE_LOOP('',(#4254,#4255,#4256,#4257));
#738=EDGE_LOOP('',(#4258,#4259,#4260,#4261));
#739=EDGE_LOOP('',(#4262,#4263,#4264,#4265));
#740=EDGE_LOOP('',(#4266,#4267,#4268,#4269));
#741=EDGE_LOOP('',(#4270,#4271,#4272,#4273));
#742=EDGE_LOOP('',(#4274,#4275,#4276,#4277));
#743=EDGE_LOOP('',(#4278,#4279,#4280,#4281));
#744=EDGE_LOOP('',(#4282,#4283,#4284,#4285));
#745=EDGE_LOOP('',(#4286,#4287,#4288,#4289));
#746=EDGE_LOOP('',(#4290,#4291,#4292,#4293));
#747=EDGE_LOOP('',(#4294,#4295,#4296,#4297));
#748=EDGE_LOOP('',(#4298,#4299,#4300,#4301));
#749=EDGE_LOOP('',(#4302,#4303,#4304,#4305,#4306,#4307,#4308,#4309,#4310,
#4311,#4312,#4313));
#750=EDGE_LOOP('',(#4314,#4315,#4316,#4317,#4318,#4319,#4320,#4321));
#751=EDGE_LOOP('',(#4322,#4323,#4324,#4325));
#752=EDGE_LOOP('',(#4326,#4327,#4328,#4329));
#753=EDGE_LOOP('',(#4330,#4331,#4332,#4333));
#754=EDGE_LOOP('',(#4334,#4335,#4336,#4337));
#755=EDGE_LOOP('',(#4338,#4339,#4340,#4341));
#756=EDGE_LOOP('',(#4342,#4343,#4344,#4345));
#757=EDGE_LOOP('',(#4346,#4347,#4348,#4349));
#758=EDGE_LOOP('',(#4350,#4351,#4352,#4353));
#759=EDGE_LOOP('',(#4354,#4355,#4356,#4357));
#760=EDGE_LOOP('',(#4358,#4359,#4360,#4361));
#761=EDGE_LOOP('',(#4362,#4363,#4364,#4365));
#762=EDGE_LOOP('',(#4366,#4367,#4368,#4369));
#763=EDGE_LOOP('',(#4370,#4371,#4372,#4373));
#764=EDGE_LOOP('',(#4374,#4375,#4376,#4377));
#765=EDGE_LOOP('',(#4378,#4379,#4380,#4381));
#766=EDGE_LOOP('',(#4382,#4383,#4384,#4385));
#767=EDGE_LOOP('',(#4386,#4387,#4388,#4389));
#768=EDGE_LOOP('',(#4390,#4391,#4392,#4393));
#769=EDGE_LOOP('',(#4394,#4395,#4396,#4397));
#770=EDGE_LOOP('',(#4398,#4399,#4400,#4401));
#771=EDGE_LOOP('',(#4402,#4403,#4404,#4405,#4406,#4407,#4408,#4409,#4410,
#4411,#4412,#4413,#4414,#4415,#4416,#4417,#4418,#4419,#4420));
#772=EDGE_LOOP('',(#4421,#4422,#4423,#4424,#4425,#4426,#4427,#4428,#4429));
#773=EDGE_LOOP('',(#4430,#4431,#4432,#4433));
#774=EDGE_LOOP('',(#4434,#4435,#4436,#4437));
#775=EDGE_LOOP('',(#4438,#4439,#4440,#4441));
#776=EDGE_LOOP('',(#4442,#4443,#4444,#4445));
#777=EDGE_LOOP('',(#4446,#4447,#4448,#4449));
#778=EDGE_LOOP('',(#4450,#4451,#4452,#4453));
#779=EDGE_LOOP('',(#4454,#4455,#4456,#4457));
#780=EDGE_LOOP('',(#4458,#4459,#4460,#4461));
#781=EDGE_LOOP('',(#4462,#4463,#4464,#4465));
#782=EDGE_LOOP('',(#4466,#4467,#4468,#4469));
#783=EDGE_LOOP('',(#4470,#4471,#4472,#4473));
#784=EDGE_LOOP('',(#4474,#4475,#4476,#4477));
#785=EDGE_LOOP('',(#4478,#4479,#4480,#4481));
#786=EDGE_LOOP('',(#4482,#4483,#4484,#4485));
#787=EDGE_LOOP('',(#4486,#4487,#4488,#4489));
#788=EDGE_LOOP('',(#4490,#4491,#4492,#4493));
#789=EDGE_LOOP('',(#4494,#4495,#4496,#4497));
#790=EDGE_LOOP('',(#4498,#4499,#4500,#4501));
#791=EDGE_LOOP('',(#4502,#4503,#4504,#4505));
#792=EDGE_LOOP('',(#4506,#4507,#4508,#4509));
#793=EDGE_LOOP('',(#4510,#4511,#4512,#4513));
#794=EDGE_LOOP('',(#4514,#4515,#4516,#4517));
#795=EDGE_LOOP('',(#4518,#4519,#4520,#4521));
#796=EDGE_LOOP('',(#4522,#4523,#4524,#4525));
#797=EDGE_LOOP('',(#4526,#4527,#4528,#4529));
#798=EDGE_LOOP('',(#4530,#4531,#4532,#4533));
#799=EDGE_LOOP('',(#4534,#4535,#4536,#4537));
#800=EDGE_LOOP('',(#4538,#4539,#4540,#4541));
#801=EDGE_LOOP('',(#4542,#4543,#4544,#4545,#4546,#4547,#4548,#4549));
#802=EDGE_LOOP('',(#4550,#4551,#4552,#4553));
#803=EDGE_LOOP('',(#4554,#4555,#4556,#4557));
#804=EDGE_LOOP('',(#4558,#4559,#4560,#4561));
#805=EDGE_LOOP('',(#4562,#4563,#4564,#4565));
#806=EDGE_LOOP('',(#4566,#4567,#4568,#4569));
#807=EDGE_LOOP('',(#4570,#4571,#4572,#4573));
#808=EDGE_LOOP('',(#4574,#4575,#4576,#4577));
#809=EDGE_LOOP('',(#4578,#4579,#4580,#4581));
#810=EDGE_LOOP('',(#4582,#4583,#4584,#4585,#4586,#4587));
#811=EDGE_LOOP('',(#4588,#4589,#4590,#4591));
#812=EDGE_LOOP('',(#4592));
#813=EDGE_LOOP('',(#4593));
#814=EDGE_LOOP('',(#4594,#4595,#4596,#4597));
#815=EDGE_LOOP('',(#4598,#4599,#4600,#4601));
#816=EDGE_LOOP('',(#4602,#4603,#4604,#4605));
#817=EDGE_LOOP('',(#4606,#4607,#4608,#4609));
#818=EDGE_LOOP('',(#4610,#4611,#4612,#4613));
#819=EDGE_LOOP('',(#4614,#4615,#4616,#4617));
#820=EDGE_LOOP('',(#4618,#4619,#4620,#4621));
#821=EDGE_LOOP('',(#4622,#4623,#4624,#4625));
#822=EDGE_LOOP('',(#4626,#4627,#4628,#4629));
#823=EDGE_LOOP('',(#4630,#4631,#4632,#4633));
#824=EDGE_LOOP('',(#4634));
#825=EDGE_LOOP('',(#4635));
#826=EDGE_LOOP('',(#4636,#4637,#4638,#4639));
#827=EDGE_LOOP('',(#4640,#4641,#4642,#4643));
#828=EDGE_LOOP('',(#4644));
#829=EDGE_LOOP('',(#4645));
#830=EDGE_LOOP('',(#4646,#4647,#4648,#4649));
#831=EDGE_LOOP('',(#4650,#4651,#4652,#4653));
#832=EDGE_LOOP('',(#4654,#4655,#4656,#4657));
#833=EDGE_LOOP('',(#4658,#4659,#4660,#4661,#4662,#4663));
#834=EDGE_LOOP('',(#4664));
#835=EDGE_LOOP('',(#4665));
#836=CIRCLE('',#5075,1.465);
#837=CIRCLE('',#5078,1.79975);
#838=CIRCLE('',#5080,1.79975);
#839=CIRCLE('',#5088,1.79975);
#840=CIRCLE('',#5090,1.465);
#841=CIRCLE('',#5091,2.);
#842=CIRCLE('',#5092,2.);
#843=CIRCLE('',#5094,2.);
#844=CIRCLE('',#5095,2.);
#845=CIRCLE('',#5105,2.);
#846=CIRCLE('',#5111,1.465);
#847=CIRCLE('',#5113,1.465);
#848=CIRCLE('',#5116,1.79975);
#849=CIRCLE('',#5124,1.79975);
#850=CIRCLE('',#5126,2.);
#851=CIRCLE('',#5127,1.465);
#852=CIRCLE('',#5131,1.465);
#853=CIRCLE('',#5139,2.);
#854=CIRCLE('',#5140,2.);
#855=CIRCLE('',#5143,2.);
#856=CIRCLE('',#5144,2.);
#857=CIRCLE('',#5147,1.85);
#858=CIRCLE('',#5148,1.85);
#859=CIRCLE('',#5156,2.);
#860=CIRCLE('',#5157,2.);
#861=CIRCLE('',#5158,2.);
#862=CIRCLE('',#5159,2.);
#863=CIRCLE('',#5161,2.);
#864=CIRCLE('',#5164,2.);
#865=CIRCLE('',#5167,1.5);
#866=CIRCLE('',#5168,1.5);
#867=CIRCLE('',#5170,1.85);
#868=CIRCLE('',#5174,1.5);
#869=CIRCLE('',#5175,1.5);
#870=CIRCLE('',#5177,1.85);
#871=CIRCLE('',#5235,2.);
#872=CIRCLE('',#5236,2.);
#873=CIRCLE('',#5246,1.85);
#874=CIRCLE('',#5247,1.85);
#875=CIRCLE('',#5249,2.);
#876=CIRCLE('',#5252,1.85);
#877=CIRCLE('',#5253,1.85);
#878=CIRCLE('',#5255,2.);
#879=B_SPLINE_CURVE_WITH_KNOTS('',3,(#6003,#6004,#6005,#6006,#6007,#6008,
#6009,#6010,#6011,#6012,#6013,#6014,#6015,#6016,#6017,#6018),
 .UNSPECIFIED.,.F.,.F.,(4,3,3,3,3,4),(-3.85502040352192,-3.84488409309456,
-2.88366306982092,-1.92244204654728,-0.961221023273641,0.),
 .UNSPECIFIED.);
#880=B_SPLINE_CURVE_WITH_KNOTS('',3,(#6021,#6022,#6023,#6024,#6025,#6026,
#6027,#6028,#6029,#6030,#6031,#6032,#6033,#6034,#6035,#6036,#6037,#6038,
#6039),.UNSPECIFIED.,.F.,.F.,(4,3,3,3,3,3,4),(2.02389779059134,2.90107106074474,
3.86809474765965,4.83511843457457,5.80214212148949,6.7691658084044,7.59365534783881),
 .UNSPECIFIED.);
#881=B_SPLINE_CURVE_WITH_KNOTS('',3,(#6045,#6046,#6047,#6048,#6049,#6050,
#6051),.UNSPECIFIED.,.F.,.F.,(4,3,4),(13.8768406550184,14.5053553037237,
15.4723789906386),.UNSPECIFIED.);
#882=B_SPLINE_CURVE_WITH_KNOTS('',3,(#6053,#6054,#6055,#6056,#6057,#6058),
 .UNSPECIFIED.,.F.,.F.,(4,2,4),(0.021359443550523,0.0377085830338406,0.040342794213478),
 .UNSPECIFIED.);
#883=B_SPLINE_CURVE_WITH_KNOTS('',3,(#6059,#6060,#6061,#6062,#6063,#6064,
#6065,#6066,#6067,#6068),.UNSPECIFIED.,.F.,.F.,(4,3,3,4),(-11.8136751423721,
-11.5346522792837,-10.57343125601,-10.1382057107015),.UNSPECIFIED.);
#884=B_SPLINE_CURVE_WITH_KNOTS('',3,(#6074,#6075,#6076,#6077,#6078,#6079),
 .UNSPECIFIED.,.F.,.F.,(4,1,1,4),(21.9911485751286,22.4263741204371,23.3875951437107,
24.3488161669844),.UNSPECIFIED.);
#885=B_SPLINE_CURVE_WITH_KNOTS('',3,(#6082,#6083,#6084,#6085,#6086,#6087,
#6088),.UNSPECIFIED.,.F.,.F.,(4,1,1,1,4),(21.9911485751286,22.133682722609,
23.100706409524,24.0677300964389,24.8694687392557),.UNSPECIFIED.);
#886=B_SPLINE_CURVE_WITH_KNOTS('',3,(#6094,#6095,#6096,#6097,#6098),
 .UNSPECIFIED.,.F.,.F.,(4,1,4),(14.3974932272897,15.3645169142046,15.707963267949),
 .UNSPECIFIED.);
#887=B_SPLINE_CURVE_WITH_KNOTS('',3,(#6101,#6102,#6103,#6104,#6105,#6106),
 .UNSPECIFIED.,.F.,.F.,(4,1,1,4),(13.8768406550184,14.736605934248,15.6978269575216,
15.707963267949),.UNSPECIFIED.);
#888=B_SPLINE_CURVE_WITH_KNOTS('',3,(#6110,#6111,#6112,#6113),
 .UNSPECIFIED.,.F.,.F.,(4,4),(0.0282600782220881,0.0345947263034613),
 .UNSPECIFIED.);
#889=B_SPLINE_CURVE_WITH_KNOTS('',3,(#6115,#6116,#6117,#6118,#6119,#6120,
#6121),.UNSPECIFIED.,.F.,.F.,(4,1,1,1,4),(26.663321364194,27.4570084278502,
28.2506954915064,29.0443825551626,29.8380696188189),.UNSPECIFIED.);
#890=B_SPLINE_CURVE_WITH_KNOTS('',3,(#6125,#6126,#6127,#6128),
 .UNSPECIFIED.,.F.,.F.,(4,4),(-0.00252947578148181,0.),.UNSPECIFIED.);
#891=B_SPLINE_CURVE_WITH_KNOTS('',3,(#6129,#6130,#6131,#6132,#6133,#6134,
#6135),.UNSPECIFIED.,.F.,.F.,(4,1,1,1,4),(26.6410506597337,26.9688011571836,
27.9358248440985,28.9028485310134,29.8384311356604),.UNSPECIFIED.);
#892=B_SPLINE_CURVE_WITH_KNOTS('',3,(#6137,#6138,#6139,#6140,#6141,#6142,
#6143,#6144,#6145,#6146),.UNSPECIFIED.,.F.,.F.,(4,1,1,1,1,1,1,4),(15.707963267949,
16.6590479807952,17.6202690040689,18.5814900273425,19.5427110506162,20.5039320738898,
21.4651530971634,21.9911485751286),.UNSPECIFIED.);
#893=B_SPLINE_CURVE_WITH_KNOTS('',3,(#6147,#6148,#6149,#6150,#6151,#6152,
#6153,#6154,#6155,#6156),.UNSPECIFIED.,.F.,.F.,(4,1,1,1,1,1,1,4),(15.707963267949,
16.3315406011196,17.2985642880345,18.2655879749494,19.2326116618643,20.1996353487792,
21.1666590356941,21.9911485751286),.UNSPECIFIED.);
#894=B_SPLINE_CURVE_WITH_KNOTS('',3,(#6162,#6163,#6164,#6165,#6166,#6167,
#6168),.UNSPECIFIED.,.F.,.F.,(4,1,1,1,4),(32.9937834529769,33.7756513212323,
34.5575191894877,35.3393870577431,36.1212549259985),.UNSPECIFIED.);
#895=B_SPLINE_CURVE_WITH_KNOTS('',3,(#6171,#6172,#6173,#6174,#6175,#6176,
#6177),.UNSPECIFIED.,.F.,.F.,(4,1,1,1,4),(32.9937834529769,33.7756513212323,
34.5575191894877,35.3393870577431,36.1212549259985),.UNSPECIFIED.);
#896=B_SPLINE_CURVE_WITH_KNOTS('',3,(#6183,#6184,#6185,#6186,#6187,#6188,
#6189),.UNSPECIFIED.,.F.,.F.,(4,1,1,1,4),(39.2769687601564,40.0588366284118,
40.8407044966672,41.6225723649226,42.4044402331781),.UNSPECIFIED.);
#897=B_SPLINE_CURVE_WITH_KNOTS('',3,(#6192,#6193,#6194,#6195,#6196,#6197,
#6198),.UNSPECIFIED.,.F.,.F.,(4,1,1,1,4),(39.2769687601564,40.0588366284118,
40.8407044966672,41.6225723649226,42.404440233178),.UNSPECIFIED.);
#898=B_SPLINE_CURVE_WITH_KNOTS('',3,(#6204,#6205,#6206,#6207,#6208,#6209,
#6210),.UNSPECIFIED.,.F.,.F.,(4,1,1,1,4),(45.560154067336,46.3420219355914,
47.1238898038468,47.9057576721022,48.6876255403576),.UNSPECIFIED.);
#899=B_SPLINE_CURVE_WITH_KNOTS('',3,(#6213,#6214,#6215,#6216,#6217,#6218,
#6219),.UNSPECIFIED.,.F.,.F.,(4,1,1,1,4),(45.560154067336,46.3420219355914,
47.1238898038468,47.9057576721022,48.6876255403576),.UNSPECIFIED.);
#900=B_SPLINE_CURVE_WITH_KNOTS('',3,(#6225,#6226,#6227,#6228,#6229,#6230,
#6231),.UNSPECIFIED.,.F.,.F.,(4,1,1,1,4),(51.8433393745156,52.625207242771,
53.4070751110264,54.1889429792818,54.9708108475372),.UNSPECIFIED.);
#901=B_SPLINE_CURVE_WITH_KNOTS('',3,(#6234,#6235,#6236,#6237,#6238,#6239,
#6240),.UNSPECIFIED.,.F.,.F.,(4,1,1,1,4),(51.8433393745156,52.625207242771,
53.4070751110264,54.1889429792818,54.9708108475372),.UNSPECIFIED.);
#902=B_SPLINE_CURVE_WITH_KNOTS('',3,(#6306,#6307,#6308,#6309,#6310,#6311,
#6312,#6313,#6314,#6315,#6316,#6317,#6318,#6319,#6320,#6321,#6322,#6323,
#6324),.UNSPECIFIED.,.F.,.F.,(4,3,3,3,3,3,4),(0.,0.0199266641731835,0.0403652708771946,
0.0607134634840515,0.068099557599916,0.0716245320536567,0.0884405376983238),
 .UNSPECIFIED.);
#903=B_SPLINE_CURVE_WITH_KNOTS('',3,(#6325,#6326,#6327,#6328,#6329,#6330,
#6331,#6332,#6333,#6334,#6335,#6336,#6337,#6338,#6339,#6340,#6341,#6342,
#6343,#6344,#6345,#6346,#6347,#6348,#6349,#6350,#6351,#6352,#6353,#6354,
#6355,#6356,#6357,#6358,#6359,#6360,#6361,#6362,#6363,#6364,#6365,#6366,
#6367,#6368,#6369,#6370,#6371,#6372,#6373,#6374,#6375,#6376,#6377,#6378,
#6379,#6380,#6381,#6382,#6383,#6384,#6385,#6386,#6387,#6388,#6389,#6390,
#6391,#6392,#6393,#6394,#6395,#6396,#6397,#6398,#6399,#6400,#6401,#6402,
#6403,#6404,#6405,#6406,#6407,#6408,#6409),.UNSPECIFIED.,.F.,.F.,(4,3,3,
3,3,3,3,3,3,3,3,3,3,3,3,3,3,3,3,3,3,3,3,3,3,3,3,3,4),(0.,0.016907676663594,
0.0345455448022582,0.0489289257098446,0.0561715858480152,0.0602700297690134,
0.0784749098288105,0.0970314823343001,0.110176759766463,0.117620141874445,
0.120802406633378,0.139898866018386,0.14961259206295,0.168150718874917,
0.177266457277023,0.1812456783112,0.184827399652891,0.203945923553609,0.223484286085557,
0.235375923941027,0.241784496487527,0.24676065155069,0.250592980284422,
0.270746467015165,0.281560483588527,0.288791014476838,0.293205440489456,
0.314002533308612,0.332205532296067),.UNSPECIFIED.);
#904=B_SPLINE_CURVE_WITH_KNOTS('',3,(#6410,#6411,#6412,#6413,#6414,#6415,
#6416,#6417,#6418,#6419,#6420,#6421,#6422,#6423,#6424,#6425,#6426,#6427,
#6428,#6429,#6430,#6431),.UNSPECIFIED.,.F.,.F.,(4,3,3,3,3,3,3,4),(-10.1382057107015,
-9.61221023273641,-8.65098920946277,-7.68976818618913,-6.72854716291548,
-5.76732613964184,-4.8061051163682,-3.85502040352192),.UNSPECIFIED.);
#905=B_SPLINE_CURVE_WITH_KNOTS('',3,(#6432,#6433,#6434,#6435,#6436,#6437,
#6438,#6439,#6440,#6441,#6442,#6443,#6444,#6445,#6446,#6447,#6448,#6449,
#6450,#6451,#6452,#6453,#6454,#6455,#6456),.UNSPECIFIED.,.F.,.F.,(4,3,3,
3,3,3,3,3,4),(0.0529092934413845,0.0593843901927843,0.0679299892213902,
0.0754895967330612,0.0787815430745814,0.0872667047188645,0.0944821811659889,
0.105010554334277,0.112393167967394),.UNSPECIFIED.);
#906=B_SPLINE_CURVE_WITH_KNOTS('',3,(#6486,#6487,#6488,#6489,#6490,#6491,
#6492,#6493,#6494,#6495,#6496,#6497,#6498,#6499,#6500,#6501,#6502,#6503,
#6504,#6505,#6506,#6507,#6508,#6509,#6510,#6511,#6512,#6513,#6514,#6515,
#6516,#6517,#6518,#6519,#6520,#6521,#6522,#6523,#6524,#6525),
 .UNSPECIFIED.,.F.,.F.,(4,3,3,3,3,3,3,3,3,3,3,3,3,4),(0.,0.00367878149348279,
0.00644433152321879,0.0160812281857139,0.0177414954779658,0.0189885673680014,
0.019924972907407,0.020627919004088,0.0211554999009908,0.0215513992480775,
0.0218484462994376,0.0228522262649924,0.034768806217795,0.0395746763067401),
 .UNSPECIFIED.);
#907=B_SPLINE_CURVE_WITH_KNOTS('',3,(#6527,#6528,#6529,#6530,#6531,#6532,
#6533,#6534,#6535,#6536,#6537,#6538,#6539),.UNSPECIFIED.,.F.,.F.,(4,3,3,
3,4),(-17.9835133848616,-17.1914396907356,-16.3977526270794,-15.6040655634232,
-14.8547063231864),.UNSPECIFIED.);
#908=B_SPLINE_CURVE_WITH_KNOTS('',3,(#6540,#6541,#6542,#6543,#6544,#6545,
#6546),.UNSPECIFIED.,.F.,.F.,(4,3,4),(0.,0.0192731451280854,0.0385269469148533),
 .UNSPECIFIED.);
#909=B_SPLINE_CURVE_WITH_KNOTS('',3,(#6576,#6577,#6578,#6579,#6580,#6581,
#6582),.UNSPECIFIED.,.F.,.F.,(4,3,4),(0.,0.0192731451230257,0.0385269469026089),
 .UNSPECIFIED.);
#910=B_SPLINE_CURVE_WITH_KNOTS('',3,(#6584,#6585,#6586,#6587,#6588,#6589,
#6590),.UNSPECIFIED.,.F.,.F.,(4,3,4),(0.,0.0192776598586727,0.0385730577413958),
 .UNSPECIFIED.);
#911=B_SPLINE_CURVE_WITH_KNOTS('',3,(#6591,#6592,#6593,#6594,#6595,#6596,
#6597,#6598,#6599,#6600,#6601,#6602,#6603),.UNSPECIFIED.,.F.,.F.,(4,3,3,
3,4),(-24.2666986920412,-23.486444193316,-22.7045763250606,-21.9227084568052,
-21.14245395808),.UNSPECIFIED.);
#912=B_SPLINE_CURVE_WITH_KNOTS('',3,(#6633,#6634,#6635,#6636,#6637,#6638,
#6639),.UNSPECIFIED.,.F.,.F.,(4,3,4),(0.,0.0192731451278603,0.03852694691424),
 .UNSPECIFIED.);
#913=B_SPLINE_CURVE_WITH_KNOTS('',3,(#6641,#6642,#6643,#6644,#6645,#6646,
#6647),.UNSPECIFIED.,.F.,.F.,(4,3,4),(0.,0.0192776598601074,0.0385730577510952),
 .UNSPECIFIED.);
#914=B_SPLINE_CURVE_WITH_KNOTS('',3,(#6648,#6649,#6650,#6651,#6652,#6653,
#6654,#6655,#6656,#6657,#6658,#6659,#6660),.UNSPECIFIED.,.F.,.F.,(4,3,3,
3,4),(-30.5498839992208,-29.7696295004956,-28.9877616322402,-28.2058937639848,
-27.4256392652596),.UNSPECIFIED.);
#915=B_SPLINE_CURVE_WITH_KNOTS('',3,(#6690,#6691,#6692,#6693,#6694,#6695,
#6696),.UNSPECIFIED.,.F.,.F.,(4,3,4),(0.,0.0192731451181567,0.0385269468911211),
 .UNSPECIFIED.);
#916=B_SPLINE_CURVE_WITH_KNOTS('',3,(#6698,#6699,#6700,#6701,#6702,#6703,
#6704),.UNSPECIFIED.,.F.,.F.,(4,3,4),(0.,0.0192776598594649,0.0385730577483942),
 .UNSPECIFIED.);
#917=B_SPLINE_CURVE_WITH_KNOTS('',3,(#6705,#6706,#6707,#6708,#6709,#6710,
#6711,#6712,#6713,#6714,#6715,#6716,#6717),.UNSPECIFIED.,.F.,.F.,(4,3,3,
3,4),(-36.8330693064004,-36.0528148076752,-35.2709469394198,-34.4890790711644,
-33.7088245724392),.UNSPECIFIED.);
#918=B_SPLINE_CURVE_WITH_KNOTS('',3,(#6747,#6748,#6749,#6750,#6751,#6752,
#6753),.UNSPECIFIED.,.F.,.F.,(4,3,4),(0.,0.0192731451181239,0.0385269468981125),
 .UNSPECIFIED.);
#919=B_SPLINE_CURVE_WITH_KNOTS('',3,(#6755,#6756,#6757,#6758,#6759,#6760,
#6761),.UNSPECIFIED.,.F.,.F.,(4,3,4),(0.,0.0192776598591546,0.0385730577437059),
 .UNSPECIFIED.);
#920=B_SPLINE_CURVE_WITH_KNOTS('',3,(#6762,#6763,#6764,#6765,#6766,#6767,
#6768,#6769,#6770,#6771,#6772,#6773,#6774),.UNSPECIFIED.,.F.,.F.,(4,3,3,
3,4),(-43.11625461358,-42.3360001148548,-41.5541322465994,-40.772264378344,
-39.9920098796188),.UNSPECIFIED.);
#921=B_SPLINE_CURVE_WITH_KNOTS('',3,(#6801,#6802,#6803,#6804,#6805,#6806,
#6807),.UNSPECIFIED.,.F.,.F.,(4,3,4),(0.,0.0192776598594905,0.0385730577484735),
 .UNSPECIFIED.);
#922=B_SPLINE_CURVE_WITH_KNOTS('',3,(#6809,#6810,#6811,#6812),
 .UNSPECIFIED.,.F.,.F.,(4,4),(-47.1238898038469,-46.2751951867984),
 .UNSPECIFIED.);
#923=B_SPLINE_CURVE_WITH_KNOTS('',3,(#6814,#6815,#6816,#6817,#6818,#6819,
#6820,#6821,#6822,#6823,#6824,#6825,#6826,#6827,#6828,#6829,#6830,#6831,
#6832,#6833,#6834,#6835,#6836,#6837,#6838,#6839,#6840,#6841,#6842,#6843,
#6844,#6845,#6846,#6847,#6848,#6849,#6850,#6851,#6852,#6853,#6854,#6855,
#6856,#6857,#6858,#6859,#6860,#6861,#6862,#6863,#6864,#6865,#6866,#6867,
#6868,#6869,#6870,#6871,#6872,#6873,#6874,#6875,#6876,#6877,#6878,#6879,
#6880,#6881,#6882,#6883,#6884,#6885,#6886,#6887,#6888,#6889,#6890,#6891,
#6892),.UNSPECIFIED.,.F.,.F.,(4,3,3,3,3,3,3,3,3,3,3,3,3,3,3,3,3,3,3,3,3,
3,3,3,3,3,4),(0.,0.0207860142534117,0.0412271724057985,0.0568597901084854,
0.0642357726151318,0.0682728728301823,0.0714354674255953,0.0913112926187993,
0.110796755712629,0.124669595291295,0.133498068483965,0.137503163123997,
0.156388474579814,0.166288114027294,0.185201760952945,0.193476481482917,
0.197541421402765,0.201386307200605,0.220146468090761,0.238862884794165,
0.257185866026253,0.260958776882563,0.278970779772261,0.294566878519848,
0.300340722724136,0.317597289432504,0.333657454837084),.UNSPECIFIED.);
#924=B_SPLINE_CURVE_WITH_KNOTS('',3,(#6893,#6894,#6895,#6896,#6897,#6898),
 .UNSPECIFIED.,.F.,.F.,(4,1,1,4),(58.1265246816952,59.0845932740852,60.0426618664753,
61.0007304588653),.UNSPECIFIED.);
#925=B_SPLINE_CURVE_WITH_KNOTS('',3,(#6976,#6977,#6978,#6979,#6980,#6981,
#6982,#6983,#6984,#6985,#6986,#6987,#6988,#6989,#6990,#6991,#6992,#6993,
#6994,#6995,#6996,#6997,#6998,#6999,#7000,#7001,#7002,#7003,#7004,#7005,
#7006,#7007,#7008,#7009,#7010,#7011,#7012,#7013,#7014,#7015,#7016,#7017,
#7018,#7019,#7020,#7021,#7022,#7023,#7024,#7025,#7026,#7027,#7028,#7029,
#7030,#7031,#7032,#7033,#7034,#7035,#7036,#7037,#7038,#7039),
 .UNSPECIFIED.,.F.,.F.,(4,3,3,3,3,3,3,3,3,3,3,3,3,3,3,3,3,3,3,3,3,4),(0.0504482176147952,
0.0565425459542172,0.0613415767626688,0.080108089643977,0.0988017151581328,
0.111258158413239,0.119707988223537,0.123096650536185,0.14217430243,0.161291808753907,
0.175595065870507,0.182843314056265,0.18744751580527,0.207103550942715,
0.227010492801576,0.239187336022858,0.244165299189342,0.247639726590764,
0.268021524703731,0.275717865686702,0.295634279397103,0.305333606613819),
 .UNSPECIFIED.);
#926=B_SPLINE_CURVE_WITH_KNOTS('',3,(#7040,#7041,#7042,#7043,#7044,#7045,
#7046,#7047,#7048,#7049,#7050,#7051,#7052,#7053,#7054,#7055,#7056,#7057,
#7058,#7059,#7060,#7061,#7062,#7063,#7064,#7065,#7066,#7067),
 .UNSPECIFIED.,.F.,.F.,(4,2,2,2,2,2,2,2,2,2,2,2,2,4),(0.,0.000370405532465922,
0.0251742604564726,0.0399504348672949,0.0453276130386578,0.0506078531745191,
0.0509907833372842,0.0511029559185429,0.0511690401236945,0.0512266893934518,
0.0512987886010646,0.0514386617813409,0.0523453056504722,0.0545498279893798),
 .UNSPECIFIED.);
#927=B_SPLINE_CURVE_WITH_KNOTS('',3,(#7068,#7069,#7070,#7071,#7072,#7073,
#7074,#7075,#7076,#7077,#7078,#7079,#7080),.UNSPECIFIED.,.F.,.F.,(4,3,3,
3,4),(0.,0.0103943399475914,0.0195447924598361,0.0310057853168195,0.0388686832239542),
 .UNSPECIFIED.);
#928=B_SPLINE_CURVE_WITH_KNOTS('',3,(#7081,#7082,#7083,#7084,#7085,#7086,
#7087,#7088,#7089,#7090,#7091,#7092,#7093,#7094,#7095,#7096,#7097,#7098,
#7099,#7100,#7101,#7102,#7103,#7104,#7105),.UNSPECIFIED.,.F.,.F.,(4,3,3,
3,3,3,3,3,4),(7.59365534783881,7.73618949531931,8.70321318223423,9.67023686914914,
10.6372605560641,11.604284242979,12.5713079298939,13.5383316168088,13.8768406550184),
 .UNSPECIFIED.);
#929=B_SPLINE_CURVE_WITH_KNOTS('',3,(#7106,#7107,#7108,#7109,#7110,#7111,
#7112,#7113,#7114,#7115,#7116,#7117,#7118,#7119,#7120,#7121,#7122,#7123,
#7124,#7125,#7126,#7127,#7128,#7129,#7130,#7131,#7132,#7133,#7134,#7135,
#7136,#7137,#7138,#7139,#7140,#7141,#7142,#7143,#7144,#7145,#7146,#7147,
#7148,#7149,#7150,#7151,#7152,#7153,#7154,#7155,#7156,#7157,#7158,#7159,
#7160,#7161,#7162,#7163,#7164,#7165,#7166,#7167,#7168,#7169,#7170,#7171,
#7172,#7173,#7174,#7175,#7176,#7177,#7178,#7179,#7180,#7181,#7182,#7183,
#7184,#7185,#7186,#7187,#7188,#7189,#7190,#7191,#7192,#7193),
 .UNSPECIFIED.,.F.,.F.,(4,3,3,3,3,3,3,3,3,3,3,3,3,3,3,3,3,3,3,3,3,3,3,3,
3,3,3,3,3,4),(0.,0.0199045347438185,0.0403490304947923,0.0562772459648779,
0.0638632112434838,0.0679492238995529,0.0712579316002008,0.0911398625083134,
0.110636370104795,0.124920966142465,0.133279658549533,0.137471157861957,
0.156356805210701,0.167774754255477,0.186838084744735,0.195285750386471,
0.198842349301276,0.202308358615935,0.221075779024309,0.239783992924587,
0.25114093537532,0.259483168673362,0.26305455138447,0.281024500914069,0.290838725227938,
0.296832072785932,0.300451351282289,0.317766053004124,0.320281398169543,
0.333657454837079),.UNSPECIFIED.);
#930=B_SPLINE_CURVE_WITH_KNOTS('',3,(#7223,#7224,#7225,#7226,#7227,#7228,
#7229),.UNSPECIFIED.,.F.,.F.,(4,3,4),(0.,0.0192776598609742,0.0385730577520489),
 .UNSPECIFIED.);
#931=B_SPLINE_CURVE_WITH_KNOTS('',3,(#7231,#7232,#7233,#7234,#7235,#7236,
#7237,#7238,#7239,#7240,#7241,#7242,#7243),.UNSPECIFIED.,.F.,.F.,(4,3,3,
3,4),(18.5979035952173,19.3781580939425,20.1600259621979,20.9418938304533,
21.7221483291785),.UNSPECIFIED.);
#932=B_SPLINE_CURVE_WITH_KNOTS('',3,(#7244,#7245,#7246,#7247,#7248,#7249,
#7250,#7251,#7252,#7253),.UNSPECIFIED.,.F.,.F.,(4,2,2,2,4),(0.,0.017726302465263,
0.0267715433840602,0.0364766984600549,0.0385884972275495),.UNSPECIFIED.);
#933=B_SPLINE_CURVE_WITH_KNOTS('',3,(#7283,#7284,#7285,#7286,#7287,#7288,
#7289),.UNSPECIFIED.,.F.,.F.,(4,3,4),(0.,0.0192776598609739,0.0385730577520432),
 .UNSPECIFIED.);
#934=B_SPLINE_CURVE_WITH_KNOTS('',3,(#7291,#7292,#7293,#7294,#7295,#7296,
#7297,#7298,#7299,#7300,#7301,#7302,#7303),.UNSPECIFIED.,.F.,.F.,(4,3,3,
3,4),(24.8810889023969,25.6613434011221,26.4432112693775,27.2250791376329,
28.0053336363581),.UNSPECIFIED.);
#935=B_SPLINE_CURVE_WITH_KNOTS('',3,(#7304,#7305,#7306,#7307,#7308,#7309,
#7310,#7311,#7312,#7313),.UNSPECIFIED.,.F.,.F.,(4,3,3,4),(0.,0.0182306232964971,
0.0374862747084683,0.0385362416863748),.UNSPECIFIED.);
#936=B_SPLINE_CURVE_WITH_KNOTS('',3,(#7343,#7344,#7345,#7346,#7347,#7348,
#7349),.UNSPECIFIED.,.F.,.F.,(4,3,4),(0.,0.0192776598622888,0.0385730577582892),
 .UNSPECIFIED.);
#937=B_SPLINE_CURVE_WITH_KNOTS('',3,(#7351,#7352,#7353,#7354,#7355,#7356,
#7357,#7358,#7359,#7360,#7361,#7362,#7363),.UNSPECIFIED.,.F.,.F.,(4,3,3,
3,4),(31.1642742095765,31.9445287083017,32.7263965765571,33.5082644448125,
34.2885189435377),.UNSPECIFIED.);
#938=B_SPLINE_CURVE_WITH_KNOTS('',3,(#7364,#7365,#7366,#7367,#7368,#7369,
#7370),.UNSPECIFIED.,.F.,.F.,(4,3,4),(0.,0.0192731451269135,0.0385269469131361),
 .UNSPECIFIED.);
#939=B_SPLINE_CURVE_WITH_KNOTS('',3,(#7400,#7401,#7402,#7403,#7404,#7405,
#7406),.UNSPECIFIED.,.F.,.F.,(4,3,4),(0.,0.0192776598624613,0.0385730577551846),
 .UNSPECIFIED.);
#940=B_SPLINE_CURVE_WITH_KNOTS('',3,(#7408,#7409,#7410,#7411,#7412,#7413,
#7414,#7415,#7416,#7417,#7418,#7419,#7420),.UNSPECIFIED.,.F.,.F.,(4,3,3,
3,4),(37.4474595167561,38.2277140154813,39.0095818837367,39.7914497519921,
40.5717042507173),.UNSPECIFIED.);
#941=B_SPLINE_CURVE_WITH_KNOTS('',3,(#7421,#7422,#7423,#7424,#7425,#7426,
#7427),.UNSPECIFIED.,.F.,.F.,(4,3,4),(0.,0.0192731451124869,0.0385269468777526),
 .UNSPECIFIED.);
#942=B_SPLINE_CURVE_WITH_KNOTS('',3,(#7433,#7434,#7435,#7436,#7437,#7438,
#7439),.UNSPECIFIED.,.F.,.F.,(4,1,1,1,4),(58.1265246816952,58.9083925499506,
59.690260418206,60.4721282864614,61.2539961547168),.UNSPECIFIED.);
#943=B_SPLINE_CURVE_WITH_KNOTS('',3,(#7471,#7472,#7473,#7474,#7475,#7476,
#7477),.UNSPECIFIED.,.F.,.F.,(4,3,4),(0.,0.0192776598623159,0.0385730577625599),
 .UNSPECIFIED.);
#944=B_SPLINE_CURVE_WITH_KNOTS('',3,(#7479,#7480,#7481,#7482,#7483,#7484,
#7485,#7486,#7487,#7488,#7489,#7490,#7491),.UNSPECIFIED.,.F.,.F.,(4,3,3,
3,4),(43.7306448239357,44.5108993226609,45.2927671909163,46.0746350591717,
46.8548895578969),.UNSPECIFIED.);
#945=B_SPLINE_CURVE_WITH_KNOTS('',3,(#7492,#7493,#7494,#7495,#7496,#7497,
#7498),.UNSPECIFIED.,.F.,.F.,(4,3,4),(0.,0.0192731451118104,0.0385269468966545),
 .UNSPECIFIED.);
#946=B_SPLINE_CURVE_WITH_KNOTS('',3,(#7520,#7521,#7522,#7523),
 .UNSPECIFIED.,.F.,.F.,(4,4),(0.307415077108298,0.315408710333864),
 .UNSPECIFIED.);
#947=B_SPLINE_CURVE_WITH_KNOTS('',3,(#7538,#7539,#7540,#7541,#7542,#7543,
#7544,#7545,#7546,#7547),.UNSPECIFIED.,.F.,.F.,(4,2,2,2,4),(0.,0.0188449763989554,
0.0376899527979108,0.0567586531027382,0.0758273534075656),.UNSPECIFIED.);
#948=B_SPLINE_CURVE_WITH_KNOTS('',3,(#7553,#7554,#7555,#7556,#7557,#7558,
#7559,#7560,#7561,#7562),.UNSPECIFIED.,.F.,.F.,(4,2,2,2,4),(-0.0758273534075657,
-0.0567586531027383,-0.0376899527979108,-0.0188449763989554,0.),
 .UNSPECIFIED.);
#949=B_SPLINE_CURVE_WITH_KNOTS('',3,(#7580,#7581,#7582,#7583,#7584,#7585,
#7586,#7587,#7588,#7589,#7590,#7591,#7592),.UNSPECIFIED.,.F.,.F.,(4,3,3,
3,4),(-3.85502040352192,-2.97761789025017,-1.98507859350011,-0.992539296750058,
0.),.UNSPECIFIED.);
#950=B_SPLINE_CURVE_WITH_KNOTS('',3,(#7595,#7596,#7597,#7598,#7599,#7600,
#7601,#7602,#7603,#7604,#7605,#7606,#7607,#7608,#7609,#7610,#7611,#7612,
#7613),.UNSPECIFIED.,.F.,.F.,(4,3,3,3,3,3,4),(2.02389779059135,2.90327728769954,
3.87103638359938,4.83879547949924,5.80655457539908,6.77431367129892,7.59365534783881),
 .UNSPECIFIED.);
#951=B_SPLINE_CURVE_WITH_KNOTS('',3,(#7620,#7621,#7622,#7623),
 .UNSPECIFIED.,.F.,.F.,(4,4),(-10.471975511966,-10.1382057107015),
 .UNSPECIFIED.);
#952=B_SPLINE_CURVE_WITH_KNOTS('',3,(#7629,#7630,#7631,#7632,#7633,#7634,
#7635,#7636),.UNSPECIFIED.,.F.,.F.,(4,1,1,1,1,4),(21.9911485751286,22.7708751286777,
23.7634144254277,24.7559537221778,25.7484930189278,26.7410323156779),
 .UNSPECIFIED.);
#953=B_SPLINE_CURVE_WITH_KNOTS('',3,(#7638,#7639,#7640,#7641),
 .UNSPECIFIED.,.F.,.F.,(4,4),(-0.0331259470706886,-0.0274126763453512),
 .UNSPECIFIED.);
#954=B_SPLINE_CURVE_WITH_KNOTS('',3,(#7642,#7643,#7644,#7645,#7646,#7647,
#7648,#7649,#7650),.UNSPECIFIED.,.F.,.F.,(4,1,1,1,1,1,4),(21.9911485751286,
22.1395659944885,23.1073250903883,24.0750841862882,25.042843282188,26.0106023780879,
26.7605853445563),.UNSPECIFIED.);
#955=B_SPLINE_CURVE_WITH_KNOTS('',3,(#7656,#7657,#7658,#7659,#7660),
 .UNSPECIFIED.,.F.,.F.,(4,1,4),(14.3974932272897,15.3652523231896,15.707963267949),
 .UNSPECIFIED.);
#956=B_SPLINE_CURVE_WITH_KNOTS('',3,(#7663,#7664,#7665,#7666,#7667),
 .UNSPECIFIED.,.F.,.F.,(4,1,4),(13.8768406550184,14.8305607546772,15.707963267949),
 .UNSPECIFIED.);
#957=B_SPLINE_CURVE_WITH_KNOTS('',3,(#7669,#7670,#7671,#7672,#7673,#7674,
#7675,#7676,#7677,#7678,#7679),.UNSPECIFIED.,.F.,.F.,(4,1,1,1,1,1,1,1,4),
(15.707963267949,15.8231000514273,16.8156393481773,17.8081786449274,18.8007179416774,
19.7932572384275,20.7857965351775,21.7783358319276,21.9911485751286),
 .UNSPECIFIED.);
#958=B_SPLINE_CURVE_WITH_KNOTS('',3,(#7680,#7681,#7682,#7683,#7684,#7685,
#7686,#7687,#7688,#7689),.UNSPECIFIED.,.F.,.F.,(4,1,1,1,1,1,1,4),(15.707963267949,
16.3330114190894,17.3007705149893,18.2685296108891,19.236288706789,20.2040478026888,
21.1718068985886,21.9911485751286),.UNSPECIFIED.);
#959=B_SPLINE_CURVE_WITH_KNOTS('',3,(#7695,#7696,#7697,#7698,#7699,#7700,
#7701),.UNSPECIFIED.,.F.,.F.,(4,1,1,1,4),(29.8521907993895,30.6340586676437,
31.4159265358979,32.1977944041522,32.9796622724064),.UNSPECIFIED.);
#960=B_SPLINE_CURVE_WITH_KNOTS('',3,(#7704,#7705,#7706,#7707,#7708,#7709,
#7710),.UNSPECIFIED.,.F.,.F.,(4,1,1,1,4),(29.8521907993895,30.6340586676437,
31.4159265358979,32.1977944041522,32.9796622724064),.UNSPECIFIED.);
#961=B_SPLINE_CURVE_WITH_KNOTS('',3,(#7716,#7717,#7718,#7719,#7720,#7721,
#7722),.UNSPECIFIED.,.F.,.F.,(4,1,1,1,4),(36.1353761065691,36.9172439748233,
37.6991118430775,38.4809797113317,39.262847579586),.UNSPECIFIED.);
#962=B_SPLINE_CURVE_WITH_KNOTS('',3,(#7725,#7726,#7727,#7728,#7729,#7730,
#7731),.UNSPECIFIED.,.F.,.F.,(4,1,1,1,4),(36.1353761065691,36.9172439748233,
37.6991118430775,38.4809797113317,39.262847579586),.UNSPECIFIED.);
#963=B_SPLINE_CURVE_WITH_KNOTS('',3,(#7737,#7738,#7739,#7740,#7741,#7742,
#7743),.UNSPECIFIED.,.F.,.F.,(4,1,1,1,4),(42.4185614137487,43.2004292820029,
43.9822971502571,44.7641650185113,45.5460328867655),.UNSPECIFIED.);
#964=B_SPLINE_CURVE_WITH_KNOTS('',3,(#7746,#7747,#7748,#7749,#7750,#7751,
#7752),.UNSPECIFIED.,.F.,.F.,(4,1,1,1,4),(42.4185614137487,43.2004292820029,
43.9822971502571,44.7641650185113,45.5460328867655),.UNSPECIFIED.);
#965=B_SPLINE_CURVE_WITH_KNOTS('',3,(#7758,#7759,#7760,#7761,#7762,#7763,
#7764),.UNSPECIFIED.,.F.,.F.,(4,1,1,1,4),(48.7017467209283,49.4836145891825,
50.2654824574367,51.0473503256909,51.8292181939451),.UNSPECIFIED.);
#966=B_SPLINE_CURVE_WITH_KNOTS('',3,(#7767,#7768,#7769,#7770,#7771,#7772,
#7773),.UNSPECIFIED.,.F.,.F.,(4,1,1,1,4),(48.7017467209283,49.4836145891825,
50.2654824574367,51.0473503256909,51.8292181939451),.UNSPECIFIED.);
#967=B_SPLINE_CURVE_WITH_KNOTS('',3,(#7779,#7780,#7781,#7782,#7783,#7784,
#7785),.UNSPECIFIED.,.F.,.F.,(4,1,1,1,4),(54.9849320281079,55.7667998963621,
56.5486677646163,57.3305356328705,58.1124035011247),.UNSPECIFIED.);
#968=B_SPLINE_CURVE_WITH_KNOTS('',3,(#7788,#7789,#7790,#7791,#7792,#7793,
#7794),.UNSPECIFIED.,.F.,.F.,(4,1,1,1,4),(54.9849320281079,55.7667998963621,
56.5486677646163,57.3305356328705,58.1124035011247),.UNSPECIFIED.);
#969=B_SPLINE_CURVE_WITH_KNOTS('',3,(#7860,#7861,#7862,#7863,#7864,#7865),
 .UNSPECIFIED.,.F.,.F.,(4,2,4),(0.,0.0157316632881845,0.0476675912658119),
 .UNSPECIFIED.);
#970=B_SPLINE_CURVE_WITH_KNOTS('',3,(#7866,#7867,#7868,#7869,#7870,#7871,
#7872,#7873,#7874,#7875,#7876,#7877,#7878,#7879,#7880,#7881,#7882,#7883,
#7884),.UNSPECIFIED.,.F.,.F.,(4,3,3,3,3,3,4),(7.59365534783881,7.74207276719877,
8.70983186309862,9.67759095899846,10.6453500548983,11.6131091507982,12.580868246698),
 .UNSPECIFIED.);
#971=B_SPLINE_CURVE_WITH_KNOTS('',3,(#7885,#7886,#7887,#7888,#7889,#7890,
#7891,#7892,#7893,#7894,#7895,#7896,#7897,#7898,#7899,#7900,#7901,#7902,
#7903,#7904,#7905,#7906,#7907,#7908,#7909,#7910,#7911,#7912,#7913,#7914,
#7915,#7916,#7917,#7918,#7919,#7920,#7921,#7922,#7923,#7924,#7925,#7926,
#7927,#7928,#7929,#7930,#7931,#7932,#7933,#7934,#7935,#7936,#7937,#7938,
#7939,#7940,#7941,#7942,#7943,#7944,#7945,#7946,#7947,#7948,#7949,#7950,
#7951,#7952,#7953,#7954,#7955,#7956,#7957,#7958,#7959,#7960,#7961,#7962,
#7963,#7964,#7965,#7966,#7967,#7968,#7969,#7970,#7971,#7972),
 .UNSPECIFIED.,.F.,.F.,(4,3,3,3,3,3,3,3,3,3,3,3,3,3,3,3,3,3,3,3,3,3,3,3,
3,3,3,3,3,4),(0.,0.0199050610307332,0.0403498920723675,0.0562932532585407,
0.0638593140997259,0.0679364256207894,0.0712450831775536,0.09112732645728,
0.110623788282819,0.124942036602552,0.133238767034296,0.137467774759343,
0.156352528571869,0.167896781561753,0.186972380637979,0.195502070035319,
0.198766688366256,0.202291437625809,0.221058830356999,0.239768023615327,
0.251211980065356,0.259907658734321,0.263265321670677,0.281231074514985,
0.291048699429128,0.296301083012942,0.300286159362454,0.317601566882628,
0.32050157417156,0.333657454837084),.UNSPECIFIED.);
#972=B_SPLINE_CURVE_WITH_KNOTS('',3,(#8002,#8003,#8004,#8005,#8006,#8007,
#8008),.UNSPECIFIED.,.F.,.F.,(4,3,4),(0.,0.0192776598593388,0.0385730577458362),
 .UNSPECIFIED.);
#973=B_SPLINE_CURVE_WITH_KNOTS('',3,(#8010,#8011,#8012,#8013,#8014,#8015,
#8016,#8017,#8018,#8019,#8020,#8021,#8022),.UNSPECIFIED.,.F.,.F.,(4,3,3,
3,4),(15.4563109416305,16.236565440354,17.0184333086082,17.8003011768624,
18.5805556755859),.UNSPECIFIED.);
#974=B_SPLINE_CURVE_WITH_KNOTS('',3,(#8023,#8024,#8025,#8026,#8027,#8028,
#8029),.UNSPECIFIED.,.F.,.F.,(4,3,4),(0.,0.0192731451244142,0.0385269469057232),
 .UNSPECIFIED.);
#975=B_SPLINE_CURVE_WITH_KNOTS('',3,(#8059,#8060,#8061,#8062,#8063,#8064,
#8065),.UNSPECIFIED.,.F.,.F.,(4,3,4),(0.,0.0192776598593382,0.0385730577457563),
 .UNSPECIFIED.);
#976=B_SPLINE_CURVE_WITH_KNOTS('',3,(#8067,#8068,#8069,#8070,#8071,#8072,
#8073,#8074,#8075,#8076,#8077,#8078,#8079),.UNSPECIFIED.,.F.,.F.,(4,3,3,
3,4),(21.7394962488101,22.5197507475336,23.3016186157878,24.083486484042,
24.8637409827655),.UNSPECIFIED.);
#977=B_SPLINE_CURVE_WITH_KNOTS('',3,(#8080,#8081,#8082,#8083,#8084,#8085,
#8086),.UNSPECIFIED.,.F.,.F.,(4,3,4),(0.,0.0192731451246547,0.0385269469063683),
 .UNSPECIFIED.);
#978=B_SPLINE_CURVE_WITH_KNOTS('',3,(#8116,#8117,#8118,#8119,#8120,#8121,
#8122),.UNSPECIFIED.,.F.,.F.,(4,3,4),(0.,0.0192776598597834,0.0385730577480675),
 .UNSPECIFIED.);
#979=B_SPLINE_CURVE_WITH_KNOTS('',3,(#8124,#8125,#8126,#8127,#8128,#8129,
#8130,#8131,#8132,#8133,#8134,#8135,#8136),.UNSPECIFIED.,.F.,.F.,(4,3,3,
3,4),(28.0226815559897,28.8029360547132,29.5848039229674,30.3666717912216,
31.1469262899451),.UNSPECIFIED.);
#980=B_SPLINE_CURVE_WITH_KNOTS('',3,(#8137,#8138,#8139,#8140,#8141,#8142,
#8143),.UNSPECIFIED.,.F.,.F.,(4,3,4),(0.,0.019273145129425,0.0385269469210432),
 .UNSPECIFIED.);
#981=B_SPLINE_CURVE_WITH_KNOTS('',3,(#8173,#8174,#8175,#8176,#8177,#8178,
#8179),.UNSPECIFIED.,.F.,.F.,(4,3,4),(0.,0.0192776598627195,0.0385730577539883),
 .UNSPECIFIED.);
#982=B_SPLINE_CURVE_WITH_KNOTS('',3,(#8181,#8182,#8183,#8184,#8185,#8186,
#8187,#8188,#8189,#8190,#8191,#8192,#8193),.UNSPECIFIED.,.F.,.F.,(4,3,3,
3,4),(34.3058668631693,35.0861213618928,35.867989230147,36.6498570984012,
37.4301115971247),.UNSPECIFIED.);
#983=B_SPLINE_CURVE_WITH_KNOTS('',3,(#8194,#8195,#8196,#8197,#8198,#8199,
#8200),.UNSPECIFIED.,.F.,.F.,(4,3,4),(0.,0.0192731451296292,0.0385269469216442),
 .UNSPECIFIED.);
#984=B_SPLINE_CURVE_WITH_KNOTS('',3,(#8230,#8231,#8232,#8233,#8234,#8235,
#8236),.UNSPECIFIED.,.F.,.F.,(4,3,4),(0.,0.0192776598611496,0.0385730577525506),
 .UNSPECIFIED.);
#985=B_SPLINE_CURVE_WITH_KNOTS('',3,(#8238,#8239,#8240,#8241,#8242,#8243,
#8244,#8245,#8246,#8247,#8248,#8249,#8250),.UNSPECIFIED.,.F.,.F.,(4,3,3,
3,4),(40.5890521703489,41.3693066690723,42.1511745373266,42.9330424055808,
43.7132969043042),.UNSPECIFIED.);
#986=B_SPLINE_CURVE_WITH_KNOTS('',3,(#8251,#8252,#8253,#8254,#8255,#8256,
#8257),.UNSPECIFIED.,.F.,.F.,(4,3,4),(0.,0.0192731451154455,0.0385269468806121),
 .UNSPECIFIED.);
#987=B_SPLINE_CURVE_WITH_KNOTS('',3,(#8331,#8332,#8333,#8334,#8335,#8336,
#8337,#8338,#8339,#8340,#8341,#8342,#8343),.UNSPECIFIED.,.F.,.F.,(4,3,3,
3,4),(0.,0.0125258784480391,0.0196208550080252,0.0317643566212216,0.0389715246707552),
 .UNSPECIFIED.);
#988=B_SPLINE_CURVE_WITH_KNOTS('',3,(#8344,#8345,#8346,#8347,#8348,#8349,
#8350,#8351,#8352,#8353,#8354,#8355,#8356,#8357,#8358,#8359,#8360,#8361,
#8362,#8363,#8364,#8365,#8366,#8367,#8368,#8369,#8370,#8371,#8372,#8373,
#8374,#8375,#8376,#8377,#8378,#8379,#8380,#8381,#8382,#8383,#8384,#8385,
#8386,#8387,#8388,#8389,#8390,#8391,#8392,#8393,#8394,#8395,#8396,#8397,
#8398,#8399,#8400,#8401,#8402,#8403,#8404,#8405,#8406,#8407,#8408,#8409,
#8410,#8411,#8412,#8413,#8414,#8415,#8416,#8417,#8418,#8419,#8420,#8421,
#8422,#8423,#8424,#8425),.UNSPECIFIED.,.F.,.F.,(4,3,3,3,3,3,3,3,3,3,3,3,
3,3,3,3,3,3,3,3,3,3,3,3,3,3,3,4),(0.,0.0168972626273587,0.034537521058485,
0.0495635678546624,0.0577595943989081,0.0611214970619615,0.0793520464316168,
0.0979096523391879,0.112118713111367,0.117588634969461,0.120788100241426,
0.139896562069017,0.154745895427904,0.173353242335493,0.18119984875528,
0.18484821942935,0.203929265727712,0.223447757131095,0.236169912397187,
0.246457096465093,0.250121854619193,0.270291654620077,0.284024990780016,
0.288677602117443,0.293298456130618,0.313699238784383,0.325224999259832,
0.332205532296045),.UNSPECIFIED.);
#989=B_SPLINE_CURVE_WITH_KNOTS('',3,(#8426,#8427,#8428,#8429,#8430,#8431,
#8432,#8433,#8434,#8435,#8436,#8437,#8438,#8439,#8440,#8441,#8442,#8443,
#8444,#8445,#8446,#8447,#8448,#8449,#8450),.UNSPECIFIED.,.F.,.F.,(4,3,3,
3,3,3,3,3,4),(-10.1382057107015,-9.92539296750057,-8.93285367075051,-7.94031437400045,
-6.94777507725039,-5.95523578050034,-4.96269648375028,-3.97015718700023,
-3.85502040352192),.UNSPECIFIED.);
#990=B_SPLINE_CURVE_WITH_KNOTS('',3,(#8452,#8453,#8454,#8455,#8456,#8457,
#8458,#8459,#8460,#8461,#8462,#8463,#8464,#8465,#8466,#8467,#8468,#8469,
#8470,#8471,#8472,#8473,#8474,#8475,#8476,#8477,#8478,#8479,#8480,#8481,
#8482,#8483,#8484,#8485,#8486,#8487,#8488,#8489,#8490,#8491,#8492,#8493,
#8494,#8495,#8496,#8497,#8498,#8499,#8500,#8501,#8502,#8503),
 .UNSPECIFIED.,.F.,.F.,(4,3,3,3,3,3,3,3,3,3,3,3,3,3,3,3,3,4),(0.0504667619425965,
0.0591973697255828,0.0649620429834934,0.067823238427176,0.0870080565570543,
0.106095454212767,0.124552239515109,0.128612382452909,0.132034474779632,
0.150406335209332,0.168199220714167,0.179922595422137,0.18594651898233,
0.18930402013504,0.192789878617655,0.210716445166897,0.229207204728812,
0.247697964290727),.UNSPECIFIED.);
#991=B_SPLINE_CURVE_WITH_KNOTS('',3,(#8505,#8506,#8507,#8508,#8509,#8510,
#8511),.UNSPECIFIED.,.F.,.F.,(4,3,4),(0.,0.00622586521821637,0.0236452348119638),
 .UNSPECIFIED.);
#992=B_SPLINE_CURVE_WITH_KNOTS('',3,(#8512,#8513,#8514,#8515,#8516,#8517,
#8518,#8519,#8520,#8521,#8522,#8523,#8524),.UNSPECIFIED.,.F.,.F.,(4,3,3,
3,4),(-14.8465710738701,-13.8955501545008,-12.9030108577507,-11.9104715610007,
-11.7176759973137),.UNSPECIFIED.);
#993=B_SPLINE_CURVE_WITH_KNOTS('',3,(#8554,#8555,#8556,#8557,#8558,#8559,
#8560),.UNSPECIFIED.,.F.,.F.,(4,3,4),(0.,0.0192731451247349,0.0385269469089584),
 .UNSPECIFIED.);
#994=B_SPLINE_CURVE_WITH_KNOTS('',3,(#8562,#8563,#8564,#8565,#8566,#8567,
#8568),.UNSPECIFIED.,.F.,.F.,(4,3,4),(0.,0.0105774385194413,0.0385161311556415),
 .UNSPECIFIED.);
#995=B_SPLINE_CURVE_WITH_KNOTS('',3,(#8569,#8570,#8571,#8572,#8573,#8574,
#8575,#8576,#8577,#8578,#8579,#8580,#8581),.UNSPECIFIED.,.F.,.F.,(4,3,3,
3,4),(-21.1251060384486,-20.3448515397251,-19.5629836714709,-18.7811158032167,
-18.0008613044932),.UNSPECIFIED.);
#996=B_SPLINE_CURVE_WITH_KNOTS('',3,(#8611,#8612,#8613,#8614,#8615,#8616,
#8617),.UNSPECIFIED.,.F.,.F.,(4,3,4),(0.,0.0192731451156851,0.0385269468910144),
 .UNSPECIFIED.);
#997=B_SPLINE_CURVE_WITH_KNOTS('',3,(#8619,#8620,#8621,#8622,#8623,#8624,
#8625),.UNSPECIFIED.,.F.,.F.,(4,3,4),(0.,0.0192776598606601,0.0385730577522421),
 .UNSPECIFIED.);
#998=B_SPLINE_CURVE_WITH_KNOTS('',3,(#8626,#8627,#8628,#8629,#8630,#8631,
#8632,#8633,#8634,#8635,#8636,#8637,#8638),.UNSPECIFIED.,.F.,.F.,(4,3,3,
3,4),(-27.4082913456282,-26.6280368469047,-25.8461689786505,-25.0643011103963,
-24.2840466116728),.UNSPECIFIED.);
#999=B_SPLINE_CURVE_WITH_KNOTS('',3,(#8668,#8669,#8670,#8671,#8672,#8673,
#8674),.UNSPECIFIED.,.F.,.F.,(4,3,4),(0.,0.0192731451247057,0.0385269469054474),
 .UNSPECIFIED.);
#1000=B_SPLINE_CURVE_WITH_KNOTS('',3,(#8676,#8677,#8678,#8679,#8680,#8681,
#8682),.UNSPECIFIED.,.F.,.F.,(4,3,4),(0.,0.019277659859231,0.038573057743531),
 .UNSPECIFIED.);
#1001=B_SPLINE_CURVE_WITH_KNOTS('',3,(#8683,#8684,#8685,#8686,#8687,#8688,
#8689,#8690,#8691,#8692,#8693,#8694,#8695),.UNSPECIFIED.,.F.,.F.,(4,3,3,
3,4),(-33.6914766528078,-32.9112221540843,-32.1293542858301,-31.3474864175759,
-30.5672319188524),.UNSPECIFIED.);
#1002=B_SPLINE_CURVE_WITH_KNOTS('',3,(#8725,#8726,#8727,#8728,#8729,#8730,
#8731),.UNSPECIFIED.,.F.,.F.,(4,3,4),(0.,0.0192731451246474,0.038526946905317),
 .UNSPECIFIED.);
#1003=B_SPLINE_CURVE_WITH_KNOTS('',3,(#8733,#8734,#8735,#8736,#8737,#8738,
#8739),.UNSPECIFIED.,.F.,.F.,(4,3,4),(0.,0.0192776598620744,0.0385730577568782),
 .UNSPECIFIED.);
#1004=B_SPLINE_CURVE_WITH_KNOTS('',3,(#8740,#8741,#8742,#8743,#8744,#8745,
#8746,#8747,#8748,#8749,#8750,#8751,#8752),.UNSPECIFIED.,.F.,.F.,(4,3,3,
3,4),(-39.9746619599874,-39.1944074612639,-38.4125395930097,-37.6306717247555,
-36.850417226032),.UNSPECIFIED.);
#1005=B_SPLINE_CURVE_WITH_KNOTS('',3,(#8782,#8783,#8784,#8785,#8786,#8787,
#8788),.UNSPECIFIED.,.F.,.F.,(4,3,4),(0.,0.0192731451245614,0.0385269468980739),
 .UNSPECIFIED.);
#1006=B_SPLINE_CURVE_WITH_KNOTS('',3,(#8790,#8791,#8792,#8793,#8794,#8795,
#8796),.UNSPECIFIED.,.F.,.F.,(4,3,4),(0.,0.0192776598620747,0.038573057756908),
 .UNSPECIFIED.);
#1007=B_SPLINE_CURVE_WITH_KNOTS('',3,(#8797,#8798,#8799,#8800,#8801,#8802,
#8803,#8804,#8805,#8806,#8807,#8808,#8809),.UNSPECIFIED.,.F.,.F.,(4,3,3,
3,4),(-46.2578472671669,-45.4775927684435,-44.6957249001893,-43.913857031935,
-43.1336025332116),.UNSPECIFIED.);
#1008=B_SPLINE_CURVE_WITH_KNOTS('',3,(#8816,#8817,#8818,#8819),
 .UNSPECIFIED.,.F.,.F.,(4,4),(61.2681173352874,61.5213830311366),
 .UNSPECIFIED.);
#1009=B_SPLINE_CURVE_WITH_KNOTS('',3,(#8845,#8846,#8847,#8848,#8849,#8850,
#8851),.UNSPECIFIED.,.F.,.F.,(4,3,4),(0.,0.0192731451247131,0.0385269469063871),
 .UNSPECIFIED.);
#1010=B_SPLINE_CURVE_WITH_KNOTS('',3,(#8853,#8854,#8855,#8856,#8857,#8858,
#8859,#8860,#8861,#8862,#8863,#8864,#8865,#8866,#8867,#8868,#8869,#8870,
#8871,#8872,#8873,#8874,#8875,#8876,#8877,#8878,#8879,#8880,#8881,#8882,
#8883,#8884,#8885,#8886,#8887,#8888,#8889,#8890,#8891,#8892,#8893,#8894,
#8895,#8896,#8897,#8898,#8899,#8900,#8901,#8902,#8903,#8904,#8905,#8906,
#8907,#8908,#8909,#8910,#8911,#8912,#8913,#8914,#8915,#8916,#8917,#8918,
#8919,#8920,#8921,#8922,#8923,#8924,#8925,#8926,#8927,#8928),
 .UNSPECIFIED.,.F.,.F.,(4,3,3,3,3,3,3,3,3,3,3,3,3,3,3,3,3,3,3,3,3,3,3,3,
3,4),(0.,0.0172241257768461,0.0348648903925172,0.052741767789398,0.0568574005046071,
0.0601590574462057,0.0785026646086753,0.097708938068819,0.11594013763001,
0.116915211528963,0.120858596219949,0.13920751782113,0.157995522351815,
0.177010394624979,0.181196309959294,0.184786623179057,0.204255948363426,
0.223786216870681,0.243116392992174,0.246762577384813,0.250462886051788,
0.270898547612859,0.287283758093359,0.291950865855886,0.312289953184297,
0.332205532296069),.UNSPECIFIED.);
#1011=B_SPLINE_CURVE_WITH_KNOTS('',3,(#8929,#8930,#8931,#8932,#8933,#8934,
#8935,#8936,#8937,#8938),.UNSPECIFIED.,.F.,.F.,(4,3,3,4),(46.8722374775285,
47.6296786034779,48.3887330989581,49.1477875944382),.UNSPECIFIED.);
#1012=B_SPLINE_CURVE_WITH_KNOTS('',3,(#8959,#8960,#8961,#8962),
 .UNSPECIFIED.,.F.,.F.,(4,4),(0.,0.00806910366483801),.UNSPECIFIED.);
#1013=B_SPLINE_CURVE_WITH_KNOTS('',3,(#8964,#8965,#8966,#8967,#8968,#8969,
#8970,#8971,#8972,#8973),.UNSPECIFIED.,.F.,.F.,(4,2,2,2,4),(0.,0.0188449763989564,
0.0376899527979127,0.0567586531027334,0.0758273534075541),.UNSPECIFIED.);
#1014=B_SPLINE_CURVE_WITH_KNOTS('',3,(#8976,#8977,#8978,#8979),
 .UNSPECIFIED.,.F.,.F.,(4,4),(0.0670579961223251,0.0762759955960601),
 .UNSPECIFIED.);
#1015=B_SPLINE_CURVE_WITH_KNOTS('',3,(#9035,#9036,#9037,#9038,#9039),
 .UNSPECIFIED.,.F.,.F.,(4,1,4),(0.,0.0156688136659331,0.0313368240396488),
 .UNSPECIFIED.);
#1016=B_SPLINE_CURVE_WITH_KNOTS('',3,(#9041,#9042,#9043,#9044,#9045),
 .UNSPECIFIED.,.F.,.F.,(4,1,4),(0.,0.0163086281128218,0.0340605760395434),
 .UNSPECIFIED.);
#1017=B_SPLINE_CURVE_WITH_KNOTS('',3,(#9047,#9048,#9049,#9050,#9051),
 .UNSPECIFIED.,.F.,.F.,(4,1,4),(0.,0.0124876226092769,0.0250258927660475),
 .UNSPECIFIED.);
#1018=B_SPLINE_CURVE_WITH_KNOTS('',3,(#9053,#9054,#9055,#9056,#9057),
 .UNSPECIFIED.,.F.,.F.,(4,1,4),(0.,0.0120878752470918,0.0234764712689261),
 .UNSPECIFIED.);
#1019=B_SPLINE_CURVE_WITH_KNOTS('',3,(#9059,#9060,#9061,#9062,#9063),
 .UNSPECIFIED.,.F.,.F.,(4,1,4),(0.,0.0109195337136451,0.0214321424638532),
 .UNSPECIFIED.);
#1020=B_SPLINE_CURVE_WITH_KNOTS('',3,(#9065,#9066,#9067,#9068,#9069),
 .UNSPECIFIED.,.F.,.F.,(4,1,4),(0.,0.0147976334367994,0.0302691565426192),
 .UNSPECIFIED.);
#1021=B_SPLINE_CURVE_WITH_KNOTS('',3,(#9071,#9072,#9073,#9074,#9075),
 .UNSPECIFIED.,.F.,.F.,(4,1,4),(0.,0.0170146853739802,0.0365204557527749),
 .UNSPECIFIED.);
#1022=B_SPLINE_CURVE_WITH_KNOTS('',3,(#9077,#9078,#9079,#9080,#9081),
 .UNSPECIFIED.,.F.,.F.,(4,1,4),(0.,0.0187415521895009,0.0351289570407113),
 .UNSPECIFIED.);
#1023=B_SPLINE_CURVE_WITH_KNOTS('',3,(#9082,#9083,#9084,#9085,#9086),
 .UNSPECIFIED.,.F.,.F.,(4,1,4),(0.,0.0153616010088768,0.0309969198533027),
 .UNSPECIFIED.);
#1024=B_SPLINE_CURVE_WITH_KNOTS('',3,(#9096,#9097,#9098,#9099,#9100),
 .UNSPECIFIED.,.F.,.F.,(4,1,4),(0.,0.0156688136659331,0.0313368240396488),
 .UNSPECIFIED.);
#1025=B_SPLINE_CURVE_WITH_KNOTS('',3,(#9102,#9103,#9104,#9105,#9106),
 .UNSPECIFIED.,.F.,.F.,(4,1,4),(0.,0.0163086281128218,0.0340605760395434),
 .UNSPECIFIED.);
#1026=B_SPLINE_CURVE_WITH_KNOTS('',3,(#9108,#9109,#9110,#9111,#9112),
 .UNSPECIFIED.,.F.,.F.,(4,1,4),(0.,0.0124876226092769,0.0250258927660475),
 .UNSPECIFIED.);
#1027=B_SPLINE_CURVE_WITH_KNOTS('',3,(#9114,#9115,#9116,#9117,#9118),
 .UNSPECIFIED.,.F.,.F.,(4,1,4),(0.,0.0120878752470918,0.0234764712689261),
 .UNSPECIFIED.);
#1028=B_SPLINE_CURVE_WITH_KNOTS('',3,(#9120,#9121,#9122,#9123,#9124),
 .UNSPECIFIED.,.F.,.F.,(4,1,4),(0.,0.0109195337136451,0.0214321424638532),
 .UNSPECIFIED.);
#1029=B_SPLINE_CURVE_WITH_KNOTS('',3,(#9126,#9127,#9128,#9129,#9130),
 .UNSPECIFIED.,.F.,.F.,(4,1,4),(0.,0.0147976334367994,0.0302691565426192),
 .UNSPECIFIED.);
#1030=B_SPLINE_CURVE_WITH_KNOTS('',3,(#9132,#9133,#9134,#9135,#9136),
 .UNSPECIFIED.,.F.,.F.,(4,1,4),(0.,0.0170146853739802,0.0365204557527749),
 .UNSPECIFIED.);
#1031=B_SPLINE_CURVE_WITH_KNOTS('',3,(#9138,#9139,#9140,#9141,#9142),
 .UNSPECIFIED.,.F.,.F.,(4,1,4),(0.,0.0187415521895009,0.0351289570407113),
 .UNSPECIFIED.);
#1032=B_SPLINE_CURVE_WITH_KNOTS('',3,(#9143,#9144,#9145,#9146,#9147),
 .UNSPECIFIED.,.F.,.F.,(4,1,4),(0.,0.0153616010088768,0.0309969198533027),
 .UNSPECIFIED.);
#1033=B_SPLINE_CURVE_WITH_KNOTS('',3,(#9212,#9213,#9214,#9215,#9216),
 .UNSPECIFIED.,.F.,.F.,(4,1,4),(0.,0.0156273289792074,0.0315861112488129),
 .UNSPECIFIED.);
#1034=B_SPLINE_CURVE_WITH_KNOTS('',3,(#9218,#9219,#9220,#9221,#9222),
 .UNSPECIFIED.,.F.,.F.,(4,1,4),(0.,0.0277083964601083,0.0693369088786598),
 .UNSPECIFIED.);
#1035=B_SPLINE_CURVE_WITH_KNOTS('',3,(#9224,#9225,#9226,#9227,#9228),
 .UNSPECIFIED.,.F.,.F.,(4,1,4),(0.,0.041114107879795,0.067132226384521),
 .UNSPECIFIED.);
#1036=B_SPLINE_CURVE_WITH_KNOTS('',3,(#9230,#9231,#9232,#9233,#9234),
 .UNSPECIFIED.,.F.,.F.,(4,1,4),(0.,0.0177559642269247,0.0338501500464452),
 .UNSPECIFIED.);
#1037=B_SPLINE_CURVE_WITH_KNOTS('',3,(#9236,#9237,#9238,#9239,#9240),
 .UNSPECIFIED.,.F.,.F.,(4,1,4),(0.,0.0160985150340561,0.0338897017706105),
 .UNSPECIFIED.);
#1038=B_SPLINE_CURVE_WITH_KNOTS('',3,(#9242,#9243,#9244,#9245,#9246),
 .UNSPECIFIED.,.F.,.F.,(4,1,4),(0.,0.0260342171008199,0.067063270710892),
 .UNSPECIFIED.);
#1039=B_SPLINE_CURVE_WITH_KNOTS('',3,(#9248,#9249,#9250,#9251,#9252),
 .UNSPECIFIED.,.F.,.F.,(4,1,4),(0.,0.0411991555860579,0.0672012093154005),
 .UNSPECIFIED.);
#1040=B_SPLINE_CURVE_WITH_KNOTS('',3,(#9253,#9254,#9255,#9256,#9257),
 .UNSPECIFIED.,.F.,.F.,(4,1,4),(0.,0.0177703266503479,0.0340583491677098),
 .UNSPECIFIED.);
#1041=B_SPLINE_CURVE_WITH_KNOTS('',3,(#9277,#9278,#9279,#9280,#9281),
 .UNSPECIFIED.,.F.,.F.,(4,1,4),(0.,0.0217234052984811,0.0415873026969394),
 .UNSPECIFIED.);
#1042=B_SPLINE_CURVE_WITH_KNOTS('',3,(#9283,#9284,#9285,#9286,#9287),
 .UNSPECIFIED.,.F.,.F.,(4,1,4),(0.,0.0198406174499786,0.0414989267112591),
 .UNSPECIFIED.);
#1043=B_SPLINE_CURVE_WITH_KNOTS('',3,(#9291,#9292,#9293,#9294,#9295),
 .UNSPECIFIED.,.F.,.F.,(4,1,4),(0.,0.0130949038532322,0.0231453727956089),
 .UNSPECIFIED.);
#1044=B_SPLINE_CURVE_WITH_KNOTS('',3,(#9297,#9298,#9299,#9300,#9301),
 .UNSPECIFIED.,.F.,.F.,(4,1,4),(0.,0.0136270665607433,0.0273192095238648),
 .UNSPECIFIED.);
#1045=B_SPLINE_CURVE_WITH_KNOTS('',3,(#9303,#9304,#9305,#9306,#9307),
 .UNSPECIFIED.,.F.,.F.,(4,1,4),(0.,0.0111373463285916,0.0219064027315649),
 .UNSPECIFIED.);
#1046=B_SPLINE_CURVE_WITH_KNOTS('',3,(#9309,#9310,#9311,#9312,#9313),
 .UNSPECIFIED.,.F.,.F.,(4,1,4),(0.,0.014687195521497,0.0310221619574838),
 .UNSPECIFIED.);
#1047=B_SPLINE_CURVE_WITH_KNOTS('',3,(#9315,#9316,#9317,#9318,#9319),
 .UNSPECIFIED.,.F.,.F.,(4,1,4),(0.,0.020324981987091,0.0469600075710273),
 .UNSPECIFIED.);
#1048=B_SPLINE_CURVE_WITH_KNOTS('',3,(#9321,#9322,#9323,#9324,#9325),
 .UNSPECIFIED.,.F.,.F.,(4,1,4),(0.,0.015349625469656,0.0297979462731753),
 .UNSPECIFIED.);
#1049=B_SPLINE_CURVE_WITH_KNOTS('',3,(#9327,#9328,#9329,#9330,#9331),
 .UNSPECIFIED.,.F.,.F.,(4,1,4),(0.,0.0140193877886662,0.0278614313197895),
 .UNSPECIFIED.);
#1050=B_SPLINE_CURVE_WITH_KNOTS('',3,(#9333,#9334,#9335,#9336,#9337),
 .UNSPECIFIED.,.F.,.F.,(4,1,4),(0.,0.0231767439975834,0.046584955320459),
 .UNSPECIFIED.);
#1051=B_SPLINE_CURVE_WITH_KNOTS('',3,(#9339,#9340,#9341,#9342,#9343),
 .UNSPECIFIED.,.F.,.F.,(4,1,4),(0.,0.024430207869379,0.050791797733119),
 .UNSPECIFIED.);
#1052=B_SPLINE_CURVE_WITH_KNOTS('',3,(#9345,#9346,#9347,#9348,#9349),
 .UNSPECIFIED.,.F.,.F.,(4,1,4),(0.,0.0182746932343056,0.036173382450852),
 .UNSPECIFIED.);
#1053=B_SPLINE_CURVE_WITH_KNOTS('',3,(#9351,#9352,#9353,#9354,#9355),
 .UNSPECIFIED.,.F.,.F.,(4,1,4),(0.,0.0172211591319545,0.0336691083663922),
 .UNSPECIFIED.);
#1054=B_SPLINE_CURVE_WITH_KNOTS('',3,(#9357,#9358,#9359,#9360,#9361),
 .UNSPECIFIED.,.F.,.F.,(4,1,4),(0.,0.01645814042772,0.0336461607516268),
 .UNSPECIFIED.);
#1055=B_SPLINE_CURVE_WITH_KNOTS('',3,(#9363,#9364,#9365,#9366,#9367),
 .UNSPECIFIED.,.F.,.F.,(4,1,4),(0.,0.0284309317760355,0.0563547495562113),
 .UNSPECIFIED.);
#1056=B_SPLINE_CURVE_WITH_KNOTS('',3,(#9369,#9370,#9371,#9372,#9373),
 .UNSPECIFIED.,.F.,.F.,(4,1,4),(0.,0.0332380505440873,0.0780265919616802),
 .UNSPECIFIED.);
#1057=B_SPLINE_CURVE_WITH_KNOTS('',3,(#9375,#9376,#9377,#9378,#9379),
 .UNSPECIFIED.,.F.,.F.,(4,1,4),(0.,0.0503537381468864,0.0881773881752574),
 .UNSPECIFIED.);
#1058=B_SPLINE_CURVE_WITH_KNOTS('',3,(#9380,#9381,#9382,#9383,#9384),
 .UNSPECIFIED.,.F.,.F.,(4,1,4),(0.,0.0278644389568005,0.0568470966294625),
 .UNSPECIFIED.);
#1059=B_SPLINE_CURVE_WITH_KNOTS('',3,(#9387,#9388,#9389,#9390,#9391),
 .UNSPECIFIED.,.F.,.F.,(4,1,4),(0.,0.026333914574837,0.0513634826096901),
 .UNSPECIFIED.);
#1060=B_SPLINE_CURVE_WITH_KNOTS('',3,(#9393,#9394,#9395,#9396,#9397),
 .UNSPECIFIED.,.F.,.F.,(4,1,4),(0.,0.0360088440250918,0.0847596451001801),
 .UNSPECIFIED.);
#1061=B_SPLINE_CURVE_WITH_KNOTS('',3,(#9399,#9400,#9401,#9402,#9403),
 .UNSPECIFIED.,.F.,.F.,(4,1,4),(0.,0.0320608374303244,0.057736423330548),
 .UNSPECIFIED.);
#1062=B_SPLINE_CURVE_WITH_KNOTS('',3,(#9405,#9406,#9407,#9408,#9409),
 .UNSPECIFIED.,.F.,.F.,(4,1,4),(0.,0.0211909857535031,0.0401920335923215),
 .UNSPECIFIED.);
#1063=B_SPLINE_CURVE_WITH_KNOTS('',3,(#9411,#9412,#9413,#9414,#9415),
 .UNSPECIFIED.,.F.,.F.,(4,1,4),(0.,0.0184810074110407,0.0386646167542199),
 .UNSPECIFIED.);
#1064=B_SPLINE_CURVE_WITH_KNOTS('',3,(#9417,#9418,#9419,#9420,#9421),
 .UNSPECIFIED.,.F.,.F.,(4,1,4),(0.,0.0151957276004776,0.0291972763413675),
 .UNSPECIFIED.);
#1065=B_SPLINE_CURVE_WITH_KNOTS('',3,(#9423,#9424,#9425,#9426,#9427),
 .UNSPECIFIED.,.F.,.F.,(4,1,4),(0.,0.013619031730469,0.0276411073547822),
 .UNSPECIFIED.);
#1066=B_SPLINE_CURVE_WITH_KNOTS('',3,(#9429,#9430,#9431,#9432,#9433),
 .UNSPECIFIED.,.F.,.F.,(4,1,4),(0.,0.0152703100348924,0.0323328542251258),
 .UNSPECIFIED.);
#1067=B_SPLINE_CURVE_WITH_KNOTS('',3,(#9435,#9436,#9437,#9438,#9439),
 .UNSPECIFIED.,.F.,.F.,(4,1,4),(0.,0.0208583386510922,0.0475703213760848),
 .UNSPECIFIED.);
#1068=B_SPLINE_CURVE_WITH_KNOTS('',3,(#9441,#9442,#9443,#9444,#9445),
 .UNSPECIFIED.,.F.,.F.,(4,1,4),(0.,0.0318555617337857,0.0574536216840496),
 .UNSPECIFIED.);
#1069=B_SPLINE_CURVE_WITH_KNOTS('',3,(#9447,#9448,#9449,#9450,#9451),
 .UNSPECIFIED.,.F.,.F.,(4,1,4),(0.,0.021184564583552,0.0402126037391583),
 .UNSPECIFIED.);
#1070=B_SPLINE_CURVE_WITH_KNOTS('',3,(#9452,#9453,#9454,#9455,#9456),
 .UNSPECIFIED.,.F.,.F.,(4,1,4),(0.,0.0185353714734302,0.0388226529201229),
 .UNSPECIFIED.);
#1071=B_SPLINE_CURVE_WITH_KNOTS('',3,(#9471,#9472,#9473,#9474,#9475),
 .UNSPECIFIED.,.F.,.F.,(4,1,4),(0.,0.0171230368049949,0.0293719473941455),
 .UNSPECIFIED.);
#1072=B_SPLINE_CURVE_WITH_KNOTS('',3,(#9477,#9478,#9479,#9480,#9481),
 .UNSPECIFIED.,.F.,.F.,(4,1,4),(0.,0.013328798767587,0.0277498485944861),
 .UNSPECIFIED.);
#1073=B_SPLINE_CURVE_WITH_KNOTS('',3,(#9495,#9496,#9497,#9498,#9499),
 .UNSPECIFIED.,.F.,.F.,(4,1,4),(0.,0.00771891327134338,0.015969283029071),
 .UNSPECIFIED.);
#1074=B_SPLINE_CURVE_WITH_KNOTS('',3,(#9500,#9501,#9502,#9503,#9504),
 .UNSPECIFIED.,.F.,.F.,(4,1,4),(0.,0.0108458363222668,0.0177891577867103),
 .UNSPECIFIED.);
#1075=B_SPLINE_CURVE_WITH_KNOTS('',3,(#9512,#9513,#9514,#9515,#9516),
 .UNSPECIFIED.,.F.,.F.,(4,1,4),(0.,0.0108458363222668,0.0177891577867103),
 .UNSPECIFIED.);
#1076=B_SPLINE_CURVE_WITH_KNOTS('',3,(#9518,#9519,#9520,#9521,#9522),
 .UNSPECIFIED.,.F.,.F.,(4,1,4),(0.,0.00771891327134338,0.015969283029071),
 .UNSPECIFIED.);
#1077=B_SPLINE_CURVE_WITH_KNOTS('',3,(#9536,#9537,#9538,#9539,#9540),
 .UNSPECIFIED.,.F.,.F.,(4,1,4),(0.,0.013328798767587,0.0277498485944861),
 .UNSPECIFIED.);
#1078=B_SPLINE_CURVE_WITH_KNOTS('',3,(#9542,#9543,#9544,#9545,#9546),
 .UNSPECIFIED.,.F.,.F.,(4,1,4),(0.,0.0171230368049949,0.0293719473941455),
 .UNSPECIFIED.);
#1079=B_SPLINE_CURVE_WITH_KNOTS('',3,(#9625,#9626,#9627,#9628,#9629),
 .UNSPECIFIED.,.F.,.F.,(4,1,4),(0.,0.0360088440250918,0.0847596451001801),
 .UNSPECIFIED.);
#1080=B_SPLINE_CURVE_WITH_KNOTS('',3,(#9631,#9632,#9633,#9634,#9635),
 .UNSPECIFIED.,.F.,.F.,(4,1,4),(0.,0.026333914574837,0.0513634826096901),
 .UNSPECIFIED.);
#1081=B_SPLINE_CURVE_WITH_KNOTS('',3,(#9637,#9638,#9639,#9640,#9641),
 .UNSPECIFIED.,.F.,.F.,(4,1,4),(0.,0.0185353714734302,0.0388226529201229),
 .UNSPECIFIED.);
#1082=B_SPLINE_CURVE_WITH_KNOTS('',3,(#9643,#9644,#9645,#9646,#9647),
 .UNSPECIFIED.,.F.,.F.,(4,1,4),(0.,0.021184564583552,0.0402126037391583),
 .UNSPECIFIED.);
#1083=B_SPLINE_CURVE_WITH_KNOTS('',3,(#9649,#9650,#9651,#9652,#9653),
 .UNSPECIFIED.,.F.,.F.,(4,1,4),(0.,0.0318555617337857,0.0574536216840496),
 .UNSPECIFIED.);
#1084=B_SPLINE_CURVE_WITH_KNOTS('',3,(#9655,#9656,#9657,#9658,#9659),
 .UNSPECIFIED.,.F.,.F.,(4,1,4),(0.,0.0208583386510922,0.0475703213760848),
 .UNSPECIFIED.);
#1085=B_SPLINE_CURVE_WITH_KNOTS('',3,(#9661,#9662,#9663,#9664,#9665),
 .UNSPECIFIED.,.F.,.F.,(4,1,4),(0.,0.0152703100348924,0.0323328542251258),
 .UNSPECIFIED.);
#1086=B_SPLINE_CURVE_WITH_KNOTS('',3,(#9667,#9668,#9669,#9670,#9671),
 .UNSPECIFIED.,.F.,.F.,(4,1,4),(0.,0.013619031730469,0.0276411073547822),
 .UNSPECIFIED.);
#1087=B_SPLINE_CURVE_WITH_KNOTS('',3,(#9673,#9674,#9675,#9676,#9677),
 .UNSPECIFIED.,.F.,.F.,(4,1,4),(0.,0.0151957276004776,0.0291972763413675),
 .UNSPECIFIED.);
#1088=B_SPLINE_CURVE_WITH_KNOTS('',3,(#9679,#9680,#9681,#9682,#9683),
 .UNSPECIFIED.,.F.,.F.,(4,1,4),(0.,0.0184810074110407,0.0386646167542199),
 .UNSPECIFIED.);
#1089=B_SPLINE_CURVE_WITH_KNOTS('',3,(#9685,#9686,#9687,#9688,#9689),
 .UNSPECIFIED.,.F.,.F.,(4,1,4),(0.,0.0211909857535031,0.0401920335923215),
 .UNSPECIFIED.);
#1090=B_SPLINE_CURVE_WITH_KNOTS('',3,(#9690,#9691,#9692,#9693,#9694),
 .UNSPECIFIED.,.F.,.F.,(4,1,4),(0.,0.0320608374303244,0.057736423330548),
 .UNSPECIFIED.);
#1091=B_SPLINE_CURVE_WITH_KNOTS('',3,(#9697,#9698,#9699,#9700,#9701),
 .UNSPECIFIED.,.F.,.F.,(4,1,4),(0.,0.0277083964601083,0.0693369088786598),
 .UNSPECIFIED.);
#1092=B_SPLINE_CURVE_WITH_KNOTS('',3,(#9703,#9704,#9705,#9706,#9707),
 .UNSPECIFIED.,.F.,.F.,(4,1,4),(0.,0.0156273289792074,0.0315861112488129),
 .UNSPECIFIED.);
#1093=B_SPLINE_CURVE_WITH_KNOTS('',3,(#9709,#9710,#9711,#9712,#9713),
 .UNSPECIFIED.,.F.,.F.,(4,1,4),(0.,0.0177703266503479,0.0340583491677098),
 .UNSPECIFIED.);
#1094=B_SPLINE_CURVE_WITH_KNOTS('',3,(#9715,#9716,#9717,#9718,#9719),
 .UNSPECIFIED.,.F.,.F.,(4,1,4),(0.,0.0411991555860579,0.0672012093154005),
 .UNSPECIFIED.);
#1095=B_SPLINE_CURVE_WITH_KNOTS('',3,(#9721,#9722,#9723,#9724,#9725),
 .UNSPECIFIED.,.F.,.F.,(4,1,4),(0.,0.0260342171008199,0.067063270710892),
 .UNSPECIFIED.);
#1096=B_SPLINE_CURVE_WITH_KNOTS('',3,(#9727,#9728,#9729,#9730,#9731),
 .UNSPECIFIED.,.F.,.F.,(4,1,4),(0.,0.0160985150340561,0.0338897017706105),
 .UNSPECIFIED.);
#1097=B_SPLINE_CURVE_WITH_KNOTS('',3,(#9733,#9734,#9735,#9736,#9737),
 .UNSPECIFIED.,.F.,.F.,(4,1,4),(0.,0.0177559642269247,0.0338501500464452),
 .UNSPECIFIED.);
#1098=B_SPLINE_CURVE_WITH_KNOTS('',3,(#9738,#9739,#9740,#9741,#9742),
 .UNSPECIFIED.,.F.,.F.,(4,1,4),(0.,0.041114107879795,0.067132226384521),
 .UNSPECIFIED.);
#1099=B_SPLINE_CURVE_WITH_KNOTS('',3,(#9966,#9967,#9968,#9969,#9970),
 .UNSPECIFIED.,.F.,.F.,(4,1,4),(0.,0.0198406174499786,0.0414989267112591),
 .UNSPECIFIED.);
#1100=B_SPLINE_CURVE_WITH_KNOTS('',3,(#9972,#9973,#9974,#9975,#9976),
 .UNSPECIFIED.,.F.,.F.,(4,1,4),(0.,0.0217234052984811,0.0415873026969394),
 .UNSPECIFIED.);
#1101=B_SPLINE_CURVE_WITH_KNOTS('',3,(#9978,#9979,#9980,#9981,#9982),
 .UNSPECIFIED.,.F.,.F.,(4,1,4),(0.,0.0278644389568005,0.0568470966294625),
 .UNSPECIFIED.);
#1102=B_SPLINE_CURVE_WITH_KNOTS('',3,(#9984,#9985,#9986,#9987,#9988),
 .UNSPECIFIED.,.F.,.F.,(4,1,4),(0.,0.0503537381468864,0.0881773881752574),
 .UNSPECIFIED.);
#1103=B_SPLINE_CURVE_WITH_KNOTS('',3,(#9990,#9991,#9992,#9993,#9994),
 .UNSPECIFIED.,.F.,.F.,(4,1,4),(0.,0.0332380505440873,0.0780265919616802),
 .UNSPECIFIED.);
#1104=B_SPLINE_CURVE_WITH_KNOTS('',3,(#9996,#9997,#9998,#9999,#10000),
 .UNSPECIFIED.,.F.,.F.,(4,1,4),(0.,0.0284309317760355,0.0563547495562113),
 .UNSPECIFIED.);
#1105=B_SPLINE_CURVE_WITH_KNOTS('',3,(#10002,#10003,#10004,#10005,#10006),
 .UNSPECIFIED.,.F.,.F.,(4,1,4),(0.,0.01645814042772,0.0336461607516268),
 .UNSPECIFIED.);
#1106=B_SPLINE_CURVE_WITH_KNOTS('',3,(#10008,#10009,#10010,#10011,#10012),
 .UNSPECIFIED.,.F.,.F.,(4,1,4),(0.,0.0172211591319545,0.0336691083663922),
 .UNSPECIFIED.);
#1107=B_SPLINE_CURVE_WITH_KNOTS('',3,(#10014,#10015,#10016,#10017,#10018),
 .UNSPECIFIED.,.F.,.F.,(4,1,4),(0.,0.0182746932343056,0.036173382450852),
 .UNSPECIFIED.);
#1108=B_SPLINE_CURVE_WITH_KNOTS('',3,(#10020,#10021,#10022,#10023,#10024),
 .UNSPECIFIED.,.F.,.F.,(4,1,4),(0.,0.024430207869379,0.050791797733119),
 .UNSPECIFIED.);
#1109=B_SPLINE_CURVE_WITH_KNOTS('',3,(#10026,#10027,#10028,#10029,#10030),
 .UNSPECIFIED.,.F.,.F.,(4,1,4),(0.,0.0231767439975834,0.046584955320459),
 .UNSPECIFIED.);
#1110=B_SPLINE_CURVE_WITH_KNOTS('',3,(#10032,#10033,#10034,#10035,#10036),
 .UNSPECIFIED.,.F.,.F.,(4,1,4),(0.,0.0140193877886662,0.0278614313197895),
 .UNSPECIFIED.);
#1111=B_SPLINE_CURVE_WITH_KNOTS('',3,(#10038,#10039,#10040,#10041,#10042),
 .UNSPECIFIED.,.F.,.F.,(4,1,4),(0.,0.015349625469656,0.0297979462731753),
 .UNSPECIFIED.);
#1112=B_SPLINE_CURVE_WITH_KNOTS('',3,(#10044,#10045,#10046,#10047,#10048),
 .UNSPECIFIED.,.F.,.F.,(4,1,4),(0.,0.020324981987091,0.0469600075710273),
 .UNSPECIFIED.);
#1113=B_SPLINE_CURVE_WITH_KNOTS('',3,(#10050,#10051,#10052,#10053,#10054),
 .UNSPECIFIED.,.F.,.F.,(4,1,4),(0.,0.014687195521497,0.0310221619574838),
 .UNSPECIFIED.);
#1114=B_SPLINE_CURVE_WITH_KNOTS('',3,(#10056,#10057,#10058,#10059,#10060),
 .UNSPECIFIED.,.F.,.F.,(4,1,4),(0.,0.0111373463285916,0.0219064027315649),
 .UNSPECIFIED.);
#1115=B_SPLINE_CURVE_WITH_KNOTS('',3,(#10062,#10063,#10064,#10065,#10066),
 .UNSPECIFIED.,.F.,.F.,(4,1,4),(0.,0.0136270665607433,0.0273192095238648),
 .UNSPECIFIED.);
#1116=B_SPLINE_CURVE_WITH_KNOTS('',3,(#10068,#10069,#10070,#10071,#10072),
 .UNSPECIFIED.,.F.,.F.,(4,1,4),(0.,0.0130949038532322,0.0231453727956089),
 .UNSPECIFIED.);
#1117=B_SPLINE_CURVE_WITH_KNOTS('',3,(#10076,#10077,#10078,#10079,#10080),
 .UNSPECIFIED.,.F.,.F.,(4,1,4),(0.,0.0163086281128218,0.0340605760395434),
 .UNSPECIFIED.);
#1118=B_SPLINE_CURVE_WITH_KNOTS('',3,(#10082,#10083,#10084,#10085,#10086),
 .UNSPECIFIED.,.F.,.F.,(4,1,4),(0.,0.0156688136659331,0.0313368240396488),
 .UNSPECIFIED.);
#1119=B_SPLINE_CURVE_WITH_KNOTS('',3,(#10088,#10089,#10090,#10091,#10092),
 .UNSPECIFIED.,.F.,.F.,(4,1,4),(0.,0.0153616010088768,0.0309969198533027),
 .UNSPECIFIED.);
#1120=B_SPLINE_CURVE_WITH_KNOTS('',3,(#10094,#10095,#10096,#10097,#10098),
 .UNSPECIFIED.,.F.,.F.,(4,1,4),(0.,0.0187415521895009,0.0351289570407113),
 .UNSPECIFIED.);
#1121=B_SPLINE_CURVE_WITH_KNOTS('',3,(#10100,#10101,#10102,#10103,#10104),
 .UNSPECIFIED.,.F.,.F.,(4,1,4),(0.,0.0170146853739802,0.0365204557527749),
 .UNSPECIFIED.);
#1122=B_SPLINE_CURVE_WITH_KNOTS('',3,(#10106,#10107,#10108,#10109,#10110),
 .UNSPECIFIED.,.F.,.F.,(4,1,4),(0.,0.0147976334367994,0.0302691565426192),
 .UNSPECIFIED.);
#1123=B_SPLINE_CURVE_WITH_KNOTS('',3,(#10112,#10113,#10114,#10115,#10116),
 .UNSPECIFIED.,.F.,.F.,(4,1,4),(0.,0.0109195337136451,0.0214321424638532),
 .UNSPECIFIED.);
#1124=B_SPLINE_CURVE_WITH_KNOTS('',3,(#10118,#10119,#10120,#10121,#10122),
 .UNSPECIFIED.,.F.,.F.,(4,1,4),(0.,0.0120878752470918,0.0234764712689261),
 .UNSPECIFIED.);
#1125=B_SPLINE_CURVE_WITH_KNOTS('',3,(#10123,#10124,#10125,#10126,#10127),
 .UNSPECIFIED.,.F.,.F.,(4,1,4),(0.,0.0124876226092769,0.0250258927660475),
 .UNSPECIFIED.);
#1126=B_SPLINE_CURVE_WITH_KNOTS('',3,(#10463,#10464,#10465,#10466,#10467),
 .UNSPECIFIED.,.F.,.F.,(4,1,4),(0.,0.0156273289792074,0.0315861112488129),
 .UNSPECIFIED.);
#1127=B_SPLINE_CURVE_WITH_KNOTS('',3,(#10469,#10470,#10471,#10472,#10473),
 .UNSPECIFIED.,.F.,.F.,(4,1,4),(0.,0.0277083964601083,0.0693369088786598),
 .UNSPECIFIED.);
#1128=B_SPLINE_CURVE_WITH_KNOTS('',3,(#10475,#10476,#10477,#10478,#10479),
 .UNSPECIFIED.,.F.,.F.,(4,1,4),(0.,0.041114107879795,0.067132226384521),
 .UNSPECIFIED.);
#1129=B_SPLINE_CURVE_WITH_KNOTS('',3,(#10481,#10482,#10483,#10484,#10485),
 .UNSPECIFIED.,.F.,.F.,(4,1,4),(0.,0.0177559642269247,0.0338501500464452),
 .UNSPECIFIED.);
#1130=B_SPLINE_CURVE_WITH_KNOTS('',3,(#10487,#10488,#10489,#10490,#10491),
 .UNSPECIFIED.,.F.,.F.,(4,1,4),(0.,0.0160985150340561,0.0338897017706105),
 .UNSPECIFIED.);
#1131=B_SPLINE_CURVE_WITH_KNOTS('',3,(#10493,#10494,#10495,#10496,#10497),
 .UNSPECIFIED.,.F.,.F.,(4,1,4),(0.,0.0260342171008199,0.067063270710892),
 .UNSPECIFIED.);
#1132=B_SPLINE_CURVE_WITH_KNOTS('',3,(#10499,#10500,#10501,#10502,#10503),
 .UNSPECIFIED.,.F.,.F.,(4,1,4),(0.,0.0411991555860579,0.0672012093154005),
 .UNSPECIFIED.);
#1133=B_SPLINE_CURVE_WITH_KNOTS('',3,(#10504,#10505,#10506,#10507,#10508),
 .UNSPECIFIED.,.F.,.F.,(4,1,4),(0.,0.0177703266503479,0.0340583491677098),
 .UNSPECIFIED.);
#1134=B_SPLINE_CURVE_WITH_KNOTS('',3,(#10528,#10529,#10530,#10531,#10532),
 .UNSPECIFIED.,.F.,.F.,(4,1,4),(0.,0.0217234052984811,0.0415873026969394),
 .UNSPECIFIED.);
#1135=B_SPLINE_CURVE_WITH_KNOTS('',3,(#10534,#10535,#10536,#10537,#10538),
 .UNSPECIFIED.,.F.,.F.,(4,1,4),(0.,0.0198406174499786,0.0414989267112591),
 .UNSPECIFIED.);
#1136=B_SPLINE_CURVE_WITH_KNOTS('',3,(#10542,#10543,#10544,#10545,#10546),
 .UNSPECIFIED.,.F.,.F.,(4,1,4),(0.,0.0130949038532322,0.0231453727956089),
 .UNSPECIFIED.);
#1137=B_SPLINE_CURVE_WITH_KNOTS('',3,(#10548,#10549,#10550,#10551,#10552),
 .UNSPECIFIED.,.F.,.F.,(4,1,4),(0.,0.0136270665607433,0.0273192095238648),
 .UNSPECIFIED.);
#1138=B_SPLINE_CURVE_WITH_KNOTS('',3,(#10554,#10555,#10556,#10557,#10558),
 .UNSPECIFIED.,.F.,.F.,(4,1,4),(0.,0.0111373463285916,0.0219064027315649),
 .UNSPECIFIED.);
#1139=B_SPLINE_CURVE_WITH_KNOTS('',3,(#10560,#10561,#10562,#10563,#10564),
 .UNSPECIFIED.,.F.,.F.,(4,1,4),(0.,0.014687195521497,0.0310221619574838),
 .UNSPECIFIED.);
#1140=B_SPLINE_CURVE_WITH_KNOTS('',3,(#10566,#10567,#10568,#10569,#10570),
 .UNSPECIFIED.,.F.,.F.,(4,1,4),(0.,0.020324981987091,0.0469600075710273),
 .UNSPECIFIED.);
#1141=B_SPLINE_CURVE_WITH_KNOTS('',3,(#10572,#10573,#10574,#10575,#10576),
 .UNSPECIFIED.,.F.,.F.,(4,1,4),(0.,0.015349625469656,0.0297979462731753),
 .UNSPECIFIED.);
#1142=B_SPLINE_CURVE_WITH_KNOTS('',3,(#10578,#10579,#10580,#10581,#10582),
 .UNSPECIFIED.,.F.,.F.,(4,1,4),(0.,0.0140193877886662,0.0278614313197895),
 .UNSPECIFIED.);
#1143=B_SPLINE_CURVE_WITH_KNOTS('',3,(#10584,#10585,#10586,#10587,#10588),
 .UNSPECIFIED.,.F.,.F.,(4,1,4),(0.,0.0231767439975834,0.046584955320459),
 .UNSPECIFIED.);
#1144=B_SPLINE_CURVE_WITH_KNOTS('',3,(#10590,#10591,#10592,#10593,#10594),
 .UNSPECIFIED.,.F.,.F.,(4,1,4),(0.,0.024430207869379,0.050791797733119),
 .UNSPECIFIED.);
#1145=B_SPLINE_CURVE_WITH_KNOTS('',3,(#10596,#10597,#10598,#10599,#10600),
 .UNSPECIFIED.,.F.,.F.,(4,1,4),(0.,0.0182746932343056,0.036173382450852),
 .UNSPECIFIED.);
#1146=B_SPLINE_CURVE_WITH_KNOTS('',3,(#10602,#10603,#10604,#10605,#10606),
 .UNSPECIFIED.,.F.,.F.,(4,1,4),(0.,0.0172211591319545,0.0336691083663922),
 .UNSPECIFIED.);
#1147=B_SPLINE_CURVE_WITH_KNOTS('',3,(#10608,#10609,#10610,#10611,#10612),
 .UNSPECIFIED.,.F.,.F.,(4,1,4),(0.,0.01645814042772,0.0336461607516268),
 .UNSPECIFIED.);
#1148=B_SPLINE_CURVE_WITH_KNOTS('',3,(#10614,#10615,#10616,#10617,#10618),
 .UNSPECIFIED.,.F.,.F.,(4,1,4),(0.,0.0284309317760355,0.0563547495562113),
 .UNSPECIFIED.);
#1149=B_SPLINE_CURVE_WITH_KNOTS('',3,(#10620,#10621,#10622,#10623,#10624),
 .UNSPECIFIED.,.F.,.F.,(4,1,4),(0.,0.0332380505440873,0.0780265919616802),
 .UNSPECIFIED.);
#1150=B_SPLINE_CURVE_WITH_KNOTS('',3,(#10626,#10627,#10628,#10629,#10630),
 .UNSPECIFIED.,.F.,.F.,(4,1,4),(0.,0.0503537381468864,0.0881773881752574),
 .UNSPECIFIED.);
#1151=B_SPLINE_CURVE_WITH_KNOTS('',3,(#10631,#10632,#10633,#10634,#10635),
 .UNSPECIFIED.,.F.,.F.,(4,1,4),(0.,0.0278644389568005,0.0568470966294625),
 .UNSPECIFIED.);
#1152=B_SPLINE_CURVE_WITH_KNOTS('',3,(#10638,#10639,#10640,#10641,#10642),
 .UNSPECIFIED.,.F.,.F.,(4,1,4),(0.,0.026333914574837,0.0513634826096901),
 .UNSPECIFIED.);
#1153=B_SPLINE_CURVE_WITH_KNOTS('',3,(#10644,#10645,#10646,#10647,#10648),
 .UNSPECIFIED.,.F.,.F.,(4,1,4),(0.,0.0360088440250918,0.0847596451001801),
 .UNSPECIFIED.);
#1154=B_SPLINE_CURVE_WITH_KNOTS('',3,(#10650,#10651,#10652,#10653,#10654),
 .UNSPECIFIED.,.F.,.F.,(4,1,4),(0.,0.0320608374303244,0.057736423330548),
 .UNSPECIFIED.);
#1155=B_SPLINE_CURVE_WITH_KNOTS('',3,(#10656,#10657,#10658,#10659,#10660),
 .UNSPECIFIED.,.F.,.F.,(4,1,4),(0.,0.0211909857535031,0.0401920335923215),
 .UNSPECIFIED.);
#1156=B_SPLINE_CURVE_WITH_KNOTS('',3,(#10662,#10663,#10664,#10665,#10666),
 .UNSPECIFIED.,.F.,.F.,(4,1,4),(0.,0.0184810074110407,0.0386646167542199),
 .UNSPECIFIED.);
#1157=B_SPLINE_CURVE_WITH_KNOTS('',3,(#10668,#10669,#10670,#10671,#10672),
 .UNSPECIFIED.,.F.,.F.,(4,1,4),(0.,0.0151957276004776,0.0291972763413675),
 .UNSPECIFIED.);
#1158=B_SPLINE_CURVE_WITH_KNOTS('',3,(#10674,#10675,#10676,#10677,#10678),
 .UNSPECIFIED.,.F.,.F.,(4,1,4),(0.,0.013619031730469,0.0276411073547822),
 .UNSPECIFIED.);
#1159=B_SPLINE_CURVE_WITH_KNOTS('',3,(#10680,#10681,#10682,#10683,#10684),
 .UNSPECIFIED.,.F.,.F.,(4,1,4),(0.,0.0152703100348924,0.0323328542251258),
 .UNSPECIFIED.);
#1160=B_SPLINE_CURVE_WITH_KNOTS('',3,(#10686,#10687,#10688,#10689,#10690),
 .UNSPECIFIED.,.F.,.F.,(4,1,4),(0.,0.0208583386510922,0.0475703213760848),
 .UNSPECIFIED.);
#1161=B_SPLINE_CURVE_WITH_KNOTS('',3,(#10692,#10693,#10694,#10695,#10696),
 .UNSPECIFIED.,.F.,.F.,(4,1,4),(0.,0.0318555617337857,0.0574536216840496),
 .UNSPECIFIED.);
#1162=B_SPLINE_CURVE_WITH_KNOTS('',3,(#10698,#10699,#10700,#10701,#10702),
 .UNSPECIFIED.,.F.,.F.,(4,1,4),(0.,0.021184564583552,0.0402126037391583),
 .UNSPECIFIED.);
#1163=B_SPLINE_CURVE_WITH_KNOTS('',3,(#10703,#10704,#10705,#10706,#10707),
 .UNSPECIFIED.,.F.,.F.,(4,1,4),(0.,0.0185353714734302,0.0388226529201229),
 .UNSPECIFIED.);
#1164=B_SPLINE_CURVE_WITH_KNOTS('',3,(#10722,#10723,#10724,#10725,#10726),
 .UNSPECIFIED.,.F.,.F.,(4,1,4),(0.,0.0171230368049949,0.0293719473941455),
 .UNSPECIFIED.);
#1165=B_SPLINE_CURVE_WITH_KNOTS('',3,(#10728,#10729,#10730,#10731,#10732),
 .UNSPECIFIED.,.F.,.F.,(4,1,4),(0.,0.013328798767587,0.0277498485944861),
 .UNSPECIFIED.);
#1166=B_SPLINE_CURVE_WITH_KNOTS('',3,(#10746,#10747,#10748,#10749,#10750),
 .UNSPECIFIED.,.F.,.F.,(4,1,4),(0.,0.00771891327134338,0.015969283029071),
 .UNSPECIFIED.);
#1167=B_SPLINE_CURVE_WITH_KNOTS('',3,(#10751,#10752,#10753,#10754,#10755),
 .UNSPECIFIED.,.F.,.F.,(4,1,4),(0.,0.0108458363222668,0.0177891577867103),
 .UNSPECIFIED.);
#1168=B_SPLINE_CURVE_WITH_KNOTS('',3,(#10763,#10764,#10765,#10766,#10767),
 .UNSPECIFIED.,.F.,.F.,(4,1,4),(0.,0.0108458363222668,0.0177891577867103),
 .UNSPECIFIED.);
#1169=B_SPLINE_CURVE_WITH_KNOTS('',3,(#10769,#10770,#10771,#10772,#10773),
 .UNSPECIFIED.,.F.,.F.,(4,1,4),(0.,0.00771891327134338,0.015969283029071),
 .UNSPECIFIED.);
#1170=B_SPLINE_CURVE_WITH_KNOTS('',3,(#10787,#10788,#10789,#10790,#10791),
 .UNSPECIFIED.,.F.,.F.,(4,1,4),(0.,0.013328798767587,0.0277498485944861),
 .UNSPECIFIED.);
#1171=B_SPLINE_CURVE_WITH_KNOTS('',3,(#10793,#10794,#10795,#10796,#10797),
 .UNSPECIFIED.,.F.,.F.,(4,1,4),(0.,0.0171230368049949,0.0293719473941455),
 .UNSPECIFIED.);
#1172=B_SPLINE_CURVE_WITH_KNOTS('',3,(#10876,#10877,#10878,#10879,#10880),
 .UNSPECIFIED.,.F.,.F.,(4,1,4),(0.,0.0360088440250918,0.0847596451001801),
 .UNSPECIFIED.);
#1173=B_SPLINE_CURVE_WITH_KNOTS('',3,(#10882,#10883,#10884,#10885,#10886),
 .UNSPECIFIED.,.F.,.F.,(4,1,4),(0.,0.026333914574837,0.0513634826096901),
 .UNSPECIFIED.);
#1174=B_SPLINE_CURVE_WITH_KNOTS('',3,(#10888,#10889,#10890,#10891,#10892),
 .UNSPECIFIED.,.F.,.F.,(4,1,4),(0.,0.0185353714734302,0.0388226529201229),
 .UNSPECIFIED.);
#1175=B_SPLINE_CURVE_WITH_KNOTS('',3,(#10894,#10895,#10896,#10897,#10898),
 .UNSPECIFIED.,.F.,.F.,(4,1,4),(0.,0.021184564583552,0.0402126037391583),
 .UNSPECIFIED.);
#1176=B_SPLINE_CURVE_WITH_KNOTS('',3,(#10900,#10901,#10902,#10903,#10904),
 .UNSPECIFIED.,.F.,.F.,(4,1,4),(0.,0.0318555617337857,0.0574536216840496),
 .UNSPECIFIED.);
#1177=B_SPLINE_CURVE_WITH_KNOTS('',3,(#10906,#10907,#10908,#10909,#10910),
 .UNSPECIFIED.,.F.,.F.,(4,1,4),(0.,0.0208583386510922,0.0475703213760848),
 .UNSPECIFIED.);
#1178=B_SPLINE_CURVE_WITH_KNOTS('',3,(#10912,#10913,#10914,#10915,#10916),
 .UNSPECIFIED.,.F.,.F.,(4,1,4),(0.,0.0152703100348924,0.0323328542251258),
 .UNSPECIFIED.);
#1179=B_SPLINE_CURVE_WITH_KNOTS('',3,(#10918,#10919,#10920,#10921,#10922),
 .UNSPECIFIED.,.F.,.F.,(4,1,4),(0.,0.013619031730469,0.0276411073547822),
 .UNSPECIFIED.);
#1180=B_SPLINE_CURVE_WITH_KNOTS('',3,(#10924,#10925,#10926,#10927,#10928),
 .UNSPECIFIED.,.F.,.F.,(4,1,4),(0.,0.0151957276004776,0.0291972763413675),
 .UNSPECIFIED.);
#1181=B_SPLINE_CURVE_WITH_KNOTS('',3,(#10930,#10931,#10932,#10933,#10934),
 .UNSPECIFIED.,.F.,.F.,(4,1,4),(0.,0.0184810074110407,0.0386646167542199),
 .UNSPECIFIED.);
#1182=B_SPLINE_CURVE_WITH_KNOTS('',3,(#10936,#10937,#10938,#10939,#10940),
 .UNSPECIFIED.,.F.,.F.,(4,1,4),(0.,0.0211909857535031,0.0401920335923215),
 .UNSPECIFIED.);
#1183=B_SPLINE_CURVE_WITH_KNOTS('',3,(#10941,#10942,#10943,#10944,#10945),
 .UNSPECIFIED.,.F.,.F.,(4,1,4),(0.,0.0320608374303244,0.057736423330548),
 .UNSPECIFIED.);
#1184=B_SPLINE_CURVE_WITH_KNOTS('',3,(#10948,#10949,#10950,#10951,#10952),
 .UNSPECIFIED.,.F.,.F.,(4,1,4),(0.,0.0277083964601083,0.0693369088786598),
 .UNSPECIFIED.);
#1185=B_SPLINE_CURVE_WITH_KNOTS('',3,(#10954,#10955,#10956,#10957,#10958),
 .UNSPECIFIED.,.F.,.F.,(4,1,4),(0.,0.0156273289792074,0.0315861112488129),
 .UNSPECIFIED.);
#1186=B_SPLINE_CURVE_WITH_KNOTS('',3,(#10960,#10961,#10962,#10963,#10964),
 .UNSPECIFIED.,.F.,.F.,(4,1,4),(0.,0.0177703266503479,0.0340583491677098),
 .UNSPECIFIED.);
#1187=B_SPLINE_CURVE_WITH_KNOTS('',3,(#10966,#10967,#10968,#10969,#10970),
 .UNSPECIFIED.,.F.,.F.,(4,1,4),(0.,0.0411991555860579,0.0672012093154005),
 .UNSPECIFIED.);
#1188=B_SPLINE_CURVE_WITH_KNOTS('',3,(#10972,#10973,#10974,#10975,#10976),
 .UNSPECIFIED.,.F.,.F.,(4,1,4),(0.,0.0260342171008199,0.067063270710892),
 .UNSPECIFIED.);
#1189=B_SPLINE_CURVE_WITH_KNOTS('',3,(#10978,#10979,#10980,#10981,#10982),
 .UNSPECIFIED.,.F.,.F.,(4,1,4),(0.,0.0160985150340561,0.0338897017706105),
 .UNSPECIFIED.);
#1190=B_SPLINE_CURVE_WITH_KNOTS('',3,(#10984,#10985,#10986,#10987,#10988),
 .UNSPECIFIED.,.F.,.F.,(4,1,4),(0.,0.0177559642269247,0.0338501500464452),
 .UNSPECIFIED.);
#1191=B_SPLINE_CURVE_WITH_KNOTS('',3,(#10989,#10990,#10991,#10992,#10993),
 .UNSPECIFIED.,.F.,.F.,(4,1,4),(0.,0.041114107879795,0.067132226384521),
 .UNSPECIFIED.);
#1192=B_SPLINE_CURVE_WITH_KNOTS('',3,(#11217,#11218,#11219,#11220,#11221),
 .UNSPECIFIED.,.F.,.F.,(4,1,4),(0.,0.0198406174499786,0.0414989267112591),
 .UNSPECIFIED.);
#1193=B_SPLINE_CURVE_WITH_KNOTS('',3,(#11223,#11224,#11225,#11226,#11227),
 .UNSPECIFIED.,.F.,.F.,(4,1,4),(0.,0.0217234052984811,0.0415873026969394),
 .UNSPECIFIED.);
#1194=B_SPLINE_CURVE_WITH_KNOTS('',3,(#11229,#11230,#11231,#11232,#11233),
 .UNSPECIFIED.,.F.,.F.,(4,1,4),(0.,0.0278644389568005,0.0568470966294625),
 .UNSPECIFIED.);
#1195=B_SPLINE_CURVE_WITH_KNOTS('',3,(#11235,#11236,#11237,#11238,#11239),
 .UNSPECIFIED.,.F.,.F.,(4,1,4),(0.,0.0503537381468864,0.0881773881752574),
 .UNSPECIFIED.);
#1196=B_SPLINE_CURVE_WITH_KNOTS('',3,(#11241,#11242,#11243,#11244,#11245),
 .UNSPECIFIED.,.F.,.F.,(4,1,4),(0.,0.0332380505440873,0.0780265919616802),
 .UNSPECIFIED.);
#1197=B_SPLINE_CURVE_WITH_KNOTS('',3,(#11247,#11248,#11249,#11250,#11251),
 .UNSPECIFIED.,.F.,.F.,(4,1,4),(0.,0.0284309317760355,0.0563547495562113),
 .UNSPECIFIED.);
#1198=B_SPLINE_CURVE_WITH_KNOTS('',3,(#11253,#11254,#11255,#11256,#11257),
 .UNSPECIFIED.,.F.,.F.,(4,1,4),(0.,0.01645814042772,0.0336461607516268),
 .UNSPECIFIED.);
#1199=B_SPLINE_CURVE_WITH_KNOTS('',3,(#11259,#11260,#11261,#11262,#11263),
 .UNSPECIFIED.,.F.,.F.,(4,1,4),(0.,0.0172211591319545,0.0336691083663922),
 .UNSPECIFIED.);
#1200=B_SPLINE_CURVE_WITH_KNOTS('',3,(#11265,#11266,#11267,#11268,#11269),
 .UNSPECIFIED.,.F.,.F.,(4,1,4),(0.,0.0182746932343056,0.036173382450852),
 .UNSPECIFIED.);
#1201=B_SPLINE_CURVE_WITH_KNOTS('',3,(#11271,#11272,#11273,#11274,#11275),
 .UNSPECIFIED.,.F.,.F.,(4,1,4),(0.,0.024430207869379,0.050791797733119),
 .UNSPECIFIED.);
#1202=B_SPLINE_CURVE_WITH_KNOTS('',3,(#11277,#11278,#11279,#11280,#11281),
 .UNSPECIFIED.,.F.,.F.,(4,1,4),(0.,0.0231767439975834,0.046584955320459),
 .UNSPECIFIED.);
#1203=B_SPLINE_CURVE_WITH_KNOTS('',3,(#11283,#11284,#11285,#11286,#11287),
 .UNSPECIFIED.,.F.,.F.,(4,1,4),(0.,0.0140193877886662,0.0278614313197895),
 .UNSPECIFIED.);
#1204=B_SPLINE_CURVE_WITH_KNOTS('',3,(#11289,#11290,#11291,#11292,#11293),
 .UNSPECIFIED.,.F.,.F.,(4,1,4),(0.,0.015349625469656,0.0297979462731753),
 .UNSPECIFIED.);
#1205=B_SPLINE_CURVE_WITH_KNOTS('',3,(#11295,#11296,#11297,#11298,#11299),
 .UNSPECIFIED.,.F.,.F.,(4,1,4),(0.,0.020324981987091,0.0469600075710273),
 .UNSPECIFIED.);
#1206=B_SPLINE_CURVE_WITH_KNOTS('',3,(#11301,#11302,#11303,#11304,#11305),
 .UNSPECIFIED.,.F.,.F.,(4,1,4),(0.,0.014687195521497,0.0310221619574838),
 .UNSPECIFIED.);
#1207=B_SPLINE_CURVE_WITH_KNOTS('',3,(#11307,#11308,#11309,#11310,#11311),
 .UNSPECIFIED.,.F.,.F.,(4,1,4),(0.,0.0111373463285916,0.0219064027315649),
 .UNSPECIFIED.);
#1208=B_SPLINE_CURVE_WITH_KNOTS('',3,(#11313,#11314,#11315,#11316,#11317),
 .UNSPECIFIED.,.F.,.F.,(4,1,4),(0.,0.0136270665607433,0.0273192095238648),
 .UNSPECIFIED.);
#1209=B_SPLINE_CURVE_WITH_KNOTS('',3,(#11319,#11320,#11321,#11322,#11323),
 .UNSPECIFIED.,.F.,.F.,(4,1,4),(0.,0.0130949038532322,0.0231453727956089),
 .UNSPECIFIED.);
#1210=B_SPLINE_CURVE_WITH_KNOTS('',3,(#11327,#11328,#11329,#11330,#11331),
 .UNSPECIFIED.,.F.,.F.,(4,1,4),(0.,0.0163086281128218,0.0340605760395434),
 .UNSPECIFIED.);
#1211=B_SPLINE_CURVE_WITH_KNOTS('',3,(#11333,#11334,#11335,#11336,#11337),
 .UNSPECIFIED.,.F.,.F.,(4,1,4),(0.,0.0156688136659331,0.0313368240396488),
 .UNSPECIFIED.);
#1212=B_SPLINE_CURVE_WITH_KNOTS('',3,(#11339,#11340,#11341,#11342,#11343),
 .UNSPECIFIED.,.F.,.F.,(4,1,4),(0.,0.0153616010088768,0.0309969198533027),
 .UNSPECIFIED.);
#1213=B_SPLINE_CURVE_WITH_KNOTS('',3,(#11345,#11346,#11347,#11348,#11349),
 .UNSPECIFIED.,.F.,.F.,(4,1,4),(0.,0.0187415521895009,0.0351289570407113),
 .UNSPECIFIED.);
#1214=B_SPLINE_CURVE_WITH_KNOTS('',3,(#11351,#11352,#11353,#11354,#11355),
 .UNSPECIFIED.,.F.,.F.,(4,1,4),(0.,0.0170146853739802,0.0365204557527749),
 .UNSPECIFIED.);
#1215=B_SPLINE_CURVE_WITH_KNOTS('',3,(#11357,#11358,#11359,#11360,#11361),
 .UNSPECIFIED.,.F.,.F.,(4,1,4),(0.,0.0147976334367994,0.0302691565426192),
 .UNSPECIFIED.);
#1216=B_SPLINE_CURVE_WITH_KNOTS('',3,(#11363,#11364,#11365,#11366,#11367),
 .UNSPECIFIED.,.F.,.F.,(4,1,4),(0.,0.0109195337136451,0.0214321424638532),
 .UNSPECIFIED.);
#1217=B_SPLINE_CURVE_WITH_KNOTS('',3,(#11369,#11370,#11371,#11372,#11373),
 .UNSPECIFIED.,.F.,.F.,(4,1,4),(0.,0.0120878752470918,0.0234764712689261),
 .UNSPECIFIED.);
#1218=B_SPLINE_CURVE_WITH_KNOTS('',3,(#11374,#11375,#11376,#11377,#11378),
 .UNSPECIFIED.,.F.,.F.,(4,1,4),(0.,0.0124876226092769,0.0250258927660475),
 .UNSPECIFIED.);
#1219=LINE('',#6001,#1579);
#1220=LINE('',#6043,#1580);
#1221=LINE('',#6072,#1581);
#1222=LINE('',#6092,#1582);
#1223=LINE('',#6123,#1583);
#1224=LINE('',#6160,#1584);
#1225=LINE('',#6170,#1585);
#1226=LINE('',#6181,#1586);
#1227=LINE('',#6191,#1587);
#1228=LINE('',#6202,#1588);
#1229=LINE('',#6212,#1589);
#1230=LINE('',#6223,#1590);
#1231=LINE('',#6233,#1591);
#1232=LINE('',#7431,#1592);
#1233=LINE('',#7440,#1593);
#1234=LINE('',#7503,#1594);
#1235=LINE('',#7508,#1595);
#1236=LINE('',#7516,#1596);
#1237=LINE('',#7518,#1597);
#1238=LINE('',#7524,#1598);
#1239=LINE('',#7526,#1599);
#1240=LINE('',#7527,#1600);
#1241=LINE('',#7529,#1601);
#1242=LINE('',#7530,#1602);
#1243=LINE('',#7532,#1603);
#1244=LINE('',#7533,#1604);
#1245=LINE('',#7536,#1605);
#1246=LINE('',#7548,#1606);
#1247=LINE('',#7551,#1607);
#1248=LINE('',#7563,#1608);
#1249=LINE('',#7567,#1609);
#1250=LINE('',#7568,#1610);
#1251=LINE('',#7570,#1611);
#1252=LINE('',#7571,#1612);
#1253=LINE('',#7573,#1613);
#1254=LINE('',#7578,#1614);
#1255=LINE('',#7617,#1615);
#1256=LINE('',#7627,#1616);
#1257=LINE('',#7654,#1617);
#1258=LINE('',#7693,#1618);
#1259=LINE('',#7703,#1619);
#1260=LINE('',#7714,#1620);
#1261=LINE('',#7724,#1621);
#1262=LINE('',#7735,#1622);
#1263=LINE('',#7745,#1623);
#1264=LINE('',#7756,#1624);
#1265=LINE('',#7766,#1625);
#1266=LINE('',#7777,#1626);
#1267=LINE('',#7787,#1627);
#1268=LINE('',#8813,#1628);
#1269=LINE('',#8941,#1629);
#1270=LINE('',#8945,#1630);
#1271=LINE('',#8948,#1631);
#1272=LINE('',#8950,#1632);
#1273=LINE('',#8952,#1633);
#1274=LINE('',#8953,#1634);
#1275=LINE('',#8954,#1635);
#1276=LINE('',#8955,#1636);
#1277=LINE('',#8956,#1637);
#1278=LINE('',#8957,#1638);
#1279=LINE('',#8975,#1639);
#1280=LINE('',#8983,#1640);
#1281=LINE('',#8985,#1641);
#1282=LINE('',#8987,#1642);
#1283=LINE('',#8989,#1643);
#1284=LINE('',#8991,#1644);
#1285=LINE('',#8993,#1645);
#1286=LINE('',#9001,#1646);
#1287=LINE('',#9002,#1647);
#1288=LINE('',#9008,#1648);
#1289=LINE('',#9012,#1649);
#1290=LINE('',#9014,#1650);
#1291=LINE('',#9016,#1651);
#1292=LINE('',#9018,#1652);
#1293=LINE('',#9020,#1653);
#1294=LINE('',#9021,#1654);
#1295=LINE('',#9029,#1655);
#1296=LINE('',#9030,#1656);
#1297=LINE('',#9031,#1657);
#1298=LINE('',#9090,#1658);
#1299=LINE('',#9091,#1659);
#1300=LINE('',#9092,#1660);
#1301=LINE('',#9151,#1661);
#1302=LINE('',#9152,#1662);
#1303=LINE('',#9153,#1663);
#1304=LINE('',#9155,#1664);
#1305=LINE('',#9157,#1665);
#1306=LINE('',#9158,#1666);
#1307=LINE('',#9169,#1667);
#1308=LINE('',#9173,#1668);
#1309=LINE('',#9176,#1669);
#1310=LINE('',#9180,#1670);
#1311=LINE('',#9185,#1671);
#1312=LINE('',#9189,#1672);
#1313=LINE('',#9194,#1673);
#1314=LINE('',#9199,#1674);
#1315=LINE('',#9203,#1675);
#1316=LINE('',#9208,#1676);
#1317=LINE('',#9261,#1677);
#1318=LINE('',#9263,#1678);
#1319=LINE('',#9265,#1679);
#1320=LINE('',#9267,#1680);
#1321=LINE('',#9269,#1681);
#1322=LINE('',#9271,#1682);
#1323=LINE('',#9273,#1683);
#1324=LINE('',#9274,#1684);
#1325=LINE('',#9289,#1685);
#1326=LINE('',#9459,#1686);
#1327=LINE('',#9461,#1687);
#1328=LINE('',#9463,#1688);
#1329=LINE('',#9465,#1689);
#1330=LINE('',#9467,#1690);
#1331=LINE('',#9469,#1691);
#1332=LINE('',#9483,#1692);
#1333=LINE('',#9485,#1693);
#1334=LINE('',#9487,#1694);
#1335=LINE('',#9489,#1695);
#1336=LINE('',#9491,#1696);
#1337=LINE('',#9493,#1697);
#1338=LINE('',#9508,#1698);
#1339=LINE('',#9510,#1699);
#1340=LINE('',#9524,#1700);
#1341=LINE('',#9526,#1701);
#1342=LINE('',#9528,#1702);
#1343=LINE('',#9530,#1703);
#1344=LINE('',#9532,#1704);
#1345=LINE('',#9534,#1705);
#1346=LINE('',#9548,#1706);
#1347=LINE('',#9550,#1707);
#1348=LINE('',#9552,#1708);
#1349=LINE('',#9553,#1709);
#1350=LINE('',#9555,#1710);
#1351=LINE('',#9556,#1711);
#1352=LINE('',#9558,#1712);
#1353=LINE('',#9560,#1713);
#1354=LINE('',#9562,#1714);
#1355=LINE('',#9564,#1715);
#1356=LINE('',#9575,#1716);
#1357=LINE('',#9586,#1717);
#1358=LINE('',#9588,#1718);
#1359=LINE('',#9590,#1719);
#1360=LINE('',#9592,#1720);
#1361=LINE('',#9594,#1721);
#1362=LINE('',#9596,#1722);
#1363=LINE('',#9598,#1723);
#1364=LINE('',#9609,#1724);
#1365=LINE('',#9620,#1725);
#1366=LINE('',#9753,#1726);
#1367=LINE('',#9754,#1727);
#1368=LINE('',#9765,#1728);
#1369=LINE('',#9776,#1729);
#1370=LINE('',#9787,#1730);
#1371=LINE('',#9798,#1731);
#1372=LINE('',#9809,#1732);
#1373=LINE('',#9820,#1733);
#1374=LINE('',#9831,#1734);
#1375=LINE('',#9842,#1735);
#1376=LINE('',#9853,#1736);
#1377=LINE('',#9864,#1737);
#1378=LINE('',#9885,#1738);
#1379=LINE('',#9886,#1739);
#1380=LINE('',#9897,#1740);
#1381=LINE('',#9908,#1741);
#1382=LINE('',#9919,#1742);
#1383=LINE('',#9930,#1743);
#1384=LINE('',#9941,#1744);
#1385=LINE('',#9952,#1745);
#1386=LINE('',#10073,#1746);
#1387=LINE('',#10138,#1747);
#1388=LINE('',#10139,#1748);
#1389=LINE('',#10141,#1749);
#1390=LINE('',#10152,#1750);
#1391=LINE('',#10163,#1751);
#1392=LINE('',#10174,#1752);
#1393=LINE('',#10185,#1753);
#1394=LINE('',#10196,#1754);
#1395=LINE('',#10207,#1755);
#1396=LINE('',#10218,#1756);
#1397=LINE('',#10229,#1757);
#1398=LINE('',#10240,#1758);
#1399=LINE('',#10251,#1759);
#1400=LINE('',#10262,#1760);
#1401=LINE('',#10273,#1761);
#1402=LINE('',#10284,#1762);
#1403=LINE('',#10295,#1763);
#1404=LINE('',#10306,#1764);
#1405=LINE('',#10317,#1765);
#1406=LINE('',#10338,#1766);
#1407=LINE('',#10339,#1767);
#1408=LINE('',#10350,#1768);
#1409=LINE('',#10361,#1769);
#1410=LINE('',#10372,#1770);
#1411=LINE('',#10383,#1771);
#1412=LINE('',#10394,#1772);
#1413=LINE('',#10405,#1773);
#1414=LINE('',#10416,#1774);
#1415=LINE('',#10430,#1775);
#1416=LINE('',#10432,#1776);
#1417=LINE('',#10434,#1777);
#1418=LINE('',#10436,#1778);
#1419=LINE('',#10438,#1779);
#1420=LINE('',#10440,#1780);
#1421=LINE('',#10442,#1781);
#1422=LINE('',#10443,#1782);
#1423=LINE('',#10445,#1783);
#1424=LINE('',#10446,#1784);
#1425=LINE('',#10448,#1785);
#1426=LINE('',#10450,#1786);
#1427=LINE('',#10452,#1787);
#1428=LINE('',#10454,#1788);
#1429=LINE('',#10456,#1789);
#1430=LINE('',#10458,#1790);
#1431=LINE('',#10512,#1791);
#1432=LINE('',#10514,#1792);
#1433=LINE('',#10516,#1793);
#1434=LINE('',#10518,#1794);
#1435=LINE('',#10520,#1795);
#1436=LINE('',#10522,#1796);
#1437=LINE('',#10524,#1797);
#1438=LINE('',#10525,#1798);
#1439=LINE('',#10540,#1799);
#1440=LINE('',#10710,#1800);
#1441=LINE('',#10712,#1801);
#1442=LINE('',#10714,#1802);
#1443=LINE('',#10716,#1803);
#1444=LINE('',#10718,#1804);
#1445=LINE('',#10720,#1805);
#1446=LINE('',#10734,#1806);
#1447=LINE('',#10736,#1807);
#1448=LINE('',#10738,#1808);
#1449=LINE('',#10740,#1809);
#1450=LINE('',#10742,#1810);
#1451=LINE('',#10744,#1811);
#1452=LINE('',#10759,#1812);
#1453=LINE('',#10761,#1813);
#1454=LINE('',#10775,#1814);
#1455=LINE('',#10777,#1815);
#1456=LINE('',#10779,#1816);
#1457=LINE('',#10781,#1817);
#1458=LINE('',#10783,#1818);
#1459=LINE('',#10785,#1819);
#1460=LINE('',#10799,#1820);
#1461=LINE('',#10801,#1821);
#1462=LINE('',#10803,#1822);
#1463=LINE('',#10804,#1823);
#1464=LINE('',#10806,#1824);
#1465=LINE('',#10807,#1825);
#1466=LINE('',#10809,#1826);
#1467=LINE('',#10811,#1827);
#1468=LINE('',#10813,#1828);
#1469=LINE('',#10815,#1829);
#1470=LINE('',#10826,#1830);
#1471=LINE('',#10837,#1831);
#1472=LINE('',#10839,#1832);
#1473=LINE('',#10841,#1833);
#1474=LINE('',#10843,#1834);
#1475=LINE('',#10845,#1835);
#1476=LINE('',#10847,#1836);
#1477=LINE('',#10849,#1837);
#1478=LINE('',#10860,#1838);
#1479=LINE('',#10871,#1839);
#1480=LINE('',#11004,#1840);
#1481=LINE('',#11005,#1841);
#1482=LINE('',#11016,#1842);
#1483=LINE('',#11027,#1843);
#1484=LINE('',#11038,#1844);
#1485=LINE('',#11049,#1845);
#1486=LINE('',#11060,#1846);
#1487=LINE('',#11071,#1847);
#1488=LINE('',#11082,#1848);
#1489=LINE('',#11093,#1849);
#1490=LINE('',#11104,#1850);
#1491=LINE('',#11115,#1851);
#1492=LINE('',#11136,#1852);
#1493=LINE('',#11137,#1853);
#1494=LINE('',#11148,#1854);
#1495=LINE('',#11159,#1855);
#1496=LINE('',#11170,#1856);
#1497=LINE('',#11181,#1857);
#1498=LINE('',#11192,#1858);
#1499=LINE('',#11203,#1859);
#1500=LINE('',#11324,#1860);
#1501=LINE('',#11389,#1861);
#1502=LINE('',#11390,#1862);
#1503=LINE('',#11392,#1863);
#1504=LINE('',#11403,#1864);
#1505=LINE('',#11414,#1865);
#1506=LINE('',#11425,#1866);
#1507=LINE('',#11436,#1867);
#1508=LINE('',#11447,#1868);
#1509=LINE('',#11458,#1869);
#1510=LINE('',#11469,#1870);
#1511=LINE('',#11480,#1871);
#1512=LINE('',#11491,#1872);
#1513=LINE('',#11502,#1873);
#1514=LINE('',#11513,#1874);
#1515=LINE('',#11524,#1875);
#1516=LINE('',#11535,#1876);
#1517=LINE('',#11546,#1877);
#1518=LINE('',#11557,#1878);
#1519=LINE('',#11568,#1879);
#1520=LINE('',#11589,#1880);
#1521=LINE('',#11590,#1881);
#1522=LINE('',#11601,#1882);
#1523=LINE('',#11612,#1883);
#1524=LINE('',#11623,#1884);
#1525=LINE('',#11634,#1885);
#1526=LINE('',#11645,#1886);
#1527=LINE('',#11656,#1887);
#1528=LINE('',#11667,#1888);
#1529=LINE('',#11681,#1889);
#1530=LINE('',#11683,#1890);
#1531=LINE('',#11685,#1891);
#1532=LINE('',#11687,#1892);
#1533=LINE('',#11689,#1893);
#1534=LINE('',#11691,#1894);
#1535=LINE('',#11693,#1895);
#1536=LINE('',#11694,#1896);
#1537=LINE('',#11696,#1897);
#1538=LINE('',#11697,#1898);
#1539=LINE('',#11699,#1899);
#1540=LINE('',#11701,#1900);
#1541=LINE('',#11703,#1901);
#1542=LINE('',#11705,#1902);
#1543=LINE('',#11707,#1903);
#1544=LINE('',#11709,#1904);
#1545=LINE('',#11714,#1905);
#1546=LINE('',#11716,#1906);
#1547=LINE('',#11718,#1907);
#1548=LINE('',#11720,#1908);
#1549=LINE('',#11722,#1909);
#1550=LINE('',#11723,#1910);
#1551=LINE('',#11726,#1911);
#1552=LINE('',#11728,#1912);
#1553=LINE('',#11730,#1913);
#1554=LINE('',#11731,#1914);
#1555=LINE('',#11738,#1915);
#1556=LINE('',#11740,#1916);
#1557=LINE('',#11741,#1917);
#1558=LINE('',#11744,#1918);
#1559=LINE('',#11745,#1919);
#1560=LINE('',#11748,#1920);
#1561=LINE('',#11749,#1921);
#1562=LINE('',#11752,#1922);
#1563=LINE('',#11754,#1923);
#1564=LINE('',#11755,#1924);
#1565=LINE('',#11758,#1925);
#1566=LINE('',#11759,#1926);
#1567=LINE('',#11762,#1927);
#1568=LINE('',#11763,#1928);
#1569=LINE('',#11765,#1929);
#1570=LINE('',#11771,#1930);
#1571=LINE('',#11775,#1931);
#1572=LINE('',#11782,#1932);
#1573=LINE('',#11786,#1933);
#1574=LINE('',#11791,#1934);
#1575=LINE('',#11792,#1935);
#1576=LINE('',#11795,#1936);
#1577=LINE('',#11796,#1937);
#1578=LINE('',#11798,#1938);
#1579=VECTOR('',#5265,1.75);
#1580=VECTOR('',#5270,1.75);
#1581=VECTOR('',#5273,1.79975);
#1582=VECTOR('',#5278,1.79975);
#1583=VECTOR('',#5283,10.);
#1584=VECTOR('',#5288,10.);
#1585=VECTOR('',#5289,10.);
#1586=VECTOR('',#5292,10.);
#1587=VECTOR('',#5293,10.);
#1588=VECTOR('',#5296,10.);
#1589=VECTOR('',#5297,10.);
#1590=VECTOR('',#5300,10.);
#1591=VECTOR('',#5301,10.);
#1592=VECTOR('',#5304,10.);
#1593=VECTOR('',#5305,10.);
#1594=VECTOR('',#5312,10.);
#1595=VECTOR('',#5317,10.);
#1596=VECTOR('',#5328,10.);
#1597=VECTOR('',#5331,10.);
#1598=VECTOR('',#5332,10.);
#1599=VECTOR('',#5335,10.);
#1600=VECTOR('',#5336,10.);
#1601=VECTOR('',#5339,10.);
#1602=VECTOR('',#5340,10.);
#1603=VECTOR('',#5343,10.);
#1604=VECTOR('',#5344,10.);
#1605=VECTOR('',#5347,10.);
#1606=VECTOR('',#5348,10.);
#1607=VECTOR('',#5351,10.);
#1608=VECTOR('',#5352,10.);
#1609=VECTOR('',#5359,10.);
#1610=VECTOR('',#5360,10.);
#1611=VECTOR('',#5363,10.);
#1612=VECTOR('',#5364,10.);
#1613=VECTOR('',#5367,2.);
#1614=VECTOR('',#5372,1.75);
#1615=VECTOR('',#5377,1.75);
#1616=VECTOR('',#5382,1.79975);
#1617=VECTOR('',#5385,1.79975);
#1618=VECTOR('',#5392,10.);
#1619=VECTOR('',#5393,10.);
#1620=VECTOR('',#5396,10.);
#1621=VECTOR('',#5397,10.);
#1622=VECTOR('',#5400,10.);
#1623=VECTOR('',#5401,10.);
#1624=VECTOR('',#5404,10.);
#1625=VECTOR('',#5405,10.);
#1626=VECTOR('',#5408,10.);
#1627=VECTOR('',#5409,10.);
#1628=VECTOR('',#5412,10.);
#1629=VECTOR('',#5417,10.);
#1630=VECTOR('',#5420,10.);
#1631=VECTOR('',#5425,10.);
#1632=VECTOR('',#5426,10.);
#1633=VECTOR('',#5427,10.);
#1634=VECTOR('',#5428,10.);
#1635=VECTOR('',#5429,10.);
#1636=VECTOR('',#5430,10.);
#1637=VECTOR('',#5431,10.);
#1638=VECTOR('',#5432,10.);
#1639=VECTOR('',#5435,10.);
#1640=VECTOR('',#5442,10.);
#1641=VECTOR('',#5445,10.);
#1642=VECTOR('',#5448,10.);
#1643=VECTOR('',#5451,10.);
#1644=VECTOR('',#5454,10.);
#1645=VECTOR('',#5457,10.);
#1646=VECTOR('',#5466,10.);
#1647=VECTOR('',#5467,10.);
#1648=VECTOR('',#5476,2.);
#1649=VECTOR('',#5479,10.);
#1650=VECTOR('',#5480,10.);
#1651=VECTOR('',#5481,10.);
#1652=VECTOR('',#5482,10.);
#1653=VECTOR('',#5483,10.);
#1654=VECTOR('',#5484,10.);
#1655=VECTOR('',#5491,10.);
#1656=VECTOR('',#5492,10.);
#1657=VECTOR('',#5493,10.);
#1658=VECTOR('',#5498,10.);
#1659=VECTOR('',#5499,10.);
#1660=VECTOR('',#5500,10.);
#1661=VECTOR('',#5505,10.);
#1662=VECTOR('',#5506,10.);
#1663=VECTOR('',#5507,10.);
#1664=VECTOR('',#5510,10.);
#1665=VECTOR('',#5513,10.);
#1666=VECTOR('',#5514,10.);
#1667=VECTOR('',#5525,2.);
#1668=VECTOR('',#5530,1.);
#1669=VECTOR('',#5533,2.);
#1670=VECTOR('',#5538,1.);
#1671=VECTOR('',#5543,1.5);
#1672=VECTOR('',#5548,1.85);
#1673=VECTOR('',#5555,0.75);
#1674=VECTOR('',#5560,1.5);
#1675=VECTOR('',#5565,1.85);
#1676=VECTOR('',#5572,0.75);
#1677=VECTOR('',#5577,10.);
#1678=VECTOR('',#5578,10.);
#1679=VECTOR('',#5579,10.);
#1680=VECTOR('',#5580,10.);
#1681=VECTOR('',#5581,10.);
#1682=VECTOR('',#5582,10.);
#1683=VECTOR('',#5583,10.);
#1684=VECTOR('',#5584,10.);
#1685=VECTOR('',#5585,10.);
#1686=VECTOR('',#5586,10.);
#1687=VECTOR('',#5587,10.);
#1688=VECTOR('',#5588,10.);
#1689=VECTOR('',#5589,10.);
#1690=VECTOR('',#5590,10.);
#1691=VECTOR('',#5591,10.);
#1692=VECTOR('',#5592,10.);
#1693=VECTOR('',#5593,10.);
#1694=VECTOR('',#5594,10.);
#1695=VECTOR('',#5595,10.);
#1696=VECTOR('',#5596,10.);
#1697=VECTOR('',#5597,10.);
#1698=VECTOR('',#5600,10.);
#1699=VECTOR('',#5601,10.);
#1700=VECTOR('',#5602,10.);
#1701=VECTOR('',#5603,10.);
#1702=VECTOR('',#5604,10.);
#1703=VECTOR('',#5605,10.);
#1704=VECTOR('',#5606,10.);
#1705=VECTOR('',#5607,10.);
#1706=VECTOR('',#5608,10.);
#1707=VECTOR('',#5609,10.);
#1708=VECTOR('',#5610,10.);
#1709=VECTOR('',#5611,10.);
#1710=VECTOR('',#5614,10.);
#1711=VECTOR('',#5615,10.);
#1712=VECTOR('',#5618,10.);
#1713=VECTOR('',#5621,10.);
#1714=VECTOR('',#5624,10.);
#1715=VECTOR('',#5627,10.);
#1716=VECTOR('',#5628,10.);
#1717=VECTOR('',#5629,10.);
#1718=VECTOR('',#5632,10.);
#1719=VECTOR('',#5635,10.);
#1720=VECTOR('',#5638,10.);
#1721=VECTOR('',#5641,10.);
#1722=VECTOR('',#5644,10.);
#1723=VECTOR('',#5647,10.);
#1724=VECTOR('',#5648,10.);
#1725=VECTOR('',#5649,10.);
#1726=VECTOR('',#5654,10.);
#1727=VECTOR('',#5655,10.);
#1728=VECTOR('',#5656,10.);
#1729=VECTOR('',#5657,10.);
#1730=VECTOR('',#5658,10.);
#1731=VECTOR('',#5659,10.);
#1732=VECTOR('',#5660,10.);
#1733=VECTOR('',#5661,10.);
#1734=VECTOR('',#5662,10.);
#1735=VECTOR('',#5663,10.);
#1736=VECTOR('',#5664,10.);
#1737=VECTOR('',#5665,10.);
#1738=VECTOR('',#5666,10.);
#1739=VECTOR('',#5667,10.);
#1740=VECTOR('',#5668,10.);
#1741=VECTOR('',#5669,10.);
#1742=VECTOR('',#5670,10.);
#1743=VECTOR('',#5671,10.);
#1744=VECTOR('',#5672,10.);
#1745=VECTOR('',#5673,10.);
#1746=VECTOR('',#5676,10.);
#1747=VECTOR('',#5677,10.);
#1748=VECTOR('',#5678,10.);
#1749=VECTOR('',#5681,10.);
#1750=VECTOR('',#5682,10.);
#1751=VECTOR('',#5683,10.);
#1752=VECTOR('',#5684,10.);
#1753=VECTOR('',#5685,10.);
#1754=VECTOR('',#5686,10.);
#1755=VECTOR('',#5687,10.);
#1756=VECTOR('',#5688,10.);
#1757=VECTOR('',#5689,10.);
#1758=VECTOR('',#5690,10.);
#1759=VECTOR('',#5691,10.);
#1760=VECTOR('',#5692,10.);
#1761=VECTOR('',#5693,10.);
#1762=VECTOR('',#5694,10.);
#1763=VECTOR('',#5695,10.);
#1764=VECTOR('',#5696,10.);
#1765=VECTOR('',#5697,10.);
#1766=VECTOR('',#5698,10.);
#1767=VECTOR('',#5699,10.);
#1768=VECTOR('',#5700,10.);
#1769=VECTOR('',#5701,10.);
#1770=VECTOR('',#5702,10.);
#1771=VECTOR('',#5703,10.);
#1772=VECTOR('',#5704,10.);
#1773=VECTOR('',#5705,10.);
#1774=VECTOR('',#5706,10.);
#1775=VECTOR('',#5709,10.);
#1776=VECTOR('',#5710,10.);
#1777=VECTOR('',#5711,10.);
#1778=VECTOR('',#5712,10.);
#1779=VECTOR('',#5713,10.);
#1780=VECTOR('',#5714,10.);
#1781=VECTOR('',#5715,10.);
#1782=VECTOR('',#5716,10.);
#1783=VECTOR('',#5719,10.);
#1784=VECTOR('',#5720,10.);
#1785=VECTOR('',#5723,10.);
#1786=VECTOR('',#5726,10.);
#1787=VECTOR('',#5729,10.);
#1788=VECTOR('',#5732,10.);
#1789=VECTOR('',#5735,10.);
#1790=VECTOR('',#5738,10.);
#1791=VECTOR('',#5745,10.);
#1792=VECTOR('',#5746,10.);
#1793=VECTOR('',#5747,10.);
#1794=VECTOR('',#5748,10.);
#1795=VECTOR('',#5749,10.);
#1796=VECTOR('',#5750,10.);
#1797=VECTOR('',#5751,10.);
#1798=VECTOR('',#5752,10.);
#1799=VECTOR('',#5753,10.);
#1800=VECTOR('',#5754,10.);
#1801=VECTOR('',#5755,10.);
#1802=VECTOR('',#5756,10.);
#1803=VECTOR('',#5757,10.);
#1804=VECTOR('',#5758,10.);
#1805=VECTOR('',#5759,10.);
#1806=VECTOR('',#5760,10.);
#1807=VECTOR('',#5761,10.);
#1808=VECTOR('',#5762,10.);
#1809=VECTOR('',#5763,10.);
#1810=VECTOR('',#5764,10.);
#1811=VECTOR('',#5765,10.);
#1812=VECTOR('',#5768,10.);
#1813=VECTOR('',#5769,10.);
#1814=VECTOR('',#5770,10.);
#1815=VECTOR('',#5771,10.);
#1816=VECTOR('',#5772,10.);
#1817=VECTOR('',#5773,10.);
#1818=VECTOR('',#5774,10.);
#1819=VECTOR('',#5775,10.);
#1820=VECTOR('',#5776,10.);
#1821=VECTOR('',#5777,10.);
#1822=VECTOR('',#5778,10.);
#1823=VECTOR('',#5779,10.);
#1824=VECTOR('',#5782,10.);
#1825=VECTOR('',#5783,10.);
#1826=VECTOR('',#5786,10.);
#1827=VECTOR('',#5789,10.);
#1828=VECTOR('',#5792,10.);
#1829=VECTOR('',#5795,10.);
#1830=VECTOR('',#5796,10.);
#1831=VECTOR('',#5797,10.);
#1832=VECTOR('',#5800,10.);
#1833=VECTOR('',#5803,10.);
#1834=VECTOR('',#5806,10.);
#1835=VECTOR('',#5809,10.);
#1836=VECTOR('',#5812,10.);
#1837=VECTOR('',#5815,10.);
#1838=VECTOR('',#5816,10.);
#1839=VECTOR('',#5817,10.);
#1840=VECTOR('',#5822,10.);
#1841=VECTOR('',#5823,10.);
#1842=VECTOR('',#5824,10.);
#1843=VECTOR('',#5825,10.);
#1844=VECTOR('',#5826,10.);
#1845=VECTOR('',#5827,10.);
#1846=VECTOR('',#5828,10.);
#1847=VECTOR('',#5829,10.);
#1848=VECTOR('',#5830,10.);
#1849=VECTOR('',#5831,10.);
#1850=VECTOR('',#5832,10.);
#1851=VECTOR('',#5833,10.);
#1852=VECTOR('',#5834,10.);
#1853=VECTOR('',#5835,10.);
#1854=VECTOR('',#5836,10.);
#1855=VECTOR('',#5837,10.);
#1856=VECTOR('',#5838,10.);
#1857=VECTOR('',#5839,10.);
#1858=VECTOR('',#5840,10.);
#1859=VECTOR('',#5841,10.);
#1860=VECTOR('',#5844,10.);
#1861=VECTOR('',#5845,10.);
#1862=VECTOR('',#5846,10.);
#1863=VECTOR('',#5849,10.);
#1864=VECTOR('',#5850,10.);
#1865=VECTOR('',#5851,10.);
#1866=VECTOR('',#5852,10.);
#1867=VECTOR('',#5853,10.);
#1868=VECTOR('',#5854,10.);
#1869=VECTOR('',#5855,10.);
#1870=VECTOR('',#5856,10.);
#1871=VECTOR('',#5857,10.);
#1872=VECTOR('',#5858,10.);
#1873=VECTOR('',#5859,10.);
#1874=VECTOR('',#5860,10.);
#1875=VECTOR('',#5861,10.);
#1876=VECTOR('',#5862,10.);
#1877=VECTOR('',#5863,10.);
#1878=VECTOR('',#5864,10.);
#1879=VECTOR('',#5865,10.);
#1880=VECTOR('',#5866,10.);
#1881=VECTOR('',#5867,10.);
#1882=VECTOR('',#5868,10.);
#1883=VECTOR('',#5869,10.);
#1884=VECTOR('',#5870,10.);
#1885=VECTOR('',#5871,10.);
#1886=VECTOR('',#5872,10.);
#1887=VECTOR('',#5873,10.);
#1888=VECTOR('',#5874,10.);
#1889=VECTOR('',#5877,10.);
#1890=VECTOR('',#5878,10.);
#1891=VECTOR('',#5879,10.);
#1892=VECTOR('',#5880,10.);
#1893=VECTOR('',#5881,10.);
#1894=VECTOR('',#5882,10.);
#1895=VECTOR('',#5883,10.);
#1896=VECTOR('',#5884,10.);
#1897=VECTOR('',#5887,10.);
#1898=VECTOR('',#5888,10.);
#1899=VECTOR('',#5891,10.);
#1900=VECTOR('',#5894,10.);
#1901=VECTOR('',#5897,10.);
#1902=VECTOR('',#5900,10.);
#1903=VECTOR('',#5903,10.);
#1904=VECTOR('',#5906,10.);
#1905=VECTOR('',#5911,10.);
#1906=VECTOR('',#5912,10.);
#1907=VECTOR('',#5913,10.);
#1908=VECTOR('',#5914,10.);
#1909=VECTOR('',#5915,10.);
#1910=VECTOR('',#5916,10.);
#1911=VECTOR('',#5917,10.);
#1912=VECTOR('',#5918,10.);
#1913=VECTOR('',#5919,10.);
#1914=VECTOR('',#5920,10.);
#1915=VECTOR('',#5927,10.);
#1916=VECTOR('',#5928,10.);
#1917=VECTOR('',#5929,10.);
#1918=VECTOR('',#5932,10.);
#1919=VECTOR('',#5933,10.);
#1920=VECTOR('',#5936,10.);
#1921=VECTOR('',#5937,10.);
#1922=VECTOR('',#5940,10.);
#1923=VECTOR('',#5941,10.);
#1924=VECTOR('',#5942,10.);
#1925=VECTOR('',#5945,10.);
#1926=VECTOR('',#5946,10.);
#1927=VECTOR('',#5949,10.);
#1928=VECTOR('',#5950,10.);
#1929=VECTOR('',#5953,10.);
#1930=VECTOR('',#5960,1.85);
#1931=VECTOR('',#5965,2.);
#1932=VECTOR('',#5974,1.85);
#1933=VECTOR('',#5979,2.);
#1934=VECTOR('',#5986,10.);
#1935=VECTOR('',#5987,10.);
#1936=VECTOR('',#5990,10.);
#1937=VECTOR('',#5991,10.);
#1938=VECTOR('',#5994,10.);
#1939=VERTEX_POINT('',#5999);
#1940=VERTEX_POINT('',#6000);
#1941=VERTEX_POINT('',#6002);
#1942=VERTEX_POINT('',#6019);
#1943=VERTEX_POINT('',#6041);
#1944=VERTEX_POINT('',#6042);
#1945=VERTEX_POINT('',#6044);
#1946=VERTEX_POINT('',#6052);
#1947=VERTEX_POINT('',#6070);
#1948=VERTEX_POINT('',#6071);
#1949=VERTEX_POINT('',#6073);
#1950=VERTEX_POINT('',#6080);
#1951=VERTEX_POINT('',#6090);
#1952=VERTEX_POINT('',#6091);
#1953=VERTEX_POINT('',#6093);
#1954=VERTEX_POINT('',#6099);
#1955=VERTEX_POINT('',#6108);
#1956=VERTEX_POINT('',#6109);
#1957=VERTEX_POINT('',#6114);
#1958=VERTEX_POINT('',#6122);
#1959=VERTEX_POINT('',#6124);
#1960=VERTEX_POINT('',#6158);
#1961=VERTEX_POINT('',#6159);
#1962=VERTEX_POINT('',#6161);
#1963=VERTEX_POINT('',#6169);
#1964=VERTEX_POINT('',#6179);
#1965=VERTEX_POINT('',#6180);
#1966=VERTEX_POINT('',#6182);
#1967=VERTEX_POINT('',#6190);
#1968=VERTEX_POINT('',#6200);
#1969=VERTEX_POINT('',#6201);
#1970=VERTEX_POINT('',#6203);
#1971=VERTEX_POINT('',#6211);
#1972=VERTEX_POINT('',#6221);
#1973=VERTEX_POINT('',#6222);
#1974=VERTEX_POINT('',#6224);
#1975=VERTEX_POINT('',#6232);
#1976=VERTEX_POINT('',#6305);
#1977=VERTEX_POINT('',#6485);
#1978=VERTEX_POINT('',#6526);
#1979=VERTEX_POINT('',#6575);
#1980=VERTEX_POINT('',#6583);
#1981=VERTEX_POINT('',#6632);
#1982=VERTEX_POINT('',#6640);
#1983=VERTEX_POINT('',#6689);
#1984=VERTEX_POINT('',#6697);
#1985=VERTEX_POINT('',#6746);
#1986=VERTEX_POINT('',#6754);
#1987=VERTEX_POINT('',#6799);
#1988=VERTEX_POINT('',#6800);
#1989=VERTEX_POINT('',#6808);
#1990=VERTEX_POINT('',#6813);
#1991=VERTEX_POINT('',#6975);
#1992=VERTEX_POINT('',#7222);
#1993=VERTEX_POINT('',#7230);
#1994=VERTEX_POINT('',#7282);
#1995=VERTEX_POINT('',#7290);
#1996=VERTEX_POINT('',#7342);
#1997=VERTEX_POINT('',#7350);
#1998=VERTEX_POINT('',#7399);
#1999=VERTEX_POINT('',#7407);
#2000=VERTEX_POINT('',#7429);
#2001=VERTEX_POINT('',#7430);
#2002=VERTEX_POINT('',#7432);
#2003=VERTEX_POINT('',#7470);
#2004=VERTEX_POINT('',#7478);
#2005=VERTEX_POINT('',#7500);
#2006=VERTEX_POINT('',#7502);
#2007=VERTEX_POINT('',#7504);
#2008=VERTEX_POINT('',#7506);
#2009=VERTEX_POINT('',#7510);
#2010=VERTEX_POINT('',#7511);
#2011=VERTEX_POINT('',#7519);
#2012=VERTEX_POINT('',#7535);
#2013=VERTEX_POINT('',#7537);
#2014=VERTEX_POINT('',#7550);
#2015=VERTEX_POINT('',#7552);
#2016=VERTEX_POINT('',#7576);
#2017=VERTEX_POINT('',#7577);
#2018=VERTEX_POINT('',#7579);
#2019=VERTEX_POINT('',#7593);
#2020=VERTEX_POINT('',#7615);
#2021=VERTEX_POINT('',#7616);
#2022=VERTEX_POINT('',#7618);
#2023=VERTEX_POINT('',#7625);
#2024=VERTEX_POINT('',#7626);
#2025=VERTEX_POINT('',#7628);
#2026=VERTEX_POINT('',#7637);
#2027=VERTEX_POINT('',#7652);
#2028=VERTEX_POINT('',#7653);
#2029=VERTEX_POINT('',#7655);
#2030=VERTEX_POINT('',#7661);
#2031=VERTEX_POINT('',#7691);
#2032=VERTEX_POINT('',#7692);
#2033=VERTEX_POINT('',#7694);
#2034=VERTEX_POINT('',#7702);
#2035=VERTEX_POINT('',#7712);
#2036=VERTEX_POINT('',#7713);
#2037=VERTEX_POINT('',#7715);
#2038=VERTEX_POINT('',#7723);
#2039=VERTEX_POINT('',#7733);
#2040=VERTEX_POINT('',#7734);
#2041=VERTEX_POINT('',#7736);
#2042=VERTEX_POINT('',#7744);
#2043=VERTEX_POINT('',#7754);
#2044=VERTEX_POINT('',#7755);
#2045=VERTEX_POINT('',#7757);
#2046=VERTEX_POINT('',#7765);
#2047=VERTEX_POINT('',#7775);
#2048=VERTEX_POINT('',#7776);
#2049=VERTEX_POINT('',#7778);
#2050=VERTEX_POINT('',#7786);
#2051=VERTEX_POINT('',#7859);
#2052=VERTEX_POINT('',#8001);
#2053=VERTEX_POINT('',#8009);
#2054=VERTEX_POINT('',#8058);
#2055=VERTEX_POINT('',#8066);
#2056=VERTEX_POINT('',#8115);
#2057=VERTEX_POINT('',#8123);
#2058=VERTEX_POINT('',#8172);
#2059=VERTEX_POINT('',#8180);
#2060=VERTEX_POINT('',#8229);
#2061=VERTEX_POINT('',#8237);
#2062=VERTEX_POINT('',#8330);
#2063=VERTEX_POINT('',#8451);
#2064=VERTEX_POINT('',#8504);
#2065=VERTEX_POINT('',#8553);
#2066=VERTEX_POINT('',#8561);
#2067=VERTEX_POINT('',#8610);
#2068=VERTEX_POINT('',#8618);
#2069=VERTEX_POINT('',#8667);
#2070=VERTEX_POINT('',#8675);
#2071=VERTEX_POINT('',#8724);
#2072=VERTEX_POINT('',#8732);
#2073=VERTEX_POINT('',#8781);
#2074=VERTEX_POINT('',#8789);
#2075=VERTEX_POINT('',#8811);
#2076=VERTEX_POINT('',#8812);
#2077=VERTEX_POINT('',#8814);
#2078=VERTEX_POINT('',#8844);
#2079=VERTEX_POINT('',#8852);
#2080=VERTEX_POINT('',#8940);
#2081=VERTEX_POINT('',#8942);
#2082=VERTEX_POINT('',#8944);
#2083=VERTEX_POINT('',#8949);
#2084=VERTEX_POINT('',#8951);
#2085=VERTEX_POINT('',#8963);
#2086=VERTEX_POINT('',#8974);
#2087=VERTEX_POINT('',#8995);
#2088=VERTEX_POINT('',#8996);
#2089=VERTEX_POINT('',#9000);
#2090=VERTEX_POINT('',#9004);
#2091=VERTEX_POINT('',#9010);
#2092=VERTEX_POINT('',#9011);
#2093=VERTEX_POINT('',#9013);
#2094=VERTEX_POINT('',#9015);
#2095=VERTEX_POINT('',#9017);
#2096=VERTEX_POINT('',#9019);
#2097=VERTEX_POINT('',#9022);
#2098=VERTEX_POINT('',#9024);
#2099=VERTEX_POINT('',#9027);
#2100=VERTEX_POINT('',#9028);
#2101=VERTEX_POINT('',#9033);
#2102=VERTEX_POINT('',#9034);
#2103=VERTEX_POINT('',#9040);
#2104=VERTEX_POINT('',#9046);
#2105=VERTEX_POINT('',#9052);
#2106=VERTEX_POINT('',#9058);
#2107=VERTEX_POINT('',#9064);
#2108=VERTEX_POINT('',#9070);
#2109=VERTEX_POINT('',#9076);
#2110=VERTEX_POINT('',#9088);
#2111=VERTEX_POINT('',#9089);
#2112=VERTEX_POINT('',#9094);
#2113=VERTEX_POINT('',#9095);
#2114=VERTEX_POINT('',#9101);
#2115=VERTEX_POINT('',#9107);
#2116=VERTEX_POINT('',#9113);
#2117=VERTEX_POINT('',#9119);
#2118=VERTEX_POINT('',#9125);
#2119=VERTEX_POINT('',#9131);
#2120=VERTEX_POINT('',#9137);
#2121=VERTEX_POINT('',#9149);
#2122=VERTEX_POINT('',#9150);
#2123=VERTEX_POINT('',#9159);
#2124=VERTEX_POINT('',#9160);
#2125=VERTEX_POINT('',#9163);
#2126=VERTEX_POINT('',#9164);
#2127=VERTEX_POINT('',#9168);
#2128=VERTEX_POINT('',#9172);
#2129=VERTEX_POINT('',#9175);
#2130=VERTEX_POINT('',#9179);
#2131=VERTEX_POINT('',#9182);
#2132=VERTEX_POINT('',#9184);
#2133=VERTEX_POINT('',#9188);
#2134=VERTEX_POINT('',#9193);
#2135=VERTEX_POINT('',#9196);
#2136=VERTEX_POINT('',#9198);
#2137=VERTEX_POINT('',#9202);
#2138=VERTEX_POINT('',#9207);
#2139=VERTEX_POINT('',#9210);
#2140=VERTEX_POINT('',#9211);
#2141=VERTEX_POINT('',#9217);
#2142=VERTEX_POINT('',#9223);
#2143=VERTEX_POINT('',#9229);
#2144=VERTEX_POINT('',#9235);
#2145=VERTEX_POINT('',#9241);
#2146=VERTEX_POINT('',#9247);
#2147=VERTEX_POINT('',#9259);
#2148=VERTEX_POINT('',#9260);
#2149=VERTEX_POINT('',#9262);
#2150=VERTEX_POINT('',#9264);
#2151=VERTEX_POINT('',#9266);
#2152=VERTEX_POINT('',#9268);
#2153=VERTEX_POINT('',#9270);
#2154=VERTEX_POINT('',#9272);
#2155=VERTEX_POINT('',#9275);
#2156=VERTEX_POINT('',#9276);
#2157=VERTEX_POINT('',#9282);
#2158=VERTEX_POINT('',#9288);
#2159=VERTEX_POINT('',#9290);
#2160=VERTEX_POINT('',#9296);
#2161=VERTEX_POINT('',#9302);
#2162=VERTEX_POINT('',#9308);
#2163=VERTEX_POINT('',#9314);
#2164=VERTEX_POINT('',#9320);
#2165=VERTEX_POINT('',#9326);
#2166=VERTEX_POINT('',#9332);
#2167=VERTEX_POINT('',#9338);
#2168=VERTEX_POINT('',#9344);
#2169=VERTEX_POINT('',#9350);
#2170=VERTEX_POINT('',#9356);
#2171=VERTEX_POINT('',#9362);
#2172=VERTEX_POINT('',#9368);
#2173=VERTEX_POINT('',#9374);
#2174=VERTEX_POINT('',#9385);
#2175=VERTEX_POINT('',#9386);
#2176=VERTEX_POINT('',#9392);
#2177=VERTEX_POINT('',#9398);
#2178=VERTEX_POINT('',#9404);
#2179=VERTEX_POINT('',#9410);
#2180=VERTEX_POINT('',#9416);
#2181=VERTEX_POINT('',#9422);
#2182=VERTEX_POINT('',#9428);
#2183=VERTEX_POINT('',#9434);
#2184=VERTEX_POINT('',#9440);
#2185=VERTEX_POINT('',#9446);
#2186=VERTEX_POINT('',#9457);
#2187=VERTEX_POINT('',#9458);
#2188=VERTEX_POINT('',#9460);
#2189=VERTEX_POINT('',#9462);
#2190=VERTEX_POINT('',#9464);
#2191=VERTEX_POINT('',#9466);
#2192=VERTEX_POINT('',#9468);
#2193=VERTEX_POINT('',#9470);
#2194=VERTEX_POINT('',#9476);
#2195=VERTEX_POINT('',#9482);
#2196=VERTEX_POINT('',#9484);
#2197=VERTEX_POINT('',#9486);
#2198=VERTEX_POINT('',#9488);
#2199=VERTEX_POINT('',#9490);
#2200=VERTEX_POINT('',#9492);
#2201=VERTEX_POINT('',#9494);
#2202=VERTEX_POINT('',#9506);
#2203=VERTEX_POINT('',#9507);
#2204=VERTEX_POINT('',#9509);
#2205=VERTEX_POINT('',#9511);
#2206=VERTEX_POINT('',#9517);
#2207=VERTEX_POINT('',#9523);
#2208=VERTEX_POINT('',#9525);
#2209=VERTEX_POINT('',#9527);
#2210=VERTEX_POINT('',#9529);
#2211=VERTEX_POINT('',#9531);
#2212=VERTEX_POINT('',#9533);
#2213=VERTEX_POINT('',#9535);
#2214=VERTEX_POINT('',#9541);
#2215=VERTEX_POINT('',#9547);
#2216=VERTEX_POINT('',#9549);
#2217=VERTEX_POINT('',#9551);
#2218=VERTEX_POINT('',#9623);
#2219=VERTEX_POINT('',#9624);
#2220=VERTEX_POINT('',#9630);
#2221=VERTEX_POINT('',#9636);
#2222=VERTEX_POINT('',#9642);
#2223=VERTEX_POINT('',#9648);
#2224=VERTEX_POINT('',#9654);
#2225=VERTEX_POINT('',#9660);
#2226=VERTEX_POINT('',#9666);
#2227=VERTEX_POINT('',#9672);
#2228=VERTEX_POINT('',#9678);
#2229=VERTEX_POINT('',#9684);
#2230=VERTEX_POINT('',#9695);
#2231=VERTEX_POINT('',#9696);
#2232=VERTEX_POINT('',#9702);
#2233=VERTEX_POINT('',#9708);
#2234=VERTEX_POINT('',#9714);
#2235=VERTEX_POINT('',#9720);
#2236=VERTEX_POINT('',#9726);
#2237=VERTEX_POINT('',#9732);
#2238=VERTEX_POINT('',#9964);
#2239=VERTEX_POINT('',#9965);
#2240=VERTEX_POINT('',#9971);
#2241=VERTEX_POINT('',#9977);
#2242=VERTEX_POINT('',#9983);
#2243=VERTEX_POINT('',#9989);
#2244=VERTEX_POINT('',#9995);
#2245=VERTEX_POINT('',#10001);
#2246=VERTEX_POINT('',#10007);
#2247=VERTEX_POINT('',#10013);
#2248=VERTEX_POINT('',#10019);
#2249=VERTEX_POINT('',#10025);
#2250=VERTEX_POINT('',#10031);
#2251=VERTEX_POINT('',#10037);
#2252=VERTEX_POINT('',#10043);
#2253=VERTEX_POINT('',#10049);
#2254=VERTEX_POINT('',#10055);
#2255=VERTEX_POINT('',#10061);
#2256=VERTEX_POINT('',#10067);
#2257=VERTEX_POINT('',#10074);
#2258=VERTEX_POINT('',#10075);
#2259=VERTEX_POINT('',#10081);
#2260=VERTEX_POINT('',#10087);
#2261=VERTEX_POINT('',#10093);
#2262=VERTEX_POINT('',#10099);
#2263=VERTEX_POINT('',#10105);
#2264=VERTEX_POINT('',#10111);
#2265=VERTEX_POINT('',#10117);
#2266=VERTEX_POINT('',#10428);
#2267=VERTEX_POINT('',#10429);
#2268=VERTEX_POINT('',#10431);
#2269=VERTEX_POINT('',#10433);
#2270=VERTEX_POINT('',#10435);
#2271=VERTEX_POINT('',#10437);
#2272=VERTEX_POINT('',#10439);
#2273=VERTEX_POINT('',#10441);
#2274=VERTEX_POINT('',#10461);
#2275=VERTEX_POINT('',#10462);
#2276=VERTEX_POINT('',#10468);
#2277=VERTEX_POINT('',#10474);
#2278=VERTEX_POINT('',#10480);
#2279=VERTEX_POINT('',#10486);
#2280=VERTEX_POINT('',#10492);
#2281=VERTEX_POINT('',#10498);
#2282=VERTEX_POINT('',#10510);
#2283=VERTEX_POINT('',#10511);
#2284=VERTEX_POINT('',#10513);
#2285=VERTEX_POINT('',#10515);
#2286=VERTEX_POINT('',#10517);
#2287=VERTEX_POINT('',#10519);
#2288=VERTEX_POINT('',#10521);
#2289=VERTEX_POINT('',#10523);
#2290=VERTEX_POINT('',#10526);
#2291=VERTEX_POINT('',#10527);
#2292=VERTEX_POINT('',#10533);
#2293=VERTEX_POINT('',#10539);
#2294=VERTEX_POINT('',#10541);
#2295=VERTEX_POINT('',#10547);
#2296=VERTEX_POINT('',#10553);
#2297=VERTEX_POINT('',#10559);
#2298=VERTEX_POINT('',#10565);
#2299=VERTEX_POINT('',#10571);
#2300=VERTEX_POINT('',#10577);
#2301=VERTEX_POINT('',#10583);
#2302=VERTEX_POINT('',#10589);
#2303=VERTEX_POINT('',#10595);
#2304=VERTEX_POINT('',#10601);
#2305=VERTEX_POINT('',#10607);
#2306=VERTEX_POINT('',#10613);
#2307=VERTEX_POINT('',#10619);
#2308=VERTEX_POINT('',#10625);
#2309=VERTEX_POINT('',#10636);
#2310=VERTEX_POINT('',#10637);
#2311=VERTEX_POINT('',#10643);
#2312=VERTEX_POINT('',#10649);
#2313=VERTEX_POINT('',#10655);
#2314=VERTEX_POINT('',#10661);
#2315=VERTEX_POINT('',#10667);
#2316=VERTEX_POINT('',#10673);
#2317=VERTEX_POINT('',#10679);
#2318=VERTEX_POINT('',#10685);
#2319=VERTEX_POINT('',#10691);
#2320=VERTEX_POINT('',#10697);
#2321=VERTEX_POINT('',#10708);
#2322=VERTEX_POINT('',#10709);
#2323=VERTEX_POINT('',#10711);
#2324=VERTEX_POINT('',#10713);
#2325=VERTEX_POINT('',#10715);
#2326=VERTEX_POINT('',#10717);
#2327=VERTEX_POINT('',#10719);
#2328=VERTEX_POINT('',#10721);
#2329=VERTEX_POINT('',#10727);
#2330=VERTEX_POINT('',#10733);
#2331=VERTEX_POINT('',#10735);
#2332=VERTEX_POINT('',#10737);
#2333=VERTEX_POINT('',#10739);
#2334=VERTEX_POINT('',#10741);
#2335=VERTEX_POINT('',#10743);
#2336=VERTEX_POINT('',#10745);
#2337=VERTEX_POINT('',#10757);
#2338=VERTEX_POINT('',#10758);
#2339=VERTEX_POINT('',#10760);
#2340=VERTEX_POINT('',#10762);
#2341=VERTEX_POINT('',#10768);
#2342=VERTEX_POINT('',#10774);
#2343=VERTEX_POINT('',#10776);
#2344=VERTEX_POINT('',#10778);
#2345=VERTEX_POINT('',#10780);
#2346=VERTEX_POINT('',#10782);
#2347=VERTEX_POINT('',#10784);
#2348=VERTEX_POINT('',#10786);
#2349=VERTEX_POINT('',#10792);
#2350=VERTEX_POINT('',#10798);
#2351=VERTEX_POINT('',#10800);
#2352=VERTEX_POINT('',#10802);
#2353=VERTEX_POINT('',#10874);
#2354=VERTEX_POINT('',#10875);
#2355=VERTEX_POINT('',#10881);
#2356=VERTEX_POINT('',#10887);
#2357=VERTEX_POINT('',#10893);
#2358=VERTEX_POINT('',#10899);
#2359=VERTEX_POINT('',#10905);
#2360=VERTEX_POINT('',#10911);
#2361=VERTEX_POINT('',#10917);
#2362=VERTEX_POINT('',#10923);
#2363=VERTEX_POINT('',#10929);
#2364=VERTEX_POINT('',#10935);
#2365=VERTEX_POINT('',#10946);
#2366=VERTEX_POINT('',#10947);
#2367=VERTEX_POINT('',#10953);
#2368=VERTEX_POINT('',#10959);
#2369=VERTEX_POINT('',#10965);
#2370=VERTEX_POINT('',#10971);
#2371=VERTEX_POINT('',#10977);
#2372=VERTEX_POINT('',#10983);
#2373=VERTEX_POINT('',#11215);
#2374=VERTEX_POINT('',#11216);
#2375=VERTEX_POINT('',#11222);
#2376=VERTEX_POINT('',#11228);
#2377=VERTEX_POINT('',#11234);
#2378=VERTEX_POINT('',#11240);
#2379=VERTEX_POINT('',#11246);
#2380=VERTEX_POINT('',#11252);
#2381=VERTEX_POINT('',#11258);
#2382=VERTEX_POINT('',#11264);
#2383=VERTEX_POINT('',#11270);
#2384=VERTEX_POINT('',#11276);
#2385=VERTEX_POINT('',#11282);
#2386=VERTEX_POINT('',#11288);
#2387=VERTEX_POINT('',#11294);
#2388=VERTEX_POINT('',#11300);
#2389=VERTEX_POINT('',#11306);
#2390=VERTEX_POINT('',#11312);
#2391=VERTEX_POINT('',#11318);
#2392=VERTEX_POINT('',#11325);
#2393=VERTEX_POINT('',#11326);
#2394=VERTEX_POINT('',#11332);
#2395=VERTEX_POINT('',#11338);
#2396=VERTEX_POINT('',#11344);
#2397=VERTEX_POINT('',#11350);
#2398=VERTEX_POINT('',#11356);
#2399=VERTEX_POINT('',#11362);
#2400=VERTEX_POINT('',#11368);
#2401=VERTEX_POINT('',#11679);
#2402=VERTEX_POINT('',#11680);
#2403=VERTEX_POINT('',#11682);
#2404=VERTEX_POINT('',#11684);
#2405=VERTEX_POINT('',#11686);
#2406=VERTEX_POINT('',#11688);
#2407=VERTEX_POINT('',#11690);
#2408=VERTEX_POINT('',#11692);
#2409=VERTEX_POINT('',#11712);
#2410=VERTEX_POINT('',#11713);
#2411=VERTEX_POINT('',#11715);
#2412=VERTEX_POINT('',#11717);
#2413=VERTEX_POINT('',#11719);
#2414=VERTEX_POINT('',#11721);
#2415=VERTEX_POINT('',#11724);
#2416=VERTEX_POINT('',#11725);
#2417=VERTEX_POINT('',#11727);
#2418=VERTEX_POINT('',#11729);
#2419=VERTEX_POINT('',#11732);
#2420=VERTEX_POINT('',#11734);
#2421=VERTEX_POINT('',#11737);
#2422=VERTEX_POINT('',#11739);
#2423=VERTEX_POINT('',#11743);
#2424=VERTEX_POINT('',#11747);
#2425=VERTEX_POINT('',#11751);
#2426=VERTEX_POINT('',#11753);
#2427=VERTEX_POINT('',#11757);
#2428=VERTEX_POINT('',#11761);
#2429=VERTEX_POINT('',#11768);
#2430=VERTEX_POINT('',#11770);
#2431=VERTEX_POINT('',#11774);
#2432=VERTEX_POINT('',#11779);
#2433=VERTEX_POINT('',#11781);
#2434=VERTEX_POINT('',#11785);
#2435=VERTEX_POINT('',#11790);
#2436=VERTEX_POINT('',#11794);
#2437=EDGE_CURVE('',#1939,#1940,#1219,.T.);
#2438=EDGE_CURVE('',#1940,#1941,#879,.T.);
#2439=EDGE_CURVE('',#1942,#1941,#836,.T.);
#2440=EDGE_CURVE('',#1942,#1939,#880,.T.);
#2441=EDGE_CURVE('',#1943,#1944,#1220,.T.);
#2442=EDGE_CURVE('',#1943,#1945,#881,.T.);
#2443=EDGE_CURVE('',#1946,#1945,#882,.F.);
#2444=EDGE_CURVE('',#1946,#1944,#883,.T.);
#2445=EDGE_CURVE('',#1947,#1948,#1221,.T.);
#2446=EDGE_CURVE('',#1948,#1949,#884,.T.);
#2447=EDGE_CURVE('',#1950,#1949,#837,.T.);
#2448=EDGE_CURVE('',#1947,#1950,#885,.T.);
#2449=EDGE_CURVE('',#1951,#1952,#1222,.T.);
#2450=EDGE_CURVE('',#1953,#1951,#886,.T.);
#2451=EDGE_CURVE('',#1954,#1953,#838,.T.);
#2452=EDGE_CURVE('',#1954,#1952,#887,.T.);
#2453=EDGE_CURVE('',#1955,#1956,#888,.T.);
#2454=EDGE_CURVE('',#1955,#1957,#889,.T.);
#2455=EDGE_CURVE('',#1958,#1957,#1223,.T.);
#2456=EDGE_CURVE('',#1959,#1958,#890,.T.);
#2457=EDGE_CURVE('',#1956,#1959,#891,.T.);
#2458=EDGE_CURVE('',#1952,#1948,#892,.T.);
#2459=EDGE_CURVE('',#1951,#1947,#893,.T.);
#2460=EDGE_CURVE('',#1960,#1961,#1224,.T.);
#2461=EDGE_CURVE('',#1962,#1960,#894,.T.);
#2462=EDGE_CURVE('',#1963,#1962,#1225,.T.);
#2463=EDGE_CURVE('',#1963,#1961,#895,.T.);
#2464=EDGE_CURVE('',#1964,#1965,#1226,.T.);
#2465=EDGE_CURVE('',#1966,#1964,#896,.T.);
#2466=EDGE_CURVE('',#1967,#1966,#1227,.T.);
#2467=EDGE_CURVE('',#1967,#1965,#897,.T.);
#2468=EDGE_CURVE('',#1968,#1969,#1228,.T.);
#2469=EDGE_CURVE('',#1970,#1968,#898,.T.);
#2470=EDGE_CURVE('',#1971,#1970,#1229,.T.);
#2471=EDGE_CURVE('',#1971,#1969,#899,.T.);
#2472=EDGE_CURVE('',#1972,#1973,#1230,.T.);
#2473=EDGE_CURVE('',#1974,#1972,#900,.T.);
#2474=EDGE_CURVE('',#1975,#1974,#1231,.T.);
#2475=EDGE_CURVE('',#1975,#1973,#901,.T.);
#2476=EDGE_CURVE('',#1949,#1976,#902,.T.);
#2477=EDGE_CURVE('',#1941,#1954,#903,.T.);
#2478=EDGE_CURVE('',#1944,#1940,#904,.T.);
#2479=EDGE_CURVE('',#1976,#1946,#905,.T.);
#2480=EDGE_CURVE('',#1977,#1955,#906,.T.);
#2481=EDGE_CURVE('',#1978,#1977,#907,.T.);
#2482=EDGE_CURVE('',#1957,#1978,#908,.T.);
#2483=EDGE_CURVE('',#1961,#1979,#909,.T.);
#2484=EDGE_CURVE('',#1980,#1963,#910,.T.);
#2485=EDGE_CURVE('',#1979,#1980,#911,.T.);
#2486=EDGE_CURVE('',#1965,#1981,#912,.T.);
#2487=EDGE_CURVE('',#1982,#1967,#913,.T.);
#2488=EDGE_CURVE('',#1981,#1982,#914,.T.);
#2489=EDGE_CURVE('',#1969,#1983,#915,.T.);
#2490=EDGE_CURVE('',#1984,#1971,#916,.T.);
#2491=EDGE_CURVE('',#1983,#1984,#917,.T.);
#2492=EDGE_CURVE('',#1973,#1985,#918,.T.);
#2493=EDGE_CURVE('',#1986,#1975,#919,.T.);
#2494=EDGE_CURVE('',#1985,#1986,#920,.T.);
#2495=EDGE_CURVE('',#1987,#1988,#921,.T.);
#2496=EDGE_CURVE('',#1989,#1987,#922,.T.);
#2497=EDGE_CURVE('',#1990,#1989,#923,.T.);
#2498=EDGE_CURVE('',#1988,#1990,#924,.T.);
#2499=EDGE_CURVE('',#1991,#1950,#925,.T.);
#2500=EDGE_CURVE('',#1956,#1991,#926,.T.);
#2501=EDGE_CURVE('',#1945,#1959,#927,.T.);
#2502=EDGE_CURVE('',#1939,#1943,#928,.T.);
#2503=EDGE_CURVE('',#1953,#1942,#929,.T.);
#2504=EDGE_CURVE('',#1992,#1960,#930,.T.);
#2505=EDGE_CURVE('',#1993,#1992,#931,.T.);
#2506=EDGE_CURVE('',#1962,#1993,#932,.T.);
#2507=EDGE_CURVE('',#1994,#1964,#933,.T.);
#2508=EDGE_CURVE('',#1995,#1994,#934,.T.);
#2509=EDGE_CURVE('',#1966,#1995,#935,.T.);
#2510=EDGE_CURVE('',#1996,#1968,#936,.T.);
#2511=EDGE_CURVE('',#1997,#1996,#937,.T.);
#2512=EDGE_CURVE('',#1970,#1997,#938,.T.);
#2513=EDGE_CURVE('',#1998,#1972,#939,.T.);
#2514=EDGE_CURVE('',#1999,#1998,#940,.T.);
#2515=EDGE_CURVE('',#1974,#1999,#941,.T.);
#2516=EDGE_CURVE('',#2000,#2001,#1232,.T.);
#2517=EDGE_CURVE('',#2002,#2000,#942,.T.);
#2518=EDGE_CURVE('',#1988,#2002,#1233,.T.);
#2519=EDGE_CURVE('',#2001,#1990,#839,.T.);
#2520=EDGE_CURVE('',#2003,#2000,#943,.T.);
#2521=EDGE_CURVE('',#2004,#2003,#944,.T.);
#2522=EDGE_CURVE('',#2002,#2004,#945,.T.);
#2523=EDGE_CURVE('',#1989,#2005,#840,.T.);
#2524=EDGE_CURVE('',#2005,#2006,#1234,.T.);
#2525=EDGE_CURVE('',#2006,#2007,#841,.T.);
#2526=EDGE_CURVE('',#2007,#2008,#842,.T.);
#2527=EDGE_CURVE('',#2008,#2001,#1235,.T.);
#2528=EDGE_CURVE('',#2009,#2010,#843,.T.);
#2529=EDGE_CURVE('',#2010,#2009,#844,.T.);
#2530=EDGE_CURVE('',#1987,#2005,#1236,.F.);
#2531=EDGE_CURVE('',#1992,#1978,#1237,.F.);
#2532=EDGE_CURVE('',#2011,#1977,#946,.F.);
#2533=EDGE_CURVE('',#2011,#1993,#1238,.F.);
#2534=EDGE_CURVE('',#1994,#1979,#1239,.F.);
#2535=EDGE_CURVE('',#1980,#1995,#1240,.F.);
#2536=EDGE_CURVE('',#1996,#1981,#1241,.F.);
#2537=EDGE_CURVE('',#1982,#1997,#1242,.F.);
#2538=EDGE_CURVE('',#1998,#1983,#1243,.F.);
#2539=EDGE_CURVE('',#1984,#1999,#1244,.F.);
#2540=EDGE_CURVE('',#1958,#2012,#1245,.T.);
#2541=EDGE_CURVE('',#2012,#2013,#947,.T.);
#2542=EDGE_CURVE('',#2013,#1976,#1246,.T.);
#2543=EDGE_CURVE('',#1991,#2014,#1247,.T.);
#2544=EDGE_CURVE('',#2014,#2015,#948,.T.);
#2545=EDGE_CURVE('',#2015,#2011,#1248,.T.);
#2546=EDGE_CURVE('',#2014,#2013,#845,.T.);
#2547=EDGE_CURVE('',#2012,#2008,#1249,.T.);
#2548=EDGE_CURVE('',#2003,#1985,#1250,.F.);
#2549=EDGE_CURVE('',#1986,#2004,#1251,.F.);
#2550=EDGE_CURVE('',#2006,#2015,#1252,.T.);
#2551=EDGE_CURVE('',#2007,#2009,#1253,.T.);
#2552=EDGE_CURVE('',#2016,#2017,#1254,.T.);
#2553=EDGE_CURVE('',#2017,#2018,#949,.T.);
#2554=EDGE_CURVE('',#2019,#2018,#846,.T.);
#2555=EDGE_CURVE('',#2019,#2016,#950,.T.);
#2556=EDGE_CURVE('',#2020,#2021,#1255,.T.);
#2557=EDGE_CURVE('',#2020,#2022,#847,.T.);
#2558=EDGE_CURVE('',#2022,#2021,#951,.T.);
#2559=EDGE_CURVE('',#2023,#2024,#1256,.T.);
#2560=EDGE_CURVE('',#2024,#2025,#952,.T.);
#2561=EDGE_CURVE('',#2026,#2025,#953,.T.);
#2562=EDGE_CURVE('',#2023,#2026,#954,.T.);
#2563=EDGE_CURVE('',#2027,#2028,#1257,.T.);
#2564=EDGE_CURVE('',#2029,#2027,#955,.T.);
#2565=EDGE_CURVE('',#2030,#2029,#848,.T.);
#2566=EDGE_CURVE('',#2030,#2028,#956,.T.);
#2567=EDGE_CURVE('',#2028,#2024,#957,.T.);
#2568=EDGE_CURVE('',#2027,#2023,#958,.T.);
#2569=EDGE_CURVE('',#2031,#2032,#1258,.T.);
#2570=EDGE_CURVE('',#2033,#2031,#959,.T.);
#2571=EDGE_CURVE('',#2034,#2033,#1259,.T.);
#2572=EDGE_CURVE('',#2034,#2032,#960,.T.);
#2573=EDGE_CURVE('',#2035,#2036,#1260,.T.);
#2574=EDGE_CURVE('',#2037,#2035,#961,.T.);
#2575=EDGE_CURVE('',#2038,#2037,#1261,.T.);
#2576=EDGE_CURVE('',#2038,#2036,#962,.T.);
#2577=EDGE_CURVE('',#2039,#2040,#1262,.T.);
#2578=EDGE_CURVE('',#2041,#2039,#963,.T.);
#2579=EDGE_CURVE('',#2042,#2041,#1263,.T.);
#2580=EDGE_CURVE('',#2042,#2040,#964,.T.);
#2581=EDGE_CURVE('',#2043,#2044,#1264,.T.);
#2582=EDGE_CURVE('',#2045,#2043,#965,.T.);
#2583=EDGE_CURVE('',#2046,#2045,#1265,.T.);
#2584=EDGE_CURVE('',#2046,#2044,#966,.T.);
#2585=EDGE_CURVE('',#2047,#2048,#1266,.T.);
#2586=EDGE_CURVE('',#2049,#2047,#967,.T.);
#2587=EDGE_CURVE('',#2050,#2049,#1267,.T.);
#2588=EDGE_CURVE('',#2050,#2048,#968,.T.);
#2589=EDGE_CURVE('',#2051,#2026,#969,.T.);
#2590=EDGE_CURVE('',#2016,#2051,#970,.T.);
#2591=EDGE_CURVE('',#2029,#2019,#971,.T.);
#2592=EDGE_CURVE('',#2052,#2031,#972,.T.);
#2593=EDGE_CURVE('',#2053,#2052,#973,.T.);
#2594=EDGE_CURVE('',#2033,#2053,#974,.T.);
#2595=EDGE_CURVE('',#2054,#2035,#975,.T.);
#2596=EDGE_CURVE('',#2055,#2054,#976,.T.);
#2597=EDGE_CURVE('',#2037,#2055,#977,.T.);
#2598=EDGE_CURVE('',#2056,#2039,#978,.T.);
#2599=EDGE_CURVE('',#2057,#2056,#979,.T.);
#2600=EDGE_CURVE('',#2041,#2057,#980,.T.);
#2601=EDGE_CURVE('',#2058,#2043,#981,.T.);
#2602=EDGE_CURVE('',#2059,#2058,#982,.T.);
#2603=EDGE_CURVE('',#2045,#2059,#983,.T.);
#2604=EDGE_CURVE('',#2060,#2047,#984,.T.);
#2605=EDGE_CURVE('',#2061,#2060,#985,.T.);
#2606=EDGE_CURVE('',#2049,#2061,#986,.T.);
#2607=EDGE_CURVE('',#2025,#2062,#987,.T.);
#2608=EDGE_CURVE('',#2018,#2030,#988,.T.);
#2609=EDGE_CURVE('',#2021,#2017,#989,.T.);
#2610=EDGE_CURVE('',#2063,#2022,#990,.T.);
#2611=EDGE_CURVE('',#2064,#2063,#991,.T.);
#2612=EDGE_CURVE('',#2062,#2064,#992,.T.);
#2613=EDGE_CURVE('',#2032,#2065,#993,.T.);
#2614=EDGE_CURVE('',#2066,#2034,#994,.T.);
#2615=EDGE_CURVE('',#2065,#2066,#995,.T.);
#2616=EDGE_CURVE('',#2036,#2067,#996,.T.);
#2617=EDGE_CURVE('',#2068,#2038,#997,.T.);
#2618=EDGE_CURVE('',#2067,#2068,#998,.T.);
#2619=EDGE_CURVE('',#2040,#2069,#999,.T.);
#2620=EDGE_CURVE('',#2070,#2042,#1000,.T.);
#2621=EDGE_CURVE('',#2069,#2070,#1001,.T.);
#2622=EDGE_CURVE('',#2044,#2071,#1002,.T.);
#2623=EDGE_CURVE('',#2072,#2046,#1003,.T.);
#2624=EDGE_CURVE('',#2071,#2072,#1004,.T.);
#2625=EDGE_CURVE('',#2048,#2073,#1005,.T.);
#2626=EDGE_CURVE('',#2074,#2050,#1006,.T.);
#2627=EDGE_CURVE('',#2073,#2074,#1007,.T.);
#2628=EDGE_CURVE('',#2075,#2076,#1268,.T.);
#2629=EDGE_CURVE('',#2077,#2075,#849,.T.);
#2630=EDGE_CURVE('',#2076,#2077,#1008,.T.);
#2631=EDGE_CURVE('',#2076,#2078,#1009,.T.);
#2632=EDGE_CURVE('',#2079,#2077,#1010,.T.);
#2633=EDGE_CURVE('',#2078,#2079,#1011,.T.);
#2634=EDGE_CURVE('',#2075,#2080,#1269,.T.);
#2635=EDGE_CURVE('',#2080,#2081,#850,.T.);
#2636=EDGE_CURVE('',#2081,#2082,#1270,.T.);
#2637=EDGE_CURVE('',#2082,#2079,#851,.T.);
#2638=EDGE_CURVE('',#2082,#2073,#1271,.F.);
#2639=EDGE_CURVE('',#2083,#2081,#1272,.T.);
#2640=EDGE_CURVE('',#2084,#2083,#1273,.T.);
#2641=EDGE_CURVE('',#2052,#2084,#1274,.F.);
#2642=EDGE_CURVE('',#2054,#2065,#1275,.F.);
#2643=EDGE_CURVE('',#2056,#2067,#1276,.F.);
#2644=EDGE_CURVE('',#2058,#2069,#1277,.F.);
#2645=EDGE_CURVE('',#2060,#2071,#1278,.F.);
#2646=EDGE_CURVE('',#2062,#2084,#1012,.F.);
#2647=EDGE_CURVE('',#2083,#2085,#1013,.T.);
#2648=EDGE_CURVE('',#2085,#2086,#1279,.T.);
#2649=EDGE_CURVE('',#2086,#2051,#1014,.F.);
#2650=EDGE_CURVE('',#2086,#2020,#852,.T.);
#2651=EDGE_CURVE('',#2064,#2053,#1280,.F.);
#2652=EDGE_CURVE('',#2066,#2055,#1281,.F.);
#2653=EDGE_CURVE('',#2068,#2057,#1282,.F.);
#2654=EDGE_CURVE('',#2070,#2059,#1283,.F.);
#2655=EDGE_CURVE('',#2072,#2061,#1284,.F.);
#2656=EDGE_CURVE('',#2074,#2078,#1285,.F.);
#2657=EDGE_CURVE('',#2087,#2088,#853,.T.);
#2658=EDGE_CURVE('',#2088,#2087,#854,.T.);
#2659=EDGE_CURVE('',#2063,#2089,#1286,.T.);
#2660=EDGE_CURVE('',#2080,#2089,#1287,.T.);
#2661=EDGE_CURVE('',#2090,#2085,#855,.T.);
#2662=EDGE_CURVE('',#2089,#2090,#856,.T.);
#2663=EDGE_CURVE('',#2090,#2087,#1288,.T.);
#2664=EDGE_CURVE('',#2091,#2092,#1289,.T.);
#2665=EDGE_CURVE('',#2092,#2093,#1290,.T.);
#2666=EDGE_CURVE('',#2093,#2094,#1291,.T.);
#2667=EDGE_CURVE('',#2094,#2095,#1292,.T.);
#2668=EDGE_CURVE('',#2095,#2096,#1293,.T.);
#2669=EDGE_CURVE('',#2096,#2091,#1294,.T.);
#2670=EDGE_CURVE('',#2097,#2097,#857,.T.);
#2671=EDGE_CURVE('',#2098,#2098,#858,.T.);
#2672=EDGE_CURVE('',#2099,#2100,#1295,.T.);
#2673=EDGE_CURVE('',#2100,#2092,#1296,.T.);
#2674=EDGE_CURVE('',#2099,#2091,#1297,.T.);
#2675=EDGE_CURVE('',#2101,#2102,#1015,.T.);
#2676=EDGE_CURVE('',#2102,#2103,#1016,.T.);
#2677=EDGE_CURVE('',#2103,#2104,#1017,.T.);
#2678=EDGE_CURVE('',#2104,#2105,#1018,.T.);
#2679=EDGE_CURVE('',#2105,#2106,#1019,.T.);
#2680=EDGE_CURVE('',#2106,#2107,#1020,.T.);
#2681=EDGE_CURVE('',#2107,#2108,#1021,.T.);
#2682=EDGE_CURVE('',#2108,#2109,#1022,.T.);
#2683=EDGE_CURVE('',#2109,#2101,#1023,.T.);
#2684=EDGE_CURVE('',#2110,#2111,#1298,.T.);
#2685=EDGE_CURVE('',#2111,#2094,#1299,.T.);
#2686=EDGE_CURVE('',#2110,#2093,#1300,.T.);
#2687=EDGE_CURVE('',#2112,#2113,#1024,.T.);
#2688=EDGE_CURVE('',#2113,#2114,#1025,.T.);
#2689=EDGE_CURVE('',#2114,#2115,#1026,.T.);
#2690=EDGE_CURVE('',#2115,#2116,#1027,.T.);
#2691=EDGE_CURVE('',#2116,#2117,#1028,.T.);
#2692=EDGE_CURVE('',#2117,#2118,#1029,.T.);
#2693=EDGE_CURVE('',#2118,#2119,#1030,.T.);
#2694=EDGE_CURVE('',#2119,#2120,#1031,.T.);
#2695=EDGE_CURVE('',#2120,#2112,#1032,.T.);
#2696=EDGE_CURVE('',#2121,#2122,#1301,.T.);
#2697=EDGE_CURVE('',#2122,#2096,#1302,.T.);
#2698=EDGE_CURVE('',#2121,#2095,#1303,.T.);
#2699=EDGE_CURVE('',#2122,#2099,#1304,.T.);
#2700=EDGE_CURVE('',#2111,#2121,#1305,.T.);
#2701=EDGE_CURVE('',#2100,#2110,#1306,.T.);
#2702=EDGE_CURVE('',#2123,#2124,#859,.T.);
#2703=EDGE_CURVE('',#2124,#2123,#860,.T.);
#2704=EDGE_CURVE('',#2125,#2126,#861,.T.);
#2705=EDGE_CURVE('',#2126,#2125,#862,.T.);
#2706=EDGE_CURVE('',#2126,#2127,#1307,.T.);
#2707=EDGE_CURVE('',#2127,#2127,#863,.T.);
#2708=EDGE_CURVE('',#2127,#2128,#1308,.T.);
#2709=EDGE_CURVE('',#2124,#2129,#1309,.T.);
#2710=EDGE_CURVE('',#2129,#2129,#864,.T.);
#2711=EDGE_CURVE('',#2129,#2130,#1310,.T.);
#2712=EDGE_CURVE('',#2131,#2131,#865,.T.);
#2713=EDGE_CURVE('',#2131,#2132,#1311,.T.);
#2714=EDGE_CURVE('',#2132,#2132,#866,.T.);
#2715=EDGE_CURVE('',#2098,#2133,#1312,.T.);
#2716=EDGE_CURVE('',#2133,#2133,#867,.T.);
#2717=EDGE_CURVE('',#2132,#2134,#1313,.T.);
#2718=EDGE_CURVE('',#2135,#2135,#868,.T.);
#2719=EDGE_CURVE('',#2135,#2136,#1314,.T.);
#2720=EDGE_CURVE('',#2136,#2136,#869,.T.);
#2721=EDGE_CURVE('',#2097,#2137,#1315,.T.);
#2722=EDGE_CURVE('',#2137,#2137,#870,.T.);
#2723=EDGE_CURVE('',#2136,#2138,#1316,.T.);
#2724=EDGE_CURVE('',#2139,#2140,#1033,.T.);
#2725=EDGE_CURVE('',#2140,#2141,#1034,.T.);
#2726=EDGE_CURVE('',#2141,#2142,#1035,.T.);
#2727=EDGE_CURVE('',#2142,#2143,#1036,.T.);
#2728=EDGE_CURVE('',#2143,#2144,#1037,.T.);
#2729=EDGE_CURVE('',#2144,#2145,#1038,.T.);
#2730=EDGE_CURVE('',#2145,#2146,#1039,.T.);
#2731=EDGE_CURVE('',#2146,#2139,#1040,.T.);
#2732=EDGE_CURVE('',#2147,#2148,#1317,.T.);
#2733=EDGE_CURVE('',#2148,#2149,#1318,.T.);
#2734=EDGE_CURVE('',#2149,#2150,#1319,.T.);
#2735=EDGE_CURVE('',#2150,#2151,#1320,.T.);
#2736=EDGE_CURVE('',#2151,#2152,#1321,.T.);
#2737=EDGE_CURVE('',#2152,#2153,#1322,.T.);
#2738=EDGE_CURVE('',#2153,#2154,#1323,.T.);
#2739=EDGE_CURVE('',#2154,#2147,#1324,.T.);
#2740=EDGE_CURVE('',#2155,#2156,#1041,.T.);
#2741=EDGE_CURVE('',#2156,#2157,#1042,.T.);
#2742=EDGE_CURVE('',#2157,#2158,#1325,.T.);
#2743=EDGE_CURVE('',#2158,#2159,#1043,.T.);
#2744=EDGE_CURVE('',#2159,#2160,#1044,.T.);
#2745=EDGE_CURVE('',#2160,#2161,#1045,.T.);
#2746=EDGE_CURVE('',#2161,#2162,#1046,.T.);
#2747=EDGE_CURVE('',#2162,#2163,#1047,.T.);
#2748=EDGE_CURVE('',#2163,#2164,#1048,.T.);
#2749=EDGE_CURVE('',#2164,#2165,#1049,.T.);
#2750=EDGE_CURVE('',#2165,#2166,#1050,.T.);
#2751=EDGE_CURVE('',#2166,#2167,#1051,.T.);
#2752=EDGE_CURVE('',#2167,#2168,#1052,.T.);
#2753=EDGE_CURVE('',#2168,#2169,#1053,.T.);
#2754=EDGE_CURVE('',#2169,#2170,#1054,.T.);
#2755=EDGE_CURVE('',#2170,#2171,#1055,.T.);
#2756=EDGE_CURVE('',#2171,#2172,#1056,.T.);
#2757=EDGE_CURVE('',#2172,#2173,#1057,.T.);
#2758=EDGE_CURVE('',#2173,#2155,#1058,.T.);
#2759=EDGE_CURVE('',#2174,#2175,#1059,.T.);
#2760=EDGE_CURVE('',#2175,#2176,#1060,.T.);
#2761=EDGE_CURVE('',#2176,#2177,#1061,.T.);
#2762=EDGE_CURVE('',#2177,#2178,#1062,.T.);
#2763=EDGE_CURVE('',#2178,#2179,#1063,.T.);
#2764=EDGE_CURVE('',#2179,#2180,#1064,.T.);
#2765=EDGE_CURVE('',#2180,#2181,#1065,.T.);
#2766=EDGE_CURVE('',#2181,#2182,#1066,.T.);
#2767=EDGE_CURVE('',#2182,#2183,#1067,.T.);
#2768=EDGE_CURVE('',#2183,#2184,#1068,.T.);
#2769=EDGE_CURVE('',#2184,#2185,#1069,.T.);
#2770=EDGE_CURVE('',#2185,#2174,#1070,.T.);
#2771=EDGE_CURVE('',#2186,#2187,#1326,.T.);
#2772=EDGE_CURVE('',#2187,#2188,#1327,.T.);
#2773=EDGE_CURVE('',#2188,#2189,#1328,.T.);
#2774=EDGE_CURVE('',#2189,#2190,#1329,.T.);
#2775=EDGE_CURVE('',#2190,#2191,#1330,.T.);
#2776=EDGE_CURVE('',#2191,#2192,#1331,.T.);
#2777=EDGE_CURVE('',#2192,#2193,#1071,.T.);
#2778=EDGE_CURVE('',#2193,#2194,#1072,.T.);
#2779=EDGE_CURVE('',#2194,#2195,#1332,.T.);
#2780=EDGE_CURVE('',#2195,#2196,#1333,.T.);
#2781=EDGE_CURVE('',#2196,#2197,#1334,.T.);
#2782=EDGE_CURVE('',#2197,#2198,#1335,.T.);
#2783=EDGE_CURVE('',#2198,#2199,#1336,.T.);
#2784=EDGE_CURVE('',#2199,#2200,#1337,.T.);
#2785=EDGE_CURVE('',#2200,#2201,#1073,.T.);
#2786=EDGE_CURVE('',#2201,#2186,#1074,.T.);
#2787=EDGE_CURVE('',#2202,#2203,#1338,.T.);
#2788=EDGE_CURVE('',#2204,#2202,#1339,.T.);
#2789=EDGE_CURVE('',#2205,#2204,#1075,.T.);
#2790=EDGE_CURVE('',#2206,#2205,#1076,.T.);
#2791=EDGE_CURVE('',#2207,#2206,#1340,.T.);
#2792=EDGE_CURVE('',#2208,#2207,#1341,.T.);
#2793=EDGE_CURVE('',#2209,#2208,#1342,.T.);
#2794=EDGE_CURVE('',#2210,#2209,#1343,.T.);
#2795=EDGE_CURVE('',#2211,#2210,#1344,.T.);
#2796=EDGE_CURVE('',#2212,#2211,#1345,.T.);
#2797=EDGE_CURVE('',#2213,#2212,#1077,.T.);
#2798=EDGE_CURVE('',#2214,#2213,#1078,.T.);
#2799=EDGE_CURVE('',#2215,#2214,#1346,.T.);
#2800=EDGE_CURVE('',#2216,#2215,#1347,.T.);
#2801=EDGE_CURVE('',#2217,#2216,#1348,.T.);
#2802=EDGE_CURVE('',#2203,#2217,#1349,.T.);
#2803=EDGE_CURVE('',#2187,#2202,#1350,.T.);
#2804=EDGE_CURVE('',#2188,#2203,#1351,.T.);
#2805=EDGE_CURVE('',#2189,#2217,#1352,.T.);
#2806=EDGE_CURVE('',#2190,#2216,#1353,.T.);
#2807=EDGE_CURVE('',#2191,#2215,#1354,.T.);
#2808=EDGE_CURVE('',#2192,#2214,#1355,.T.);
#2809=EDGE_CURVE('',#2193,#2213,#1356,.T.);
#2810=EDGE_CURVE('',#2194,#2212,#1357,.T.);
#2811=EDGE_CURVE('',#2195,#2211,#1358,.T.);
#2812=EDGE_CURVE('',#2196,#2210,#1359,.T.);
#2813=EDGE_CURVE('',#2197,#2209,#1360,.T.);
#2814=EDGE_CURVE('',#2198,#2208,#1361,.T.);
#2815=EDGE_CURVE('',#2199,#2207,#1362,.T.);
#2816=EDGE_CURVE('',#2200,#2206,#1363,.T.);
#2817=EDGE_CURVE('',#2201,#2205,#1364,.T.);
#2818=EDGE_CURVE('',#2186,#2204,#1365,.T.);
#2819=EDGE_CURVE('',#2218,#2219,#1079,.T.);
#2820=EDGE_CURVE('',#2220,#2218,#1080,.T.);
#2821=EDGE_CURVE('',#2221,#2220,#1081,.T.);
#2822=EDGE_CURVE('',#2222,#2221,#1082,.T.);
#2823=EDGE_CURVE('',#2223,#2222,#1083,.T.);
#2824=EDGE_CURVE('',#2224,#2223,#1084,.T.);
#2825=EDGE_CURVE('',#2225,#2224,#1085,.T.);
#2826=EDGE_CURVE('',#2226,#2225,#1086,.T.);
#2827=EDGE_CURVE('',#2227,#2226,#1087,.T.);
#2828=EDGE_CURVE('',#2228,#2227,#1088,.T.);
#2829=EDGE_CURVE('',#2229,#2228,#1089,.T.);
#2830=EDGE_CURVE('',#2219,#2229,#1090,.T.);
#2831=EDGE_CURVE('',#2230,#2231,#1091,.T.);
#2832=EDGE_CURVE('',#2232,#2230,#1092,.T.);
#2833=EDGE_CURVE('',#2233,#2232,#1093,.T.);
#2834=EDGE_CURVE('',#2234,#2233,#1094,.T.);
#2835=EDGE_CURVE('',#2235,#2234,#1095,.T.);
#2836=EDGE_CURVE('',#2236,#2235,#1096,.T.);
#2837=EDGE_CURVE('',#2237,#2236,#1097,.T.);
#2838=EDGE_CURVE('',#2231,#2237,#1098,.T.);
#2839=EDGE_CURVE('',#2175,#2218,#1366,.T.);
#2840=EDGE_CURVE('',#2176,#2219,#1367,.T.);
#2841=EDGE_CURVE('',#2177,#2229,#1368,.T.);
#2842=EDGE_CURVE('',#2178,#2228,#1369,.T.);
#2843=EDGE_CURVE('',#2179,#2227,#1370,.T.);
#2844=EDGE_CURVE('',#2180,#2226,#1371,.T.);
#2845=EDGE_CURVE('',#2181,#2225,#1372,.T.);
#2846=EDGE_CURVE('',#2182,#2224,#1373,.T.);
#2847=EDGE_CURVE('',#2183,#2223,#1374,.T.);
#2848=EDGE_CURVE('',#2184,#2222,#1375,.T.);
#2849=EDGE_CURVE('',#2185,#2221,#1376,.T.);
#2850=EDGE_CURVE('',#2174,#2220,#1377,.T.);
#2851=EDGE_CURVE('',#2140,#2230,#1378,.T.);
#2852=EDGE_CURVE('',#2141,#2231,#1379,.T.);
#2853=EDGE_CURVE('',#2142,#2237,#1380,.T.);
#2854=EDGE_CURVE('',#2143,#2236,#1381,.T.);
#2855=EDGE_CURVE('',#2144,#2235,#1382,.T.);
#2856=EDGE_CURVE('',#2145,#2234,#1383,.T.);
#2857=EDGE_CURVE('',#2146,#2233,#1384,.T.);
#2858=EDGE_CURVE('',#2139,#2232,#1385,.T.);
#2859=EDGE_CURVE('',#2238,#2239,#1099,.T.);
#2860=EDGE_CURVE('',#2240,#2238,#1100,.T.);
#2861=EDGE_CURVE('',#2241,#2240,#1101,.T.);
#2862=EDGE_CURVE('',#2242,#2241,#1102,.T.);
#2863=EDGE_CURVE('',#2243,#2242,#1103,.T.);
#2864=EDGE_CURVE('',#2244,#2243,#1104,.T.);
#2865=EDGE_CURVE('',#2245,#2244,#1105,.T.);
#2866=EDGE_CURVE('',#2246,#2245,#1106,.T.);
#2867=EDGE_CURVE('',#2247,#2246,#1107,.T.);
#2868=EDGE_CURVE('',#2248,#2247,#1108,.T.);
#2869=EDGE_CURVE('',#2249,#2248,#1109,.T.);
#2870=EDGE_CURVE('',#2250,#2249,#1110,.T.);
#2871=EDGE_CURVE('',#2251,#2250,#1111,.T.);
#2872=EDGE_CURVE('',#2252,#2251,#1112,.T.);
#2873=EDGE_CURVE('',#2253,#2252,#1113,.T.);
#2874=EDGE_CURVE('',#2254,#2253,#1114,.T.);
#2875=EDGE_CURVE('',#2255,#2254,#1115,.T.);
#2876=EDGE_CURVE('',#2256,#2255,#1116,.T.);
#2877=EDGE_CURVE('',#2239,#2256,#1386,.T.);
#2878=EDGE_CURVE('',#2257,#2258,#1117,.T.);
#2879=EDGE_CURVE('',#2259,#2257,#1118,.T.);
#2880=EDGE_CURVE('',#2260,#2259,#1119,.T.);
#2881=EDGE_CURVE('',#2261,#2260,#1120,.T.);
#2882=EDGE_CURVE('',#2262,#2261,#1121,.T.);
#2883=EDGE_CURVE('',#2263,#2262,#1122,.T.);
#2884=EDGE_CURVE('',#2264,#2263,#1123,.T.);
#2885=EDGE_CURVE('',#2265,#2264,#1124,.T.);
#2886=EDGE_CURVE('',#2258,#2265,#1125,.T.);
#2887=EDGE_CURVE('',#2156,#2238,#1387,.T.);
#2888=EDGE_CURVE('',#2157,#2239,#1388,.T.);
#2889=EDGE_CURVE('',#2158,#2256,#1389,.T.);
#2890=EDGE_CURVE('',#2159,#2255,#1390,.T.);
#2891=EDGE_CURVE('',#2160,#2254,#1391,.T.);
#2892=EDGE_CURVE('',#2161,#2253,#1392,.T.);
#2893=EDGE_CURVE('',#2162,#2252,#1393,.T.);
#2894=EDGE_CURVE('',#2163,#2251,#1394,.T.);
#2895=EDGE_CURVE('',#2164,#2250,#1395,.T.);
#2896=EDGE_CURVE('',#2165,#2249,#1396,.T.);
#2897=EDGE_CURVE('',#2166,#2248,#1397,.T.);
#2898=EDGE_CURVE('',#2167,#2247,#1398,.T.);
#2899=EDGE_CURVE('',#2168,#2246,#1399,.T.);
#2900=EDGE_CURVE('',#2169,#2245,#1400,.T.);
#2901=EDGE_CURVE('',#2170,#2244,#1401,.T.);
#2902=EDGE_CURVE('',#2171,#2243,#1402,.T.);
#2903=EDGE_CURVE('',#2172,#2242,#1403,.T.);
#2904=EDGE_CURVE('',#2173,#2241,#1404,.T.);
#2905=EDGE_CURVE('',#2155,#2240,#1405,.T.);
#2906=EDGE_CURVE('',#2102,#2257,#1406,.T.);
#2907=EDGE_CURVE('',#2103,#2258,#1407,.T.);
#2908=EDGE_CURVE('',#2104,#2265,#1408,.T.);
#2909=EDGE_CURVE('',#2105,#2264,#1409,.T.);
#2910=EDGE_CURVE('',#2106,#2263,#1410,.T.);
#2911=EDGE_CURVE('',#2107,#2262,#1411,.T.);
#2912=EDGE_CURVE('',#2108,#2261,#1412,.T.);
#2913=EDGE_CURVE('',#2109,#2260,#1413,.T.);
#2914=EDGE_CURVE('',#2101,#2259,#1414,.T.);
#2915=EDGE_CURVE('',#2266,#2267,#1415,.T.);
#2916=EDGE_CURVE('',#2268,#2266,#1416,.T.);
#2917=EDGE_CURVE('',#2269,#2268,#1417,.T.);
#2918=EDGE_CURVE('',#2270,#2269,#1418,.T.);
#2919=EDGE_CURVE('',#2271,#2270,#1419,.T.);
#2920=EDGE_CURVE('',#2272,#2271,#1420,.T.);
#2921=EDGE_CURVE('',#2273,#2272,#1421,.T.);
#2922=EDGE_CURVE('',#2267,#2273,#1422,.T.);
#2923=EDGE_CURVE('',#2148,#2266,#1423,.T.);
#2924=EDGE_CURVE('',#2149,#2267,#1424,.T.);
#2925=EDGE_CURVE('',#2150,#2273,#1425,.T.);
#2926=EDGE_CURVE('',#2151,#2272,#1426,.T.);
#2927=EDGE_CURVE('',#2152,#2271,#1427,.T.);
#2928=EDGE_CURVE('',#2153,#2270,#1428,.T.);
#2929=EDGE_CURVE('',#2154,#2269,#1429,.T.);
#2930=EDGE_CURVE('',#2147,#2268,#1430,.T.);
#2931=EDGE_CURVE('',#2274,#2275,#1126,.T.);
#2932=EDGE_CURVE('',#2275,#2276,#1127,.T.);
#2933=EDGE_CURVE('',#2276,#2277,#1128,.T.);
#2934=EDGE_CURVE('',#2277,#2278,#1129,.T.);
#2935=EDGE_CURVE('',#2278,#2279,#1130,.T.);
#2936=EDGE_CURVE('',#2279,#2280,#1131,.T.);
#2937=EDGE_CURVE('',#2280,#2281,#1132,.T.);
#2938=EDGE_CURVE('',#2281,#2274,#1133,.T.);
#2939=EDGE_CURVE('',#2282,#2283,#1431,.T.);
#2940=EDGE_CURVE('',#2283,#2284,#1432,.T.);
#2941=EDGE_CURVE('',#2284,#2285,#1433,.T.);
#2942=EDGE_CURVE('',#2285,#2286,#1434,.T.);
#2943=EDGE_CURVE('',#2286,#2287,#1435,.T.);
#2944=EDGE_CURVE('',#2287,#2288,#1436,.T.);
#2945=EDGE_CURVE('',#2288,#2289,#1437,.T.);
#2946=EDGE_CURVE('',#2289,#2282,#1438,.T.);
#2947=EDGE_CURVE('',#2290,#2291,#1134,.T.);
#2948=EDGE_CURVE('',#2291,#2292,#1135,.T.);
#2949=EDGE_CURVE('',#2292,#2293,#1439,.T.);
#2950=EDGE_CURVE('',#2293,#2294,#1136,.T.);
#2951=EDGE_CURVE('',#2294,#2295,#1137,.T.);
#2952=EDGE_CURVE('',#2295,#2296,#1138,.T.);
#2953=EDGE_CURVE('',#2296,#2297,#1139,.T.);
#2954=EDGE_CURVE('',#2297,#2298,#1140,.T.);
#2955=EDGE_CURVE('',#2298,#2299,#1141,.T.);
#2956=EDGE_CURVE('',#2299,#2300,#1142,.T.);
#2957=EDGE_CURVE('',#2300,#2301,#1143,.T.);
#2958=EDGE_CURVE('',#2301,#2302,#1144,.T.);
#2959=EDGE_CURVE('',#2302,#2303,#1145,.T.);
#2960=EDGE_CURVE('',#2303,#2304,#1146,.T.);
#2961=EDGE_CURVE('',#2304,#2305,#1147,.T.);
#2962=EDGE_CURVE('',#2305,#2306,#1148,.T.);
#2963=EDGE_CURVE('',#2306,#2307,#1149,.T.);
#2964=EDGE_CURVE('',#2307,#2308,#1150,.T.);
#2965=EDGE_CURVE('',#2308,#2290,#1151,.T.);
#2966=EDGE_CURVE('',#2309,#2310,#1152,.T.);
#2967=EDGE_CURVE('',#2310,#2311,#1153,.T.);
#2968=EDGE_CURVE('',#2311,#2312,#1154,.T.);
#2969=EDGE_CURVE('',#2312,#2313,#1155,.T.);
#2970=EDGE_CURVE('',#2313,#2314,#1156,.T.);
#2971=EDGE_CURVE('',#2314,#2315,#1157,.T.);
#2972=EDGE_CURVE('',#2315,#2316,#1158,.T.);
#2973=EDGE_CURVE('',#2316,#2317,#1159,.T.);
#2974=EDGE_CURVE('',#2317,#2318,#1160,.T.);
#2975=EDGE_CURVE('',#2318,#2319,#1161,.T.);
#2976=EDGE_CURVE('',#2319,#2320,#1162,.T.);
#2977=EDGE_CURVE('',#2320,#2309,#1163,.T.);
#2978=EDGE_CURVE('',#2321,#2322,#1440,.T.);
#2979=EDGE_CURVE('',#2322,#2323,#1441,.T.);
#2980=EDGE_CURVE('',#2323,#2324,#1442,.T.);
#2981=EDGE_CURVE('',#2324,#2325,#1443,.T.);
#2982=EDGE_CURVE('',#2325,#2326,#1444,.T.);
#2983=EDGE_CURVE('',#2326,#2327,#1445,.T.);
#2984=EDGE_CURVE('',#2327,#2328,#1164,.T.);
#2985=EDGE_CURVE('',#2328,#2329,#1165,.T.);
#2986=EDGE_CURVE('',#2329,#2330,#1446,.T.);
#2987=EDGE_CURVE('',#2330,#2331,#1447,.T.);
#2988=EDGE_CURVE('',#2331,#2332,#1448,.T.);
#2989=EDGE_CURVE('',#2332,#2333,#1449,.T.);
#2990=EDGE_CURVE('',#2333,#2334,#1450,.T.);
#2991=EDGE_CURVE('',#2334,#2335,#1451,.T.);
#2992=EDGE_CURVE('',#2335,#2336,#1166,.T.);
#2993=EDGE_CURVE('',#2336,#2321,#1167,.T.);
#2994=EDGE_CURVE('',#2337,#2338,#1452,.T.);
#2995=EDGE_CURVE('',#2339,#2337,#1453,.T.);
#2996=EDGE_CURVE('',#2340,#2339,#1168,.T.);
#2997=EDGE_CURVE('',#2341,#2340,#1169,.T.);
#2998=EDGE_CURVE('',#2342,#2341,#1454,.T.);
#2999=EDGE_CURVE('',#2343,#2342,#1455,.T.);
#3000=EDGE_CURVE('',#2344,#2343,#1456,.T.);
#3001=EDGE_CURVE('',#2345,#2344,#1457,.T.);
#3002=EDGE_CURVE('',#2346,#2345,#1458,.T.);
#3003=EDGE_CURVE('',#2347,#2346,#1459,.T.);
#3004=EDGE_CURVE('',#2348,#2347,#1170,.T.);
#3005=EDGE_CURVE('',#2349,#2348,#1171,.T.);
#3006=EDGE_CURVE('',#2350,#2349,#1460,.T.);
#3007=EDGE_CURVE('',#2351,#2350,#1461,.T.);
#3008=EDGE_CURVE('',#2352,#2351,#1462,.T.);
#3009=EDGE_CURVE('',#2338,#2352,#1463,.T.);
#3010=EDGE_CURVE('',#2322,#2337,#1464,.T.);
#3011=EDGE_CURVE('',#2323,#2338,#1465,.T.);
#3012=EDGE_CURVE('',#2324,#2352,#1466,.T.);
#3013=EDGE_CURVE('',#2325,#2351,#1467,.T.);
#3014=EDGE_CURVE('',#2326,#2350,#1468,.T.);
#3015=EDGE_CURVE('',#2327,#2349,#1469,.T.);
#3016=EDGE_CURVE('',#2328,#2348,#1470,.T.);
#3017=EDGE_CURVE('',#2329,#2347,#1471,.T.);
#3018=EDGE_CURVE('',#2330,#2346,#1472,.T.);
#3019=EDGE_CURVE('',#2331,#2345,#1473,.T.);
#3020=EDGE_CURVE('',#2332,#2344,#1474,.T.);
#3021=EDGE_CURVE('',#2333,#2343,#1475,.T.);
#3022=EDGE_CURVE('',#2334,#2342,#1476,.T.);
#3023=EDGE_CURVE('',#2335,#2341,#1477,.T.);
#3024=EDGE_CURVE('',#2336,#2340,#1478,.T.);
#3025=EDGE_CURVE('',#2321,#2339,#1479,.T.);
#3026=EDGE_CURVE('',#2353,#2354,#1172,.T.);
#3027=EDGE_CURVE('',#2355,#2353,#1173,.T.);
#3028=EDGE_CURVE('',#2356,#2355,#1174,.T.);
#3029=EDGE_CURVE('',#2357,#2356,#1175,.T.);
#3030=EDGE_CURVE('',#2358,#2357,#1176,.T.);
#3031=EDGE_CURVE('',#2359,#2358,#1177,.T.);
#3032=EDGE_CURVE('',#2360,#2359,#1178,.T.);
#3033=EDGE_CURVE('',#2361,#2360,#1179,.T.);
#3034=EDGE_CURVE('',#2362,#2361,#1180,.T.);
#3035=EDGE_CURVE('',#2363,#2362,#1181,.T.);
#3036=EDGE_CURVE('',#2364,#2363,#1182,.T.);
#3037=EDGE_CURVE('',#2354,#2364,#1183,.T.);
#3038=EDGE_CURVE('',#2365,#2366,#1184,.T.);
#3039=EDGE_CURVE('',#2367,#2365,#1185,.T.);
#3040=EDGE_CURVE('',#2368,#2367,#1186,.T.);
#3041=EDGE_CURVE('',#2369,#2368,#1187,.T.);
#3042=EDGE_CURVE('',#2370,#2369,#1188,.T.);
#3043=EDGE_CURVE('',#2371,#2370,#1189,.T.);
#3044=EDGE_CURVE('',#2372,#2371,#1190,.T.);
#3045=EDGE_CURVE('',#2366,#2372,#1191,.T.);
#3046=EDGE_CURVE('',#2310,#2353,#1480,.T.);
#3047=EDGE_CURVE('',#2311,#2354,#1481,.T.);
#3048=EDGE_CURVE('',#2312,#2364,#1482,.T.);
#3049=EDGE_CURVE('',#2313,#2363,#1483,.T.);
#3050=EDGE_CURVE('',#2314,#2362,#1484,.T.);
#3051=EDGE_CURVE('',#2315,#2361,#1485,.T.);
#3052=EDGE_CURVE('',#2316,#2360,#1486,.T.);
#3053=EDGE_CURVE('',#2317,#2359,#1487,.T.);
#3054=EDGE_CURVE('',#2318,#2358,#1488,.T.);
#3055=EDGE_CURVE('',#2319,#2357,#1489,.T.);
#3056=EDGE_CURVE('',#2320,#2356,#1490,.T.);
#3057=EDGE_CURVE('',#2309,#2355,#1491,.T.);
#3058=EDGE_CURVE('',#2275,#2365,#1492,.T.);
#3059=EDGE_CURVE('',#2276,#2366,#1493,.T.);
#3060=EDGE_CURVE('',#2277,#2372,#1494,.T.);
#3061=EDGE_CURVE('',#2278,#2371,#1495,.T.);
#3062=EDGE_CURVE('',#2279,#2370,#1496,.T.);
#3063=EDGE_CURVE('',#2280,#2369,#1497,.T.);
#3064=EDGE_CURVE('',#2281,#2368,#1498,.T.);
#3065=EDGE_CURVE('',#2274,#2367,#1499,.T.);
#3066=EDGE_CURVE('',#2373,#2374,#1192,.T.);
#3067=EDGE_CURVE('',#2375,#2373,#1193,.T.);
#3068=EDGE_CURVE('',#2376,#2375,#1194,.T.);
#3069=EDGE_CURVE('',#2377,#2376,#1195,.T.);
#3070=EDGE_CURVE('',#2378,#2377,#1196,.T.);
#3071=EDGE_CURVE('',#2379,#2378,#1197,.T.);
#3072=EDGE_CURVE('',#2380,#2379,#1198,.T.);
#3073=EDGE_CURVE('',#2381,#2380,#1199,.T.);
#3074=EDGE_CURVE('',#2382,#2381,#1200,.T.);
#3075=EDGE_CURVE('',#2383,#2382,#1201,.T.);
#3076=EDGE_CURVE('',#2384,#2383,#1202,.T.);
#3077=EDGE_CURVE('',#2385,#2384,#1203,.T.);
#3078=EDGE_CURVE('',#2386,#2385,#1204,.T.);
#3079=EDGE_CURVE('',#2387,#2386,#1205,.T.);
#3080=EDGE_CURVE('',#2388,#2387,#1206,.T.);
#3081=EDGE_CURVE('',#2389,#2388,#1207,.T.);
#3082=EDGE_CURVE('',#2390,#2389,#1208,.T.);
#3083=EDGE_CURVE('',#2391,#2390,#1209,.T.);
#3084=EDGE_CURVE('',#2374,#2391,#1500,.T.);
#3085=EDGE_CURVE('',#2392,#2393,#1210,.T.);
#3086=EDGE_CURVE('',#2394,#2392,#1211,.T.);
#3087=EDGE_CURVE('',#2395,#2394,#1212,.T.);
#3088=EDGE_CURVE('',#2396,#2395,#1213,.T.);
#3089=EDGE_CURVE('',#2397,#2396,#1214,.T.);
#3090=EDGE_CURVE('',#2398,#2397,#1215,.T.);
#3091=EDGE_CURVE('',#2399,#2398,#1216,.T.);
#3092=EDGE_CURVE('',#2400,#2399,#1217,.T.);
#3093=EDGE_CURVE('',#2393,#2400,#1218,.T.);
#3094=EDGE_CURVE('',#2291,#2373,#1501,.T.);
#3095=EDGE_CURVE('',#2292,#2374,#1502,.T.);
#3096=EDGE_CURVE('',#2293,#2391,#1503,.T.);
#3097=EDGE_CURVE('',#2294,#2390,#1504,.T.);
#3098=EDGE_CURVE('',#2295,#2389,#1505,.T.);
#3099=EDGE_CURVE('',#2296,#2388,#1506,.T.);
#3100=EDGE_CURVE('',#2297,#2387,#1507,.T.);
#3101=EDGE_CURVE('',#2298,#2386,#1508,.T.);
#3102=EDGE_CURVE('',#2299,#2385,#1509,.T.);
#3103=EDGE_CURVE('',#2300,#2384,#1510,.T.);
#3104=EDGE_CURVE('',#2301,#2383,#1511,.T.);
#3105=EDGE_CURVE('',#2302,#2382,#1512,.T.);
#3106=EDGE_CURVE('',#2303,#2381,#1513,.T.);
#3107=EDGE_CURVE('',#2304,#2380,#1514,.T.);
#3108=EDGE_CURVE('',#2305,#2379,#1515,.T.);
#3109=EDGE_CURVE('',#2306,#2378,#1516,.T.);
#3110=EDGE_CURVE('',#2307,#2377,#1517,.T.);
#3111=EDGE_CURVE('',#2308,#2376,#1518,.T.);
#3112=EDGE_CURVE('',#2290,#2375,#1519,.T.);
#3113=EDGE_CURVE('',#2113,#2392,#1520,.T.);
#3114=EDGE_CURVE('',#2114,#2393,#1521,.T.);
#3115=EDGE_CURVE('',#2115,#2400,#1522,.T.);
#3116=EDGE_CURVE('',#2116,#2399,#1523,.T.);
#3117=EDGE_CURVE('',#2117,#2398,#1524,.T.);
#3118=EDGE_CURVE('',#2118,#2397,#1525,.T.);
#3119=EDGE_CURVE('',#2119,#2396,#1526,.T.);
#3120=EDGE_CURVE('',#2120,#2395,#1527,.T.);
#3121=EDGE_CURVE('',#2112,#2394,#1528,.T.);
#3122=EDGE_CURVE('',#2401,#2402,#1529,.T.);
#3123=EDGE_CURVE('',#2403,#2401,#1530,.T.);
#3124=EDGE_CURVE('',#2404,#2403,#1531,.T.);
#3125=EDGE_CURVE('',#2405,#2404,#1532,.T.);
#3126=EDGE_CURVE('',#2406,#2405,#1533,.T.);
#3127=EDGE_CURVE('',#2407,#2406,#1534,.T.);
#3128=EDGE_CURVE('',#2408,#2407,#1535,.T.);
#3129=EDGE_CURVE('',#2402,#2408,#1536,.T.);
#3130=EDGE_CURVE('',#2283,#2401,#1537,.T.);
#3131=EDGE_CURVE('',#2284,#2402,#1538,.T.);
#3132=EDGE_CURVE('',#2285,#2408,#1539,.T.);
#3133=EDGE_CURVE('',#2286,#2407,#1540,.T.);
#3134=EDGE_CURVE('',#2287,#2406,#1541,.T.);
#3135=EDGE_CURVE('',#2288,#2405,#1542,.T.);
#3136=EDGE_CURVE('',#2289,#2404,#1543,.T.);
#3137=EDGE_CURVE('',#2282,#2403,#1544,.T.);
#3138=EDGE_CURVE('',#2409,#2410,#1545,.T.);
#3139=EDGE_CURVE('',#2411,#2409,#1546,.T.);
#3140=EDGE_CURVE('',#2412,#2411,#1547,.T.);
#3141=EDGE_CURVE('',#2413,#2412,#1548,.T.);
#3142=EDGE_CURVE('',#2414,#2413,#1549,.T.);
#3143=EDGE_CURVE('',#2410,#2414,#1550,.T.);
#3144=EDGE_CURVE('',#2415,#2416,#1551,.T.);
#3145=EDGE_CURVE('',#2417,#2415,#1552,.T.);
#3146=EDGE_CURVE('',#2418,#2417,#1553,.T.);
#3147=EDGE_CURVE('',#2416,#2418,#1554,.T.);
#3148=EDGE_CURVE('',#2419,#2419,#871,.T.);
#3149=EDGE_CURVE('',#2420,#2420,#872,.T.);
#3150=EDGE_CURVE('',#2421,#2411,#1555,.T.);
#3151=EDGE_CURVE('',#2421,#2422,#1556,.T.);
#3152=EDGE_CURVE('',#2422,#2412,#1557,.T.);
#3153=EDGE_CURVE('',#2423,#2409,#1558,.T.);
#3154=EDGE_CURVE('',#2423,#2421,#1559,.T.);
#3155=EDGE_CURVE('',#2424,#2410,#1560,.T.);
#3156=EDGE_CURVE('',#2424,#2423,#1561,.T.);
#3157=EDGE_CURVE('',#2416,#2425,#1562,.T.);
#3158=EDGE_CURVE('',#2426,#2425,#1563,.T.);
#3159=EDGE_CURVE('',#2426,#2415,#1564,.T.);
#3160=EDGE_CURVE('',#2427,#2426,#1565,.T.);
#3161=EDGE_CURVE('',#2427,#2417,#1566,.T.);
#3162=EDGE_CURVE('',#2428,#2427,#1567,.T.);
#3163=EDGE_CURVE('',#2428,#2418,#1568,.T.);
#3164=EDGE_CURVE('',#2425,#2428,#1569,.T.);
#3165=EDGE_CURVE('',#2429,#2429,#873,.T.);
#3166=EDGE_CURVE('',#2429,#2430,#1570,.T.);
#3167=EDGE_CURVE('',#2430,#2430,#874,.T.);
#3168=EDGE_CURVE('',#2419,#2431,#1571,.T.);
#3169=EDGE_CURVE('',#2431,#2431,#875,.T.);
#3170=EDGE_CURVE('',#2432,#2432,#876,.T.);
#3171=EDGE_CURVE('',#2432,#2433,#1572,.T.);
#3172=EDGE_CURVE('',#2433,#2433,#877,.T.);
#3173=EDGE_CURVE('',#2420,#2434,#1573,.T.);
#3174=EDGE_CURVE('',#2434,#2434,#878,.T.);
#3175=EDGE_CURVE('',#2435,#2414,#1574,.T.);
#3176=EDGE_CURVE('',#2435,#2424,#1575,.T.);
#3177=EDGE_CURVE('',#2436,#2413,#1576,.T.);
#3178=EDGE_CURVE('',#2436,#2435,#1577,.T.);
#3179=EDGE_CURVE('',#2422,#2436,#1578,.T.);
#3180=ORIENTED_EDGE('',*,*,#2437,.T.);
#3181=ORIENTED_EDGE('',*,*,#2438,.T.);
#3182=ORIENTED_EDGE('',*,*,#2439,.F.);
#3183=ORIENTED_EDGE('',*,*,#2440,.T.);
#3184=ORIENTED_EDGE('',*,*,#2441,.F.);
#3185=ORIENTED_EDGE('',*,*,#2442,.T.);
#3186=ORIENTED_EDGE('',*,*,#2443,.F.);
#3187=ORIENTED_EDGE('',*,*,#2444,.T.);
#3188=ORIENTED_EDGE('',*,*,#2445,.T.);
#3189=ORIENTED_EDGE('',*,*,#2446,.T.);
#3190=ORIENTED_EDGE('',*,*,#2447,.F.);
#3191=ORIENTED_EDGE('',*,*,#2448,.F.);
#3192=ORIENTED_EDGE('',*,*,#2449,.F.);
#3193=ORIENTED_EDGE('',*,*,#2450,.F.);
#3194=ORIENTED_EDGE('',*,*,#2451,.F.);
#3195=ORIENTED_EDGE('',*,*,#2452,.T.);
#3196=ORIENTED_EDGE('',*,*,#2453,.F.);
#3197=ORIENTED_EDGE('',*,*,#2454,.T.);
#3198=ORIENTED_EDGE('',*,*,#2455,.F.);
#3199=ORIENTED_EDGE('',*,*,#2456,.F.);
#3200=ORIENTED_EDGE('',*,*,#2457,.F.);
#3201=ORIENTED_EDGE('',*,*,#2449,.T.);
#3202=ORIENTED_EDGE('',*,*,#2458,.T.);
#3203=ORIENTED_EDGE('',*,*,#2445,.F.);
#3204=ORIENTED_EDGE('',*,*,#2459,.F.);
#3205=ORIENTED_EDGE('',*,*,#2460,.F.);
#3206=ORIENTED_EDGE('',*,*,#2461,.F.);
#3207=ORIENTED_EDGE('',*,*,#2462,.F.);
#3208=ORIENTED_EDGE('',*,*,#2463,.T.);
#3209=ORIENTED_EDGE('',*,*,#2464,.F.);
#3210=ORIENTED_EDGE('',*,*,#2465,.F.);
#3211=ORIENTED_EDGE('',*,*,#2466,.F.);
#3212=ORIENTED_EDGE('',*,*,#2467,.T.);
#3213=ORIENTED_EDGE('',*,*,#2468,.F.);
#3214=ORIENTED_EDGE('',*,*,#2469,.F.);
#3215=ORIENTED_EDGE('',*,*,#2470,.F.);
#3216=ORIENTED_EDGE('',*,*,#2471,.T.);
#3217=ORIENTED_EDGE('',*,*,#2472,.F.);
#3218=ORIENTED_EDGE('',*,*,#2473,.F.);
#3219=ORIENTED_EDGE('',*,*,#2474,.F.);
#3220=ORIENTED_EDGE('',*,*,#2475,.T.);
#3221=ORIENTED_EDGE('',*,*,#2476,.F.);
#3222=ORIENTED_EDGE('',*,*,#2446,.F.);
#3223=ORIENTED_EDGE('',*,*,#2458,.F.);
#3224=ORIENTED_EDGE('',*,*,#2452,.F.);
#3225=ORIENTED_EDGE('',*,*,#2477,.F.);
#3226=ORIENTED_EDGE('',*,*,#2438,.F.);
#3227=ORIENTED_EDGE('',*,*,#2478,.F.);
#3228=ORIENTED_EDGE('',*,*,#2444,.F.);
#3229=ORIENTED_EDGE('',*,*,#2479,.F.);
#3230=ORIENTED_EDGE('',*,*,#2480,.F.);
#3231=ORIENTED_EDGE('',*,*,#2481,.F.);
#3232=ORIENTED_EDGE('',*,*,#2482,.F.);
#3233=ORIENTED_EDGE('',*,*,#2454,.F.);
#3234=ORIENTED_EDGE('',*,*,#2483,.F.);
#3235=ORIENTED_EDGE('',*,*,#2463,.F.);
#3236=ORIENTED_EDGE('',*,*,#2484,.F.);
#3237=ORIENTED_EDGE('',*,*,#2485,.F.);
#3238=ORIENTED_EDGE('',*,*,#2486,.F.);
#3239=ORIENTED_EDGE('',*,*,#2467,.F.);
#3240=ORIENTED_EDGE('',*,*,#2487,.F.);
#3241=ORIENTED_EDGE('',*,*,#2488,.F.);
#3242=ORIENTED_EDGE('',*,*,#2489,.F.);
#3243=ORIENTED_EDGE('',*,*,#2471,.F.);
#3244=ORIENTED_EDGE('',*,*,#2490,.F.);
#3245=ORIENTED_EDGE('',*,*,#2491,.F.);
#3246=ORIENTED_EDGE('',*,*,#2492,.F.);
#3247=ORIENTED_EDGE('',*,*,#2475,.F.);
#3248=ORIENTED_EDGE('',*,*,#2493,.F.);
#3249=ORIENTED_EDGE('',*,*,#2494,.F.);
#3250=ORIENTED_EDGE('',*,*,#2495,.F.);
#3251=ORIENTED_EDGE('',*,*,#2496,.F.);
#3252=ORIENTED_EDGE('',*,*,#2497,.F.);
#3253=ORIENTED_EDGE('',*,*,#2498,.F.);
#3254=ORIENTED_EDGE('',*,*,#2499,.F.);
#3255=ORIENTED_EDGE('',*,*,#2500,.F.);
#3256=ORIENTED_EDGE('',*,*,#2457,.T.);
#3257=ORIENTED_EDGE('',*,*,#2501,.F.);
#3258=ORIENTED_EDGE('',*,*,#2442,.F.);
#3259=ORIENTED_EDGE('',*,*,#2502,.F.);
#3260=ORIENTED_EDGE('',*,*,#2440,.F.);
#3261=ORIENTED_EDGE('',*,*,#2503,.F.);
#3262=ORIENTED_EDGE('',*,*,#2450,.T.);
#3263=ORIENTED_EDGE('',*,*,#2459,.T.);
#3264=ORIENTED_EDGE('',*,*,#2448,.T.);
#3265=ORIENTED_EDGE('',*,*,#2504,.F.);
#3266=ORIENTED_EDGE('',*,*,#2505,.F.);
#3267=ORIENTED_EDGE('',*,*,#2506,.F.);
#3268=ORIENTED_EDGE('',*,*,#2461,.T.);
#3269=ORIENTED_EDGE('',*,*,#2507,.F.);
#3270=ORIENTED_EDGE('',*,*,#2508,.F.);
#3271=ORIENTED_EDGE('',*,*,#2509,.F.);
#3272=ORIENTED_EDGE('',*,*,#2465,.T.);
#3273=ORIENTED_EDGE('',*,*,#2510,.F.);
#3274=ORIENTED_EDGE('',*,*,#2511,.F.);
#3275=ORIENTED_EDGE('',*,*,#2512,.F.);
#3276=ORIENTED_EDGE('',*,*,#2469,.T.);
#3277=ORIENTED_EDGE('',*,*,#2513,.F.);
#3278=ORIENTED_EDGE('',*,*,#2514,.F.);
#3279=ORIENTED_EDGE('',*,*,#2515,.F.);
#3280=ORIENTED_EDGE('',*,*,#2473,.T.);
#3281=ORIENTED_EDGE('',*,*,#2516,.F.);
#3282=ORIENTED_EDGE('',*,*,#2517,.F.);
#3283=ORIENTED_EDGE('',*,*,#2518,.F.);
#3284=ORIENTED_EDGE('',*,*,#2498,.T.);
#3285=ORIENTED_EDGE('',*,*,#2519,.F.);
#3286=ORIENTED_EDGE('',*,*,#2520,.F.);
#3287=ORIENTED_EDGE('',*,*,#2521,.F.);
#3288=ORIENTED_EDGE('',*,*,#2522,.F.);
#3289=ORIENTED_EDGE('',*,*,#2517,.T.);
#3290=ORIENTED_EDGE('',*,*,#2519,.T.);
#3291=ORIENTED_EDGE('',*,*,#2497,.T.);
#3292=ORIENTED_EDGE('',*,*,#2523,.T.);
#3293=ORIENTED_EDGE('',*,*,#2524,.T.);
#3294=ORIENTED_EDGE('',*,*,#2525,.T.);
#3295=ORIENTED_EDGE('',*,*,#2526,.T.);
#3296=ORIENTED_EDGE('',*,*,#2527,.T.);
#3297=ORIENTED_EDGE('',*,*,#2528,.T.);
#3298=ORIENTED_EDGE('',*,*,#2529,.T.);
#3299=ORIENTED_EDGE('',*,*,#2477,.T.);
#3300=ORIENTED_EDGE('',*,*,#2451,.T.);
#3301=ORIENTED_EDGE('',*,*,#2503,.T.);
#3302=ORIENTED_EDGE('',*,*,#2439,.T.);
#3303=ORIENTED_EDGE('',*,*,#2441,.T.);
#3304=ORIENTED_EDGE('',*,*,#2478,.T.);
#3305=ORIENTED_EDGE('',*,*,#2437,.F.);
#3306=ORIENTED_EDGE('',*,*,#2502,.T.);
#3307=ORIENTED_EDGE('',*,*,#2496,.T.);
#3308=ORIENTED_EDGE('',*,*,#2530,.T.);
#3309=ORIENTED_EDGE('',*,*,#2523,.F.);
#3310=ORIENTED_EDGE('',*,*,#2505,.T.);
#3311=ORIENTED_EDGE('',*,*,#2531,.T.);
#3312=ORIENTED_EDGE('',*,*,#2481,.T.);
#3313=ORIENTED_EDGE('',*,*,#2532,.F.);
#3314=ORIENTED_EDGE('',*,*,#2533,.T.);
#3315=ORIENTED_EDGE('',*,*,#2508,.T.);
#3316=ORIENTED_EDGE('',*,*,#2534,.T.);
#3317=ORIENTED_EDGE('',*,*,#2485,.T.);
#3318=ORIENTED_EDGE('',*,*,#2535,.T.);
#3319=ORIENTED_EDGE('',*,*,#2511,.T.);
#3320=ORIENTED_EDGE('',*,*,#2536,.T.);
#3321=ORIENTED_EDGE('',*,*,#2488,.T.);
#3322=ORIENTED_EDGE('',*,*,#2537,.T.);
#3323=ORIENTED_EDGE('',*,*,#2514,.T.);
#3324=ORIENTED_EDGE('',*,*,#2538,.T.);
#3325=ORIENTED_EDGE('',*,*,#2491,.T.);
#3326=ORIENTED_EDGE('',*,*,#2539,.T.);
#3327=ORIENTED_EDGE('',*,*,#2479,.T.);
#3328=ORIENTED_EDGE('',*,*,#2443,.T.);
#3329=ORIENTED_EDGE('',*,*,#2501,.T.);
#3330=ORIENTED_EDGE('',*,*,#2456,.T.);
#3331=ORIENTED_EDGE('',*,*,#2540,.T.);
#3332=ORIENTED_EDGE('',*,*,#2541,.T.);
#3333=ORIENTED_EDGE('',*,*,#2542,.T.);
#3334=ORIENTED_EDGE('',*,*,#2500,.T.);
#3335=ORIENTED_EDGE('',*,*,#2543,.T.);
#3336=ORIENTED_EDGE('',*,*,#2544,.T.);
#3337=ORIENTED_EDGE('',*,*,#2545,.T.);
#3338=ORIENTED_EDGE('',*,*,#2532,.T.);
#3339=ORIENTED_EDGE('',*,*,#2480,.T.);
#3340=ORIENTED_EDGE('',*,*,#2453,.T.);
#3341=ORIENTED_EDGE('',*,*,#2476,.T.);
#3342=ORIENTED_EDGE('',*,*,#2542,.F.);
#3343=ORIENTED_EDGE('',*,*,#2546,.F.);
#3344=ORIENTED_EDGE('',*,*,#2543,.F.);
#3345=ORIENTED_EDGE('',*,*,#2499,.T.);
#3346=ORIENTED_EDGE('',*,*,#2447,.T.);
#3347=ORIENTED_EDGE('',*,*,#2516,.T.);
#3348=ORIENTED_EDGE('',*,*,#2527,.F.);
#3349=ORIENTED_EDGE('',*,*,#2547,.F.);
#3350=ORIENTED_EDGE('',*,*,#2540,.F.);
#3351=ORIENTED_EDGE('',*,*,#2455,.T.);
#3352=ORIENTED_EDGE('',*,*,#2482,.T.);
#3353=ORIENTED_EDGE('',*,*,#2531,.F.);
#3354=ORIENTED_EDGE('',*,*,#2504,.T.);
#3355=ORIENTED_EDGE('',*,*,#2460,.T.);
#3356=ORIENTED_EDGE('',*,*,#2483,.T.);
#3357=ORIENTED_EDGE('',*,*,#2534,.F.);
#3358=ORIENTED_EDGE('',*,*,#2507,.T.);
#3359=ORIENTED_EDGE('',*,*,#2464,.T.);
#3360=ORIENTED_EDGE('',*,*,#2486,.T.);
#3361=ORIENTED_EDGE('',*,*,#2536,.F.);
#3362=ORIENTED_EDGE('',*,*,#2510,.T.);
#3363=ORIENTED_EDGE('',*,*,#2468,.T.);
#3364=ORIENTED_EDGE('',*,*,#2489,.T.);
#3365=ORIENTED_EDGE('',*,*,#2538,.F.);
#3366=ORIENTED_EDGE('',*,*,#2513,.T.);
#3367=ORIENTED_EDGE('',*,*,#2472,.T.);
#3368=ORIENTED_EDGE('',*,*,#2492,.T.);
#3369=ORIENTED_EDGE('',*,*,#2548,.F.);
#3370=ORIENTED_EDGE('',*,*,#2520,.T.);
#3371=ORIENTED_EDGE('',*,*,#2522,.T.);
#3372=ORIENTED_EDGE('',*,*,#2549,.F.);
#3373=ORIENTED_EDGE('',*,*,#2493,.T.);
#3374=ORIENTED_EDGE('',*,*,#2474,.T.);
#3375=ORIENTED_EDGE('',*,*,#2515,.T.);
#3376=ORIENTED_EDGE('',*,*,#2539,.F.);
#3377=ORIENTED_EDGE('',*,*,#2490,.T.);
#3378=ORIENTED_EDGE('',*,*,#2470,.T.);
#3379=ORIENTED_EDGE('',*,*,#2512,.T.);
#3380=ORIENTED_EDGE('',*,*,#2537,.F.);
#3381=ORIENTED_EDGE('',*,*,#2487,.T.);
#3382=ORIENTED_EDGE('',*,*,#2466,.T.);
#3383=ORIENTED_EDGE('',*,*,#2509,.T.);
#3384=ORIENTED_EDGE('',*,*,#2535,.F.);
#3385=ORIENTED_EDGE('',*,*,#2484,.T.);
#3386=ORIENTED_EDGE('',*,*,#2462,.T.);
#3387=ORIENTED_EDGE('',*,*,#2506,.T.);
#3388=ORIENTED_EDGE('',*,*,#2533,.F.);
#3389=ORIENTED_EDGE('',*,*,#2545,.F.);
#3390=ORIENTED_EDGE('',*,*,#2550,.F.);
#3391=ORIENTED_EDGE('',*,*,#2524,.F.);
#3392=ORIENTED_EDGE('',*,*,#2530,.F.);
#3393=ORIENTED_EDGE('',*,*,#2495,.T.);
#3394=ORIENTED_EDGE('',*,*,#2518,.T.);
#3395=ORIENTED_EDGE('',*,*,#2550,.T.);
#3396=ORIENTED_EDGE('',*,*,#2544,.F.);
#3397=ORIENTED_EDGE('',*,*,#2546,.T.);
#3398=ORIENTED_EDGE('',*,*,#2541,.F.);
#3399=ORIENTED_EDGE('',*,*,#2547,.T.);
#3400=ORIENTED_EDGE('',*,*,#2526,.F.);
#3401=ORIENTED_EDGE('',*,*,#2551,.T.);
#3402=ORIENTED_EDGE('',*,*,#2529,.F.);
#3403=ORIENTED_EDGE('',*,*,#2528,.F.);
#3404=ORIENTED_EDGE('',*,*,#2551,.F.);
#3405=ORIENTED_EDGE('',*,*,#2525,.F.);
#3406=ORIENTED_EDGE('',*,*,#2521,.T.);
#3407=ORIENTED_EDGE('',*,*,#2548,.T.);
#3408=ORIENTED_EDGE('',*,*,#2494,.T.);
#3409=ORIENTED_EDGE('',*,*,#2549,.T.);
#3410=ORIENTED_EDGE('',*,*,#2552,.T.);
#3411=ORIENTED_EDGE('',*,*,#2553,.T.);
#3412=ORIENTED_EDGE('',*,*,#2554,.F.);
#3413=ORIENTED_EDGE('',*,*,#2555,.T.);
#3414=ORIENTED_EDGE('',*,*,#2556,.F.);
#3415=ORIENTED_EDGE('',*,*,#2557,.T.);
#3416=ORIENTED_EDGE('',*,*,#2558,.T.);
#3417=ORIENTED_EDGE('',*,*,#2559,.T.);
#3418=ORIENTED_EDGE('',*,*,#2560,.T.);
#3419=ORIENTED_EDGE('',*,*,#2561,.F.);
#3420=ORIENTED_EDGE('',*,*,#2562,.F.);
#3421=ORIENTED_EDGE('',*,*,#2563,.F.);
#3422=ORIENTED_EDGE('',*,*,#2564,.F.);
#3423=ORIENTED_EDGE('',*,*,#2565,.F.);
#3424=ORIENTED_EDGE('',*,*,#2566,.T.);
#3425=ORIENTED_EDGE('',*,*,#2563,.T.);
#3426=ORIENTED_EDGE('',*,*,#2567,.T.);
#3427=ORIENTED_EDGE('',*,*,#2559,.F.);
#3428=ORIENTED_EDGE('',*,*,#2568,.F.);
#3429=ORIENTED_EDGE('',*,*,#2569,.F.);
#3430=ORIENTED_EDGE('',*,*,#2570,.F.);
#3431=ORIENTED_EDGE('',*,*,#2571,.F.);
#3432=ORIENTED_EDGE('',*,*,#2572,.T.);
#3433=ORIENTED_EDGE('',*,*,#2573,.F.);
#3434=ORIENTED_EDGE('',*,*,#2574,.F.);
#3435=ORIENTED_EDGE('',*,*,#2575,.F.);
#3436=ORIENTED_EDGE('',*,*,#2576,.T.);
#3437=ORIENTED_EDGE('',*,*,#2577,.F.);
#3438=ORIENTED_EDGE('',*,*,#2578,.F.);
#3439=ORIENTED_EDGE('',*,*,#2579,.F.);
#3440=ORIENTED_EDGE('',*,*,#2580,.T.);
#3441=ORIENTED_EDGE('',*,*,#2581,.F.);
#3442=ORIENTED_EDGE('',*,*,#2582,.F.);
#3443=ORIENTED_EDGE('',*,*,#2583,.F.);
#3444=ORIENTED_EDGE('',*,*,#2584,.T.);
#3445=ORIENTED_EDGE('',*,*,#2585,.F.);
#3446=ORIENTED_EDGE('',*,*,#2586,.F.);
#3447=ORIENTED_EDGE('',*,*,#2587,.F.);
#3448=ORIENTED_EDGE('',*,*,#2588,.T.);
#3449=ORIENTED_EDGE('',*,*,#2589,.F.);
#3450=ORIENTED_EDGE('',*,*,#2590,.F.);
#3451=ORIENTED_EDGE('',*,*,#2555,.F.);
#3452=ORIENTED_EDGE('',*,*,#2591,.F.);
#3453=ORIENTED_EDGE('',*,*,#2564,.T.);
#3454=ORIENTED_EDGE('',*,*,#2568,.T.);
#3455=ORIENTED_EDGE('',*,*,#2562,.T.);
#3456=ORIENTED_EDGE('',*,*,#2592,.F.);
#3457=ORIENTED_EDGE('',*,*,#2593,.F.);
#3458=ORIENTED_EDGE('',*,*,#2594,.F.);
#3459=ORIENTED_EDGE('',*,*,#2570,.T.);
#3460=ORIENTED_EDGE('',*,*,#2595,.F.);
#3461=ORIENTED_EDGE('',*,*,#2596,.F.);
#3462=ORIENTED_EDGE('',*,*,#2597,.F.);
#3463=ORIENTED_EDGE('',*,*,#2574,.T.);
#3464=ORIENTED_EDGE('',*,*,#2598,.F.);
#3465=ORIENTED_EDGE('',*,*,#2599,.F.);
#3466=ORIENTED_EDGE('',*,*,#2600,.F.);
#3467=ORIENTED_EDGE('',*,*,#2578,.T.);
#3468=ORIENTED_EDGE('',*,*,#2601,.F.);
#3469=ORIENTED_EDGE('',*,*,#2602,.F.);
#3470=ORIENTED_EDGE('',*,*,#2603,.F.);
#3471=ORIENTED_EDGE('',*,*,#2582,.T.);
#3472=ORIENTED_EDGE('',*,*,#2604,.F.);
#3473=ORIENTED_EDGE('',*,*,#2605,.F.);
#3474=ORIENTED_EDGE('',*,*,#2606,.F.);
#3475=ORIENTED_EDGE('',*,*,#2586,.T.);
#3476=ORIENTED_EDGE('',*,*,#2607,.F.);
#3477=ORIENTED_EDGE('',*,*,#2560,.F.);
#3478=ORIENTED_EDGE('',*,*,#2567,.F.);
#3479=ORIENTED_EDGE('',*,*,#2566,.F.);
#3480=ORIENTED_EDGE('',*,*,#2608,.F.);
#3481=ORIENTED_EDGE('',*,*,#2553,.F.);
#3482=ORIENTED_EDGE('',*,*,#2609,.F.);
#3483=ORIENTED_EDGE('',*,*,#2558,.F.);
#3484=ORIENTED_EDGE('',*,*,#2610,.F.);
#3485=ORIENTED_EDGE('',*,*,#2611,.F.);
#3486=ORIENTED_EDGE('',*,*,#2612,.F.);
#3487=ORIENTED_EDGE('',*,*,#2613,.F.);
#3488=ORIENTED_EDGE('',*,*,#2572,.F.);
#3489=ORIENTED_EDGE('',*,*,#2614,.F.);
#3490=ORIENTED_EDGE('',*,*,#2615,.F.);
#3491=ORIENTED_EDGE('',*,*,#2616,.F.);
#3492=ORIENTED_EDGE('',*,*,#2576,.F.);
#3493=ORIENTED_EDGE('',*,*,#2617,.F.);
#3494=ORIENTED_EDGE('',*,*,#2618,.F.);
#3495=ORIENTED_EDGE('',*,*,#2619,.F.);
#3496=ORIENTED_EDGE('',*,*,#2580,.F.);
#3497=ORIENTED_EDGE('',*,*,#2620,.F.);
#3498=ORIENTED_EDGE('',*,*,#2621,.F.);
#3499=ORIENTED_EDGE('',*,*,#2622,.F.);
#3500=ORIENTED_EDGE('',*,*,#2584,.F.);
#3501=ORIENTED_EDGE('',*,*,#2623,.F.);
#3502=ORIENTED_EDGE('',*,*,#2624,.F.);
#3503=ORIENTED_EDGE('',*,*,#2625,.F.);
#3504=ORIENTED_EDGE('',*,*,#2588,.F.);
#3505=ORIENTED_EDGE('',*,*,#2626,.F.);
#3506=ORIENTED_EDGE('',*,*,#2627,.F.);
#3507=ORIENTED_EDGE('',*,*,#2628,.F.);
#3508=ORIENTED_EDGE('',*,*,#2629,.F.);
#3509=ORIENTED_EDGE('',*,*,#2630,.F.);
#3510=ORIENTED_EDGE('',*,*,#2631,.F.);
#3511=ORIENTED_EDGE('',*,*,#2630,.T.);
#3512=ORIENTED_EDGE('',*,*,#2632,.F.);
#3513=ORIENTED_EDGE('',*,*,#2633,.F.);
#3514=ORIENTED_EDGE('',*,*,#2632,.T.);
#3515=ORIENTED_EDGE('',*,*,#2629,.T.);
#3516=ORIENTED_EDGE('',*,*,#2634,.T.);
#3517=ORIENTED_EDGE('',*,*,#2635,.T.);
#3518=ORIENTED_EDGE('',*,*,#2636,.T.);
#3519=ORIENTED_EDGE('',*,*,#2637,.T.);
#3520=ORIENTED_EDGE('',*,*,#2604,.T.);
#3521=ORIENTED_EDGE('',*,*,#2585,.T.);
#3522=ORIENTED_EDGE('',*,*,#2625,.T.);
#3523=ORIENTED_EDGE('',*,*,#2638,.F.);
#3524=ORIENTED_EDGE('',*,*,#2636,.F.);
#3525=ORIENTED_EDGE('',*,*,#2639,.F.);
#3526=ORIENTED_EDGE('',*,*,#2640,.F.);
#3527=ORIENTED_EDGE('',*,*,#2641,.F.);
#3528=ORIENTED_EDGE('',*,*,#2592,.T.);
#3529=ORIENTED_EDGE('',*,*,#2569,.T.);
#3530=ORIENTED_EDGE('',*,*,#2613,.T.);
#3531=ORIENTED_EDGE('',*,*,#2642,.F.);
#3532=ORIENTED_EDGE('',*,*,#2595,.T.);
#3533=ORIENTED_EDGE('',*,*,#2573,.T.);
#3534=ORIENTED_EDGE('',*,*,#2616,.T.);
#3535=ORIENTED_EDGE('',*,*,#2643,.F.);
#3536=ORIENTED_EDGE('',*,*,#2598,.T.);
#3537=ORIENTED_EDGE('',*,*,#2577,.T.);
#3538=ORIENTED_EDGE('',*,*,#2619,.T.);
#3539=ORIENTED_EDGE('',*,*,#2644,.F.);
#3540=ORIENTED_EDGE('',*,*,#2601,.T.);
#3541=ORIENTED_EDGE('',*,*,#2581,.T.);
#3542=ORIENTED_EDGE('',*,*,#2622,.T.);
#3543=ORIENTED_EDGE('',*,*,#2645,.F.);
#3544=ORIENTED_EDGE('',*,*,#2589,.T.);
#3545=ORIENTED_EDGE('',*,*,#2561,.T.);
#3546=ORIENTED_EDGE('',*,*,#2607,.T.);
#3547=ORIENTED_EDGE('',*,*,#2646,.T.);
#3548=ORIENTED_EDGE('',*,*,#2640,.T.);
#3549=ORIENTED_EDGE('',*,*,#2647,.T.);
#3550=ORIENTED_EDGE('',*,*,#2648,.T.);
#3551=ORIENTED_EDGE('',*,*,#2649,.T.);
#3552=ORIENTED_EDGE('',*,*,#2556,.T.);
#3553=ORIENTED_EDGE('',*,*,#2609,.T.);
#3554=ORIENTED_EDGE('',*,*,#2552,.F.);
#3555=ORIENTED_EDGE('',*,*,#2590,.T.);
#3556=ORIENTED_EDGE('',*,*,#2649,.F.);
#3557=ORIENTED_EDGE('',*,*,#2650,.T.);
#3558=ORIENTED_EDGE('',*,*,#2593,.T.);
#3559=ORIENTED_EDGE('',*,*,#2641,.T.);
#3560=ORIENTED_EDGE('',*,*,#2646,.F.);
#3561=ORIENTED_EDGE('',*,*,#2612,.T.);
#3562=ORIENTED_EDGE('',*,*,#2651,.T.);
#3563=ORIENTED_EDGE('',*,*,#2596,.T.);
#3564=ORIENTED_EDGE('',*,*,#2642,.T.);
#3565=ORIENTED_EDGE('',*,*,#2615,.T.);
#3566=ORIENTED_EDGE('',*,*,#2652,.T.);
#3567=ORIENTED_EDGE('',*,*,#2599,.T.);
#3568=ORIENTED_EDGE('',*,*,#2643,.T.);
#3569=ORIENTED_EDGE('',*,*,#2618,.T.);
#3570=ORIENTED_EDGE('',*,*,#2653,.T.);
#3571=ORIENTED_EDGE('',*,*,#2602,.T.);
#3572=ORIENTED_EDGE('',*,*,#2644,.T.);
#3573=ORIENTED_EDGE('',*,*,#2621,.T.);
#3574=ORIENTED_EDGE('',*,*,#2654,.T.);
#3575=ORIENTED_EDGE('',*,*,#2605,.T.);
#3576=ORIENTED_EDGE('',*,*,#2645,.T.);
#3577=ORIENTED_EDGE('',*,*,#2624,.T.);
#3578=ORIENTED_EDGE('',*,*,#2655,.T.);
#3579=ORIENTED_EDGE('',*,*,#2633,.T.);
#3580=ORIENTED_EDGE('',*,*,#2637,.F.);
#3581=ORIENTED_EDGE('',*,*,#2638,.T.);
#3582=ORIENTED_EDGE('',*,*,#2627,.T.);
#3583=ORIENTED_EDGE('',*,*,#2656,.T.);
#3584=ORIENTED_EDGE('',*,*,#2657,.T.);
#3585=ORIENTED_EDGE('',*,*,#2658,.T.);
#3586=ORIENTED_EDGE('',*,*,#2591,.T.);
#3587=ORIENTED_EDGE('',*,*,#2554,.T.);
#3588=ORIENTED_EDGE('',*,*,#2608,.T.);
#3589=ORIENTED_EDGE('',*,*,#2565,.T.);
#3590=ORIENTED_EDGE('',*,*,#2631,.T.);
#3591=ORIENTED_EDGE('',*,*,#2656,.F.);
#3592=ORIENTED_EDGE('',*,*,#2626,.T.);
#3593=ORIENTED_EDGE('',*,*,#2587,.T.);
#3594=ORIENTED_EDGE('',*,*,#2606,.T.);
#3595=ORIENTED_EDGE('',*,*,#2655,.F.);
#3596=ORIENTED_EDGE('',*,*,#2623,.T.);
#3597=ORIENTED_EDGE('',*,*,#2583,.T.);
#3598=ORIENTED_EDGE('',*,*,#2603,.T.);
#3599=ORIENTED_EDGE('',*,*,#2654,.F.);
#3600=ORIENTED_EDGE('',*,*,#2620,.T.);
#3601=ORIENTED_EDGE('',*,*,#2579,.T.);
#3602=ORIENTED_EDGE('',*,*,#2600,.T.);
#3603=ORIENTED_EDGE('',*,*,#2653,.F.);
#3604=ORIENTED_EDGE('',*,*,#2617,.T.);
#3605=ORIENTED_EDGE('',*,*,#2575,.T.);
#3606=ORIENTED_EDGE('',*,*,#2597,.T.);
#3607=ORIENTED_EDGE('',*,*,#2652,.F.);
#3608=ORIENTED_EDGE('',*,*,#2614,.T.);
#3609=ORIENTED_EDGE('',*,*,#2571,.T.);
#3610=ORIENTED_EDGE('',*,*,#2594,.T.);
#3611=ORIENTED_EDGE('',*,*,#2651,.F.);
#3612=ORIENTED_EDGE('',*,*,#2611,.T.);
#3613=ORIENTED_EDGE('',*,*,#2659,.T.);
#3614=ORIENTED_EDGE('',*,*,#2660,.F.);
#3615=ORIENTED_EDGE('',*,*,#2634,.F.);
#3616=ORIENTED_EDGE('',*,*,#2628,.T.);
#3617=ORIENTED_EDGE('',*,*,#2610,.T.);
#3618=ORIENTED_EDGE('',*,*,#2557,.F.);
#3619=ORIENTED_EDGE('',*,*,#2650,.F.);
#3620=ORIENTED_EDGE('',*,*,#2648,.F.);
#3621=ORIENTED_EDGE('',*,*,#2661,.F.);
#3622=ORIENTED_EDGE('',*,*,#2662,.F.);
#3623=ORIENTED_EDGE('',*,*,#2659,.F.);
#3624=ORIENTED_EDGE('',*,*,#2660,.T.);
#3625=ORIENTED_EDGE('',*,*,#2662,.T.);
#3626=ORIENTED_EDGE('',*,*,#2663,.T.);
#3627=ORIENTED_EDGE('',*,*,#2658,.F.);
#3628=ORIENTED_EDGE('',*,*,#2657,.F.);
#3629=ORIENTED_EDGE('',*,*,#2663,.F.);
#3630=ORIENTED_EDGE('',*,*,#2661,.T.);
#3631=ORIENTED_EDGE('',*,*,#2647,.F.);
#3632=ORIENTED_EDGE('',*,*,#2639,.T.);
#3633=ORIENTED_EDGE('',*,*,#2635,.F.);
#3634=ORIENTED_EDGE('',*,*,#2664,.T.);
#3635=ORIENTED_EDGE('',*,*,#2665,.T.);
#3636=ORIENTED_EDGE('',*,*,#2666,.T.);
#3637=ORIENTED_EDGE('',*,*,#2667,.T.);
#3638=ORIENTED_EDGE('',*,*,#2668,.T.);
#3639=ORIENTED_EDGE('',*,*,#2669,.T.);
#3640=ORIENTED_EDGE('',*,*,#2670,.T.);
#3641=ORIENTED_EDGE('',*,*,#2671,.T.);
#3642=ORIENTED_EDGE('',*,*,#2672,.T.);
#3643=ORIENTED_EDGE('',*,*,#2673,.T.);
#3644=ORIENTED_EDGE('',*,*,#2664,.F.);
#3645=ORIENTED_EDGE('',*,*,#2674,.F.);
#3646=ORIENTED_EDGE('',*,*,#2675,.T.);
#3647=ORIENTED_EDGE('',*,*,#2676,.T.);
#3648=ORIENTED_EDGE('',*,*,#2677,.T.);
#3649=ORIENTED_EDGE('',*,*,#2678,.T.);
#3650=ORIENTED_EDGE('',*,*,#2679,.T.);
#3651=ORIENTED_EDGE('',*,*,#2680,.T.);
#3652=ORIENTED_EDGE('',*,*,#2681,.T.);
#3653=ORIENTED_EDGE('',*,*,#2682,.T.);
#3654=ORIENTED_EDGE('',*,*,#2683,.T.);
#3655=ORIENTED_EDGE('',*,*,#2684,.T.);
#3656=ORIENTED_EDGE('',*,*,#2685,.T.);
#3657=ORIENTED_EDGE('',*,*,#2666,.F.);
#3658=ORIENTED_EDGE('',*,*,#2686,.F.);
#3659=ORIENTED_EDGE('',*,*,#2687,.T.);
#3660=ORIENTED_EDGE('',*,*,#2688,.T.);
#3661=ORIENTED_EDGE('',*,*,#2689,.T.);
#3662=ORIENTED_EDGE('',*,*,#2690,.T.);
#3663=ORIENTED_EDGE('',*,*,#2691,.T.);
#3664=ORIENTED_EDGE('',*,*,#2692,.T.);
#3665=ORIENTED_EDGE('',*,*,#2693,.T.);
#3666=ORIENTED_EDGE('',*,*,#2694,.T.);
#3667=ORIENTED_EDGE('',*,*,#2695,.T.);
#3668=ORIENTED_EDGE('',*,*,#2696,.T.);
#3669=ORIENTED_EDGE('',*,*,#2697,.T.);
#3670=ORIENTED_EDGE('',*,*,#2668,.F.);
#3671=ORIENTED_EDGE('',*,*,#2698,.F.);
#3672=ORIENTED_EDGE('',*,*,#2699,.T.);
#3673=ORIENTED_EDGE('',*,*,#2674,.T.);
#3674=ORIENTED_EDGE('',*,*,#2669,.F.);
#3675=ORIENTED_EDGE('',*,*,#2697,.F.);
#3676=ORIENTED_EDGE('',*,*,#2672,.F.);
#3677=ORIENTED_EDGE('',*,*,#2699,.F.);
#3678=ORIENTED_EDGE('',*,*,#2696,.F.);
#3679=ORIENTED_EDGE('',*,*,#2700,.F.);
#3680=ORIENTED_EDGE('',*,*,#2684,.F.);
#3681=ORIENTED_EDGE('',*,*,#2701,.F.);
#3682=ORIENTED_EDGE('',*,*,#2702,.T.);
#3683=ORIENTED_EDGE('',*,*,#2703,.T.);
#3684=ORIENTED_EDGE('',*,*,#2704,.T.);
#3685=ORIENTED_EDGE('',*,*,#2705,.T.);
#3686=ORIENTED_EDGE('',*,*,#2704,.F.);
#3687=ORIENTED_EDGE('',*,*,#2705,.F.);
#3688=ORIENTED_EDGE('',*,*,#2706,.T.);
#3689=ORIENTED_EDGE('',*,*,#2707,.T.);
#3690=ORIENTED_EDGE('',*,*,#2706,.F.);
#3691=ORIENTED_EDGE('',*,*,#2707,.F.);
#3692=ORIENTED_EDGE('',*,*,#2708,.T.);
#3693=ORIENTED_EDGE('',*,*,#2708,.F.);
#3694=ORIENTED_EDGE('',*,*,#2702,.F.);
#3695=ORIENTED_EDGE('',*,*,#2703,.F.);
#3696=ORIENTED_EDGE('',*,*,#2709,.T.);
#3697=ORIENTED_EDGE('',*,*,#2710,.T.);
#3698=ORIENTED_EDGE('',*,*,#2709,.F.);
#3699=ORIENTED_EDGE('',*,*,#2710,.F.);
#3700=ORIENTED_EDGE('',*,*,#2711,.T.);
#3701=ORIENTED_EDGE('',*,*,#2711,.F.);
#3702=ORIENTED_EDGE('',*,*,#2712,.F.);
#3703=ORIENTED_EDGE('',*,*,#2713,.T.);
#3704=ORIENTED_EDGE('',*,*,#2714,.T.);
#3705=ORIENTED_EDGE('',*,*,#2713,.F.);
#3706=ORIENTED_EDGE('',*,*,#2671,.F.);
#3707=ORIENTED_EDGE('',*,*,#2715,.T.);
#3708=ORIENTED_EDGE('',*,*,#2716,.T.);
#3709=ORIENTED_EDGE('',*,*,#2715,.F.);
#3710=ORIENTED_EDGE('',*,*,#2716,.F.);
#3711=ORIENTED_EDGE('',*,*,#2712,.T.);
#3712=ORIENTED_EDGE('',*,*,#2714,.F.);
#3713=ORIENTED_EDGE('',*,*,#2717,.T.);
#3714=ORIENTED_EDGE('',*,*,#2717,.F.);
#3715=ORIENTED_EDGE('',*,*,#2718,.T.);
#3716=ORIENTED_EDGE('',*,*,#2719,.T.);
#3717=ORIENTED_EDGE('',*,*,#2720,.F.);
#3718=ORIENTED_EDGE('',*,*,#2719,.F.);
#3719=ORIENTED_EDGE('',*,*,#2670,.F.);
#3720=ORIENTED_EDGE('',*,*,#2721,.T.);
#3721=ORIENTED_EDGE('',*,*,#2722,.F.);
#3722=ORIENTED_EDGE('',*,*,#2721,.F.);
#3723=ORIENTED_EDGE('',*,*,#2722,.T.);
#3724=ORIENTED_EDGE('',*,*,#2718,.F.);
#3725=ORIENTED_EDGE('',*,*,#2720,.T.);
#3726=ORIENTED_EDGE('',*,*,#2723,.T.);
#3727=ORIENTED_EDGE('',*,*,#2723,.F.);
#3728=ORIENTED_EDGE('',*,*,#2724,.T.);
#3729=ORIENTED_EDGE('',*,*,#2725,.T.);
#3730=ORIENTED_EDGE('',*,*,#2726,.T.);
#3731=ORIENTED_EDGE('',*,*,#2727,.T.);
#3732=ORIENTED_EDGE('',*,*,#2728,.T.);
#3733=ORIENTED_EDGE('',*,*,#2729,.T.);
#3734=ORIENTED_EDGE('',*,*,#2730,.T.);
#3735=ORIENTED_EDGE('',*,*,#2731,.T.);
#3736=ORIENTED_EDGE('',*,*,#2701,.T.);
#3737=ORIENTED_EDGE('',*,*,#2686,.T.);
#3738=ORIENTED_EDGE('',*,*,#2665,.F.);
#3739=ORIENTED_EDGE('',*,*,#2673,.F.);
#3740=ORIENTED_EDGE('',*,*,#2732,.T.);
#3741=ORIENTED_EDGE('',*,*,#2733,.T.);
#3742=ORIENTED_EDGE('',*,*,#2734,.T.);
#3743=ORIENTED_EDGE('',*,*,#2735,.T.);
#3744=ORIENTED_EDGE('',*,*,#2736,.T.);
#3745=ORIENTED_EDGE('',*,*,#2737,.T.);
#3746=ORIENTED_EDGE('',*,*,#2738,.T.);
#3747=ORIENTED_EDGE('',*,*,#2739,.T.);
#3748=ORIENTED_EDGE('',*,*,#2740,.T.);
#3749=ORIENTED_EDGE('',*,*,#2741,.T.);
#3750=ORIENTED_EDGE('',*,*,#2742,.T.);
#3751=ORIENTED_EDGE('',*,*,#2743,.T.);
#3752=ORIENTED_EDGE('',*,*,#2744,.T.);
#3753=ORIENTED_EDGE('',*,*,#2745,.T.);
#3754=ORIENTED_EDGE('',*,*,#2746,.T.);
#3755=ORIENTED_EDGE('',*,*,#2747,.T.);
#3756=ORIENTED_EDGE('',*,*,#2748,.T.);
#3757=ORIENTED_EDGE('',*,*,#2749,.T.);
#3758=ORIENTED_EDGE('',*,*,#2750,.T.);
#3759=ORIENTED_EDGE('',*,*,#2751,.T.);
#3760=ORIENTED_EDGE('',*,*,#2752,.T.);
#3761=ORIENTED_EDGE('',*,*,#2753,.T.);
#3762=ORIENTED_EDGE('',*,*,#2754,.T.);
#3763=ORIENTED_EDGE('',*,*,#2755,.T.);
#3764=ORIENTED_EDGE('',*,*,#2756,.T.);
#3765=ORIENTED_EDGE('',*,*,#2757,.T.);
#3766=ORIENTED_EDGE('',*,*,#2758,.T.);
#3767=ORIENTED_EDGE('',*,*,#2759,.T.);
#3768=ORIENTED_EDGE('',*,*,#2760,.T.);
#3769=ORIENTED_EDGE('',*,*,#2761,.T.);
#3770=ORIENTED_EDGE('',*,*,#2762,.T.);
#3771=ORIENTED_EDGE('',*,*,#2763,.T.);
#3772=ORIENTED_EDGE('',*,*,#2764,.T.);
#3773=ORIENTED_EDGE('',*,*,#2765,.T.);
#3774=ORIENTED_EDGE('',*,*,#2766,.T.);
#3775=ORIENTED_EDGE('',*,*,#2767,.T.);
#3776=ORIENTED_EDGE('',*,*,#2768,.T.);
#3777=ORIENTED_EDGE('',*,*,#2769,.T.);
#3778=ORIENTED_EDGE('',*,*,#2770,.T.);
#3779=ORIENTED_EDGE('',*,*,#2771,.T.);
#3780=ORIENTED_EDGE('',*,*,#2772,.T.);
#3781=ORIENTED_EDGE('',*,*,#2773,.T.);
#3782=ORIENTED_EDGE('',*,*,#2774,.T.);
#3783=ORIENTED_EDGE('',*,*,#2775,.T.);
#3784=ORIENTED_EDGE('',*,*,#2776,.T.);
#3785=ORIENTED_EDGE('',*,*,#2777,.T.);
#3786=ORIENTED_EDGE('',*,*,#2778,.T.);
#3787=ORIENTED_EDGE('',*,*,#2779,.T.);
#3788=ORIENTED_EDGE('',*,*,#2780,.T.);
#3789=ORIENTED_EDGE('',*,*,#2781,.T.);
#3790=ORIENTED_EDGE('',*,*,#2782,.T.);
#3791=ORIENTED_EDGE('',*,*,#2783,.T.);
#3792=ORIENTED_EDGE('',*,*,#2784,.T.);
#3793=ORIENTED_EDGE('',*,*,#2785,.T.);
#3794=ORIENTED_EDGE('',*,*,#2786,.T.);
#3795=ORIENTED_EDGE('',*,*,#2787,.F.);
#3796=ORIENTED_EDGE('',*,*,#2788,.F.);
#3797=ORIENTED_EDGE('',*,*,#2789,.F.);
#3798=ORIENTED_EDGE('',*,*,#2790,.F.);
#3799=ORIENTED_EDGE('',*,*,#2791,.F.);
#3800=ORIENTED_EDGE('',*,*,#2792,.F.);
#3801=ORIENTED_EDGE('',*,*,#2793,.F.);
#3802=ORIENTED_EDGE('',*,*,#2794,.F.);
#3803=ORIENTED_EDGE('',*,*,#2795,.F.);
#3804=ORIENTED_EDGE('',*,*,#2796,.F.);
#3805=ORIENTED_EDGE('',*,*,#2797,.F.);
#3806=ORIENTED_EDGE('',*,*,#2798,.F.);
#3807=ORIENTED_EDGE('',*,*,#2799,.F.);
#3808=ORIENTED_EDGE('',*,*,#2800,.F.);
#3809=ORIENTED_EDGE('',*,*,#2801,.F.);
#3810=ORIENTED_EDGE('',*,*,#2802,.F.);
#3811=ORIENTED_EDGE('',*,*,#2772,.F.);
#3812=ORIENTED_EDGE('',*,*,#2803,.T.);
#3813=ORIENTED_EDGE('',*,*,#2787,.T.);
#3814=ORIENTED_EDGE('',*,*,#2804,.F.);
#3815=ORIENTED_EDGE('',*,*,#2773,.F.);
#3816=ORIENTED_EDGE('',*,*,#2804,.T.);
#3817=ORIENTED_EDGE('',*,*,#2802,.T.);
#3818=ORIENTED_EDGE('',*,*,#2805,.F.);
#3819=ORIENTED_EDGE('',*,*,#2774,.F.);
#3820=ORIENTED_EDGE('',*,*,#2805,.T.);
#3821=ORIENTED_EDGE('',*,*,#2801,.T.);
#3822=ORIENTED_EDGE('',*,*,#2806,.F.);
#3823=ORIENTED_EDGE('',*,*,#2775,.F.);
#3824=ORIENTED_EDGE('',*,*,#2806,.T.);
#3825=ORIENTED_EDGE('',*,*,#2800,.T.);
#3826=ORIENTED_EDGE('',*,*,#2807,.F.);
#3827=ORIENTED_EDGE('',*,*,#2776,.F.);
#3828=ORIENTED_EDGE('',*,*,#2807,.T.);
#3829=ORIENTED_EDGE('',*,*,#2799,.T.);
#3830=ORIENTED_EDGE('',*,*,#2808,.F.);
#3831=ORIENTED_EDGE('',*,*,#2777,.F.);
#3832=ORIENTED_EDGE('',*,*,#2808,.T.);
#3833=ORIENTED_EDGE('',*,*,#2798,.T.);
#3834=ORIENTED_EDGE('',*,*,#2809,.F.);
#3835=ORIENTED_EDGE('',*,*,#2778,.F.);
#3836=ORIENTED_EDGE('',*,*,#2809,.T.);
#3837=ORIENTED_EDGE('',*,*,#2797,.T.);
#3838=ORIENTED_EDGE('',*,*,#2810,.F.);
#3839=ORIENTED_EDGE('',*,*,#2779,.F.);
#3840=ORIENTED_EDGE('',*,*,#2810,.T.);
#3841=ORIENTED_EDGE('',*,*,#2796,.T.);
#3842=ORIENTED_EDGE('',*,*,#2811,.F.);
#3843=ORIENTED_EDGE('',*,*,#2780,.F.);
#3844=ORIENTED_EDGE('',*,*,#2811,.T.);
#3845=ORIENTED_EDGE('',*,*,#2795,.T.);
#3846=ORIENTED_EDGE('',*,*,#2812,.F.);
#3847=ORIENTED_EDGE('',*,*,#2781,.F.);
#3848=ORIENTED_EDGE('',*,*,#2812,.T.);
#3849=ORIENTED_EDGE('',*,*,#2794,.T.);
#3850=ORIENTED_EDGE('',*,*,#2813,.F.);
#3851=ORIENTED_EDGE('',*,*,#2782,.F.);
#3852=ORIENTED_EDGE('',*,*,#2813,.T.);
#3853=ORIENTED_EDGE('',*,*,#2793,.T.);
#3854=ORIENTED_EDGE('',*,*,#2814,.F.);
#3855=ORIENTED_EDGE('',*,*,#2783,.F.);
#3856=ORIENTED_EDGE('',*,*,#2814,.T.);
#3857=ORIENTED_EDGE('',*,*,#2792,.T.);
#3858=ORIENTED_EDGE('',*,*,#2815,.F.);
#3859=ORIENTED_EDGE('',*,*,#2784,.F.);
#3860=ORIENTED_EDGE('',*,*,#2815,.T.);
#3861=ORIENTED_EDGE('',*,*,#2791,.T.);
#3862=ORIENTED_EDGE('',*,*,#2816,.F.);
#3863=ORIENTED_EDGE('',*,*,#2785,.F.);
#3864=ORIENTED_EDGE('',*,*,#2816,.T.);
#3865=ORIENTED_EDGE('',*,*,#2790,.T.);
#3866=ORIENTED_EDGE('',*,*,#2817,.F.);
#3867=ORIENTED_EDGE('',*,*,#2786,.F.);
#3868=ORIENTED_EDGE('',*,*,#2817,.T.);
#3869=ORIENTED_EDGE('',*,*,#2789,.T.);
#3870=ORIENTED_EDGE('',*,*,#2818,.F.);
#3871=ORIENTED_EDGE('',*,*,#2771,.F.);
#3872=ORIENTED_EDGE('',*,*,#2818,.T.);
#3873=ORIENTED_EDGE('',*,*,#2788,.T.);
#3874=ORIENTED_EDGE('',*,*,#2803,.F.);
#3875=ORIENTED_EDGE('',*,*,#2819,.F.);
#3876=ORIENTED_EDGE('',*,*,#2820,.F.);
#3877=ORIENTED_EDGE('',*,*,#2821,.F.);
#3878=ORIENTED_EDGE('',*,*,#2822,.F.);
#3879=ORIENTED_EDGE('',*,*,#2823,.F.);
#3880=ORIENTED_EDGE('',*,*,#2824,.F.);
#3881=ORIENTED_EDGE('',*,*,#2825,.F.);
#3882=ORIENTED_EDGE('',*,*,#2826,.F.);
#3883=ORIENTED_EDGE('',*,*,#2827,.F.);
#3884=ORIENTED_EDGE('',*,*,#2828,.F.);
#3885=ORIENTED_EDGE('',*,*,#2829,.F.);
#3886=ORIENTED_EDGE('',*,*,#2830,.F.);
#3887=ORIENTED_EDGE('',*,*,#2831,.F.);
#3888=ORIENTED_EDGE('',*,*,#2832,.F.);
#3889=ORIENTED_EDGE('',*,*,#2833,.F.);
#3890=ORIENTED_EDGE('',*,*,#2834,.F.);
#3891=ORIENTED_EDGE('',*,*,#2835,.F.);
#3892=ORIENTED_EDGE('',*,*,#2836,.F.);
#3893=ORIENTED_EDGE('',*,*,#2837,.F.);
#3894=ORIENTED_EDGE('',*,*,#2838,.F.);
#3895=ORIENTED_EDGE('',*,*,#2760,.F.);
#3896=ORIENTED_EDGE('',*,*,#2839,.T.);
#3897=ORIENTED_EDGE('',*,*,#2819,.T.);
#3898=ORIENTED_EDGE('',*,*,#2840,.F.);
#3899=ORIENTED_EDGE('',*,*,#2761,.F.);
#3900=ORIENTED_EDGE('',*,*,#2840,.T.);
#3901=ORIENTED_EDGE('',*,*,#2830,.T.);
#3902=ORIENTED_EDGE('',*,*,#2841,.F.);
#3903=ORIENTED_EDGE('',*,*,#2762,.F.);
#3904=ORIENTED_EDGE('',*,*,#2841,.T.);
#3905=ORIENTED_EDGE('',*,*,#2829,.T.);
#3906=ORIENTED_EDGE('',*,*,#2842,.F.);
#3907=ORIENTED_EDGE('',*,*,#2763,.F.);
#3908=ORIENTED_EDGE('',*,*,#2842,.T.);
#3909=ORIENTED_EDGE('',*,*,#2828,.T.);
#3910=ORIENTED_EDGE('',*,*,#2843,.F.);
#3911=ORIENTED_EDGE('',*,*,#2764,.F.);
#3912=ORIENTED_EDGE('',*,*,#2843,.T.);
#3913=ORIENTED_EDGE('',*,*,#2827,.T.);
#3914=ORIENTED_EDGE('',*,*,#2844,.F.);
#3915=ORIENTED_EDGE('',*,*,#2765,.F.);
#3916=ORIENTED_EDGE('',*,*,#2844,.T.);
#3917=ORIENTED_EDGE('',*,*,#2826,.T.);
#3918=ORIENTED_EDGE('',*,*,#2845,.F.);
#3919=ORIENTED_EDGE('',*,*,#2766,.F.);
#3920=ORIENTED_EDGE('',*,*,#2845,.T.);
#3921=ORIENTED_EDGE('',*,*,#2825,.T.);
#3922=ORIENTED_EDGE('',*,*,#2846,.F.);
#3923=ORIENTED_EDGE('',*,*,#2767,.F.);
#3924=ORIENTED_EDGE('',*,*,#2846,.T.);
#3925=ORIENTED_EDGE('',*,*,#2824,.T.);
#3926=ORIENTED_EDGE('',*,*,#2847,.F.);
#3927=ORIENTED_EDGE('',*,*,#2768,.F.);
#3928=ORIENTED_EDGE('',*,*,#2847,.T.);
#3929=ORIENTED_EDGE('',*,*,#2823,.T.);
#3930=ORIENTED_EDGE('',*,*,#2848,.F.);
#3931=ORIENTED_EDGE('',*,*,#2769,.F.);
#3932=ORIENTED_EDGE('',*,*,#2848,.T.);
#3933=ORIENTED_EDGE('',*,*,#2822,.T.);
#3934=ORIENTED_EDGE('',*,*,#2849,.F.);
#3935=ORIENTED_EDGE('',*,*,#2770,.F.);
#3936=ORIENTED_EDGE('',*,*,#2849,.T.);
#3937=ORIENTED_EDGE('',*,*,#2821,.T.);
#3938=ORIENTED_EDGE('',*,*,#2850,.F.);
#3939=ORIENTED_EDGE('',*,*,#2759,.F.);
#3940=ORIENTED_EDGE('',*,*,#2850,.T.);
#3941=ORIENTED_EDGE('',*,*,#2820,.T.);
#3942=ORIENTED_EDGE('',*,*,#2839,.F.);
#3943=ORIENTED_EDGE('',*,*,#2725,.F.);
#3944=ORIENTED_EDGE('',*,*,#2851,.T.);
#3945=ORIENTED_EDGE('',*,*,#2831,.T.);
#3946=ORIENTED_EDGE('',*,*,#2852,.F.);
#3947=ORIENTED_EDGE('',*,*,#2726,.F.);
#3948=ORIENTED_EDGE('',*,*,#2852,.T.);
#3949=ORIENTED_EDGE('',*,*,#2838,.T.);
#3950=ORIENTED_EDGE('',*,*,#2853,.F.);
#3951=ORIENTED_EDGE('',*,*,#2727,.F.);
#3952=ORIENTED_EDGE('',*,*,#2853,.T.);
#3953=ORIENTED_EDGE('',*,*,#2837,.T.);
#3954=ORIENTED_EDGE('',*,*,#2854,.F.);
#3955=ORIENTED_EDGE('',*,*,#2728,.F.);
#3956=ORIENTED_EDGE('',*,*,#2854,.T.);
#3957=ORIENTED_EDGE('',*,*,#2836,.T.);
#3958=ORIENTED_EDGE('',*,*,#2855,.F.);
#3959=ORIENTED_EDGE('',*,*,#2729,.F.);
#3960=ORIENTED_EDGE('',*,*,#2855,.T.);
#3961=ORIENTED_EDGE('',*,*,#2835,.T.);
#3962=ORIENTED_EDGE('',*,*,#2856,.F.);
#3963=ORIENTED_EDGE('',*,*,#2730,.F.);
#3964=ORIENTED_EDGE('',*,*,#2856,.T.);
#3965=ORIENTED_EDGE('',*,*,#2834,.T.);
#3966=ORIENTED_EDGE('',*,*,#2857,.F.);
#3967=ORIENTED_EDGE('',*,*,#2731,.F.);
#3968=ORIENTED_EDGE('',*,*,#2857,.T.);
#3969=ORIENTED_EDGE('',*,*,#2833,.T.);
#3970=ORIENTED_EDGE('',*,*,#2858,.F.);
#3971=ORIENTED_EDGE('',*,*,#2724,.F.);
#3972=ORIENTED_EDGE('',*,*,#2858,.T.);
#3973=ORIENTED_EDGE('',*,*,#2832,.T.);
#3974=ORIENTED_EDGE('',*,*,#2851,.F.);
#3975=ORIENTED_EDGE('',*,*,#2859,.F.);
#3976=ORIENTED_EDGE('',*,*,#2860,.F.);
#3977=ORIENTED_EDGE('',*,*,#2861,.F.);
#3978=ORIENTED_EDGE('',*,*,#2862,.F.);
#3979=ORIENTED_EDGE('',*,*,#2863,.F.);
#3980=ORIENTED_EDGE('',*,*,#2864,.F.);
#3981=ORIENTED_EDGE('',*,*,#2865,.F.);
#3982=ORIENTED_EDGE('',*,*,#2866,.F.);
#3983=ORIENTED_EDGE('',*,*,#2867,.F.);
#3984=ORIENTED_EDGE('',*,*,#2868,.F.);
#3985=ORIENTED_EDGE('',*,*,#2869,.F.);
#3986=ORIENTED_EDGE('',*,*,#2870,.F.);
#3987=ORIENTED_EDGE('',*,*,#2871,.F.);
#3988=ORIENTED_EDGE('',*,*,#2872,.F.);
#3989=ORIENTED_EDGE('',*,*,#2873,.F.);
#3990=ORIENTED_EDGE('',*,*,#2874,.F.);
#3991=ORIENTED_EDGE('',*,*,#2875,.F.);
#3992=ORIENTED_EDGE('',*,*,#2876,.F.);
#3993=ORIENTED_EDGE('',*,*,#2877,.F.);
#3994=ORIENTED_EDGE('',*,*,#2878,.F.);
#3995=ORIENTED_EDGE('',*,*,#2879,.F.);
#3996=ORIENTED_EDGE('',*,*,#2880,.F.);
#3997=ORIENTED_EDGE('',*,*,#2881,.F.);
#3998=ORIENTED_EDGE('',*,*,#2882,.F.);
#3999=ORIENTED_EDGE('',*,*,#2883,.F.);
#4000=ORIENTED_EDGE('',*,*,#2884,.F.);
#4001=ORIENTED_EDGE('',*,*,#2885,.F.);
#4002=ORIENTED_EDGE('',*,*,#2886,.F.);
#4003=ORIENTED_EDGE('',*,*,#2741,.F.);
#4004=ORIENTED_EDGE('',*,*,#2887,.T.);
#4005=ORIENTED_EDGE('',*,*,#2859,.T.);
#4006=ORIENTED_EDGE('',*,*,#2888,.F.);
#4007=ORIENTED_EDGE('',*,*,#2742,.F.);
#4008=ORIENTED_EDGE('',*,*,#2888,.T.);
#4009=ORIENTED_EDGE('',*,*,#2877,.T.);
#4010=ORIENTED_EDGE('',*,*,#2889,.F.);
#4011=ORIENTED_EDGE('',*,*,#2743,.F.);
#4012=ORIENTED_EDGE('',*,*,#2889,.T.);
#4013=ORIENTED_EDGE('',*,*,#2876,.T.);
#4014=ORIENTED_EDGE('',*,*,#2890,.F.);
#4015=ORIENTED_EDGE('',*,*,#2744,.F.);
#4016=ORIENTED_EDGE('',*,*,#2890,.T.);
#4017=ORIENTED_EDGE('',*,*,#2875,.T.);
#4018=ORIENTED_EDGE('',*,*,#2891,.F.);
#4019=ORIENTED_EDGE('',*,*,#2745,.F.);
#4020=ORIENTED_EDGE('',*,*,#2891,.T.);
#4021=ORIENTED_EDGE('',*,*,#2874,.T.);
#4022=ORIENTED_EDGE('',*,*,#2892,.F.);
#4023=ORIENTED_EDGE('',*,*,#2746,.F.);
#4024=ORIENTED_EDGE('',*,*,#2892,.T.);
#4025=ORIENTED_EDGE('',*,*,#2873,.T.);
#4026=ORIENTED_EDGE('',*,*,#2893,.F.);
#4027=ORIENTED_EDGE('',*,*,#2747,.F.);
#4028=ORIENTED_EDGE('',*,*,#2893,.T.);
#4029=ORIENTED_EDGE('',*,*,#2872,.T.);
#4030=ORIENTED_EDGE('',*,*,#2894,.F.);
#4031=ORIENTED_EDGE('',*,*,#2748,.F.);
#4032=ORIENTED_EDGE('',*,*,#2894,.T.);
#4033=ORIENTED_EDGE('',*,*,#2871,.T.);
#4034=ORIENTED_EDGE('',*,*,#2895,.F.);
#4035=ORIENTED_EDGE('',*,*,#2749,.F.);
#4036=ORIENTED_EDGE('',*,*,#2895,.T.);
#4037=ORIENTED_EDGE('',*,*,#2870,.T.);
#4038=ORIENTED_EDGE('',*,*,#2896,.F.);
#4039=ORIENTED_EDGE('',*,*,#2750,.F.);
#4040=ORIENTED_EDGE('',*,*,#2896,.T.);
#4041=ORIENTED_EDGE('',*,*,#2869,.T.);
#4042=ORIENTED_EDGE('',*,*,#2897,.F.);
#4043=ORIENTED_EDGE('',*,*,#2751,.F.);
#4044=ORIENTED_EDGE('',*,*,#2897,.T.);
#4045=ORIENTED_EDGE('',*,*,#2868,.T.);
#4046=ORIENTED_EDGE('',*,*,#2898,.F.);
#4047=ORIENTED_EDGE('',*,*,#2752,.F.);
#4048=ORIENTED_EDGE('',*,*,#2898,.T.);
#4049=ORIENTED_EDGE('',*,*,#2867,.T.);
#4050=ORIENTED_EDGE('',*,*,#2899,.F.);
#4051=ORIENTED_EDGE('',*,*,#2753,.F.);
#4052=ORIENTED_EDGE('',*,*,#2899,.T.);
#4053=ORIENTED_EDGE('',*,*,#2866,.T.);
#4054=ORIENTED_EDGE('',*,*,#2900,.F.);
#4055=ORIENTED_EDGE('',*,*,#2754,.F.);
#4056=ORIENTED_EDGE('',*,*,#2900,.T.);
#4057=ORIENTED_EDGE('',*,*,#2865,.T.);
#4058=ORIENTED_EDGE('',*,*,#2901,.F.);
#4059=ORIENTED_EDGE('',*,*,#2755,.F.);
#4060=ORIENTED_EDGE('',*,*,#2901,.T.);
#4061=ORIENTED_EDGE('',*,*,#2864,.T.);
#4062=ORIENTED_EDGE('',*,*,#2902,.F.);
#4063=ORIENTED_EDGE('',*,*,#2756,.F.);
#4064=ORIENTED_EDGE('',*,*,#2902,.T.);
#4065=ORIENTED_EDGE('',*,*,#2863,.T.);
#4066=ORIENTED_EDGE('',*,*,#2903,.F.);
#4067=ORIENTED_EDGE('',*,*,#2757,.F.);
#4068=ORIENTED_EDGE('',*,*,#2903,.T.);
#4069=ORIENTED_EDGE('',*,*,#2862,.T.);
#4070=ORIENTED_EDGE('',*,*,#2904,.F.);
#4071=ORIENTED_EDGE('',*,*,#2758,.F.);
#4072=ORIENTED_EDGE('',*,*,#2904,.T.);
#4073=ORIENTED_EDGE('',*,*,#2861,.T.);
#4074=ORIENTED_EDGE('',*,*,#2905,.F.);
#4075=ORIENTED_EDGE('',*,*,#2740,.F.);
#4076=ORIENTED_EDGE('',*,*,#2905,.T.);
#4077=ORIENTED_EDGE('',*,*,#2860,.T.);
#4078=ORIENTED_EDGE('',*,*,#2887,.F.);
#4079=ORIENTED_EDGE('',*,*,#2676,.F.);
#4080=ORIENTED_EDGE('',*,*,#2906,.T.);
#4081=ORIENTED_EDGE('',*,*,#2878,.T.);
#4082=ORIENTED_EDGE('',*,*,#2907,.F.);
#4083=ORIENTED_EDGE('',*,*,#2677,.F.);
#4084=ORIENTED_EDGE('',*,*,#2907,.T.);
#4085=ORIENTED_EDGE('',*,*,#2886,.T.);
#4086=ORIENTED_EDGE('',*,*,#2908,.F.);
#4087=ORIENTED_EDGE('',*,*,#2678,.F.);
#4088=ORIENTED_EDGE('',*,*,#2908,.T.);
#4089=ORIENTED_EDGE('',*,*,#2885,.T.);
#4090=ORIENTED_EDGE('',*,*,#2909,.F.);
#4091=ORIENTED_EDGE('',*,*,#2679,.F.);
#4092=ORIENTED_EDGE('',*,*,#2909,.T.);
#4093=ORIENTED_EDGE('',*,*,#2884,.T.);
#4094=ORIENTED_EDGE('',*,*,#2910,.F.);
#4095=ORIENTED_EDGE('',*,*,#2680,.F.);
#4096=ORIENTED_EDGE('',*,*,#2910,.T.);
#4097=ORIENTED_EDGE('',*,*,#2883,.T.);
#4098=ORIENTED_EDGE('',*,*,#2911,.F.);
#4099=ORIENTED_EDGE('',*,*,#2681,.F.);
#4100=ORIENTED_EDGE('',*,*,#2911,.T.);
#4101=ORIENTED_EDGE('',*,*,#2882,.T.);
#4102=ORIENTED_EDGE('',*,*,#2912,.F.);
#4103=ORIENTED_EDGE('',*,*,#2682,.F.);
#4104=ORIENTED_EDGE('',*,*,#2912,.T.);
#4105=ORIENTED_EDGE('',*,*,#2881,.T.);
#4106=ORIENTED_EDGE('',*,*,#2913,.F.);
#4107=ORIENTED_EDGE('',*,*,#2683,.F.);
#4108=ORIENTED_EDGE('',*,*,#2913,.T.);
#4109=ORIENTED_EDGE('',*,*,#2880,.T.);
#4110=ORIENTED_EDGE('',*,*,#2914,.F.);
#4111=ORIENTED_EDGE('',*,*,#2675,.F.);
#4112=ORIENTED_EDGE('',*,*,#2914,.T.);
#4113=ORIENTED_EDGE('',*,*,#2879,.T.);
#4114=ORIENTED_EDGE('',*,*,#2906,.F.);
#4115=ORIENTED_EDGE('',*,*,#2915,.F.);
#4116=ORIENTED_EDGE('',*,*,#2916,.F.);
#4117=ORIENTED_EDGE('',*,*,#2917,.F.);
#4118=ORIENTED_EDGE('',*,*,#2918,.F.);
#4119=ORIENTED_EDGE('',*,*,#2919,.F.);
#4120=ORIENTED_EDGE('',*,*,#2920,.F.);
#4121=ORIENTED_EDGE('',*,*,#2921,.F.);
#4122=ORIENTED_EDGE('',*,*,#2922,.F.);
#4123=ORIENTED_EDGE('',*,*,#2733,.F.);
#4124=ORIENTED_EDGE('',*,*,#2923,.T.);
#4125=ORIENTED_EDGE('',*,*,#2915,.T.);
#4126=ORIENTED_EDGE('',*,*,#2924,.F.);
#4127=ORIENTED_EDGE('',*,*,#2734,.F.);
#4128=ORIENTED_EDGE('',*,*,#2924,.T.);
#4129=ORIENTED_EDGE('',*,*,#2922,.T.);
#4130=ORIENTED_EDGE('',*,*,#2925,.F.);
#4131=ORIENTED_EDGE('',*,*,#2735,.F.);
#4132=ORIENTED_EDGE('',*,*,#2925,.T.);
#4133=ORIENTED_EDGE('',*,*,#2921,.T.);
#4134=ORIENTED_EDGE('',*,*,#2926,.F.);
#4135=ORIENTED_EDGE('',*,*,#2736,.F.);
#4136=ORIENTED_EDGE('',*,*,#2926,.T.);
#4137=ORIENTED_EDGE('',*,*,#2920,.T.);
#4138=ORIENTED_EDGE('',*,*,#2927,.F.);
#4139=ORIENTED_EDGE('',*,*,#2737,.F.);
#4140=ORIENTED_EDGE('',*,*,#2927,.T.);
#4141=ORIENTED_EDGE('',*,*,#2919,.T.);
#4142=ORIENTED_EDGE('',*,*,#2928,.F.);
#4143=ORIENTED_EDGE('',*,*,#2738,.F.);
#4144=ORIENTED_EDGE('',*,*,#2928,.T.);
#4145=ORIENTED_EDGE('',*,*,#2918,.T.);
#4146=ORIENTED_EDGE('',*,*,#2929,.F.);
#4147=ORIENTED_EDGE('',*,*,#2739,.F.);
#4148=ORIENTED_EDGE('',*,*,#2929,.T.);
#4149=ORIENTED_EDGE('',*,*,#2917,.T.);
#4150=ORIENTED_EDGE('',*,*,#2930,.F.);
#4151=ORIENTED_EDGE('',*,*,#2732,.F.);
#4152=ORIENTED_EDGE('',*,*,#2930,.T.);
#4153=ORIENTED_EDGE('',*,*,#2916,.T.);
#4154=ORIENTED_EDGE('',*,*,#2923,.F.);
#4155=ORIENTED_EDGE('',*,*,#2931,.T.);
#4156=ORIENTED_EDGE('',*,*,#2932,.T.);
#4157=ORIENTED_EDGE('',*,*,#2933,.T.);
#4158=ORIENTED_EDGE('',*,*,#2934,.T.);
#4159=ORIENTED_EDGE('',*,*,#2935,.T.);
#4160=ORIENTED_EDGE('',*,*,#2936,.T.);
#4161=ORIENTED_EDGE('',*,*,#2937,.T.);
#4162=ORIENTED_EDGE('',*,*,#2938,.T.);
#4163=ORIENTED_EDGE('',*,*,#2700,.T.);
#4164=ORIENTED_EDGE('',*,*,#2698,.T.);
#4165=ORIENTED_EDGE('',*,*,#2667,.F.);
#4166=ORIENTED_EDGE('',*,*,#2685,.F.);
#4167=ORIENTED_EDGE('',*,*,#2939,.T.);
#4168=ORIENTED_EDGE('',*,*,#2940,.T.);
#4169=ORIENTED_EDGE('',*,*,#2941,.T.);
#4170=ORIENTED_EDGE('',*,*,#2942,.T.);
#4171=ORIENTED_EDGE('',*,*,#2943,.T.);
#4172=ORIENTED_EDGE('',*,*,#2944,.T.);
#4173=ORIENTED_EDGE('',*,*,#2945,.T.);
#4174=ORIENTED_EDGE('',*,*,#2946,.T.);
#4175=ORIENTED_EDGE('',*,*,#2947,.T.);
#4176=ORIENTED_EDGE('',*,*,#2948,.T.);
#4177=ORIENTED_EDGE('',*,*,#2949,.T.);
#4178=ORIENTED_EDGE('',*,*,#2950,.T.);
#4179=ORIENTED_EDGE('',*,*,#2951,.T.);
#4180=ORIENTED_EDGE('',*,*,#2952,.T.);
#4181=ORIENTED_EDGE('',*,*,#2953,.T.);
#4182=ORIENTED_EDGE('',*,*,#2954,.T.);
#4183=ORIENTED_EDGE('',*,*,#2955,.T.);
#4184=ORIENTED_EDGE('',*,*,#2956,.T.);
#4185=ORIENTED_EDGE('',*,*,#2957,.T.);
#4186=ORIENTED_EDGE('',*,*,#2958,.T.);
#4187=ORIENTED_EDGE('',*,*,#2959,.T.);
#4188=ORIENTED_EDGE('',*,*,#2960,.T.);
#4189=ORIENTED_EDGE('',*,*,#2961,.T.);
#4190=ORIENTED_EDGE('',*,*,#2962,.T.);
#4191=ORIENTED_EDGE('',*,*,#2963,.T.);
#4192=ORIENTED_EDGE('',*,*,#2964,.T.);
#4193=ORIENTED_EDGE('',*,*,#2965,.T.);
#4194=ORIENTED_EDGE('',*,*,#2966,.T.);
#4195=ORIENTED_EDGE('',*,*,#2967,.T.);
#4196=ORIENTED_EDGE('',*,*,#2968,.T.);
#4197=ORIENTED_EDGE('',*,*,#2969,.T.);
#4198=ORIENTED_EDGE('',*,*,#2970,.T.);
#4199=ORIENTED_EDGE('',*,*,#2971,.T.);
#4200=ORIENTED_EDGE('',*,*,#2972,.T.);
#4201=ORIENTED_EDGE('',*,*,#2973,.T.);
#4202=ORIENTED_EDGE('',*,*,#2974,.T.);
#4203=ORIENTED_EDGE('',*,*,#2975,.T.);
#4204=ORIENTED_EDGE('',*,*,#2976,.T.);
#4205=ORIENTED_EDGE('',*,*,#2977,.T.);
#4206=ORIENTED_EDGE('',*,*,#2978,.T.);
#4207=ORIENTED_EDGE('',*,*,#2979,.T.);
#4208=ORIENTED_EDGE('',*,*,#2980,.T.);
#4209=ORIENTED_EDGE('',*,*,#2981,.T.);
#4210=ORIENTED_EDGE('',*,*,#2982,.T.);
#4211=ORIENTED_EDGE('',*,*,#2983,.T.);
#4212=ORIENTED_EDGE('',*,*,#2984,.T.);
#4213=ORIENTED_EDGE('',*,*,#2985,.T.);
#4214=ORIENTED_EDGE('',*,*,#2986,.T.);
#4215=ORIENTED_EDGE('',*,*,#2987,.T.);
#4216=ORIENTED_EDGE('',*,*,#2988,.T.);
#4217=ORIENTED_EDGE('',*,*,#2989,.T.);
#4218=ORIENTED_EDGE('',*,*,#2990,.T.);
#4219=ORIENTED_EDGE('',*,*,#2991,.T.);
#4220=ORIENTED_EDGE('',*,*,#2992,.T.);
#4221=ORIENTED_EDGE('',*,*,#2993,.T.);
#4222=ORIENTED_EDGE('',*,*,#2994,.F.);
#4223=ORIENTED_EDGE('',*,*,#2995,.F.);
#4224=ORIENTED_EDGE('',*,*,#2996,.F.);
#4225=ORIENTED_EDGE('',*,*,#2997,.F.);
#4226=ORIENTED_EDGE('',*,*,#2998,.F.);
#4227=ORIENTED_EDGE('',*,*,#2999,.F.);
#4228=ORIENTED_EDGE('',*,*,#3000,.F.);
#4229=ORIENTED_EDGE('',*,*,#3001,.F.);
#4230=ORIENTED_EDGE('',*,*,#3002,.F.);
#4231=ORIENTED_EDGE('',*,*,#3003,.F.);
#4232=ORIENTED_EDGE('',*,*,#3004,.F.);
#4233=ORIENTED_EDGE('',*,*,#3005,.F.);
#4234=ORIENTED_EDGE('',*,*,#3006,.F.);
#4235=ORIENTED_EDGE('',*,*,#3007,.F.);
#4236=ORIENTED_EDGE('',*,*,#3008,.F.);
#4237=ORIENTED_EDGE('',*,*,#3009,.F.);
#4238=ORIENTED_EDGE('',*,*,#2979,.F.);
#4239=ORIENTED_EDGE('',*,*,#3010,.T.);
#4240=ORIENTED_EDGE('',*,*,#2994,.T.);
#4241=ORIENTED_EDGE('',*,*,#3011,.F.);
#4242=ORIENTED_EDGE('',*,*,#2980,.F.);
#4243=ORIENTED_EDGE('',*,*,#3011,.T.);
#4244=ORIENTED_EDGE('',*,*,#3009,.T.);
#4245=ORIENTED_EDGE('',*,*,#3012,.F.);
#4246=ORIENTED_EDGE('',*,*,#2981,.F.);
#4247=ORIENTED_EDGE('',*,*,#3012,.T.);
#4248=ORIENTED_EDGE('',*,*,#3008,.T.);
#4249=ORIENTED_EDGE('',*,*,#3013,.F.);
#4250=ORIENTED_EDGE('',*,*,#2982,.F.);
#4251=ORIENTED_EDGE('',*,*,#3013,.T.);
#4252=ORIENTED_EDGE('',*,*,#3007,.T.);
#4253=ORIENTED_EDGE('',*,*,#3014,.F.);
#4254=ORIENTED_EDGE('',*,*,#2983,.F.);
#4255=ORIENTED_EDGE('',*,*,#3014,.T.);
#4256=ORIENTED_EDGE('',*,*,#3006,.T.);
#4257=ORIENTED_EDGE('',*,*,#3015,.F.);
#4258=ORIENTED_EDGE('',*,*,#2984,.F.);
#4259=ORIENTED_EDGE('',*,*,#3015,.T.);
#4260=ORIENTED_EDGE('',*,*,#3005,.T.);
#4261=ORIENTED_EDGE('',*,*,#3016,.F.);
#4262=ORIENTED_EDGE('',*,*,#2985,.F.);
#4263=ORIENTED_EDGE('',*,*,#3016,.T.);
#4264=ORIENTED_EDGE('',*,*,#3004,.T.);
#4265=ORIENTED_EDGE('',*,*,#3017,.F.);
#4266=ORIENTED_EDGE('',*,*,#2986,.F.);
#4267=ORIENTED_EDGE('',*,*,#3017,.T.);
#4268=ORIENTED_EDGE('',*,*,#3003,.T.);
#4269=ORIENTED_EDGE('',*,*,#3018,.F.);
#4270=ORIENTED_EDGE('',*,*,#2987,.F.);
#4271=ORIENTED_EDGE('',*,*,#3018,.T.);
#4272=ORIENTED_EDGE('',*,*,#3002,.T.);
#4273=ORIENTED_EDGE('',*,*,#3019,.F.);
#4274=ORIENTED_EDGE('',*,*,#2988,.F.);
#4275=ORIENTED_EDGE('',*,*,#3019,.T.);
#4276=ORIENTED_EDGE('',*,*,#3001,.T.);
#4277=ORIENTED_EDGE('',*,*,#3020,.F.);
#4278=ORIENTED_EDGE('',*,*,#2989,.F.);
#4279=ORIENTED_EDGE('',*,*,#3020,.T.);
#4280=ORIENTED_EDGE('',*,*,#3000,.T.);
#4281=ORIENTED_EDGE('',*,*,#3021,.F.);
#4282=ORIENTED_EDGE('',*,*,#2990,.F.);
#4283=ORIENTED_EDGE('',*,*,#3021,.T.);
#4284=ORIENTED_EDGE('',*,*,#2999,.T.);
#4285=ORIENTED_EDGE('',*,*,#3022,.F.);
#4286=ORIENTED_EDGE('',*,*,#2991,.F.);
#4287=ORIENTED_EDGE('',*,*,#3022,.T.);
#4288=ORIENTED_EDGE('',*,*,#2998,.T.);
#4289=ORIENTED_EDGE('',*,*,#3023,.F.);
#4290=ORIENTED_EDGE('',*,*,#2992,.F.);
#4291=ORIENTED_EDGE('',*,*,#3023,.T.);
#4292=ORIENTED_EDGE('',*,*,#2997,.T.);
#4293=ORIENTED_EDGE('',*,*,#3024,.F.);
#4294=ORIENTED_EDGE('',*,*,#2993,.F.);
#4295=ORIENTED_EDGE('',*,*,#3024,.T.);
#4296=ORIENTED_EDGE('',*,*,#2996,.T.);
#4297=ORIENTED_EDGE('',*,*,#3025,.F.);
#4298=ORIENTED_EDGE('',*,*,#2978,.F.);
#4299=ORIENTED_EDGE('',*,*,#3025,.T.);
#4300=ORIENTED_EDGE('',*,*,#2995,.T.);
#4301=ORIENTED_EDGE('',*,*,#3010,.F.);
#4302=ORIENTED_EDGE('',*,*,#3026,.F.);
#4303=ORIENTED_EDGE('',*,*,#3027,.F.);
#4304=ORIENTED_EDGE('',*,*,#3028,.F.);
#4305=ORIENTED_EDGE('',*,*,#3029,.F.);
#4306=ORIENTED_EDGE('',*,*,#3030,.F.);
#4307=ORIENTED_EDGE('',*,*,#3031,.F.);
#4308=ORIENTED_EDGE('',*,*,#3032,.F.);
#4309=ORIENTED_EDGE('',*,*,#3033,.F.);
#4310=ORIENTED_EDGE('',*,*,#3034,.F.);
#4311=ORIENTED_EDGE('',*,*,#3035,.F.);
#4312=ORIENTED_EDGE('',*,*,#3036,.F.);
#4313=ORIENTED_EDGE('',*,*,#3037,.F.);
#4314=ORIENTED_EDGE('',*,*,#3038,.F.);
#4315=ORIENTED_EDGE('',*,*,#3039,.F.);
#4316=ORIENTED_EDGE('',*,*,#3040,.F.);
#4317=ORIENTED_EDGE('',*,*,#3041,.F.);
#4318=ORIENTED_EDGE('',*,*,#3042,.F.);
#4319=ORIENTED_EDGE('',*,*,#3043,.F.);
#4320=ORIENTED_EDGE('',*,*,#3044,.F.);
#4321=ORIENTED_EDGE('',*,*,#3045,.F.);
#4322=ORIENTED_EDGE('',*,*,#2967,.F.);
#4323=ORIENTED_EDGE('',*,*,#3046,.T.);
#4324=ORIENTED_EDGE('',*,*,#3026,.T.);
#4325=ORIENTED_EDGE('',*,*,#3047,.F.);
#4326=ORIENTED_EDGE('',*,*,#2968,.F.);
#4327=ORIENTED_EDGE('',*,*,#3047,.T.);
#4328=ORIENTED_EDGE('',*,*,#3037,.T.);
#4329=ORIENTED_EDGE('',*,*,#3048,.F.);
#4330=ORIENTED_EDGE('',*,*,#2969,.F.);
#4331=ORIENTED_EDGE('',*,*,#3048,.T.);
#4332=ORIENTED_EDGE('',*,*,#3036,.T.);
#4333=ORIENTED_EDGE('',*,*,#3049,.F.);
#4334=ORIENTED_EDGE('',*,*,#2970,.F.);
#4335=ORIENTED_EDGE('',*,*,#3049,.T.);
#4336=ORIENTED_EDGE('',*,*,#3035,.T.);
#4337=ORIENTED_EDGE('',*,*,#3050,.F.);
#4338=ORIENTED_EDGE('',*,*,#2971,.F.);
#4339=ORIENTED_EDGE('',*,*,#3050,.T.);
#4340=ORIENTED_EDGE('',*,*,#3034,.T.);
#4341=ORIENTED_EDGE('',*,*,#3051,.F.);
#4342=ORIENTED_EDGE('',*,*,#2972,.F.);
#4343=ORIENTED_EDGE('',*,*,#3051,.T.);
#4344=ORIENTED_EDGE('',*,*,#3033,.T.);
#4345=ORIENTED_EDGE('',*,*,#3052,.F.);
#4346=ORIENTED_EDGE('',*,*,#2973,.F.);
#4347=ORIENTED_EDGE('',*,*,#3052,.T.);
#4348=ORIENTED_EDGE('',*,*,#3032,.T.);
#4349=ORIENTED_EDGE('',*,*,#3053,.F.);
#4350=ORIENTED_EDGE('',*,*,#2974,.F.);
#4351=ORIENTED_EDGE('',*,*,#3053,.T.);
#4352=ORIENTED_EDGE('',*,*,#3031,.T.);
#4353=ORIENTED_EDGE('',*,*,#3054,.F.);
#4354=ORIENTED_EDGE('',*,*,#2975,.F.);
#4355=ORIENTED_EDGE('',*,*,#3054,.T.);
#4356=ORIENTED_EDGE('',*,*,#3030,.T.);
#4357=ORIENTED_EDGE('',*,*,#3055,.F.);
#4358=ORIENTED_EDGE('',*,*,#2976,.F.);
#4359=ORIENTED_EDGE('',*,*,#3055,.T.);
#4360=ORIENTED_EDGE('',*,*,#3029,.T.);
#4361=ORIENTED_EDGE('',*,*,#3056,.F.);
#4362=ORIENTED_EDGE('',*,*,#2977,.F.);
#4363=ORIENTED_EDGE('',*,*,#3056,.T.);
#4364=ORIENTED_EDGE('',*,*,#3028,.T.);
#4365=ORIENTED_EDGE('',*,*,#3057,.F.);
#4366=ORIENTED_EDGE('',*,*,#2966,.F.);
#4367=ORIENTED_EDGE('',*,*,#3057,.T.);
#4368=ORIENTED_EDGE('',*,*,#3027,.T.);
#4369=ORIENTED_EDGE('',*,*,#3046,.F.);
#4370=ORIENTED_EDGE('',*,*,#2932,.F.);
#4371=ORIENTED_EDGE('',*,*,#3058,.T.);
#4372=ORIENTED_EDGE('',*,*,#3038,.T.);
#4373=ORIENTED_EDGE('',*,*,#3059,.F.);
#4374=ORIENTED_EDGE('',*,*,#2933,.F.);
#4375=ORIENTED_EDGE('',*,*,#3059,.T.);
#4376=ORIENTED_EDGE('',*,*,#3045,.T.);
#4377=ORIENTED_EDGE('',*,*,#3060,.F.);
#4378=ORIENTED_EDGE('',*,*,#2934,.F.);
#4379=ORIENTED_EDGE('',*,*,#3060,.T.);
#4380=ORIENTED_EDGE('',*,*,#3044,.T.);
#4381=ORIENTED_EDGE('',*,*,#3061,.F.);
#4382=ORIENTED_EDGE('',*,*,#2935,.F.);
#4383=ORIENTED_EDGE('',*,*,#3061,.T.);
#4384=ORIENTED_EDGE('',*,*,#3043,.T.);
#4385=ORIENTED_EDGE('',*,*,#3062,.F.);
#4386=ORIENTED_EDGE('',*,*,#2936,.F.);
#4387=ORIENTED_EDGE('',*,*,#3062,.T.);
#4388=ORIENTED_EDGE('',*,*,#3042,.T.);
#4389=ORIENTED_EDGE('',*,*,#3063,.F.);
#4390=ORIENTED_EDGE('',*,*,#2937,.F.);
#4391=ORIENTED_EDGE('',*,*,#3063,.T.);
#4392=ORIENTED_EDGE('',*,*,#3041,.T.);
#4393=ORIENTED_EDGE('',*,*,#3064,.F.);
#4394=ORIENTED_EDGE('',*,*,#2938,.F.);
#4395=ORIENTED_EDGE('',*,*,#3064,.T.);
#4396=ORIENTED_EDGE('',*,*,#3040,.T.);
#4397=ORIENTED_EDGE('',*,*,#3065,.F.);
#4398=ORIENTED_EDGE('',*,*,#2931,.F.);
#4399=ORIENTED_EDGE('',*,*,#3065,.T.);
#4400=ORIENTED_EDGE('',*,*,#3039,.T.);
#4401=ORIENTED_EDGE('',*,*,#3058,.F.);
#4402=ORIENTED_EDGE('',*,*,#3066,.F.);
#4403=ORIENTED_EDGE('',*,*,#3067,.F.);
#4404=ORIENTED_EDGE('',*,*,#3068,.F.);
#4405=ORIENTED_EDGE('',*,*,#3069,.F.);
#4406=ORIENTED_EDGE('',*,*,#3070,.F.);
#4407=ORIENTED_EDGE('',*,*,#3071,.F.);
#4408=ORIENTED_EDGE('',*,*,#3072,.F.);
#4409=ORIENTED_EDGE('',*,*,#3073,.F.);
#4410=ORIENTED_EDGE('',*,*,#3074,.F.);
#4411=ORIENTED_EDGE('',*,*,#3075,.F.);
#4412=ORIENTED_EDGE('',*,*,#3076,.F.);
#4413=ORIENTED_EDGE('',*,*,#3077,.F.);
#4414=ORIENTED_EDGE('',*,*,#3078,.F.);
#4415=ORIENTED_EDGE('',*,*,#3079,.F.);
#4416=ORIENTED_EDGE('',*,*,#3080,.F.);
#4417=ORIENTED_EDGE('',*,*,#3081,.F.);
#4418=ORIENTED_EDGE('',*,*,#3082,.F.);
#4419=ORIENTED_EDGE('',*,*,#3083,.F.);
#4420=ORIENTED_EDGE('',*,*,#3084,.F.);
#4421=ORIENTED_EDGE('',*,*,#3085,.F.);
#4422=ORIENTED_EDGE('',*,*,#3086,.F.);
#4423=ORIENTED_EDGE('',*,*,#3087,.F.);
#4424=ORIENTED_EDGE('',*,*,#3088,.F.);
#4425=ORIENTED_EDGE('',*,*,#3089,.F.);
#4426=ORIENTED_EDGE('',*,*,#3090,.F.);
#4427=ORIENTED_EDGE('',*,*,#3091,.F.);
#4428=ORIENTED_EDGE('',*,*,#3092,.F.);
#4429=ORIENTED_EDGE('',*,*,#3093,.F.);
#4430=ORIENTED_EDGE('',*,*,#2948,.F.);
#4431=ORIENTED_EDGE('',*,*,#3094,.T.);
#4432=ORIENTED_EDGE('',*,*,#3066,.T.);
#4433=ORIENTED_EDGE('',*,*,#3095,.F.);
#4434=ORIENTED_EDGE('',*,*,#2949,.F.);
#4435=ORIENTED_EDGE('',*,*,#3095,.T.);
#4436=ORIENTED_EDGE('',*,*,#3084,.T.);
#4437=ORIENTED_EDGE('',*,*,#3096,.F.);
#4438=ORIENTED_EDGE('',*,*,#2950,.F.);
#4439=ORIENTED_EDGE('',*,*,#3096,.T.);
#4440=ORIENTED_EDGE('',*,*,#3083,.T.);
#4441=ORIENTED_EDGE('',*,*,#3097,.F.);
#4442=ORIENTED_EDGE('',*,*,#2951,.F.);
#4443=ORIENTED_EDGE('',*,*,#3097,.T.);
#4444=ORIENTED_EDGE('',*,*,#3082,.T.);
#4445=ORIENTED_EDGE('',*,*,#3098,.F.);
#4446=ORIENTED_EDGE('',*,*,#2952,.F.);
#4447=ORIENTED_EDGE('',*,*,#3098,.T.);
#4448=ORIENTED_EDGE('',*,*,#3081,.T.);
#4449=ORIENTED_EDGE('',*,*,#3099,.F.);
#4450=ORIENTED_EDGE('',*,*,#2953,.F.);
#4451=ORIENTED_EDGE('',*,*,#3099,.T.);
#4452=ORIENTED_EDGE('',*,*,#3080,.T.);
#4453=ORIENTED_EDGE('',*,*,#3100,.F.);
#4454=ORIENTED_EDGE('',*,*,#2954,.F.);
#4455=ORIENTED_EDGE('',*,*,#3100,.T.);
#4456=ORIENTED_EDGE('',*,*,#3079,.T.);
#4457=ORIENTED_EDGE('',*,*,#3101,.F.);
#4458=ORIENTED_EDGE('',*,*,#2955,.F.);
#4459=ORIENTED_EDGE('',*,*,#3101,.T.);
#4460=ORIENTED_EDGE('',*,*,#3078,.T.);
#4461=ORIENTED_EDGE('',*,*,#3102,.F.);
#4462=ORIENTED_EDGE('',*,*,#2956,.F.);
#4463=ORIENTED_EDGE('',*,*,#3102,.T.);
#4464=ORIENTED_EDGE('',*,*,#3077,.T.);
#4465=ORIENTED_EDGE('',*,*,#3103,.F.);
#4466=ORIENTED_EDGE('',*,*,#2957,.F.);
#4467=ORIENTED_EDGE('',*,*,#3103,.T.);
#4468=ORIENTED_EDGE('',*,*,#3076,.T.);
#4469=ORIENTED_EDGE('',*,*,#3104,.F.);
#4470=ORIENTED_EDGE('',*,*,#2958,.F.);
#4471=ORIENTED_EDGE('',*,*,#3104,.T.);
#4472=ORIENTED_EDGE('',*,*,#3075,.T.);
#4473=ORIENTED_EDGE('',*,*,#3105,.F.);
#4474=ORIENTED_EDGE('',*,*,#2959,.F.);
#4475=ORIENTED_EDGE('',*,*,#3105,.T.);
#4476=ORIENTED_EDGE('',*,*,#3074,.T.);
#4477=ORIENTED_EDGE('',*,*,#3106,.F.);
#4478=ORIENTED_EDGE('',*,*,#2960,.F.);
#4479=ORIENTED_EDGE('',*,*,#3106,.T.);
#4480=ORIENTED_EDGE('',*,*,#3073,.T.);
#4481=ORIENTED_EDGE('',*,*,#3107,.F.);
#4482=ORIENTED_EDGE('',*,*,#2961,.F.);
#4483=ORIENTED_EDGE('',*,*,#3107,.T.);
#4484=ORIENTED_EDGE('',*,*,#3072,.T.);
#4485=ORIENTED_EDGE('',*,*,#3108,.F.);
#4486=ORIENTED_EDGE('',*,*,#2962,.F.);
#4487=ORIENTED_EDGE('',*,*,#3108,.T.);
#4488=ORIENTED_EDGE('',*,*,#3071,.T.);
#4489=ORIENTED_EDGE('',*,*,#3109,.F.);
#4490=ORIENTED_EDGE('',*,*,#2963,.F.);
#4491=ORIENTED_EDGE('',*,*,#3109,.T.);
#4492=ORIENTED_EDGE('',*,*,#3070,.T.);
#4493=ORIENTED_EDGE('',*,*,#3110,.F.);
#4494=ORIENTED_EDGE('',*,*,#2964,.F.);
#4495=ORIENTED_EDGE('',*,*,#3110,.T.);
#4496=ORIENTED_EDGE('',*,*,#3069,.T.);
#4497=ORIENTED_EDGE('',*,*,#3111,.F.);
#4498=ORIENTED_EDGE('',*,*,#2965,.F.);
#4499=ORIENTED_EDGE('',*,*,#3111,.T.);
#4500=ORIENTED_EDGE('',*,*,#3068,.T.);
#4501=ORIENTED_EDGE('',*,*,#3112,.F.);
#4502=ORIENTED_EDGE('',*,*,#2947,.F.);
#4503=ORIENTED_EDGE('',*,*,#3112,.T.);
#4504=ORIENTED_EDGE('',*,*,#3067,.T.);
#4505=ORIENTED_EDGE('',*,*,#3094,.F.);
#4506=ORIENTED_EDGE('',*,*,#2688,.F.);
#4507=ORIENTED_EDGE('',*,*,#3113,.T.);
#4508=ORIENTED_EDGE('',*,*,#3085,.T.);
#4509=ORIENTED_EDGE('',*,*,#3114,.F.);
#4510=ORIENTED_EDGE('',*,*,#2689,.F.);
#4511=ORIENTED_EDGE('',*,*,#3114,.T.);
#4512=ORIENTED_EDGE('',*,*,#3093,.T.);
#4513=ORIENTED_EDGE('',*,*,#3115,.F.);
#4514=ORIENTED_EDGE('',*,*,#2690,.F.);
#4515=ORIENTED_EDGE('',*,*,#3115,.T.);
#4516=ORIENTED_EDGE('',*,*,#3092,.T.);
#4517=ORIENTED_EDGE('',*,*,#3116,.F.);
#4518=ORIENTED_EDGE('',*,*,#2691,.F.);
#4519=ORIENTED_EDGE('',*,*,#3116,.T.);
#4520=ORIENTED_EDGE('',*,*,#3091,.T.);
#4521=ORIENTED_EDGE('',*,*,#3117,.F.);
#4522=ORIENTED_EDGE('',*,*,#2692,.F.);
#4523=ORIENTED_EDGE('',*,*,#3117,.T.);
#4524=ORIENTED_EDGE('',*,*,#3090,.T.);
#4525=ORIENTED_EDGE('',*,*,#3118,.F.);
#4526=ORIENTED_EDGE('',*,*,#2693,.F.);
#4527=ORIENTED_EDGE('',*,*,#3118,.T.);
#4528=ORIENTED_EDGE('',*,*,#3089,.T.);
#4529=ORIENTED_EDGE('',*,*,#3119,.F.);
#4530=ORIENTED_EDGE('',*,*,#2694,.F.);
#4531=ORIENTED_EDGE('',*,*,#3119,.T.);
#4532=ORIENTED_EDGE('',*,*,#3088,.T.);
#4533=ORIENTED_EDGE('',*,*,#3120,.F.);
#4534=ORIENTED_EDGE('',*,*,#2695,.F.);
#4535=ORIENTED_EDGE('',*,*,#3120,.T.);
#4536=ORIENTED_EDGE('',*,*,#3087,.T.);
#4537=ORIENTED_EDGE('',*,*,#3121,.F.);
#4538=ORIENTED_EDGE('',*,*,#2687,.F.);
#4539=ORIENTED_EDGE('',*,*,#3121,.T.);
#4540=ORIENTED_EDGE('',*,*,#3086,.T.);
#4541=ORIENTED_EDGE('',*,*,#3113,.F.);
#4542=ORIENTED_EDGE('',*,*,#3122,.F.);
#4543=ORIENTED_EDGE('',*,*,#3123,.F.);
#4544=ORIENTED_EDGE('',*,*,#3124,.F.);
#4545=ORIENTED_EDGE('',*,*,#3125,.F.);
#4546=ORIENTED_EDGE('',*,*,#3126,.F.);
#4547=ORIENTED_EDGE('',*,*,#3127,.F.);
#4548=ORIENTED_EDGE('',*,*,#3128,.F.);
#4549=ORIENTED_EDGE('',*,*,#3129,.F.);
#4550=ORIENTED_EDGE('',*,*,#2940,.F.);
#4551=ORIENTED_EDGE('',*,*,#3130,.T.);
#4552=ORIENTED_EDGE('',*,*,#3122,.T.);
#4553=ORIENTED_EDGE('',*,*,#3131,.F.);
#4554=ORIENTED_EDGE('',*,*,#2941,.F.);
#4555=ORIENTED_EDGE('',*,*,#3131,.T.);
#4556=ORIENTED_EDGE('',*,*,#3129,.T.);
#4557=ORIENTED_EDGE('',*,*,#3132,.F.);
#4558=ORIENTED_EDGE('',*,*,#2942,.F.);
#4559=ORIENTED_EDGE('',*,*,#3132,.T.);
#4560=ORIENTED_EDGE('',*,*,#3128,.T.);
#4561=ORIENTED_EDGE('',*,*,#3133,.F.);
#4562=ORIENTED_EDGE('',*,*,#2943,.F.);
#4563=ORIENTED_EDGE('',*,*,#3133,.T.);
#4564=ORIENTED_EDGE('',*,*,#3127,.T.);
#4565=ORIENTED_EDGE('',*,*,#3134,.F.);
#4566=ORIENTED_EDGE('',*,*,#2944,.F.);
#4567=ORIENTED_EDGE('',*,*,#3134,.T.);
#4568=ORIENTED_EDGE('',*,*,#3126,.T.);
#4569=ORIENTED_EDGE('',*,*,#3135,.F.);
#4570=ORIENTED_EDGE('',*,*,#2945,.F.);
#4571=ORIENTED_EDGE('',*,*,#3135,.T.);
#4572=ORIENTED_EDGE('',*,*,#3125,.T.);
#4573=ORIENTED_EDGE('',*,*,#3136,.F.);
#4574=ORIENTED_EDGE('',*,*,#2946,.F.);
#4575=ORIENTED_EDGE('',*,*,#3136,.T.);
#4576=ORIENTED_EDGE('',*,*,#3124,.T.);
#4577=ORIENTED_EDGE('',*,*,#3137,.F.);
#4578=ORIENTED_EDGE('',*,*,#2939,.F.);
#4579=ORIENTED_EDGE('',*,*,#3137,.T.);
#4580=ORIENTED_EDGE('',*,*,#3123,.T.);
#4581=ORIENTED_EDGE('',*,*,#3130,.F.);
#4582=ORIENTED_EDGE('',*,*,#3138,.F.);
#4583=ORIENTED_EDGE('',*,*,#3139,.F.);
#4584=ORIENTED_EDGE('',*,*,#3140,.F.);
#4585=ORIENTED_EDGE('',*,*,#3141,.F.);
#4586=ORIENTED_EDGE('',*,*,#3142,.F.);
#4587=ORIENTED_EDGE('',*,*,#3143,.F.);
#4588=ORIENTED_EDGE('',*,*,#3144,.F.);
#4589=ORIENTED_EDGE('',*,*,#3145,.F.);
#4590=ORIENTED_EDGE('',*,*,#3146,.F.);
#4591=ORIENTED_EDGE('',*,*,#3147,.F.);
#4592=ORIENTED_EDGE('',*,*,#3148,.F.);
#4593=ORIENTED_EDGE('',*,*,#3149,.F.);
#4594=ORIENTED_EDGE('',*,*,#3140,.T.);
#4595=ORIENTED_EDGE('',*,*,#3150,.F.);
#4596=ORIENTED_EDGE('',*,*,#3151,.T.);
#4597=ORIENTED_EDGE('',*,*,#3152,.T.);
#4598=ORIENTED_EDGE('',*,*,#3139,.T.);
#4599=ORIENTED_EDGE('',*,*,#3153,.F.);
#4600=ORIENTED_EDGE('',*,*,#3154,.T.);
#4601=ORIENTED_EDGE('',*,*,#3150,.T.);
#4602=ORIENTED_EDGE('',*,*,#3138,.T.);
#4603=ORIENTED_EDGE('',*,*,#3155,.F.);
#4604=ORIENTED_EDGE('',*,*,#3156,.T.);
#4605=ORIENTED_EDGE('',*,*,#3153,.T.);
#4606=ORIENTED_EDGE('',*,*,#3157,.T.);
#4607=ORIENTED_EDGE('',*,*,#3158,.F.);
#4608=ORIENTED_EDGE('',*,*,#3159,.T.);
#4609=ORIENTED_EDGE('',*,*,#3144,.T.);
#4610=ORIENTED_EDGE('',*,*,#3159,.F.);
#4611=ORIENTED_EDGE('',*,*,#3160,.F.);
#4612=ORIENTED_EDGE('',*,*,#3161,.T.);
#4613=ORIENTED_EDGE('',*,*,#3145,.T.);
#4614=ORIENTED_EDGE('',*,*,#3161,.F.);
#4615=ORIENTED_EDGE('',*,*,#3162,.F.);
#4616=ORIENTED_EDGE('',*,*,#3163,.T.);
#4617=ORIENTED_EDGE('',*,*,#3146,.T.);
#4618=ORIENTED_EDGE('',*,*,#3163,.F.);
#4619=ORIENTED_EDGE('',*,*,#3164,.F.);
#4620=ORIENTED_EDGE('',*,*,#3157,.F.);
#4621=ORIENTED_EDGE('',*,*,#3147,.T.);
#4622=ORIENTED_EDGE('',*,*,#3164,.T.);
#4623=ORIENTED_EDGE('',*,*,#3162,.T.);
#4624=ORIENTED_EDGE('',*,*,#3160,.T.);
#4625=ORIENTED_EDGE('',*,*,#3158,.T.);
#4626=ORIENTED_EDGE('',*,*,#3165,.F.);
#4627=ORIENTED_EDGE('',*,*,#3166,.T.);
#4628=ORIENTED_EDGE('',*,*,#3167,.F.);
#4629=ORIENTED_EDGE('',*,*,#3166,.F.);
#4630=ORIENTED_EDGE('',*,*,#3148,.T.);
#4631=ORIENTED_EDGE('',*,*,#3168,.T.);
#4632=ORIENTED_EDGE('',*,*,#3169,.F.);
#4633=ORIENTED_EDGE('',*,*,#3168,.F.);
#4634=ORIENTED_EDGE('',*,*,#3169,.T.);
#4635=ORIENTED_EDGE('',*,*,#3165,.T.);
#4636=ORIENTED_EDGE('',*,*,#3170,.F.);
#4637=ORIENTED_EDGE('',*,*,#3171,.T.);
#4638=ORIENTED_EDGE('',*,*,#3172,.F.);
#4639=ORIENTED_EDGE('',*,*,#3171,.F.);
#4640=ORIENTED_EDGE('',*,*,#3149,.T.);
#4641=ORIENTED_EDGE('',*,*,#3173,.T.);
#4642=ORIENTED_EDGE('',*,*,#3174,.T.);
#4643=ORIENTED_EDGE('',*,*,#3173,.F.);
#4644=ORIENTED_EDGE('',*,*,#3174,.F.);
#4645=ORIENTED_EDGE('',*,*,#3170,.T.);
#4646=ORIENTED_EDGE('',*,*,#3143,.T.);
#4647=ORIENTED_EDGE('',*,*,#3175,.F.);
#4648=ORIENTED_EDGE('',*,*,#3176,.T.);
#4649=ORIENTED_EDGE('',*,*,#3155,.T.);
#4650=ORIENTED_EDGE('',*,*,#3142,.T.);
#4651=ORIENTED_EDGE('',*,*,#3177,.F.);
#4652=ORIENTED_EDGE('',*,*,#3178,.T.);
#4653=ORIENTED_EDGE('',*,*,#3175,.T.);
#4654=ORIENTED_EDGE('',*,*,#3141,.T.);
#4655=ORIENTED_EDGE('',*,*,#3152,.F.);
#4656=ORIENTED_EDGE('',*,*,#3179,.T.);
#4657=ORIENTED_EDGE('',*,*,#3177,.T.);
#4658=ORIENTED_EDGE('',*,*,#3156,.F.);
#4659=ORIENTED_EDGE('',*,*,#3176,.F.);
#4660=ORIENTED_EDGE('',*,*,#3178,.F.);
#4661=ORIENTED_EDGE('',*,*,#3179,.F.);
#4662=ORIENTED_EDGE('',*,*,#3151,.F.);
#4663=ORIENTED_EDGE('',*,*,#3154,.F.);
#4664=ORIENTED_EDGE('',*,*,#3167,.T.);
#4665=ORIENTED_EDGE('',*,*,#3172,.T.);
#4666=CYLINDRICAL_SURFACE('',#5074,1.465);
#4667=CYLINDRICAL_SURFACE('',#5076,1.465);
#4668=CYLINDRICAL_SURFACE('',#5077,1.79975);
#4669=CYLINDRICAL_SURFACE('',#5079,1.79975);
#4670=CYLINDRICAL_SURFACE('',#5081,1.79975);
#4671=CYLINDRICAL_SURFACE('',#5082,1.79975);
#4672=CYLINDRICAL_SURFACE('',#5083,1.79975);
#4673=CYLINDRICAL_SURFACE('',#5084,1.79975);
#4674=CYLINDRICAL_SURFACE('',#5085,1.79975);
#4675=CYLINDRICAL_SURFACE('',#5086,1.79975);
#4676=CYLINDRICAL_SURFACE('',#5087,1.79975);
#4677=CYLINDRICAL_SURFACE('',#5096,1.465);
#4678=CYLINDRICAL_SURFACE('',#5097,1.465);
#4679=CYLINDRICAL_SURFACE('',#5098,1.465);
#4680=CYLINDRICAL_SURFACE('',#5099,1.465);
#4681=CYLINDRICAL_SURFACE('',#5100,1.465);
#4682=CYLINDRICAL_SURFACE('',#5101,1.465);
#4683=CYLINDRICAL_SURFACE('',#5102,0.5);
#4684=CYLINDRICAL_SURFACE('',#5103,0.5);
#4685=CYLINDRICAL_SURFACE('',#5108,2.);
#4686=CYLINDRICAL_SURFACE('',#5109,1.465);
#4687=CYLINDRICAL_SURFACE('',#5110,1.465);
#4688=CYLINDRICAL_SURFACE('',#5112,1.465);
#4689=CYLINDRICAL_SURFACE('',#5114,1.79975);
#4690=CYLINDRICAL_SURFACE('',#5115,1.79975);
#4691=CYLINDRICAL_SURFACE('',#5117,1.79975);
#4692=CYLINDRICAL_SURFACE('',#5118,1.79975);
#4693=CYLINDRICAL_SURFACE('',#5119,1.79975);
#4694=CYLINDRICAL_SURFACE('',#5120,1.79975);
#4695=CYLINDRICAL_SURFACE('',#5121,1.79975);
#4696=CYLINDRICAL_SURFACE('',#5122,1.79975);
#4697=CYLINDRICAL_SURFACE('',#5123,1.79975);
#4698=CYLINDRICAL_SURFACE('',#5129,0.5);
#4699=CYLINDRICAL_SURFACE('',#5130,1.465);
#4700=CYLINDRICAL_SURFACE('',#5132,1.465);
#4701=CYLINDRICAL_SURFACE('',#5133,1.465);
#4702=CYLINDRICAL_SURFACE('',#5134,1.465);
#4703=CYLINDRICAL_SURFACE('',#5135,1.465);
#4704=CYLINDRICAL_SURFACE('',#5136,1.465);
#4705=CYLINDRICAL_SURFACE('',#5137,1.465);
#4706=CYLINDRICAL_SURFACE('',#5145,2.);
#4707=CYLINDRICAL_SURFACE('',#5160,2.);
#4708=CYLINDRICAL_SURFACE('',#5163,2.);
#4709=CYLINDRICAL_SURFACE('',#5166,1.5);
#4710=CYLINDRICAL_SURFACE('',#5169,1.85);
#4711=CYLINDRICAL_SURFACE('',#5173,1.5);
#4712=CYLINDRICAL_SURFACE('',#5176,1.85);
#4713=CYLINDRICAL_SURFACE('',#5245,1.85);
#4714=CYLINDRICAL_SURFACE('',#5248,2.);
#4715=CYLINDRICAL_SURFACE('',#5251,1.85);
#4716=CYLINDRICAL_SURFACE('',#5254,2.);
#4717=STYLED_ITEM('',(#11821),#4785);
#4718=STYLED_ITEM('',(#11821),#4786);
#4719=STYLED_ITEM('',(#11821),#4797);
#4720=STYLED_ITEM('',(#11821),#4798);
#4721=STYLED_ITEM('',(#11821),#4799);
#4722=STYLED_ITEM('',(#11821),#4800);
#4723=STYLED_ITEM('',(#11821),#4801);
#4724=STYLED_ITEM('',(#11821),#4802);
#4725=STYLED_ITEM('',(#11821),#4803);
#4726=STYLED_ITEM('',(#11821),#4804);
#4727=STYLED_ITEM('',(#11821),#4805);
#4728=STYLED_ITEM('',(#11821),#4806);
#4729=STYLED_ITEM('',(#11821),#4808);
#4730=STYLED_ITEM('',(#11821),#4811);
#4731=STYLED_ITEM('',(#11821),#4813);
#4732=STYLED_ITEM('',(#11821),#4814);
#4733=STYLED_ITEM('',(#11821),#4815);
#4734=STYLED_ITEM('',(#11821),#4816);
#4735=STYLED_ITEM('',(#11821),#4817);
#4736=STYLED_ITEM('',(#11821),#4818);
#4737=STYLED_ITEM('',(#11821),#4819);
#4738=STYLED_ITEM('',(#11821),#4820);
#4739=STYLED_ITEM('',(#11821),#4821);
#4740=STYLED_ITEM('',(#11821),#4822);
#4741=STYLED_ITEM('',(#11821),#4823);
#4742=STYLED_ITEM('',(#11820),#17);
#4743=STYLED_ITEM('',(#11821),#4824);
#4744=STYLED_ITEM('',(#11821),#4825);
#4745=STYLED_ITEM('',(#11821),#4834);
#4746=STYLED_ITEM('',(#11821),#4835);
#4747=STYLED_ITEM('',(#11821),#4836);
#4748=STYLED_ITEM('',(#11821),#4837);
#4749=STYLED_ITEM('',(#11821),#4838);
#4750=STYLED_ITEM('',(#11821),#4839);
#4751=STYLED_ITEM('',(#11821),#4840);
#4752=STYLED_ITEM('',(#11821),#4841);
#4753=STYLED_ITEM('',(#11821),#4842);
#4754=STYLED_ITEM('',(#11821),#4843);
#4755=STYLED_ITEM('',(#11821),#4844);
#4756=STYLED_ITEM('',(#11821),#4845);
#4757=STYLED_ITEM('',(#11821),#4847);
#4758=STYLED_ITEM('',(#11821),#4849);
#4759=STYLED_ITEM('',(#11821),#4850);
#4760=STYLED_ITEM('',(#11821),#4851);
#4761=STYLED_ITEM('',(#11821),#4852);
#4762=STYLED_ITEM('',(#11821),#4853);
#4763=STYLED_ITEM('',(#11821),#4854);
#4764=STYLED_ITEM('',(#11821),#4855);
#4765=STYLED_ITEM('',(#11821),#4856);
#4766=STYLED_ITEM('',(#11821),#4857);
#4767=STYLED_ITEM('',(#11821),#4860);
#4768=STYLED_ITEM('',(#11821),#4861);
#4769=STYLED_ITEM('',(#11820),#18);
#4770=STYLED_ITEM('',(#11821),#4874);
#4771=STYLED_ITEM('',(#11821),#4875);
#4772=STYLED_ITEM('',(#11821),#4876);
#4773=STYLED_ITEM('',(#11821),#4877);
#4774=STYLED_ITEM('',(#11821),#4878);
#4775=STYLED_ITEM('',(#11821),#4879);
#4776=STYLED_ITEM('',(#11821),#4880);
#4777=STYLED_ITEM('',(#11821),#4881);
#4778=STYLED_ITEM('',(#11820),#19);
#4779=STYLED_ITEM('',(#11821),#5047);
#4780=STYLED_ITEM('',(#11823),#5048);
#4781=STYLED_ITEM('',(#11821),#5049);
#4782=STYLED_ITEM('',(#11821),#5050);
#4783=STYLED_ITEM('',(#11821),#5052);
#4784=STYLED_ITEM('',(#11822),#20);
#4785=ADVANCED_FACE('',(#265),#4666,.F.);
#4786=ADVANCED_FACE('',(#266),#4667,.F.);
#4787=ADVANCED_FACE('',(#267),#4668,.F.);
#4788=ADVANCED_FACE('',(#268),#4669,.F.);
#4789=ADVANCED_FACE('',(#269),#4670,.F.);
#4790=ADVANCED_FACE('',(#270),#4671,.F.);
#4791=ADVANCED_FACE('',(#271),#4672,.F.);
#4792=ADVANCED_FACE('',(#272),#4673,.F.);
#4793=ADVANCED_FACE('',(#273),#4674,.F.);
#4794=ADVANCED_FACE('',(#274),#4675,.F.);
#4795=ADVANCED_FACE('',(#275),#137,.F.);
#4796=ADVANCED_FACE('',(#276),#138,.F.);
#4797=ADVANCED_FACE('',(#277),#139,.F.);
#4798=ADVANCED_FACE('',(#278),#140,.F.);
#4799=ADVANCED_FACE('',(#279),#141,.F.);
#4800=ADVANCED_FACE('',(#280),#142,.F.);
#4801=ADVANCED_FACE('',(#281),#143,.F.);
#4802=ADVANCED_FACE('',(#282),#144,.F.);
#4803=ADVANCED_FACE('',(#283),#145,.F.);
#4804=ADVANCED_FACE('',(#284),#146,.F.);
#4805=ADVANCED_FACE('',(#285),#147,.F.);
#4806=ADVANCED_FACE('',(#286),#148,.F.);
#4807=ADVANCED_FACE('',(#287),#4676,.F.);
#4808=ADVANCED_FACE('',(#288),#149,.F.);
#4809=ADVANCED_FACE('',(#289),#48,.F.);
#4810=ADVANCED_FACE('',(#290,#21),#49,.F.);
#4811=ADVANCED_FACE('',(#291),#4677,.F.);
#4812=ADVANCED_FACE('',(#292),#4678,.F.);
#4813=ADVANCED_FACE('',(#293),#4679,.F.);
#4814=ADVANCED_FACE('',(#294),#4680,.F.);
#4815=ADVANCED_FACE('',(#295),#4681,.F.);
#4816=ADVANCED_FACE('',(#296),#4682,.F.);
#4817=ADVANCED_FACE('',(#297),#4683,.F.);
#4818=ADVANCED_FACE('',(#298),#4684,.F.);
#4819=ADVANCED_FACE('',(#299),#50,.T.);
#4820=ADVANCED_FACE('',(#300),#51,.F.);
#4821=ADVANCED_FACE('',(#301),#52,.F.);
#4822=ADVANCED_FACE('',(#302),#4685,.T.);
#4823=ADVANCED_FACE('',(#303),#4686,.F.);
#4824=ADVANCED_FACE('',(#304),#4687,.F.);
#4825=ADVANCED_FACE('',(#305),#4688,.F.);
#4826=ADVANCED_FACE('',(#306),#4689,.F.);
#4827=ADVANCED_FACE('',(#307),#4690,.F.);
#4828=ADVANCED_FACE('',(#308),#4691,.F.);
#4829=ADVANCED_FACE('',(#309),#4692,.F.);
#4830=ADVANCED_FACE('',(#310),#4693,.F.);
#4831=ADVANCED_FACE('',(#311),#4694,.F.);
#4832=ADVANCED_FACE('',(#312),#4695,.F.);
#4833=ADVANCED_FACE('',(#313),#4696,.F.);
#4834=ADVANCED_FACE('',(#314),#150,.F.);
#4835=ADVANCED_FACE('',(#315),#151,.F.);
#4836=ADVANCED_FACE('',(#316),#152,.F.);
#4837=ADVANCED_FACE('',(#317),#153,.F.);
#4838=ADVANCED_FACE('',(#318),#154,.F.);
#4839=ADVANCED_FACE('',(#319),#155,.F.);
#4840=ADVANCED_FACE('',(#320),#156,.F.);
#4841=ADVANCED_FACE('',(#321),#157,.F.);
#4842=ADVANCED_FACE('',(#322),#158,.F.);
#4843=ADVANCED_FACE('',(#323),#159,.F.);
#4844=ADVANCED_FACE('',(#324),#160,.F.);
#4845=ADVANCED_FACE('',(#325),#161,.F.);
#4846=ADVANCED_FACE('',(#326),#4697,.F.);
#4847=ADVANCED_FACE('',(#327),#162,.F.);
#4848=ADVANCED_FACE('',(#328),#53,.F.);
#4849=ADVANCED_FACE('',(#329),#54,.F.);
#4850=ADVANCED_FACE('',(#330),#4698,.F.);
#4851=ADVANCED_FACE('',(#331),#4699,.F.);
#4852=ADVANCED_FACE('',(#332),#4700,.F.);
#4853=ADVANCED_FACE('',(#333),#4701,.F.);
#4854=ADVANCED_FACE('',(#334),#4702,.F.);
#4855=ADVANCED_FACE('',(#335),#4703,.F.);
#4856=ADVANCED_FACE('',(#336),#4704,.F.);
#4857=ADVANCED_FACE('',(#337),#4705,.F.);
#4858=ADVANCED_FACE('',(#338,#22),#55,.F.);
#4859=ADVANCED_FACE('',(#339),#56,.F.);
#4860=ADVANCED_FACE('',(#340),#57,.T.);
#4861=ADVANCED_FACE('',(#341),#4706,.T.);
#4862=ADVANCED_FACE('',(#342,#23,#24),#58,.T.);
#4863=ADVANCED_FACE('',(#343),#59,.T.);
#4864=ADVANCED_FACE('',(#344),#60,.T.);
#4865=ADVANCED_FACE('',(#345),#61,.T.);
#4866=ADVANCED_FACE('',(#346),#62,.T.);
#4867=ADVANCED_FACE('',(#347),#63,.T.);
#4868=ADVANCED_FACE('',(#348),#64,.T.);
#4869=ADVANCED_FACE('',(#349,#25,#26),#65,.F.);
#4870=ADVANCED_FACE('',(#350),#4707,.F.);
#4871=ADVANCED_FACE('',(#351),#13,.F.);
#4872=ADVANCED_FACE('',(#352),#4708,.F.);
#4873=ADVANCED_FACE('',(#353),#14,.F.);
#4874=ADVANCED_FACE('',(#354),#4709,.F.);
#4875=ADVANCED_FACE('',(#355),#4710,.F.);
#4876=ADVANCED_FACE('',(#356,#27),#66,.F.);
#4877=ADVANCED_FACE('',(#357),#15,.F.);
#4878=ADVANCED_FACE('',(#358),#4711,.F.);
#4879=ADVANCED_FACE('',(#359),#4712,.F.);
#4880=ADVANCED_FACE('',(#360,#28),#67,.T.);
#4881=ADVANCED_FACE('',(#361),#16,.F.);
#4882=ADVANCED_FACE('',(#362),#68,.T.);
#4883=ADVANCED_FACE('',(#363,#29,#30,#31,#32),#69,.T.);
#4884=ADVANCED_FACE('',(#364),#70,.T.);
#4885=ADVANCED_FACE('',(#365),#71,.F.);
#4886=ADVANCED_FACE('',(#366),#72,.F.);
#4887=ADVANCED_FACE('',(#367),#73,.F.);
#4888=ADVANCED_FACE('',(#368),#74,.F.);
#4889=ADVANCED_FACE('',(#369),#75,.F.);
#4890=ADVANCED_FACE('',(#370),#163,.F.);
#4891=ADVANCED_FACE('',(#371),#164,.F.);
#4892=ADVANCED_FACE('',(#372),#76,.F.);
#4893=ADVANCED_FACE('',(#373),#77,.F.);
#4894=ADVANCED_FACE('',(#374),#78,.F.);
#4895=ADVANCED_FACE('',(#375),#79,.F.);
#4896=ADVANCED_FACE('',(#376),#80,.F.);
#4897=ADVANCED_FACE('',(#377),#81,.F.);
#4898=ADVANCED_FACE('',(#378),#165,.F.);
#4899=ADVANCED_FACE('',(#379),#166,.F.);
#4900=ADVANCED_FACE('',(#380),#82,.F.);
#4901=ADVANCED_FACE('',(#381,#33),#83,.T.);
#4902=ADVANCED_FACE('',(#382),#167,.F.);
#4903=ADVANCED_FACE('',(#383),#168,.F.);
#4904=ADVANCED_FACE('',(#384),#169,.F.);
#4905=ADVANCED_FACE('',(#385),#170,.F.);
#4906=ADVANCED_FACE('',(#386),#171,.F.);
#4907=ADVANCED_FACE('',(#387),#172,.F.);
#4908=ADVANCED_FACE('',(#388),#173,.F.);
#4909=ADVANCED_FACE('',(#389),#174,.F.);
#4910=ADVANCED_FACE('',(#390),#175,.F.);
#4911=ADVANCED_FACE('',(#391),#176,.F.);
#4912=ADVANCED_FACE('',(#392),#177,.F.);
#4913=ADVANCED_FACE('',(#393),#178,.F.);
#4914=ADVANCED_FACE('',(#394),#179,.F.);
#4915=ADVANCED_FACE('',(#395),#180,.F.);
#4916=ADVANCED_FACE('',(#396),#181,.F.);
#4917=ADVANCED_FACE('',(#397),#182,.F.);
#4918=ADVANCED_FACE('',(#398),#183,.F.);
#4919=ADVANCED_FACE('',(#399),#184,.F.);
#4920=ADVANCED_FACE('',(#400),#185,.F.);
#4921=ADVANCED_FACE('',(#401),#186,.F.);
#4922=ADVANCED_FACE('',(#402,#34),#84,.T.);
#4923=ADVANCED_FACE('',(#403),#187,.F.);
#4924=ADVANCED_FACE('',(#404),#85,.F.);
#4925=ADVANCED_FACE('',(#405),#188,.F.);
#4926=ADVANCED_FACE('',(#406),#189,.F.);
#4927=ADVANCED_FACE('',(#407),#190,.F.);
#4928=ADVANCED_FACE('',(#408),#191,.F.);
#4929=ADVANCED_FACE('',(#409),#192,.F.);
#4930=ADVANCED_FACE('',(#410),#193,.F.);
#4931=ADVANCED_FACE('',(#411),#194,.F.);
#4932=ADVANCED_FACE('',(#412),#195,.F.);
#4933=ADVANCED_FACE('',(#413),#196,.F.);
#4934=ADVANCED_FACE('',(#414),#197,.F.);
#4935=ADVANCED_FACE('',(#415),#198,.F.);
#4936=ADVANCED_FACE('',(#416),#199,.F.);
#4937=ADVANCED_FACE('',(#417),#200,.F.);
#4938=ADVANCED_FACE('',(#418),#201,.F.);
#4939=ADVANCED_FACE('',(#419),#202,.F.);
#4940=ADVANCED_FACE('',(#420),#203,.F.);
#4941=ADVANCED_FACE('',(#421),#204,.F.);
#4942=ADVANCED_FACE('',(#422),#205,.F.);
#4943=ADVANCED_FACE('',(#423),#206,.F.);
#4944=ADVANCED_FACE('',(#424),#207,.F.);
#4945=ADVANCED_FACE('',(#425),#208,.F.);
#4946=ADVANCED_FACE('',(#426),#209,.F.);
#4947=ADVANCED_FACE('',(#427),#210,.F.);
#4948=ADVANCED_FACE('',(#428),#211,.F.);
#4949=ADVANCED_FACE('',(#429),#212,.F.);
#4950=ADVANCED_FACE('',(#430),#213,.F.);
#4951=ADVANCED_FACE('',(#431),#86,.F.);
#4952=ADVANCED_FACE('',(#432),#87,.F.);
#4953=ADVANCED_FACE('',(#433),#88,.F.);
#4954=ADVANCED_FACE('',(#434),#89,.F.);
#4955=ADVANCED_FACE('',(#435),#90,.F.);
#4956=ADVANCED_FACE('',(#436),#91,.F.);
#4957=ADVANCED_FACE('',(#437),#92,.F.);
#4958=ADVANCED_FACE('',(#438),#93,.F.);
#4959=ADVANCED_FACE('',(#439),#94,.F.);
#4960=ADVANCED_FACE('',(#440),#95,.T.);
#4961=ADVANCED_FACE('',(#441,#35,#36,#37,#38),#96,.T.);
#4962=ADVANCED_FACE('',(#442),#97,.T.);
#4963=ADVANCED_FACE('',(#443),#98,.F.);
#4964=ADVANCED_FACE('',(#444),#99,.F.);
#4965=ADVANCED_FACE('',(#445),#100,.F.);
#4966=ADVANCED_FACE('',(#446),#101,.F.);
#4967=ADVANCED_FACE('',(#447),#102,.F.);
#4968=ADVANCED_FACE('',(#448),#214,.F.);
#4969=ADVANCED_FACE('',(#449),#215,.F.);
#4970=ADVANCED_FACE('',(#450),#103,.F.);
#4971=ADVANCED_FACE('',(#451),#104,.F.);
#4972=ADVANCED_FACE('',(#452),#105,.F.);
#4973=ADVANCED_FACE('',(#453),#106,.F.);
#4974=ADVANCED_FACE('',(#454),#107,.F.);
#4975=ADVANCED_FACE('',(#455),#108,.F.);
#4976=ADVANCED_FACE('',(#456),#216,.F.);
#4977=ADVANCED_FACE('',(#457),#217,.F.);
#4978=ADVANCED_FACE('',(#458),#109,.F.);
#4979=ADVANCED_FACE('',(#459,#39),#110,.T.);
#4980=ADVANCED_FACE('',(#460),#218,.F.);
#4981=ADVANCED_FACE('',(#461),#219,.F.);
#4982=ADVANCED_FACE('',(#462),#220,.F.);
#4983=ADVANCED_FACE('',(#463),#221,.F.);
#4984=ADVANCED_FACE('',(#464),#222,.F.);
#4985=ADVANCED_FACE('',(#465),#223,.F.);
#4986=ADVANCED_FACE('',(#466),#224,.F.);
#4987=ADVANCED_FACE('',(#467),#225,.F.);
#4988=ADVANCED_FACE('',(#468),#226,.F.);
#4989=ADVANCED_FACE('',(#469),#227,.F.);
#4990=ADVANCED_FACE('',(#470),#228,.F.);
#4991=ADVANCED_FACE('',(#471),#229,.F.);
#4992=ADVANCED_FACE('',(#472),#230,.F.);
#4993=ADVANCED_FACE('',(#473),#231,.F.);
#4994=ADVANCED_FACE('',(#474),#232,.F.);
#4995=ADVANCED_FACE('',(#475),#233,.F.);
#4996=ADVANCED_FACE('',(#476),#234,.F.);
#4997=ADVANCED_FACE('',(#477),#235,.F.);
#4998=ADVANCED_FACE('',(#478),#236,.F.);
#4999=ADVANCED_FACE('',(#479),#237,.F.);
#5000=ADVANCED_FACE('',(#480,#40),#111,.T.);
#5001=ADVANCED_FACE('',(#481),#238,.F.);
#5002=ADVANCED_FACE('',(#482),#112,.F.);
#5003=ADVANCED_FACE('',(#483),#239,.F.);
#5004=ADVANCED_FACE('',(#484),#240,.F.);
#5005=ADVANCED_FACE('',(#485),#241,.F.);
#5006=ADVANCED_FACE('',(#486),#242,.F.);
#5007=ADVANCED_FACE('',(#487),#243,.F.);
#5008=ADVANCED_FACE('',(#488),#244,.F.);
#5009=ADVANCED_FACE('',(#489),#245,.F.);
#5010=ADVANCED_FACE('',(#490),#246,.F.);
#5011=ADVANCED_FACE('',(#491),#247,.F.);
#5012=ADVANCED_FACE('',(#492),#248,.F.);
#5013=ADVANCED_FACE('',(#493),#249,.F.);
#5014=ADVANCED_FACE('',(#494),#250,.F.);
#5015=ADVANCED_FACE('',(#495),#251,.F.);
#5016=ADVANCED_FACE('',(#496),#252,.F.);
#5017=ADVANCED_FACE('',(#497),#253,.F.);
#5018=ADVANCED_FACE('',(#498),#254,.F.);
#5019=ADVANCED_FACE('',(#499),#255,.F.);
#5020=ADVANCED_FACE('',(#500),#256,.F.);
#5021=ADVANCED_FACE('',(#501),#257,.F.);
#5022=ADVANCED_FACE('',(#502),#258,.F.);
#5023=ADVANCED_FACE('',(#503),#259,.F.);
#5024=ADVANCED_FACE('',(#504),#260,.F.);
#5025=ADVANCED_FACE('',(#505),#261,.F.);
#5026=ADVANCED_FACE('',(#506),#262,.F.);
#5027=ADVANCED_FACE('',(#507),#263,.F.);
#5028=ADVANCED_FACE('',(#508),#264,.F.);
#5029=ADVANCED_FACE('',(#509),#113,.F.);
#5030=ADVANCED_FACE('',(#510),#114,.F.);
#5031=ADVANCED_FACE('',(#511),#115,.F.);
#5032=ADVANCED_FACE('',(#512),#116,.F.);
#5033=ADVANCED_FACE('',(#513),#117,.F.);
#5034=ADVANCED_FACE('',(#514),#118,.F.);
#5035=ADVANCED_FACE('',(#515),#119,.F.);
#5036=ADVANCED_FACE('',(#516),#120,.F.);
#5037=ADVANCED_FACE('',(#517),#121,.F.);
#5038=ADVANCED_FACE('',(#518,#41,#42,#43),#122,.T.);
#5039=ADVANCED_FACE('',(#519),#123,.T.);
#5040=ADVANCED_FACE('',(#520),#124,.T.);
#5041=ADVANCED_FACE('',(#521),#125,.T.);
#5042=ADVANCED_FACE('',(#522),#126,.T.);
#5043=ADVANCED_FACE('',(#523),#127,.T.);
#5044=ADVANCED_FACE('',(#524),#128,.T.);
#5045=ADVANCED_FACE('',(#525),#129,.T.);
#5046=ADVANCED_FACE('',(#526),#130,.T.);
#5047=ADVANCED_FACE('',(#527),#4713,.F.);
#5048=ADVANCED_FACE('',(#528),#4714,.F.);
#5049=ADVANCED_FACE('',(#529,#44),#131,.F.);
#5050=ADVANCED_FACE('',(#530),#4715,.F.);
#5051=ADVANCED_FACE('',(#531),#4716,.F.);
#5052=ADVANCED_FACE('',(#532,#45),#132,.T.);
#5053=ADVANCED_FACE('',(#533),#133,.T.);
#5054=ADVANCED_FACE('',(#534),#134,.T.);
#5055=ADVANCED_FACE('',(#535),#135,.T.);
#5056=ADVANCED_FACE('',(#536,#46,#47),#136,.F.);
#5057=CLOSED_SHELL('',(#4785,#4786,#4787,#4788,#4789,#4790,#4791,#4792,
#4793,#4794,#4795,#4796,#4797,#4798,#4799,#4800,#4801,#4802,#4803,#4804,
#4805,#4806,#4807,#4808,#4809,#4810,#4811,#4812,#4813,#4814,#4815,#4816,
#4817,#4818,#4819,#4820,#4821,#4822,#4823));
#5058=CLOSED_SHELL('',(#4824,#4825,#4826,#4827,#4828,#4829,#4830,#4831,
#4832,#4833,#4834,#4835,#4836,#4837,#4838,#4839,#4840,#4841,#4842,#4843,
#4844,#4845,#4846,#4847,#4848,#4849,#4850,#4851,#4852,#4853,#4854,#4855,
#4856,#4857,#4858,#4859,#4860,#4861));
#5059=CLOSED_SHELL('',(#4862,#4863,#4864,#4865,#4866,#4867,#4868,#4869,
#4870,#4871,#4872,#4873,#4874,#4875,#4876,#4877,#4878,#4879,#4880,#4881,
#4882,#4883,#4884,#4885,#4886,#4887,#4888,#4889,#4890,#4891,#4892,#4893,
#4894,#4895,#4896,#4897,#4898,#4899,#4900,#4901,#4902,#4903,#4904,#4905,
#4906,#4907,#4908,#4909,#4910,#4911,#4912,#4913,#4914,#4915,#4916,#4917,
#4918,#4919,#4920,#4921,#4922,#4923,#4924,#4925,#4926,#4927,#4928,#4929,
#4930,#4931,#4932,#4933,#4934,#4935,#4936,#4937,#4938,#4939,#4940,#4941,
#4942,#4943,#4944,#4945,#4946,#4947,#4948,#4949,#4950,#4951,#4952,#4953,
#4954,#4955,#4956,#4957,#4958,#4959,#4960,#4961,#4962,#4963,#4964,#4965,
#4966,#4967,#4968,#4969,#4970,#4971,#4972,#4973,#4974,#4975,#4976,#4977,
#4978,#4979,#4980,#4981,#4982,#4983,#4984,#4985,#4986,#4987,#4988,#4989,
#4990,#4991,#4992,#4993,#4994,#4995,#4996,#4997,#4998,#4999,#5000,#5001,
#5002,#5003,#5004,#5005,#5006,#5007,#5008,#5009,#5010,#5011,#5012,#5013,
#5014,#5015,#5016,#5017,#5018,#5019,#5020,#5021,#5022,#5023,#5024,#5025,
#5026,#5027,#5028,#5029,#5030,#5031,#5032,#5033,#5034,#5035,#5036,#5037));
#5060=CLOSED_SHELL('',(#5038,#5039,#5040,#5041,#5042,#5043,#5044,#5045,
#5046,#5047,#5048,#5049,#5050,#5051,#5052,#5053,#5054,#5055,#5056));
#5061=DERIVED_UNIT_ELEMENT(#5063,1.);
#5062=DERIVED_UNIT_ELEMENT(#11805,-3.);
#5063=(
MASS_UNIT()
NAMED_UNIT(*)
SI_UNIT(.KILO.,.GRAM.)
);
#5064=DERIVED_UNIT((#5061,#5062));
#5065=MEASURE_REPRESENTATION_ITEM('density measure',
POSITIVE_RATIO_MEASURE(7850.),#5064);
#5066=PROPERTY_DEFINITION_REPRESENTATION(#5071,#5068);
#5067=PROPERTY_DEFINITION_REPRESENTATION(#5072,#5069);
#5068=REPRESENTATION('material name',(#5070),#11802);
#5069=REPRESENTATION('density',(#5065),#11802);
#5070=DESCRIPTIVE_REPRESENTATION_ITEM('Steel','Steel');
#5071=PROPERTY_DEFINITION('material property','material name',#11812);
#5072=PROPERTY_DEFINITION('material property','density of part',#11812);
#5073=AXIS2_PLACEMENT_3D('',#5997,#5261,#5262);
#5074=AXIS2_PLACEMENT_3D('',#5998,#5263,#5264);
#5075=AXIS2_PLACEMENT_3D('',#6020,#5266,#5267);
#5076=AXIS2_PLACEMENT_3D('',#6040,#5268,#5269);
#5077=AXIS2_PLACEMENT_3D('',#6069,#5271,#5272);
#5078=AXIS2_PLACEMENT_3D('',#6081,#5274,#5275);
#5079=AXIS2_PLACEMENT_3D('',#6089,#5276,#5277);
#5080=AXIS2_PLACEMENT_3D('',#6100,#5279,#5280);
#5081=AXIS2_PLACEMENT_3D('',#6107,#5281,#5282);
#5082=AXIS2_PLACEMENT_3D('',#6136,#5284,#5285);
#5083=AXIS2_PLACEMENT_3D('',#6157,#5286,#5287);
#5084=AXIS2_PLACEMENT_3D('',#6178,#5290,#5291);
#5085=AXIS2_PLACEMENT_3D('',#6199,#5294,#5295);
#5086=AXIS2_PLACEMENT_3D('',#6220,#5298,#5299);
#5087=AXIS2_PLACEMENT_3D('',#7428,#5302,#5303);
#5088=AXIS2_PLACEMENT_3D('',#7441,#5306,#5307);
#5089=AXIS2_PLACEMENT_3D('',#7499,#5308,#5309);
#5090=AXIS2_PLACEMENT_3D('',#7501,#5310,#5311);
#5091=AXIS2_PLACEMENT_3D('',#7505,#5313,#5314);
#5092=AXIS2_PLACEMENT_3D('',#7507,#5315,#5316);
#5093=AXIS2_PLACEMENT_3D('',#7509,#5318,#5319);
#5094=AXIS2_PLACEMENT_3D('',#7512,#5320,#5321);
#5095=AXIS2_PLACEMENT_3D('',#7513,#5322,#5323);
#5096=AXIS2_PLACEMENT_3D('',#7514,#5324,#5325);
#5097=AXIS2_PLACEMENT_3D('',#7515,#5326,#5327);
#5098=AXIS2_PLACEMENT_3D('',#7517,#5329,#5330);
#5099=AXIS2_PLACEMENT_3D('',#7525,#5333,#5334);
#5100=AXIS2_PLACEMENT_3D('',#7528,#5337,#5338);
#5101=AXIS2_PLACEMENT_3D('',#7531,#5341,#5342);
#5102=AXIS2_PLACEMENT_3D('',#7534,#5345,#5346);
#5103=AXIS2_PLACEMENT_3D('',#7549,#5349,#5350);
#5104=AXIS2_PLACEMENT_3D('',#7564,#5353,#5354);
#5105=AXIS2_PLACEMENT_3D('',#7565,#5355,#5356);
#5106=AXIS2_PLACEMENT_3D('',#7566,#5357,#5358);
#5107=AXIS2_PLACEMENT_3D('',#7569,#5361,#5362);
#5108=AXIS2_PLACEMENT_3D('',#7572,#5365,#5366);
#5109=AXIS2_PLACEMENT_3D('',#7574,#5368,#5369);
#5110=AXIS2_PLACEMENT_3D('',#7575,#5370,#5371);
#5111=AXIS2_PLACEMENT_3D('',#7594,#5373,#5374);
#5112=AXIS2_PLACEMENT_3D('',#7614,#5375,#5376);
#5113=AXIS2_PLACEMENT_3D('',#7619,#5378,#5379);
#5114=AXIS2_PLACEMENT_3D('',#7624,#5380,#5381);
#5115=AXIS2_PLACEMENT_3D('',#7651,#5383,#5384);
#5116=AXIS2_PLACEMENT_3D('',#7662,#5386,#5387);
#5117=AXIS2_PLACEMENT_3D('',#7668,#5388,#5389);
#5118=AXIS2_PLACEMENT_3D('',#7690,#5390,#5391);
#5119=AXIS2_PLACEMENT_3D('',#7711,#5394,#5395);
#5120=AXIS2_PLACEMENT_3D('',#7732,#5398,#5399);
#5121=AXIS2_PLACEMENT_3D('',#7753,#5402,#5403);
#5122=AXIS2_PLACEMENT_3D('',#7774,#5406,#5407);
#5123=AXIS2_PLACEMENT_3D('',#8810,#5410,#5411);
#5124=AXIS2_PLACEMENT_3D('',#8815,#5413,#5414);
#5125=AXIS2_PLACEMENT_3D('',#8939,#5415,#5416);
#5126=AXIS2_PLACEMENT_3D('',#8943,#5418,#5419);
#5127=AXIS2_PLACEMENT_3D('',#8946,#5421,#5422);
#5128=AXIS2_PLACEMENT_3D('',#8947,#5423,#5424);
#5129=AXIS2_PLACEMENT_3D('',#8958,#5433,#5434);
#5130=AXIS2_PLACEMENT_3D('',#8980,#5436,#5437);
#5131=AXIS2_PLACEMENT_3D('',#8981,#5438,#5439);
#5132=AXIS2_PLACEMENT_3D('',#8982,#5440,#5441);
#5133=AXIS2_PLACEMENT_3D('',#8984,#5443,#5444);
#5134=AXIS2_PLACEMENT_3D('',#8986,#5446,#5447);
#5135=AXIS2_PLACEMENT_3D('',#8988,#5449,#5450);
#5136=AXIS2_PLACEMENT_3D('',#8990,#5452,#5453);
#5137=AXIS2_PLACEMENT_3D('',#8992,#5455,#5456);
#5138=AXIS2_PLACEMENT_3D('',#8994,#5458,#5459);
#5139=AXIS2_PLACEMENT_3D('',#8997,#5460,#5461);
#5140=AXIS2_PLACEMENT_3D('',#8998,#5462,#5463);
#5141=AXIS2_PLACEMENT_3D('',#8999,#5464,#5465);
#5142=AXIS2_PLACEMENT_3D('',#9003,#5468,#5469);
#5143=AXIS2_PLACEMENT_3D('',#9005,#5470,#5471);
#5144=AXIS2_PLACEMENT_3D('',#9006,#5472,#5473);
#5145=AXIS2_PLACEMENT_3D('',#9007,#5474,#5475);
#5146=AXIS2_PLACEMENT_3D('',#9009,#5477,#5478);
#5147=AXIS2_PLACEMENT_3D('',#9023,#5485,#5486);
#5148=AXIS2_PLACEMENT_3D('',#9025,#5487,#5488);
#5149=AXIS2_PLACEMENT_3D('',#9026,#5489,#5490);
#5150=AXIS2_PLACEMENT_3D('',#9032,#5494,#5495);
#5151=AXIS2_PLACEMENT_3D('',#9087,#5496,#5497);
#5152=AXIS2_PLACEMENT_3D('',#9093,#5501,#5502);
#5153=AXIS2_PLACEMENT_3D('',#9148,#5503,#5504);
#5154=AXIS2_PLACEMENT_3D('',#9154,#5508,#5509);
#5155=AXIS2_PLACEMENT_3D('',#9156,#5511,#5512);
#5156=AXIS2_PLACEMENT_3D('',#9161,#5515,#5516);
#5157=AXIS2_PLACEMENT_3D('',#9162,#5517,#5518);
#5158=AXIS2_PLACEMENT_3D('',#9165,#5519,#5520);
#5159=AXIS2_PLACEMENT_3D('',#9166,#5521,#5522);
#5160=AXIS2_PLACEMENT_3D('',#9167,#5523,#5524);
#5161=AXIS2_PLACEMENT_3D('',#9170,#5526,#5527);
#5162=AXIS2_PLACEMENT_3D('',#9171,#5528,#5529);
#5163=AXIS2_PLACEMENT_3D('',#9174,#5531,#5532);
#5164=AXIS2_PLACEMENT_3D('',#9177,#5534,#5535);
#5165=AXIS2_PLACEMENT_3D('',#9178,#5536,#5537);
#5166=AXIS2_PLACEMENT_3D('',#9181,#5539,#5540);
#5167=AXIS2_PLACEMENT_3D('',#9183,#5541,#5542);
#5168=AXIS2_PLACEMENT_3D('',#9186,#5544,#5545);
#5169=AXIS2_PLACEMENT_3D('',#9187,#5546,#5547);
#5170=AXIS2_PLACEMENT_3D('',#9190,#5549,#5550);
#5171=AXIS2_PLACEMENT_3D('',#9191,#5551,#5552);
#5172=AXIS2_PLACEMENT_3D('',#9192,#5553,#5554);
#5173=AXIS2_PLACEMENT_3D('',#9195,#5556,#5557);
#5174=AXIS2_PLACEMENT_3D('',#9197,#5558,#5559);
#5175=AXIS2_PLACEMENT_3D('',#9200,#5561,#5562);
#5176=AXIS2_PLACEMENT_3D('',#9201,#5563,#5564);
#5177=AXIS2_PLACEMENT_3D('',#9204,#5566,#5567);
#5178=AXIS2_PLACEMENT_3D('',#9205,#5568,#5569);
#5179=AXIS2_PLACEMENT_3D('',#9206,#5570,#5571);
#5180=AXIS2_PLACEMENT_3D('',#9209,#5573,#5574);
#5181=AXIS2_PLACEMENT_3D('',#9258,#5575,#5576);
#5182=AXIS2_PLACEMENT_3D('',#9505,#5598,#5599);
#5183=AXIS2_PLACEMENT_3D('',#9554,#5612,#5613);
#5184=AXIS2_PLACEMENT_3D('',#9557,#5616,#5617);
#5185=AXIS2_PLACEMENT_3D('',#9559,#5619,#5620);
#5186=AXIS2_PLACEMENT_3D('',#9561,#5622,#5623);
#5187=AXIS2_PLACEMENT_3D('',#9563,#5625,#5626);
#5188=AXIS2_PLACEMENT_3D('',#9587,#5630,#5631);
#5189=AXIS2_PLACEMENT_3D('',#9589,#5633,#5634);
#5190=AXIS2_PLACEMENT_3D('',#9591,#5636,#5637);
#5191=AXIS2_PLACEMENT_3D('',#9593,#5639,#5640);
#5192=AXIS2_PLACEMENT_3D('',#9595,#5642,#5643);
#5193=AXIS2_PLACEMENT_3D('',#9597,#5645,#5646);
#5194=AXIS2_PLACEMENT_3D('',#9621,#5650,#5651);
#5195=AXIS2_PLACEMENT_3D('',#9622,#5652,#5653);
#5196=AXIS2_PLACEMENT_3D('',#9963,#5674,#5675);
#5197=AXIS2_PLACEMENT_3D('',#10140,#5679,#5680);
#5198=AXIS2_PLACEMENT_3D('',#10427,#5707,#5708);
#5199=AXIS2_PLACEMENT_3D('',#10444,#5717,#5718);
#5200=AXIS2_PLACEMENT_3D('',#10447,#5721,#5722);
#5201=AXIS2_PLACEMENT_3D('',#10449,#5724,#5725);
#5202=AXIS2_PLACEMENT_3D('',#10451,#5727,#5728);
#5203=AXIS2_PLACEMENT_3D('',#10453,#5730,#5731);
#5204=AXIS2_PLACEMENT_3D('',#10455,#5733,#5734);
#5205=AXIS2_PLACEMENT_3D('',#10457,#5736,#5737);
#5206=AXIS2_PLACEMENT_3D('',#10459,#5739,#5740);
#5207=AXIS2_PLACEMENT_3D('',#10460,#5741,#5742);
#5208=AXIS2_PLACEMENT_3D('',#10509,#5743,#5744);
#5209=AXIS2_PLACEMENT_3D('',#10756,#5766,#5767);
#5210=AXIS2_PLACEMENT_3D('',#10805,#5780,#5781);
#5211=AXIS2_PLACEMENT_3D('',#10808,#5784,#5785);
#5212=AXIS2_PLACEMENT_3D('',#10810,#5787,#5788);
#5213=AXIS2_PLACEMENT_3D('',#10812,#5790,#5791);
#5214=AXIS2_PLACEMENT_3D('',#10814,#5793,#5794);
#5215=AXIS2_PLACEMENT_3D('',#10838,#5798,#5799);
#5216=AXIS2_PLACEMENT_3D('',#10840,#5801,#5802);
#5217=AXIS2_PLACEMENT_3D('',#10842,#5804,#5805);
#5218=AXIS2_PLACEMENT_3D('',#10844,#5807,#5808);
#5219=AXIS2_PLACEMENT_3D('',#10846,#5810,#5811);
#5220=AXIS2_PLACEMENT_3D('',#10848,#5813,#5814);
#5221=AXIS2_PLACEMENT_3D('',#10872,#5818,#5819);
#5222=AXIS2_PLACEMENT_3D('',#10873,#5820,#5821);
#5223=AXIS2_PLACEMENT_3D('',#11214,#5842,#5843);
#5224=AXIS2_PLACEMENT_3D('',#11391,#5847,#5848);
#5225=AXIS2_PLACEMENT_3D('',#11678,#5875,#5876);
#5226=AXIS2_PLACEMENT_3D('',#11695,#5885,#5886);
#5227=AXIS2_PLACEMENT_3D('',#11698,#5889,#5890);
#5228=AXIS2_PLACEMENT_3D('',#11700,#5892,#5893);
#5229=AXIS2_PLACEMENT_3D('',#11702,#5895,#5896);
#5230=AXIS2_PLACEMENT_3D('',#11704,#5898,#5899);
#5231=AXIS2_PLACEMENT_3D('',#11706,#5901,#5902);
#5232=AXIS2_PLACEMENT_3D('',#11708,#5904,#5905);
#5233=AXIS2_PLACEMENT_3D('',#11710,#5907,#5908);
#5234=AXIS2_PLACEMENT_3D('',#11711,#5909,#5910);
#5235=AXIS2_PLACEMENT_3D('',#11733,#5921,#5922);
#5236=AXIS2_PLACEMENT_3D('',#11735,#5923,#5924);
#5237=AXIS2_PLACEMENT_3D('',#11736,#5925,#5926);
#5238=AXIS2_PLACEMENT_3D('',#11742,#5930,#5931);
#5239=AXIS2_PLACEMENT_3D('',#11746,#5934,#5935);
#5240=AXIS2_PLACEMENT_3D('',#11750,#5938,#5939);
#5241=AXIS2_PLACEMENT_3D('',#11756,#5943,#5944);
#5242=AXIS2_PLACEMENT_3D('',#11760,#5947,#5948);
#5243=AXIS2_PLACEMENT_3D('',#11764,#5951,#5952);
#5244=AXIS2_PLACEMENT_3D('',#11766,#5954,#5955);
#5245=AXIS2_PLACEMENT_3D('',#11767,#5956,#5957);
#5246=AXIS2_PLACEMENT_3D('',#11769,#5958,#5959);
#5247=AXIS2_PLACEMENT_3D('',#11772,#5961,#5962);
#5248=AXIS2_PLACEMENT_3D('',#11773,#5963,#5964);
#5249=AXIS2_PLACEMENT_3D('',#11776,#5966,#5967);
#5250=AXIS2_PLACEMENT_3D('',#11777,#5968,#5969);
#5251=AXIS2_PLACEMENT_3D('',#11778,#5970,#5971);
#5252=AXIS2_PLACEMENT_3D('',#11780,#5972,#5973);
#5253=AXIS2_PLACEMENT_3D('',#11783,#5975,#5976);
#5254=AXIS2_PLACEMENT_3D('',#11784,#5977,#5978);
#5255=AXIS2_PLACEMENT_3D('',#11787,#5980,#5981);
#5256=AXIS2_PLACEMENT_3D('',#11788,#5982,#5983);
#5257=AXIS2_PLACEMENT_3D('',#11789,#5984,#5985);
#5258=AXIS2_PLACEMENT_3D('',#11793,#5988,#5989);
#5259=AXIS2_PLACEMENT_3D('',#11797,#5992,#5993);
#5260=AXIS2_PLACEMENT_3D('',#11799,#5995,#5996);
#5261=DIRECTION('axis',(0.,0.,1.));
#5262=DIRECTION('refdir',(1.,0.,0.));
#5263=DIRECTION('center_axis',(0.,0.,-1.));
#5264=DIRECTION('ref_axis',(0.937010420466805,-0.349301405574928,0.));
#5265=DIRECTION('',(0.,0.,1.));
#5266=DIRECTION('center_axis',(0.,0.,-1.));
#5267=DIRECTION('ref_axis',(1.,0.,0.));
#5268=DIRECTION('center_axis',(0.,0.,-1.));
#5269=DIRECTION('ref_axis',(-0.669344401195251,0.742952268041878,0.));
#5270=DIRECTION('',(0.,0.,1.));
#5271=DIRECTION('center_axis',(0.,0.,-1.));
#5272=DIRECTION('ref_axis',(1.,-1.85062873947797E-14,0.));
#5273=DIRECTION('',(1.22464679914735E-16,-2.28136416003841E-30,-1.));
#5274=DIRECTION('center_axis',(0.,0.,1.));
#5275=DIRECTION('ref_axis',(1.,-1.85062873947797E-14,0.));
#5276=DIRECTION('center_axis',(0.,0.,-1.));
#5277=DIRECTION('ref_axis',(1.,-1.85062873947797E-14,0.));
#5278=DIRECTION('',(1.22464679914735E-16,-2.28136416003841E-30,-1.));
#5279=DIRECTION('center_axis',(0.,0.,-1.));
#5280=DIRECTION('ref_axis',(1.,-1.85062873947797E-14,0.));
#5281=DIRECTION('center_axis',(0.,0.,-1.));
#5282=DIRECTION('ref_axis',(-0.999401722373389,-0.0345860855996218,0.));
#5283=DIRECTION('',(8.64665744905284E-19,-1.22461627376775E-16,-1.));
#5284=DIRECTION('center_axis',(0.,0.,-1.));
#5285=DIRECTION('ref_axis',(1.,-1.85062873947797E-14,0.));
#5286=DIRECTION('center_axis',(0.,0.,-1.));
#5287=DIRECTION('ref_axis',(-1.,-5.15373430816155E-14,0.));
#5288=DIRECTION('',(8.64665744905284E-19,-1.22461627376775E-16,-1.));
#5289=DIRECTION('',(-8.64665744892592E-19,-1.22461627376775E-16,1.));
#5290=DIRECTION('center_axis',(0.,0.,-1.));
#5291=DIRECTION('ref_axis',(-1.,-5.15373430816155E-14,0.));
#5292=DIRECTION('',(8.64665744905284E-19,-1.22461627376775E-16,-1.));
#5293=DIRECTION('',(-8.64665744892592E-19,-1.22461627376775E-16,1.));
#5294=DIRECTION('center_axis',(0.,0.,-1.));
#5295=DIRECTION('ref_axis',(-1.,-4.7984629402815E-14,0.));
#5296=DIRECTION('',(8.64665744905284E-19,-1.22461627376775E-16,-1.));
#5297=DIRECTION('',(-8.64665744892592E-19,-1.22461627376775E-16,1.));
#5298=DIRECTION('center_axis',(0.,0.,-1.));
#5299=DIRECTION('ref_axis',(-1.,-5.42018783407158E-14,0.));
#5300=DIRECTION('',(8.64665744905284E-19,-1.22461627376775E-16,-1.));
#5301=DIRECTION('',(-8.64665744892592E-19,-1.22461627376775E-16,1.));
#5302=DIRECTION('center_axis',(0.,0.,-1.));
#5303=DIRECTION('ref_axis',(-1.,-5.15373430816155E-14,0.));
#5304=DIRECTION('',(8.64665744905284E-19,-1.22461627376775E-16,-1.));
#5305=DIRECTION('',(-8.64665744892592E-19,-1.22461627376775E-16,1.));
#5306=DIRECTION('center_axis',(0.,0.,1.));
#5307=DIRECTION('ref_axis',(1.,-1.85062873947797E-14,0.));
#5308=DIRECTION('center_axis',(0.,0.,1.));
#5309=DIRECTION('ref_axis',(1.,0.,0.));
#5310=DIRECTION('center_axis',(0.,0.,1.));
#5311=DIRECTION('ref_axis',(1.,0.,0.));
#5312=DIRECTION('',(5.24087696609866E-14,-1.,0.));
#5313=DIRECTION('center_axis',(0.,0.,-1.));
#5314=DIRECTION('ref_axis',(1.,0.,0.));
#5315=DIRECTION('center_axis',(0.,0.,-1.));
#5316=DIRECTION('ref_axis',(1.,0.,0.));
#5317=DIRECTION('',(5.24087696609866E-14,-1.,0.));
#5318=DIRECTION('center_axis',(0.,0.,-1.));
#5319=DIRECTION('ref_axis',(1.,0.,0.));
#5320=DIRECTION('center_axis',(0.,0.,1.));
#5321=DIRECTION('ref_axis',(1.,0.,0.));
#5322=DIRECTION('center_axis',(0.,0.,1.));
#5323=DIRECTION('ref_axis',(1.,0.,0.));
#5324=DIRECTION('center_axis',(0.,0.,-1.));
#5325=DIRECTION('ref_axis',(1.,0.,0.));
#5326=DIRECTION('center_axis',(0.,0.,-1.));
#5327=DIRECTION('ref_axis',(1.,0.,0.));
#5328=DIRECTION('',(0.,0.,1.));
#5329=DIRECTION('center_axis',(0.,0.,-1.));
#5330=DIRECTION('ref_axis',(-0.999997398146857,-0.00228116187864633,0.));
#5331=DIRECTION('',(0.,0.,-1.));
#5332=DIRECTION('',(0.,0.,1.));
#5333=DIRECTION('center_axis',(0.,0.,-1.));
#5334=DIRECTION('ref_axis',(-1.,-5.82981511702729E-14,0.));
#5335=DIRECTION('',(0.,0.,-1.));
#5336=DIRECTION('',(0.,0.,1.));
#5337=DIRECTION('center_axis',(0.,0.,-1.));
#5338=DIRECTION('ref_axis',(-1.,-5.47454374914724E-14,0.));
#5339=DIRECTION('',(0.,0.,-1.));
#5340=DIRECTION('',(0.,0.,1.));
#5341=DIRECTION('center_axis',(0.,0.,-1.));
#5342=DIRECTION('ref_axis',(-1.,-5.78540619604229E-14,0.));
#5343=DIRECTION('',(0.,0.,-1.));
#5344=DIRECTION('',(0.,0.,1.));
#5345=DIRECTION('center_axis',(5.24087696609866E-14,-1.,0.));
#5346=DIRECTION('ref_axis',(-0.707106781186549,-3.76822190084105E-14,0.707106781186546));
#5347=DIRECTION('',(-5.24087696609866E-14,1.,0.));
#5348=DIRECTION('',(5.24087696609866E-14,-1.,0.));
#5349=DIRECTION('center_axis',(5.24087696609866E-14,-1.,0.));
#5350=DIRECTION('ref_axis',(-0.707106781186549,-3.76822190084105E-14,0.707106781186546));
#5351=DIRECTION('',(5.24087696609866E-14,-1.,0.));
#5352=DIRECTION('',(-5.24087696609866E-14,1.,0.));
#5353=DIRECTION('center_axis',(0.,0.,-1.));
#5354=DIRECTION('ref_axis',(1.,0.,0.));
#5355=DIRECTION('center_axis',(0.,0.,1.));
#5356=DIRECTION('ref_axis',(1.,0.,0.));
#5357=DIRECTION('center_axis',(-1.,-5.24087696609866E-14,0.));
#5358=DIRECTION('ref_axis',(5.24087696609866E-14,-1.,0.));
#5359=DIRECTION('',(0.,0.,-1.));
#5360=DIRECTION('',(0.,0.,-1.));
#5361=DIRECTION('center_axis',(-1.,-5.24087696609866E-14,0.));
#5362=DIRECTION('ref_axis',(5.24087696609866E-14,-1.,0.));
#5363=DIRECTION('',(0.,0.,1.));
#5364=DIRECTION('',(0.,0.,1.));
#5365=DIRECTION('center_axis',(0.,0.,-1.));
#5366=DIRECTION('ref_axis',(1.,0.,0.));
#5367=DIRECTION('',(0.,0.,1.));
#5368=DIRECTION('center_axis',(0.,0.,-1.));
#5369=DIRECTION('ref_axis',(-1.,-5.51895267013225E-14,0.));
#5370=DIRECTION('center_axis',(0.,0.,-1.));
#5371=DIRECTION('ref_axis',(0.937006597451419,-0.349311660745121,0.));
#5372=DIRECTION('',(0.,0.,1.));
#5373=DIRECTION('center_axis',(0.,0.,-1.));
#5374=DIRECTION('ref_axis',(1.,0.,0.));
#5375=DIRECTION('center_axis',(0.,0.,-1.));
#5376=DIRECTION('ref_axis',(-0.986154874485032,0.165826908339419,0.));
#5377=DIRECTION('',(0.,0.,1.));
#5378=DIRECTION('center_axis',(0.,0.,-1.));
#5379=DIRECTION('ref_axis',(1.,0.,0.));
#5380=DIRECTION('center_axis',(0.,0.,-1.));
#5381=DIRECTION('ref_axis',(0.726683658930773,0.686972240955182,0.));
#5382=DIRECTION('',(1.22464679914735E-16,-2.24359138400155E-30,-1.));
#5383=DIRECTION('center_axis',(0.,0.,-1.));
#5384=DIRECTION('ref_axis',(-0.60950597936601,-0.792781471224625,0.));
#5385=DIRECTION('',(1.22464679914735E-16,-2.24359138400155E-30,-1.));
#5386=DIRECTION('center_axis',(0.,0.,-1.));
#5387=DIRECTION('ref_axis',(1.,-1.81978492715333E-14,0.));
#5388=DIRECTION('center_axis',(0.,0.,-1.));
#5389=DIRECTION('ref_axis',(1.,-1.81978492715333E-14,0.));
#5390=DIRECTION('center_axis',(0.,0.,-1.));
#5391=DIRECTION('ref_axis',(1.,-1.81978492715333E-14,0.));
#5392=DIRECTION('',(-8.64665745186199E-19,1.22461627376773E-16,-1.));
#5393=DIRECTION('',(8.64665745192658E-19,1.22461627376773E-16,1.));
#5394=DIRECTION('center_axis',(0.,0.,-1.));
#5395=DIRECTION('ref_axis',(1.,-1.81978492715333E-14,0.));
#5396=DIRECTION('',(-8.64665745186199E-19,1.22461627376773E-16,-1.));
#5397=DIRECTION('',(8.64665745192658E-19,1.22461627376773E-16,1.));
#5398=DIRECTION('center_axis',(0.,0.,-1.));
#5399=DIRECTION('ref_axis',(1.,-1.81978492715333E-14,0.));
#5400=DIRECTION('',(-8.64665745186199E-19,1.22461627376773E-16,-1.));
#5401=DIRECTION('',(8.64665745192658E-19,1.22461627376773E-16,1.));
#5402=DIRECTION('center_axis',(0.,0.,-1.));
#5403=DIRECTION('ref_axis',(1.,-1.81978492715333E-14,0.));
#5404=DIRECTION('',(-8.64665745186199E-19,1.22461627376773E-16,-1.));
#5405=DIRECTION('',(8.64665745192658E-19,1.22461627376773E-16,1.));
#5406=DIRECTION('center_axis',(0.,0.,-1.));
#5407=DIRECTION('ref_axis',(1.,-1.81978492715333E-14,0.));
#5408=DIRECTION('',(-8.64665745186199E-19,1.22461627376773E-16,-1.));
#5409=DIRECTION('',(8.64665745192658E-19,1.22461627376773E-16,1.));
#5410=DIRECTION('center_axis',(0.,0.,-1.));
#5411=DIRECTION('ref_axis',(1.,-1.81978492715333E-14,0.));
#5412=DIRECTION('',(8.64665745192658E-19,1.22461627376773E-16,1.));
#5413=DIRECTION('center_axis',(0.,0.,1.));
#5414=DIRECTION('ref_axis',(1.,-1.81978492715333E-14,0.));
#5415=DIRECTION('center_axis',(0.,0.,1.));
#5416=DIRECTION('ref_axis',(1.,0.,0.));
#5417=DIRECTION('',(2.65044350384761E-14,1.,0.));
#5418=DIRECTION('center_axis',(0.,0.,-1.));
#5419=DIRECTION('ref_axis',(1.,0.,0.));
#5420=DIRECTION('',(2.65044350384761E-14,1.,0.));
#5421=DIRECTION('center_axis',(0.,0.,1.));
#5422=DIRECTION('ref_axis',(1.,0.,0.));
#5423=DIRECTION('center_axis',(1.,-2.65044350384761E-14,0.));
#5424=DIRECTION('ref_axis',(2.65044350384761E-14,1.,0.));
#5425=DIRECTION('',(0.,0.,-1.));
#5426=DIRECTION('',(0.,0.,-1.));
#5427=DIRECTION('',(-2.65044350384761E-14,-1.,0.));
#5428=DIRECTION('',(0.,0.,-1.));
#5429=DIRECTION('',(0.,0.,-1.));
#5430=DIRECTION('',(0.,0.,-1.));
#5431=DIRECTION('',(0.,0.,-1.));
#5432=DIRECTION('',(0.,0.,-1.));
#5433=DIRECTION('center_axis',(2.65044350384761E-14,1.,0.));
#5434=DIRECTION('ref_axis',(0.707106781186548,-1.88411095042053E-14,0.707106781186547));
#5435=DIRECTION('',(2.65044350384761E-14,1.,0.));
#5436=DIRECTION('center_axis',(0.,0.,-1.));
#5437=DIRECTION('ref_axis',(1.,0.,0.));
#5438=DIRECTION('center_axis',(0.,0.,-1.));
#5439=DIRECTION('ref_axis',(1.,0.,0.));
#5440=DIRECTION('center_axis',(0.,0.,-1.));
#5441=DIRECTION('ref_axis',(1.,0.,0.));
#5442=DIRECTION('',(0.,0.,1.));
#5443=DIRECTION('center_axis',(0.,0.,-1.));
#5444=DIRECTION('ref_axis',(1.,0.,0.));
#5445=DIRECTION('',(0.,0.,1.));
#5446=DIRECTION('center_axis',(0.,0.,-1.));
#5447=DIRECTION('ref_axis',(1.,0.,0.));
#5448=DIRECTION('',(0.,0.,1.));
#5449=DIRECTION('center_axis',(0.,0.,-1.));
#5450=DIRECTION('ref_axis',(1.,0.,0.));
#5451=DIRECTION('',(0.,0.,1.));
#5452=DIRECTION('center_axis',(0.,0.,-1.));
#5453=DIRECTION('ref_axis',(1.,0.,0.));
#5454=DIRECTION('',(0.,0.,1.));
#5455=DIRECTION('center_axis',(0.,0.,-1.));
#5456=DIRECTION('ref_axis',(1.,0.,0.));
#5457=DIRECTION('',(0.,0.,1.));
#5458=DIRECTION('center_axis',(0.,0.,-1.));
#5459=DIRECTION('ref_axis',(1.,0.,0.));
#5460=DIRECTION('center_axis',(0.,0.,1.));
#5461=DIRECTION('ref_axis',(1.,0.,0.));
#5462=DIRECTION('center_axis',(0.,0.,1.));
#5463=DIRECTION('ref_axis',(1.,0.,0.));
#5464=DIRECTION('center_axis',(1.,-2.65044350384761E-14,0.));
#5465=DIRECTION('ref_axis',(2.65044350384761E-14,1.,0.));
#5466=DIRECTION('',(2.65044350384761E-14,1.,0.));
#5467=DIRECTION('',(0.,0.,1.));
#5468=DIRECTION('center_axis',(0.,0.,-1.));
#5469=DIRECTION('ref_axis',(1.,0.,0.));
#5470=DIRECTION('center_axis',(0.,0.,1.));
#5471=DIRECTION('ref_axis',(1.,0.,0.));
#5472=DIRECTION('center_axis',(0.,0.,1.));
#5473=DIRECTION('ref_axis',(1.,0.,0.));
#5474=DIRECTION('center_axis',(0.,0.,-1.));
#5475=DIRECTION('ref_axis',(1.,0.,0.));
#5476=DIRECTION('',(0.,0.,1.));
#5477=DIRECTION('center_axis',(0.,0.,1.));
#5478=DIRECTION('ref_axis',(1.,0.,0.));
#5479=DIRECTION('',(-0.788010753606305,0.615661475326193,0.));
#5480=DIRECTION('',(-1.,0.,0.));
#5481=DIRECTION('',(0.,-1.,0.));
#5482=DIRECTION('',(1.,-1.03949519539328E-17,0.));
#5483=DIRECTION('',(0.788010753606721,0.615661475325659,0.));
#5484=DIRECTION('',(0.,1.,0.));
#5485=DIRECTION('center_axis',(0.,0.,-1.));
#5486=DIRECTION('ref_axis',(-1.,-2.52323414687535E-16,0.));
#5487=DIRECTION('center_axis',(0.,0.,-1.));
#5488=DIRECTION('ref_axis',(1.,0.,0.));
#5489=DIRECTION('center_axis',(0.615661475326193,0.788010753606305,0.));
#5490=DIRECTION('ref_axis',(-0.788010753606305,0.615661475326193,0.));
#5491=DIRECTION('',(-0.788010753606305,0.615661475326193,0.));
#5492=DIRECTION('',(0.,0.,1.));
#5493=DIRECTION('',(0.,0.,1.));
#5494=DIRECTION('center_axis',(0.,1.,0.));
#5495=DIRECTION('ref_axis',(-1.,0.,0.));
#5496=DIRECTION('center_axis',(-1.,0.,0.));
#5497=DIRECTION('ref_axis',(0.,-1.,0.));
#5498=DIRECTION('',(0.,-1.,0.));
#5499=DIRECTION('',(0.,0.,1.));
#5500=DIRECTION('',(0.,0.,1.));
#5501=DIRECTION('center_axis',(-1.03949519539328E-17,-1.,0.));
#5502=DIRECTION('ref_axis',(1.,-1.03949519539328E-17,0.));
#5503=DIRECTION('center_axis',(0.615661475325659,-0.788010753606721,0.));
#5504=DIRECTION('ref_axis',(0.788010753606721,0.615661475325659,0.));
#5505=DIRECTION('',(0.788010753606721,0.615661475325659,0.));
#5506=DIRECTION('',(0.,0.,1.));
#5507=DIRECTION('',(0.,0.,1.));
#5508=DIRECTION('center_axis',(1.,0.,0.));
#5509=DIRECTION('ref_axis',(0.,1.,0.));
#5510=DIRECTION('',(0.,1.,0.));
#5511=DIRECTION('center_axis',(0.,0.,1.));
#5512=DIRECTION('ref_axis',(1.,0.,0.));
#5513=DIRECTION('',(1.,-1.03949519539328E-17,0.));
#5514=DIRECTION('',(-1.,0.,0.));
#5515=DIRECTION('center_axis',(0.,0.,1.));
#5516=DIRECTION('ref_axis',(1.,0.,0.));
#5517=DIRECTION('center_axis',(0.,0.,1.));
#5518=DIRECTION('ref_axis',(1.,0.,0.));
#5519=DIRECTION('center_axis',(0.,0.,1.));
#5520=DIRECTION('ref_axis',(1.,0.,0.));
#5521=DIRECTION('center_axis',(0.,0.,1.));
#5522=DIRECTION('ref_axis',(1.,0.,0.));
#5523=DIRECTION('center_axis',(0.,0.,1.));
#5524=DIRECTION('ref_axis',(-1.,0.,0.));
#5525=DIRECTION('',(0.,0.,1.));
#5526=DIRECTION('center_axis',(0.,0.,1.));
#5527=DIRECTION('ref_axis',(-1.,0.,0.));
#5528=DIRECTION('center_axis',(0.,0.,-1.));
#5529=DIRECTION('ref_axis',(-1.,0.,0.));
#5530=DIRECTION('',(-0.857167300702112,-1.04972719113862E-16,0.515038074910054));
#5531=DIRECTION('center_axis',(0.,0.,1.));
#5532=DIRECTION('ref_axis',(-1.,0.,0.));
#5533=DIRECTION('',(0.,0.,1.));
#5534=DIRECTION('center_axis',(0.,0.,1.));
#5535=DIRECTION('ref_axis',(-1.,0.,0.));
#5536=DIRECTION('center_axis',(0.,0.,-1.));
#5537=DIRECTION('ref_axis',(-1.,0.,0.));
#5538=DIRECTION('',(-0.857167300702112,-1.04972719113862E-16,0.515038074910054));
#5539=DIRECTION('center_axis',(0.,0.,-1.));
#5540=DIRECTION('ref_axis',(1.,0.,0.));
#5541=DIRECTION('center_axis',(0.,0.,-1.));
#5542=DIRECTION('ref_axis',(1.,0.,0.));
#5543=DIRECTION('',(0.,0.,-1.));
#5544=DIRECTION('center_axis',(0.,0.,-1.));
#5545=DIRECTION('ref_axis',(1.,0.,0.));
#5546=DIRECTION('center_axis',(0.,0.,-1.));
#5547=DIRECTION('ref_axis',(1.,0.,0.));
#5548=DIRECTION('',(0.,0.,-1.));
#5549=DIRECTION('center_axis',(0.,0.,-1.));
#5550=DIRECTION('ref_axis',(1.,0.,0.));
#5551=DIRECTION('center_axis',(0.,0.,-1.));
#5552=DIRECTION('ref_axis',(1.,0.,0.));
#5553=DIRECTION('center_axis',(0.,0.,1.));
#5554=DIRECTION('ref_axis',(1.,0.,0.));
#5555=DIRECTION('',(0.857167300702112,-1.04972719113862E-16,-0.515038074910054));
#5556=DIRECTION('center_axis',(0.,0.,1.));
#5557=DIRECTION('ref_axis',(-1.,-2.52323414687536E-16,0.));
#5558=DIRECTION('center_axis',(0.,0.,1.));
#5559=DIRECTION('ref_axis',(-1.,-2.52323414687536E-16,0.));
#5560=DIRECTION('',(0.,0.,-1.));
#5561=DIRECTION('center_axis',(0.,0.,1.));
#5562=DIRECTION('ref_axis',(-1.,-2.52323414687536E-16,0.));
#5563=DIRECTION('center_axis',(0.,0.,1.));
#5564=DIRECTION('ref_axis',(-1.,-2.52323414687535E-16,0.));
#5565=DIRECTION('',(0.,0.,-1.));
#5566=DIRECTION('center_axis',(0.,0.,1.));
#5567=DIRECTION('ref_axis',(-1.,-2.52323414687535E-16,0.));
#5568=DIRECTION('center_axis',(0.,0.,1.));
#5569=DIRECTION('ref_axis',(-1.,-2.52323414687536E-16,0.));
#5570=DIRECTION('center_axis',(0.,0.,1.));
#5571=DIRECTION('ref_axis',(-1.,-2.52323414687536E-16,0.));
#5572=DIRECTION('',(-0.857167300702112,-3.21256099385516E-16,-0.515038074910054));
#5573=DIRECTION('center_axis',(0.,1.,0.));
#5574=DIRECTION('ref_axis',(-1.,0.,0.));
#5575=DIRECTION('center_axis',(0.,1.,0.));
#5576=DIRECTION('ref_axis',(-1.,0.,0.));
#5577=DIRECTION('',(-1.25876791884162E-15,0.,-1.));
#5578=DIRECTION('',(1.,0.,-2.09740566827535E-15));
#5579=DIRECTION('',(1.25876791884162E-15,0.,1.));
#5580=DIRECTION('',(1.,0.,-1.68487256050004E-15));
#5581=DIRECTION('',(0.,0.,1.));
#5582=DIRECTION('',(-1.,0.,1.40067727280695E-15));
#5583=DIRECTION('',(0.,0.,-1.));
#5584=DIRECTION('',(1.,0.,-1.67792491250108E-15));
#5585=DIRECTION('',(0.99695539139461,0.,-0.0779740185524684));
#5586=DIRECTION('',(0.584388434977415,0.,-0.811474064320387));
#5587=DIRECTION('',(1.,0.,-1.7463380142378E-15));
#5588=DIRECTION('',(-0.595956268757526,0.,0.803016890064342));
#5589=DIRECTION('',(0.580140118611091,0.,0.814516692755838));
#5590=DIRECTION('',(-1.,0.,0.));
#5591=DIRECTION('',(-0.577535226374734,0.,-0.816365765019752));
#5592=DIRECTION('',(-0.604251950990538,0.,0.796793310541779));
#5593=DIRECTION('',(-1.,0.,0.));
#5594=DIRECTION('',(0.59758370327956,0.,-0.801806533756546));
#5595=DIRECTION('',(-0.582230040721537,0.,-0.813024095387952));
#5596=DIRECTION('',(1.,0.,-1.69540374245976E-15));
#5597=DIRECTION('',(0.576499204966452,0.,0.817097709379392));
#5598=DIRECTION('center_axis',(0.,1.,0.));
#5599=DIRECTION('ref_axis',(-1.,0.,0.));
#5600=DIRECTION('',(1.,0.,-1.7463380142378E-15));
#5601=DIRECTION('',(0.584388434977415,0.,-0.811474064320387));
#5602=DIRECTION('',(0.576499204966452,0.,0.817097709379392));
#5603=DIRECTION('',(1.,0.,-1.69540374245976E-15));
#5604=DIRECTION('',(-0.582230040721537,0.,-0.813024095387952));
#5605=DIRECTION('',(0.59758370327956,0.,-0.801806533756546));
#5606=DIRECTION('',(-1.,0.,0.));
#5607=DIRECTION('',(-0.604251950990538,0.,0.796793310541779));
#5608=DIRECTION('',(-0.577535226374734,0.,-0.816365765019752));
#5609=DIRECTION('',(-1.,0.,0.));
#5610=DIRECTION('',(0.580140118611091,0.,0.814516692755838));
#5611=DIRECTION('',(-0.595956268757526,0.,0.803016890064342));
#5612=DIRECTION('center_axis',(-1.7463380142378E-15,0.,-1.));
#5613=DIRECTION('ref_axis',(1.,0.,-1.7463380142378E-15));
#5614=DIRECTION('',(0.,-1.,0.));
#5615=DIRECTION('',(0.,-1.,0.));
#5616=DIRECTION('center_axis',(0.803016890064342,0.,0.595956268757526));
#5617=DIRECTION('ref_axis',(-0.595956268757526,0.,0.803016890064342));
#5618=DIRECTION('',(0.,-1.,0.));
#5619=DIRECTION('center_axis',(0.814516692755838,0.,-0.580140118611091));
#5620=DIRECTION('ref_axis',(0.580140118611091,0.,0.814516692755838));
#5621=DIRECTION('',(0.,-1.,0.));
#5622=DIRECTION('center_axis',(0.,0.,1.));
#5623=DIRECTION('ref_axis',(-1.,0.,0.));
#5624=DIRECTION('',(0.,-1.,0.));
#5625=DIRECTION('center_axis',(-0.816365765019752,0.,0.577535226374734));
#5626=DIRECTION('ref_axis',(-0.577535226374734,0.,-0.816365765019752));
#5627=DIRECTION('',(0.,-1.,0.));
#5628=DIRECTION('',(0.,-1.,0.));
#5629=DIRECTION('',(0.,-1.,0.));
#5630=DIRECTION('center_axis',(0.796793310541779,0.,0.604251950990538));
#5631=DIRECTION('ref_axis',(-0.604251950990538,0.,0.796793310541779));
#5632=DIRECTION('',(0.,-1.,0.));
#5633=DIRECTION('center_axis',(0.,0.,1.));
#5634=DIRECTION('ref_axis',(-1.,0.,0.));
#5635=DIRECTION('',(0.,-1.,0.));
#5636=DIRECTION('center_axis',(-0.801806533756546,0.,-0.59758370327956));
#5637=DIRECTION('ref_axis',(0.59758370327956,0.,-0.801806533756546));
#5638=DIRECTION('',(0.,-1.,0.));
#5639=DIRECTION('center_axis',(-0.813024095387952,0.,0.582230040721537));
#5640=DIRECTION('ref_axis',(-0.582230040721537,0.,-0.813024095387952));
#5641=DIRECTION('',(0.,-1.,0.));
#5642=DIRECTION('center_axis',(-1.69540374245976E-15,0.,-1.));
#5643=DIRECTION('ref_axis',(1.,0.,-1.69540374245976E-15));
#5644=DIRECTION('',(0.,-1.,0.));
#5645=DIRECTION('center_axis',(0.817097709379392,0.,-0.576499204966452));
#5646=DIRECTION('ref_axis',(0.576499204966452,0.,0.817097709379392));
#5647=DIRECTION('',(0.,-1.,0.));
#5648=DIRECTION('',(0.,-1.,0.));
#5649=DIRECTION('',(0.,-1.,0.));
#5650=DIRECTION('center_axis',(-0.811474064320387,0.,-0.584388434977415));
#5651=DIRECTION('ref_axis',(0.584388434977415,0.,-0.811474064320387));
#5652=DIRECTION('center_axis',(0.,1.,0.));
#5653=DIRECTION('ref_axis',(-1.,0.,0.));
#5654=DIRECTION('',(0.,-1.,0.));
#5655=DIRECTION('',(0.,-1.,0.));
#5656=DIRECTION('',(0.,-1.,0.));
#5657=DIRECTION('',(0.,-1.,0.));
#5658=DIRECTION('',(0.,-1.,0.));
#5659=DIRECTION('',(0.,-1.,0.));
#5660=DIRECTION('',(0.,-1.,0.));
#5661=DIRECTION('',(0.,-1.,0.));
#5662=DIRECTION('',(0.,-1.,0.));
#5663=DIRECTION('',(0.,-1.,0.));
#5664=DIRECTION('',(0.,-1.,0.));
#5665=DIRECTION('',(0.,-1.,0.));
#5666=DIRECTION('',(0.,-1.,0.));
#5667=DIRECTION('',(0.,-1.,0.));
#5668=DIRECTION('',(0.,-1.,0.));
#5669=DIRECTION('',(0.,-1.,0.));
#5670=DIRECTION('',(0.,-1.,0.));
#5671=DIRECTION('',(0.,-1.,0.));
#5672=DIRECTION('',(0.,-1.,0.));
#5673=DIRECTION('',(0.,-1.,0.));
#5674=DIRECTION('center_axis',(0.,1.,0.));
#5675=DIRECTION('ref_axis',(-1.,0.,0.));
#5676=DIRECTION('',(0.99695539139461,0.,-0.0779740185524684));
#5677=DIRECTION('',(0.,-1.,0.));
#5678=DIRECTION('',(0.,-1.,0.));
#5679=DIRECTION('center_axis',(-0.0779740185524684,0.,-0.99695539139461));
#5680=DIRECTION('ref_axis',(0.99695539139461,0.,-0.0779740185524684));
#5681=DIRECTION('',(0.,-1.,0.));
#5682=DIRECTION('',(0.,-1.,0.));
#5683=DIRECTION('',(0.,-1.,0.));
#5684=DIRECTION('',(0.,-1.,0.));
#5685=DIRECTION('',(0.,-1.,0.));
#5686=DIRECTION('',(0.,-1.,0.));
#5687=DIRECTION('',(0.,-1.,0.));
#5688=DIRECTION('',(0.,-1.,0.));
#5689=DIRECTION('',(0.,-1.,0.));
#5690=DIRECTION('',(0.,-1.,0.));
#5691=DIRECTION('',(0.,-1.,0.));
#5692=DIRECTION('',(0.,-1.,0.));
#5693=DIRECTION('',(0.,-1.,0.));
#5694=DIRECTION('',(0.,-1.,0.));
#5695=DIRECTION('',(0.,-1.,0.));
#5696=DIRECTION('',(0.,-1.,0.));
#5697=DIRECTION('',(0.,-1.,0.));
#5698=DIRECTION('',(0.,-1.,0.));
#5699=DIRECTION('',(0.,-1.,0.));
#5700=DIRECTION('',(0.,-1.,0.));
#5701=DIRECTION('',(0.,-1.,0.));
#5702=DIRECTION('',(0.,-1.,0.));
#5703=DIRECTION('',(0.,-1.,0.));
#5704=DIRECTION('',(0.,-1.,0.));
#5705=DIRECTION('',(0.,-1.,0.));
#5706=DIRECTION('',(0.,-1.,0.));
#5707=DIRECTION('center_axis',(0.,-1.,0.));
#5708=DIRECTION('ref_axis',(0.,0.,-1.));
#5709=DIRECTION('',(1.,0.,-2.09740566827535E-15));
#5710=DIRECTION('',(-1.25876791884162E-15,0.,-1.));
#5711=DIRECTION('',(1.,0.,-1.67792491250108E-15));
#5712=DIRECTION('',(0.,0.,-1.));
#5713=DIRECTION('',(-1.,0.,1.40067727280695E-15));
#5714=DIRECTION('',(0.,0.,1.));
#5715=DIRECTION('',(1.,0.,-1.68487256050004E-15));
#5716=DIRECTION('',(1.25876791884162E-15,0.,1.));
#5717=DIRECTION('center_axis',(-2.09740566827535E-15,0.,-1.));
#5718=DIRECTION('ref_axis',(1.,0.,-2.09740566827535E-15));
#5719=DIRECTION('',(0.,-1.,0.));
#5720=DIRECTION('',(0.,-1.,0.));
#5721=DIRECTION('center_axis',(1.,0.,-1.25876791884162E-15));
#5722=DIRECTION('ref_axis',(1.25876791884162E-15,0.,1.));
#5723=DIRECTION('',(0.,-1.,0.));
#5724=DIRECTION('center_axis',(-1.68487256050004E-15,0.,-1.));
#5725=DIRECTION('ref_axis',(1.,0.,-1.68487256050004E-15));
#5726=DIRECTION('',(0.,-1.,0.));
#5727=DIRECTION('center_axis',(1.,0.,0.));
#5728=DIRECTION('ref_axis',(0.,0.,1.));
#5729=DIRECTION('',(0.,-1.,0.));
#5730=DIRECTION('center_axis',(1.40067727280695E-15,0.,1.));
#5731=DIRECTION('ref_axis',(-1.,0.,1.40067727280695E-15));
#5732=DIRECTION('',(0.,-1.,0.));
#5733=DIRECTION('center_axis',(-1.,0.,0.));
#5734=DIRECTION('ref_axis',(0.,0.,-1.));
#5735=DIRECTION('',(0.,-1.,0.));
#5736=DIRECTION('center_axis',(-1.67792491250108E-15,0.,-1.));
#5737=DIRECTION('ref_axis',(1.,0.,-1.67792491250108E-15));
#5738=DIRECTION('',(0.,-1.,0.));
#5739=DIRECTION('center_axis',(-1.,0.,1.25876791884162E-15));
#5740=DIRECTION('ref_axis',(-1.25876791884162E-15,0.,-1.));
#5741=DIRECTION('center_axis',(-1.03949519539328E-17,-1.,0.));
#5742=DIRECTION('ref_axis',(1.,-1.03949519539328E-17,0.));
#5743=DIRECTION('center_axis',(-1.03949519539328E-17,-1.,0.));
#5744=DIRECTION('ref_axis',(1.,-1.03949519539328E-17,0.));
#5745=DIRECTION('',(-6.29383959420808E-16,6.54241601875527E-33,-1.));
#5746=DIRECTION('',(-1.,1.03949519539328E-17,0.));
#5747=DIRECTION('',(6.29383959420808E-16,-6.54241601875527E-33,1.));
#5748=DIRECTION('',(-1.,1.03949519539328E-17,0.));
#5749=DIRECTION('',(0.,0.,1.));
#5750=DIRECTION('',(1.,-1.03949519539328E-17,0.));
#5751=DIRECTION('',(0.,0.,-1.));
#5752=DIRECTION('',(-1.,1.03949519539328E-17,0.));
#5753=DIRECTION('',(-0.99695539139461,1.03633033937612E-17,-0.0779740185524661));
#5754=DIRECTION('',(-0.584388434977417,6.0746897040242E-18,-0.811474064320386));
#5755=DIRECTION('',(-1.,1.03949519539328E-17,0.));
#5756=DIRECTION('',(0.595956268757527,-6.19493678037953E-18,0.803016890064341));
#5757=DIRECTION('',(-0.580140118611089,6.03052865951113E-18,0.81451669275584));
#5758=DIRECTION('',(1.,-1.03949519539328E-17,0.));
#5759=DIRECTION('',(0.577535226374733,-6.00345092986903E-18,-0.816365765019753));
#5760=DIRECTION('',(0.604251950990539,-6.28116999861679E-18,0.796793310541779));
#5761=DIRECTION('',(1.,-1.03949519539328E-17,0.));
#5762=DIRECTION('',(-0.597583703279561,6.21185388404425E-18,-0.801806533756545));
#5763=DIRECTION('',(0.582230040721536,-6.05225329943668E-18,-0.813024095387953));
#5764=DIRECTION('',(-1.,1.03949519539328E-17,0.));
#5765=DIRECTION('',(-0.576499204966451,5.99268153710669E-18,0.817097709379393));
#5766=DIRECTION('center_axis',(0.,-1.,0.));
#5767=DIRECTION('ref_axis',(1.,0.,0.));
#5768=DIRECTION('',(-1.,0.,0.));
#5769=DIRECTION('',(-0.584388434977417,0.,-0.811474064320386));
#5770=DIRECTION('',(-0.576499204966451,0.,0.817097709379393));
#5771=DIRECTION('',(-1.,0.,0.));
#5772=DIRECTION('',(0.582230040721536,0.,-0.813024095387953));
#5773=DIRECTION('',(-0.597583703279561,0.,-0.801806533756545));
#5774=DIRECTION('',(1.,0.,0.));
#5775=DIRECTION('',(0.604251950990539,0.,0.796793310541779));
#5776=DIRECTION('',(0.577535226374733,0.,-0.816365765019753));
#5777=DIRECTION('',(1.,0.,0.));
#5778=DIRECTION('',(-0.580140118611089,0.,0.81451669275584));
#5779=DIRECTION('',(0.595956268757527,0.,0.803016890064341));
#5780=DIRECTION('center_axis',(0.,0.,-1.));
#5781=DIRECTION('ref_axis',(-1.,0.,0.));
#5782=DIRECTION('',(0.,1.,0.));
#5783=DIRECTION('',(0.,1.,0.));
#5784=DIRECTION('center_axis',(-0.803016890064341,0.,0.595956268757527));
#5785=DIRECTION('ref_axis',(0.595956268757527,0.,0.803016890064341));
#5786=DIRECTION('',(0.,1.,0.));
#5787=DIRECTION('center_axis',(-0.81451669275584,0.,-0.580140118611089));
#5788=DIRECTION('ref_axis',(-0.580140118611089,0.,0.81451669275584));
#5789=DIRECTION('',(0.,1.,0.));
#5790=DIRECTION('center_axis',(0.,0.,1.));
#5791=DIRECTION('ref_axis',(1.,0.,0.));
#5792=DIRECTION('',(0.,1.,0.));
#5793=DIRECTION('center_axis',(0.816365765019753,0.,0.577535226374733));
#5794=DIRECTION('ref_axis',(0.577535226374733,0.,-0.816365765019753));
#5795=DIRECTION('',(0.,1.,0.));
#5796=DIRECTION('',(0.,1.,0.));
#5797=DIRECTION('',(0.,1.,0.));
#5798=DIRECTION('center_axis',(-0.796793310541779,0.,0.604251950990539));
#5799=DIRECTION('ref_axis',(0.604251950990539,0.,0.796793310541779));
#5800=DIRECTION('',(0.,1.,0.));
#5801=DIRECTION('center_axis',(0.,0.,1.));
#5802=DIRECTION('ref_axis',(1.,0.,0.));
#5803=DIRECTION('',(0.,1.,0.));
#5804=DIRECTION('center_axis',(0.801806533756545,0.,-0.597583703279561));
#5805=DIRECTION('ref_axis',(-0.597583703279561,0.,-0.801806533756545));
#5806=DIRECTION('',(0.,1.,0.));
#5807=DIRECTION('center_axis',(0.813024095387953,0.,0.582230040721536));
#5808=DIRECTION('ref_axis',(0.582230040721536,0.,-0.813024095387953));
#5809=DIRECTION('',(0.,1.,0.));
#5810=DIRECTION('center_axis',(0.,0.,-1.));
#5811=DIRECTION('ref_axis',(-1.,0.,0.));
#5812=DIRECTION('',(0.,1.,0.));
#5813=DIRECTION('center_axis',(-0.817097709379393,0.,-0.576499204966451));
#5814=DIRECTION('ref_axis',(-0.576499204966451,0.,0.817097709379393));
#5815=DIRECTION('',(0.,1.,0.));
#5816=DIRECTION('',(0.,1.,0.));
#5817=DIRECTION('',(0.,1.,0.));
#5818=DIRECTION('center_axis',(0.811474064320386,0.,-0.584388434977417));
#5819=DIRECTION('ref_axis',(-0.584388434977417,0.,-0.811474064320386));
#5820=DIRECTION('center_axis',(0.,-1.,0.));
#5821=DIRECTION('ref_axis',(1.,0.,0.));
#5822=DIRECTION('',(0.,1.,0.));
#5823=DIRECTION('',(0.,1.,0.));
#5824=DIRECTION('',(0.,1.,0.));
#5825=DIRECTION('',(0.,1.,0.));
#5826=DIRECTION('',(0.,1.,0.));
#5827=DIRECTION('',(0.,1.,0.));
#5828=DIRECTION('',(0.,1.,0.));
#5829=DIRECTION('',(0.,1.,0.));
#5830=DIRECTION('',(0.,1.,0.));
#5831=DIRECTION('',(0.,1.,0.));
#5832=DIRECTION('',(0.,1.,0.));
#5833=DIRECTION('',(0.,1.,0.));
#5834=DIRECTION('',(0.,1.,0.));
#5835=DIRECTION('',(0.,1.,0.));
#5836=DIRECTION('',(0.,1.,0.));
#5837=DIRECTION('',(0.,1.,0.));
#5838=DIRECTION('',(0.,1.,0.));
#5839=DIRECTION('',(0.,1.,0.));
#5840=DIRECTION('',(0.,1.,0.));
#5841=DIRECTION('',(0.,1.,0.));
#5842=DIRECTION('center_axis',(0.,-1.,0.));
#5843=DIRECTION('ref_axis',(1.,0.,0.));
#5844=DIRECTION('',(-0.99695539139461,0.,-0.0779740185524661));
#5845=DIRECTION('',(0.,1.,0.));
#5846=DIRECTION('',(0.,1.,0.));
#5847=DIRECTION('center_axis',(0.0779740185524661,0.,-0.99695539139461));
#5848=DIRECTION('ref_axis',(-0.99695539139461,0.,-0.0779740185524661));
#5849=DIRECTION('',(0.,1.,0.));
#5850=DIRECTION('',(0.,1.,0.));
#5851=DIRECTION('',(0.,1.,0.));
#5852=DIRECTION('',(0.,1.,0.));
#5853=DIRECTION('',(0.,1.,0.));
#5854=DIRECTION('',(0.,1.,0.));
#5855=DIRECTION('',(0.,1.,0.));
#5856=DIRECTION('',(0.,1.,0.));
#5857=DIRECTION('',(0.,1.,0.));
#5858=DIRECTION('',(0.,1.,0.));
#5859=DIRECTION('',(0.,1.,0.));
#5860=DIRECTION('',(0.,1.,0.));
#5861=DIRECTION('',(0.,1.,0.));
#5862=DIRECTION('',(0.,1.,0.));
#5863=DIRECTION('',(0.,1.,0.));
#5864=DIRECTION('',(0.,1.,0.));
#5865=DIRECTION('',(0.,1.,0.));
#5866=DIRECTION('',(0.,1.,0.));
#5867=DIRECTION('',(0.,1.,0.));
#5868=DIRECTION('',(0.,1.,0.));
#5869=DIRECTION('',(0.,1.,0.));
#5870=DIRECTION('',(0.,1.,0.));
#5871=DIRECTION('',(0.,1.,0.));
#5872=DIRECTION('',(0.,1.,0.));
#5873=DIRECTION('',(0.,1.,0.));
#5874=DIRECTION('',(0.,1.,0.));
#5875=DIRECTION('center_axis',(0.,1.,0.));
#5876=DIRECTION('ref_axis',(0.,0.,1.));
#5877=DIRECTION('',(-1.,0.,0.));
#5878=DIRECTION('',(-6.29383959420808E-16,0.,-1.));
#5879=DIRECTION('',(-1.,0.,0.));
#5880=DIRECTION('',(0.,0.,-1.));
#5881=DIRECTION('',(1.,0.,0.));
#5882=DIRECTION('',(0.,0.,1.));
#5883=DIRECTION('',(-1.,0.,0.));
#5884=DIRECTION('',(6.29383959420808E-16,0.,1.));
#5885=DIRECTION('center_axis',(0.,0.,-1.));
#5886=DIRECTION('ref_axis',(-1.,0.,0.));
#5887=DIRECTION('',(0.,1.,0.));
#5888=DIRECTION('',(0.,1.,0.));
#5889=DIRECTION('center_axis',(-1.,0.,6.29383959420808E-16));
#5890=DIRECTION('ref_axis',(6.29383959420808E-16,0.,1.));
#5891=DIRECTION('',(0.,1.,0.));
#5892=DIRECTION('center_axis',(0.,0.,-1.));
#5893=DIRECTION('ref_axis',(-1.,0.,0.));
#5894=DIRECTION('',(0.,1.,0.));
#5895=DIRECTION('center_axis',(-1.,0.,0.));
#5896=DIRECTION('ref_axis',(0.,0.,1.));
#5897=DIRECTION('',(0.,1.,0.));
#5898=DIRECTION('center_axis',(0.,0.,1.));
#5899=DIRECTION('ref_axis',(1.,0.,0.));
#5900=DIRECTION('',(0.,1.,0.));
#5901=DIRECTION('center_axis',(1.,0.,0.));
#5902=DIRECTION('ref_axis',(0.,0.,-1.));
#5903=DIRECTION('',(0.,1.,0.));
#5904=DIRECTION('center_axis',(0.,0.,-1.));
#5905=DIRECTION('ref_axis',(-1.,0.,0.));
#5906=DIRECTION('',(0.,1.,0.));
#5907=DIRECTION('center_axis',(1.,0.,-6.29383959420808E-16));
#5908=DIRECTION('ref_axis',(-6.29383959420808E-16,0.,-1.));
#5909=DIRECTION('center_axis',(0.,0.,1.));
#5910=DIRECTION('ref_axis',(1.,0.,0.));
#5911=DIRECTION('',(1.,-9.66104039996856E-17,0.));
#5912=DIRECTION('',(-1.26161707343768E-16,1.,0.));
#5913=DIRECTION('',(-1.,-8.45341034997228E-17,0.));
#5914=DIRECTION('',(-0.788010753606721,-0.615661475325659,0.));
#5915=DIRECTION('',(0.,-1.,0.));
#5916=DIRECTION('',(0.788010753606305,-0.615661475326192,0.));
#5917=DIRECTION('',(0.,1.,0.));
#5918=DIRECTION('',(1.,0.,0.));
#5919=DIRECTION('',(0.,-1.,0.));
#5920=DIRECTION('',(-1.,0.,0.));
#5921=DIRECTION('center_axis',(0.,0.,1.));
#5922=DIRECTION('ref_axis',(1.,2.52323414687536E-16,0.));
#5923=DIRECTION('center_axis',(0.,0.,1.));
#5924=DIRECTION('ref_axis',(-1.,0.,0.));
#5925=DIRECTION('center_axis',(8.45341034997228E-17,-1.,0.));
#5926=DIRECTION('ref_axis',(1.,8.45341034997228E-17,0.));
#5927=DIRECTION('',(0.,0.,1.));
#5928=DIRECTION('',(1.,8.45341034997228E-17,0.));
#5929=DIRECTION('',(0.,0.,1.));
#5930=DIRECTION('center_axis',(-1.,-1.26161707343768E-16,0.));
#5931=DIRECTION('ref_axis',(1.26161707343768E-16,-1.,0.));
#5932=DIRECTION('',(0.,0.,1.));
#5933=DIRECTION('',(1.26161707343768E-16,-1.,0.));
#5934=DIRECTION('center_axis',(9.66104039996856E-17,1.,0.));
#5935=DIRECTION('ref_axis',(-1.,9.66104039996856E-17,0.));
#5936=DIRECTION('',(0.,0.,1.));
#5937=DIRECTION('',(-1.,9.66104039996856E-17,0.));
#5938=DIRECTION('center_axis',(1.,0.,0.));
#5939=DIRECTION('ref_axis',(0.,1.,0.));
#5940=DIRECTION('',(0.,0.,1.));
#5941=DIRECTION('',(0.,1.,0.));
#5942=DIRECTION('',(0.,0.,-1.));
#5943=DIRECTION('center_axis',(0.,-1.,0.));
#5944=DIRECTION('ref_axis',(1.,0.,0.));
#5945=DIRECTION('',(1.,0.,0.));
#5946=DIRECTION('',(0.,0.,-1.));
#5947=DIRECTION('center_axis',(-1.,0.,0.));
#5948=DIRECTION('ref_axis',(0.,-1.,0.));
#5949=DIRECTION('',(0.,-1.,0.));
#5950=DIRECTION('',(0.,0.,-1.));
#5951=DIRECTION('center_axis',(0.,1.,0.));
#5952=DIRECTION('ref_axis',(-1.,0.,0.));
#5953=DIRECTION('',(-1.,0.,0.));
#5954=DIRECTION('center_axis',(0.,0.,1.));
#5955=DIRECTION('ref_axis',(1.,0.,0.));
#5956=DIRECTION('center_axis',(0.,0.,1.));
#5957=DIRECTION('ref_axis',(-1.,-2.52323414687535E-16,0.));
#5958=DIRECTION('center_axis',(0.,0.,-1.));
#5959=DIRECTION('ref_axis',(-1.,-2.52323414687535E-16,0.));
#5960=DIRECTION('',(0.,0.,-1.));
#5961=DIRECTION('center_axis',(0.,0.,1.));
#5962=DIRECTION('ref_axis',(-1.,-2.52323414687535E-16,0.));
#5963=DIRECTION('center_axis',(0.,0.,1.));
#5964=DIRECTION('ref_axis',(1.,2.52323414687536E-16,0.));
#5965=DIRECTION('',(0.,0.,-1.));
#5966=DIRECTION('center_axis',(0.,0.,1.));
#5967=DIRECTION('ref_axis',(1.,2.52323414687536E-16,0.));
#5968=DIRECTION('center_axis',(0.,0.,-1.));
#5969=DIRECTION('ref_axis',(1.,2.52323414687536E-16,0.));
#5970=DIRECTION('center_axis',(0.,0.,-1.));
#5971=DIRECTION('ref_axis',(1.,0.,0.));
#5972=DIRECTION('center_axis',(0.,0.,-1.));
#5973=DIRECTION('ref_axis',(1.,0.,0.));
#5974=DIRECTION('',(0.,0.,-1.));
#5975=DIRECTION('center_axis',(0.,0.,1.));
#5976=DIRECTION('ref_axis',(1.,0.,0.));
#5977=DIRECTION('center_axis',(0.,0.,-1.));
#5978=DIRECTION('ref_axis',(-1.,0.,0.));
#5979=DIRECTION('',(0.,0.,-1.));
#5980=DIRECTION('center_axis',(0.,0.,-1.));
#5981=DIRECTION('ref_axis',(-1.,0.,0.));
#5982=DIRECTION('center_axis',(0.,0.,1.));
#5983=DIRECTION('ref_axis',(-1.,0.,0.));
#5984=DIRECTION('center_axis',(0.615661475326192,0.788010753606305,0.));
#5985=DIRECTION('ref_axis',(-0.788010753606305,0.615661475326192,0.));
#5986=DIRECTION('',(0.,0.,1.));
#5987=DIRECTION('',(-0.788010753606305,0.615661475326192,0.));
#5988=DIRECTION('center_axis',(1.,0.,0.));
#5989=DIRECTION('ref_axis',(0.,1.,0.));
#5990=DIRECTION('',(0.,0.,1.));
#5991=DIRECTION('',(0.,1.,0.));
#5992=DIRECTION('center_axis',(0.615661475325659,-0.788010753606721,0.));
#5993=DIRECTION('ref_axis',(0.788010753606721,0.615661475325659,0.));
#5994=DIRECTION('',(0.788010753606721,0.615661475325659,0.));
#5995=DIRECTION('center_axis',(0.,0.,1.));
#5996=DIRECTION('ref_axis',(-1.,0.,0.));
#5997=CARTESIAN_POINT('',(0.,0.,0.));
#5998=CARTESIAN_POINT('Origin',(11.35,4.05,0.));
#5999=CARTESIAN_POINT('',(9.88390366138225,4.05094176420875,-0.531872668235625));
#6000=CARTESIAN_POINT('',(9.88295072472622,4.04986750242191,-0.368127331764375));
#6001=CARTESIAN_POINT('',(9.885,4.05,0.));
#6002=CARTESIAN_POINT('',(12.4577203444753,5.00873908777907,-1.38777878078145E-16));
#6003=CARTESIAN_POINT('Ctrl Pts',(9.88295072472622,4.04986750242191,-0.368127331764375));
#6004=CARTESIAN_POINT('Ctrl Pts',(9.88294657618851,4.04493732649401,-0.36780468298253));
#6005=CARTESIAN_POINT('Ctrl Pts',(9.88296941372947,4.04000720704153,-0.367482034200684));
#6006=CARTESIAN_POINT('Ctrl Pts',(9.88301935713097,4.03507737995668,-0.367159385418839));
#6007=CARTESIAN_POINT('Ctrl Pts',(9.88775546380802,3.56758445252224,-0.336562769967269));
#6008=CARTESIAN_POINT('Ctrl Pts',(10.1362445407113,3.10272067889171,-0.305966154515699));
#6009=CARTESIAN_POINT('Ctrl Pts',(10.522302914871,2.83882060868197,-0.275369539064129));
#6010=CARTESIAN_POINT('Ctrl Pts',(10.9083612890308,2.57492053847223,-0.244772923612559));
#6011=CARTESIAN_POINT('Ctrl Pts',(11.4319889604469,2.51198417168328,-0.214176308160989));
#6012=CARTESIAN_POINT('Ctrl Pts',(11.8692763580429,2.67770250413359,-0.183579692709419));
#6013=CARTESIAN_POINT('Ctrl Pts',(12.3065637556389,2.8434208365839,-0.152983077257849));
#6014=CARTESIAN_POINT('Ctrl Pts',(12.6575108794146,3.23779386827347,-0.122386461806279));
#6015=CARTESIAN_POINT('Ctrl Pts',(12.7720967072077,3.69039309082079,-0.0917898463547092));
#6016=CARTESIAN_POINT('Ctrl Pts',(12.8866825350007,4.14299231336812,-0.0611932309031392));
#6017=CARTESIAN_POINT('Ctrl Pts',(12.7649070668111,4.65381772677321,-0.0305966154515694));
#6018=CARTESIAN_POINT('Ctrl Pts',(12.4577203444753,5.00873908777908,5.63868893204936E-16));
#6019=CARTESIAN_POINT('',(10.2404268060068,5.00952942224752,3.46944695195361E-17));
#6020=CARTESIAN_POINT('Origin',(11.35,4.05,0.));
#6021=CARTESIAN_POINT('Ctrl Pts',(10.2404268060068,5.00952942224752,3.46944695195361E-17));
#6022=CARTESIAN_POINT('Ctrl Pts',(10.5216852439752,5.33085058215591,-0.0279212923785994));
#6023=CARTESIAN_POINT('Ctrl Pts',(10.9525019014707,5.5252676449285,-0.0558425847571987));
#6024=CARTESIAN_POINT('Ctrl Pts',(11.3791231362574,5.51673721218655,-0.0837638771357982));
#6025=CARTESIAN_POINT('Ctrl Pts',(11.8494439422111,5.50733299206062,-0.11454519710769));
#6026=CARTESIAN_POINT('Ctrl Pts',(12.3146658167464,5.25127535152913,-0.145326517079581));
#6027=CARTESIAN_POINT('Ctrl Pts',(12.5739502579387,4.85892060542835,-0.176107837051473));
#6028=CARTESIAN_POINT('Ctrl Pts',(12.833234699131,4.46656585932757,-0.206889157023364));
#6029=CARTESIAN_POINT('Ctrl Pts',(12.8865817069804,3.93791400765751,-0.237670476995256));
#6030=CARTESIAN_POINT('Ctrl Pts',(12.7108045550733,3.50163483249453,-0.268451796967147));
#6031=CARTESIAN_POINT('Ctrl Pts',(12.5350274031662,3.06535565733156,-0.299233116939039));
#6032=CARTESIAN_POINT('Ctrl Pts',(12.1301260915028,2.72144915867566,-0.330014436910931));
#6033=CARTESIAN_POINT('Ctrl Pts',(11.6711843434656,2.61848881338099,-0.360795756882823));
#6034=CARTESIAN_POINT('Ctrl Pts',(11.2122425954283,2.51552846808633,-0.391577076854714));
#6035=CARTESIAN_POINT('Ctrl Pts',(10.6992604110173,2.65351427615289,-0.422358396826606));
#6036=CARTESIAN_POINT('Ctrl Pts',(10.3539361601909,2.97283913362265,-0.453139716798497));
#6037=CARTESIAN_POINT('Ctrl Pts',(10.0595108670238,3.24509720571304,-0.479384033944207));
#6038=CARTESIAN_POINT('Ctrl Pts',(9.8869621330708,3.6491771303093,-0.505628351089916));
#6039=CARTESIAN_POINT('Ctrl Pts',(9.88390366138225,4.05094176420875,-0.531872668235625));
#6040=CARTESIAN_POINT('Origin',(11.35,4.05,0.));
#6041=CARTESIAN_POINT('',(9.88648238796258,4.04922608747679,-1.13187266823562));
#6042=CARTESIAN_POINT('',(9.88674031795708,4.05033941864504,-0.968127331764374));
#6043=CARTESIAN_POINT('',(9.885,4.05,0.));
#6044=CARTESIAN_POINT('',(11.386243344835,5.51455161054678,-1.28423535603957));
#6045=CARTESIAN_POINT('Ctrl Pts',(9.88648238796258,4.04922608747679,-1.13187266823562));
#6046=CARTESIAN_POINT('Ctrl Pts',(9.88855890588643,4.35696250048074,-1.15187891086505));
#6047=CARTESIAN_POINT('Ctrl Pts',(9.98410646542393,4.66569792376268,-1.17188515349447));
#6048=CARTESIAN_POINT('Ctrl Pts',(10.1635231586476,4.91263864593514,-1.1918913961239));
#6049=CARTESIAN_POINT('Ctrl Pts',(10.4395711275098,5.29257812403089,-1.22267271609579));
#6050=CARTESIAN_POINT('Ctrl Pts',(10.914157978799,5.52623433486295,-1.25345403606768));
#6051=CARTESIAN_POINT('Ctrl Pts',(11.386243344835,5.51455161054678,-1.28423535603957));
#6052=CARTESIAN_POINT('',(11.5012758352528,5.50620504830521,-1.12812287699422));
#6053=CARTESIAN_POINT('Ctrl Pts',(11.386243344835,5.51455161054678,-1.28423535603957));
#6054=CARTESIAN_POINT('Ctrl Pts',(11.4111813293652,5.51393446877704,-1.23210325351501));
#6055=CARTESIAN_POINT('Ctrl Pts',(11.445376186039,5.51240228194392,-1.18478761903596));
#6056=CARTESIAN_POINT('Ctrl Pts',(11.490039380255,5.50830473709066,-1.14015026159145));
#6057=CARTESIAN_POINT('Ctrl Pts',(11.4964516006899,5.50767663248238,-1.13406781117373));
#6058=CARTESIAN_POINT('Ctrl Pts',(11.5030662303012,5.50698171887687,-1.12812287699423));
#6059=CARTESIAN_POINT('Ctrl Pts',(11.5012758352528,5.50620504830521,-1.12812287699422));
#6060=CARTESIAN_POINT('Ctrl Pts',(11.3660777163499,5.52149127970584,-1.11924130341499));
#6061=CARTESIAN_POINT('Ctrl Pts',(11.2291792508104,5.51818203264866,-1.11035972983575));
#6062=CARTESIAN_POINT('Ctrl Pts',(11.0957124180467,5.49465013046226,-1.10147815625652));
#6063=CARTESIAN_POINT('Ctrl Pts',(10.6359252732147,5.41358380188682,-1.07088154080495));
#6064=CARTESIAN_POINT('Ctrl Pts',(10.2168637523897,5.09252085856517,-1.04028492535338));
#6065=CARTESIAN_POINT('Ctrl Pts',(10.0195050978318,4.66857228234695,-1.00968830990181));
#6066=CARTESIAN_POINT('Ctrl Pts',(9.93014424744299,4.47661513014178,-0.995834650522663));
#6067=CARTESIAN_POINT('Ctrl Pts',(9.88623545402245,4.26356504519122,-0.981980991143519));
#6068=CARTESIAN_POINT('Ctrl Pts',(9.88674031795708,4.05033941864504,-0.968127331764374));
#6069=CARTESIAN_POINT('Origin',(11.35,4.05,1.32514067084685));
#6070=CARTESIAN_POINT('',(9.54890314987899,4.05115695572339,-0.725140670846853));
#6071=CARTESIAN_POINT('',(9.55238797764045,4.05041697522627,-0.77485932915315));
#6072=CARTESIAN_POINT('',(9.55025000000001,4.05000000000003,1.32514067084685));
#6073=CARTESIAN_POINT('',(12.6244887398629,5.32073935740681,-1.));
#6074=CARTESIAN_POINT('Ctrl Pts',(9.55238797764045,4.05041697522628,-0.774859329153151));
#6075=CARTESIAN_POINT('Ctrl Pts',(9.5517677531583,4.31236429357197,-0.788712988532294));
#6076=CARTESIAN_POINT('Ctrl Pts',(9.72484341691736,5.15214562196275,-0.833163263363008));
#6077=CARTESIAN_POINT('Ctrl Pts',(10.9875767799132,6.11958565166481,-0.90821015364529));
#6078=CARTESIAN_POINT('Ctrl Pts',(12.217334944716,5.72909448096739,-0.96940338454843));
#6079=CARTESIAN_POINT('Ctrl Pts',(12.6244887398629,5.3207393574068,-1.));
#6080=CARTESIAN_POINT('',(13.0877369350345,4.51836994685509,-1.));
#6081=CARTESIAN_POINT('Origin',(11.35,4.05,-1.));
#6082=CARTESIAN_POINT('Ctrl Pts',(9.54890314987899,4.05115695572339,-0.725140670846853));
#6083=CARTESIAN_POINT('Ctrl Pts',(9.54825359956842,4.13648269004496,-0.729677673673035));
#6084=CARTESIAN_POINT('Ctrl Pts',(9.59163870441627,4.80003959913956,-0.764995996471108));
#6085=CARTESIAN_POINT('Ctrl Pts',(10.4128551845986,5.93571448555993,-0.831095639241073));
#6086=CARTESIAN_POINT('Ctrl Pts',(12.2586482163186,5.89454577194734,-0.918178412799273));
#6087=CARTESIAN_POINT('Ctrl Pts',(12.9603735225976,4.98007251724797,-0.974479866385582));
#6088=CARTESIAN_POINT('Ctrl Pts',(13.0890609259682,4.51743457166091,-1.));
#6089=CARTESIAN_POINT('Origin',(11.35,4.05,1.32514067084685));
#6090=CARTESIAN_POINT('',(9.55232725765977,4.04846745955969,-0.125140670846853));
#6091=CARTESIAN_POINT('',(9.54773246882322,4.04983722695146,-0.17485932915315));
#6092=CARTESIAN_POINT('',(9.55025000000001,4.05000000000003,1.32514067084685));
#6093=CARTESIAN_POINT('',(10.8867518048284,2.31089069573811,0.));
#6094=CARTESIAN_POINT('Ctrl Pts',(10.8867518048284,2.31089069573811,0.));
#6095=CARTESIAN_POINT('Ctrl Pts',(10.3261651743767,2.4602146882886,-0.0307813199718916));
#6096=CARTESIAN_POINT('Ctrl Pts',(9.67734864579585,3.05570231174765,-0.0724948769208424));
#6097=CARTESIAN_POINT('Ctrl Pts',(9.55118592913839,3.84193234092396,-0.114208433869794));
#6098=CARTESIAN_POINT('Ctrl Pts',(9.55232725765977,4.04846745955969,-0.125140670846853));
#6099=CARTESIAN_POINT('',(11.8132481951716,2.31089069573811,0.));
#6100=CARTESIAN_POINT('Origin',(11.35,4.05,0.));
#6101=CARTESIAN_POINT('Ctrl Pts',(11.8146039347057,2.30901870438871,1.04083408558608E-16));
#6102=CARTESIAN_POINT('Ctrl Pts',(11.3168121107868,2.17962208142198,-0.027367178817634));
#6103=CARTESIAN_POINT('Ctrl Pts',(10.1319511765459,2.37546189702485,-0.085330973086838));
#6104=CARTESIAN_POINT('Ctrl Pts',(9.5504159526862,3.46337554711953,-0.143617416137888));
#6105=CARTESIAN_POINT('Ctrl Pts',(9.54772737235172,4.04378051423729,-0.174536680371304));
#6106=CARTESIAN_POINT('Ctrl Pts',(9.54773246882322,4.04983722695146,-0.17485932915315));
#6107=CARTESIAN_POINT('Origin',(11.35,4.05,1.32514067084685));
#6108=CARTESIAN_POINT('',(11.4223595816135,2.25170520952523,-1.22101896576867));
#6109=CARTESIAN_POINT('',(11.4623876190045,2.25376251971113,-1.16917361184179));
#6110=CARTESIAN_POINT('Ctrl Pts',(11.4223595816135,2.25170520952523,-1.22101896576867));
#6111=CARTESIAN_POINT('Ctrl Pts',(11.434700214691,2.25220177051793,-1.20266453276837));
#6112=CARTESIAN_POINT('Ctrl Pts',(11.4481504837599,2.25287172562119,-1.18530768117163));
#6113=CARTESIAN_POINT('Ctrl Pts',(11.4623876190045,2.25376251971113,-1.16917361184178));
#6114=CARTESIAN_POINT('',(11.3372928082164,5.84970513967621,-1.52418509244623));
#6115=CARTESIAN_POINT('Ctrl Pts',(11.4223595816135,2.25170520952523,-1.22101896576867));
#6116=CARTESIAN_POINT('Ctrl Pts',(10.9465984776668,2.23256158823915,-1.24628280965847));
#6117=CARTESIAN_POINT('Ctrl Pts',(9.98240811175309,2.59115097495292,-1.29681049743806));
#6118=CARTESIAN_POINT('Ctrl Pts',(9.34985361256399,4.00271094974869,-1.37260202910745));
#6119=CARTESIAN_POINT('Ctrl Pts',(9.91499217804241,5.44258773569212,-1.44839356077684));
#6120=CARTESIAN_POINT('Ctrl Pts',(10.8611585789642,5.8463432950982,-1.49892124855643));
#6121=CARTESIAN_POINT('Ctrl Pts',(11.3372928082164,5.84970513967621,-1.52418509244623));
#6122=CARTESIAN_POINT('',(11.3372928082164,5.84970513967621,-1.5));
#6123=CARTESIAN_POINT('',(11.3372928082164,5.84970513967621,1.32514067084685));
#6124=CARTESIAN_POINT('',(11.3379434327504,5.84970961593423,-1.47450095645533));
#6125=CARTESIAN_POINT('Ctrl Pts',(11.3379434327504,5.84970961593423,-1.47450095645533));
#6126=CARTESIAN_POINT('Ctrl Pts',(11.3375063262542,5.84970668768191,-1.48306084049496));
#6127=CARTESIAN_POINT('Ctrl Pts',(11.3372928082164,5.84970513967621,-1.49156841406173));
#6128=CARTESIAN_POINT('Ctrl Pts',(11.3372928082164,5.84970513967621,-1.5));
#6129=CARTESIAN_POINT('Ctrl Pts',(11.4612728327799,2.25528455216241,-1.16917361184179));
#6130=CARTESIAN_POINT('Ctrl Pts',(11.264752992869,2.24175168644079,-1.17960623419578));
#6131=CARTESIAN_POINT('Ctrl Pts',(10.4820654483059,2.31170898911269,-1.22082017652167));
#6132=CARTESIAN_POINT('Ctrl Pts',(9.36285120559237,3.35006761460584,-1.29281543881944));
#6133=CARTESIAN_POINT('Ctrl Pts',(9.64541464238053,5.2684402117231,-1.3841585980033));
#6134=CARTESIAN_POINT('Ctrl Pts',(10.7769143116998,5.84469577603333,-1.44472043721526));
#6135=CARTESIAN_POINT('Ctrl Pts',(11.337954861577,5.84964741221741,-1.47450095645533));
#6136=CARTESIAN_POINT('Origin',(11.35,4.05,1.32514067084685));
#6137=CARTESIAN_POINT('Ctrl Pts',(9.54773246882322,4.04983722695146,-0.17485932915315));
#6138=CARTESIAN_POINT('Ctrl Pts',(9.54821066808196,4.61813541728609,-0.205133295822874));
#6139=CARTESIAN_POINT('Ctrl Pts',(10.1360275068257,5.76201665882749,-0.266003877944168));
#6140=CARTESIAN_POINT('Ctrl Pts',(12.0539413414847,6.03032695427067,-0.357471075517031));
#6141=CARTESIAN_POINT('Ctrl Pts',(13.3766419236391,4.60673222594957,-0.449260921871741));
#6142=CARTESIAN_POINT('Ctrl Pts',(12.9668828552414,2.70699885560845,-0.541050768226451));
#6143=CARTESIAN_POINT('Ctrl Pts',(11.1742831869888,1.95561437040447,-0.632840614581161));
#6144=CARTESIAN_POINT('Ctrl Pts',(9.78058668987683,2.83784318170603,-0.710776801556727));
#6145=CARTESIAN_POINT('Ctrl Pts',(9.55313755513296,3.73383834972934,-0.758116373080724));
#6146=CARTESIAN_POINT('Ctrl Pts',(9.55238797764045,4.05041697522628,-0.774859329153151));
#6147=CARTESIAN_POINT('Ctrl Pts',(9.55232725765977,4.04846745955969,-0.125140670846853));
#6148=CARTESIAN_POINT('Ctrl Pts',(9.55439950733683,4.42346232289377,-0.144989753841685));
#6149=CARTESIAN_POINT('Ctrl Pts',(9.8473156968209,5.38403123707597,-0.195620156808409));
#6150=CARTESIAN_POINT('Ctrl Pts',(11.3920417517403,6.15489746826462,-0.277031879747024));
#6151=CARTESIAN_POINT('Ctrl Pts',(13.1066145886582,5.21119834496106,-0.3693758396627));
#6152=CARTESIAN_POINT('Ctrl Pts',(13.3032247129793,3.26285465203988,-0.461719799578373));
#6153=CARTESIAN_POINT('Ctrl Pts',(11.8109630017173,1.99538901185705,-0.554063759494049));
#6154=CARTESIAN_POINT('Ctrl Pts',(10.0132575815989,2.47894934318804,-0.641870716583541));
#6155=CARTESIAN_POINT('Ctrl Pts',(9.55266047712913,3.55758978858307,-0.698896353701143));
#6156=CARTESIAN_POINT('Ctrl Pts',(9.54890314987899,4.05115695572339,-0.725140670846853));
#6157=CARTESIAN_POINT('Origin',(11.35,4.05,1.32514067084685));
#6158=CARTESIAN_POINT('',(11.3372928082164,5.84970513967621,-2.07446643413993));
#6159=CARTESIAN_POINT('',(11.3372928082164,5.84970513967621,-2.12418509244623));
#6160=CARTESIAN_POINT('',(11.3372928082164,5.84970513967621,1.32514067084685));
#6161=CARTESIAN_POINT('',(11.3372928082166,2.25029486032379,-1.77581490755376));
#6162=CARTESIAN_POINT('Ctrl Pts',(11.3372928082166,2.25029486032379,-1.77581490755376));
#6163=CARTESIAN_POINT('Ctrl Pts',(10.8682489345343,2.25360664197419,-1.80070253476928));
#6164=CARTESIAN_POINT('Ctrl Pts',(9.93592806778775,2.6449871544377,-1.8504777892003));
#6165=CARTESIAN_POINT('Ctrl Pts',(9.3556122473006,4.0499999999999,-1.92514067084685));
#6166=CARTESIAN_POINT('Ctrl Pts',(9.93592806778761,5.45501284556217,-1.99980355249339));
#6167=CARTESIAN_POINT('Ctrl Pts',(10.8682489345341,5.84639335802576,-2.04957880692442));
#6168=CARTESIAN_POINT('Ctrl Pts',(11.3372928082164,5.84970513967621,-2.07446643413993));
#6169=CARTESIAN_POINT('',(11.3372928082166,2.25029486032379,-1.82553356586006));
#6170=CARTESIAN_POINT('',(11.3372928082166,2.25029486032379,1.32514067084685));
#6171=CARTESIAN_POINT('Ctrl Pts',(11.3372928082166,2.25029486032379,-1.82553356586006));
#6172=CARTESIAN_POINT('Ctrl Pts',(10.8682489345343,2.25360664197419,-1.85042119307557));
#6173=CARTESIAN_POINT('Ctrl Pts',(9.9359280392254,2.64498785444905,-1.9001964475066));
#6174=CARTESIAN_POINT('Ctrl Pts',(9.35561229062047,4.0499999999999,-1.97485932915314));
#6175=CARTESIAN_POINT('Ctrl Pts',(9.93592803922526,5.4550121455508,-2.04952221079968));
#6176=CARTESIAN_POINT('Ctrl Pts',(10.8682489345341,5.84639335802576,-2.09929746523071));
#6177=CARTESIAN_POINT('Ctrl Pts',(11.3372928082164,5.84970513967621,-2.12418509244623));
#6178=CARTESIAN_POINT('Origin',(11.35,4.05,1.32514067084685));
#6179=CARTESIAN_POINT('',(11.3372928082164,5.84970513967621,-2.67446643413993));
#6180=CARTESIAN_POINT('',(11.3372928082164,5.84970513967621,-2.72418509244623));
#6181=CARTESIAN_POINT('',(11.3372928082164,5.84970513967621,1.32514067084685));
#6182=CARTESIAN_POINT('',(11.3372928082166,2.25029486032379,-2.37581490755376));
#6183=CARTESIAN_POINT('Ctrl Pts',(11.3372928082166,2.25029486032379,-2.37581490755376));
#6184=CARTESIAN_POINT('Ctrl Pts',(10.8682489345343,2.25360664197419,-2.40070253476928));
#6185=CARTESIAN_POINT('Ctrl Pts',(9.93592772960817,2.64499550485798,-2.45047778920031));
#6186=CARTESIAN_POINT('Ctrl Pts',(9.35561276175294,4.0499999999999,-2.52514067084684));
#6187=CARTESIAN_POINT('Ctrl Pts',(9.93592772960803,5.45500449514189,-2.59980355249339));
#6188=CARTESIAN_POINT('Ctrl Pts',(10.8682489345341,5.84639335802576,-2.64957880692442));
#6189=CARTESIAN_POINT('Ctrl Pts',(11.3372928082164,5.84970513967621,-2.67446643413993));
#6190=CARTESIAN_POINT('',(11.3372928082166,2.25029486032379,-2.42553356586006));
#6191=CARTESIAN_POINT('',(11.3372928082166,2.25029486032379,1.32514067084685));
#6192=CARTESIAN_POINT('Ctrl Pts',(11.3372928082166,2.25029486032379,-2.42553356586006));
#6193=CARTESIAN_POINT('Ctrl Pts',(10.8682489345343,2.25360664197419,-2.45042119307557));
#6194=CARTESIAN_POINT('Ctrl Pts',(9.93592770220966,2.64499618741536,-2.5001964475066));
#6195=CARTESIAN_POINT('Ctrl Pts',(9.35561280358295,4.0499999999999,-2.57485932915314));
#6196=CARTESIAN_POINT('Ctrl Pts',(9.93592770220951,5.4550038125845,-2.64952221079969));
#6197=CARTESIAN_POINT('Ctrl Pts',(10.8682489345341,5.84639335802576,-2.69929746523071));
#6198=CARTESIAN_POINT('Ctrl Pts',(11.3372928082164,5.84970513967621,-2.72418509244623));
#6199=CARTESIAN_POINT('Origin',(11.35,4.05,1.32514067084685));
#6200=CARTESIAN_POINT('',(11.3372928082164,5.84970513967621,-3.27446643413993));
#6201=CARTESIAN_POINT('',(11.3372928082164,5.84970513967621,-3.32418509244623));
#6202=CARTESIAN_POINT('',(11.3372928082164,5.84970513967621,1.32514067084685));
#6203=CARTESIAN_POINT('',(11.3372928082166,2.25029486032379,-2.97581490755376));
#6204=CARTESIAN_POINT('Ctrl Pts',(11.3372928082166,2.25029486032379,-2.97581490755376));
#6205=CARTESIAN_POINT('Ctrl Pts',(10.8682489345343,2.25360664197419,-3.00070253476928));
#6206=CARTESIAN_POINT('Ctrl Pts',(9.93592740510848,2.64500364824569,-3.0504777892003));
#6207=CARTESIAN_POINT('Ctrl Pts',(9.35561325867421,4.04999999999991,-3.12514067084685));
#6208=CARTESIAN_POINT('Ctrl Pts',(9.93592740510835,5.45499635175417,-3.19980355249339));
#6209=CARTESIAN_POINT('Ctrl Pts',(10.8682489345341,5.84639335802576,-3.24957880692442));
#6210=CARTESIAN_POINT('Ctrl Pts',(11.3372928082164,5.84970513967621,-3.27446643413993));
#6211=CARTESIAN_POINT('',(11.3372928082166,2.25029486032379,-3.02553356586006));
#6212=CARTESIAN_POINT('',(11.3372928082166,2.25029486032379,1.32514067084685));
#6213=CARTESIAN_POINT('Ctrl Pts',(11.3372928082166,2.25029486032379,-3.02553356586006));
#6214=CARTESIAN_POINT('Ctrl Pts',(10.8682489345343,2.25360664197419,-3.05042119307557));
#6215=CARTESIAN_POINT('Ctrl Pts',(9.93592737880871,2.64500431399386,-3.1001964475066));
#6216=CARTESIAN_POINT('Ctrl Pts',(9.35561329909432,4.0499999999999,-3.17485932915314));
#6217=CARTESIAN_POINT('Ctrl Pts',(9.93592737880857,5.454995686006,-3.24952221079969));
#6218=CARTESIAN_POINT('Ctrl Pts',(10.8682489345341,5.84639335802576,-3.29929746523071));
#6219=CARTESIAN_POINT('Ctrl Pts',(11.3372928082164,5.84970513967621,-3.32418509244623));
#6220=CARTESIAN_POINT('Origin',(11.35,4.05,1.32514067084685));
#6221=CARTESIAN_POINT('',(11.3372928082164,5.84970513967621,-3.87446643413993));
#6222=CARTESIAN_POINT('',(11.3372928082164,5.84970513967621,-3.92418509244623));
#6223=CARTESIAN_POINT('',(11.3372928082164,5.84970513967621,1.32514067084685));
#6224=CARTESIAN_POINT('',(11.3372928082166,2.25029486032379,-3.57581490755376));
#6225=CARTESIAN_POINT('Ctrl Pts',(11.3372928082166,2.25029486032379,-3.57581490755376));
#6226=CARTESIAN_POINT('Ctrl Pts',(10.8682489345343,2.25360664197419,-3.60070253476928));
#6227=CARTESIAN_POINT('Ctrl Pts',(9.9359270935296,2.64501159220601,-3.6504777892003));
#6228=CARTESIAN_POINT('Ctrl Pts',(9.35561373899731,4.0499999999999,-3.72514067084685));
#6229=CARTESIAN_POINT('Ctrl Pts',(9.93592709352946,5.45498840779385,-3.79980355249339));
#6230=CARTESIAN_POINT('Ctrl Pts',(10.8682489345341,5.84639335802576,-3.84957880692442));
#6231=CARTESIAN_POINT('Ctrl Pts',(11.3372928082164,5.84970513967621,-3.87446643413993));
#6232=CARTESIAN_POINT('',(11.3372928082166,2.25029486032379,-3.62553356586006));
#6233=CARTESIAN_POINT('',(11.3372928082166,2.25029486032379,1.32514067084685));
#6234=CARTESIAN_POINT('Ctrl Pts',(11.3372928082166,2.25029486032379,-3.62553356586006));
#6235=CARTESIAN_POINT('Ctrl Pts',(10.8682489345343,2.25360664197419,-3.65042119307557));
#6236=CARTESIAN_POINT('Ctrl Pts',(9.93592706826817,2.64501224175832,-3.7001964475066));
#6237=CARTESIAN_POINT('Ctrl Pts',(9.35561377808177,4.0499999999999,-3.77485932915314));
#6238=CARTESIAN_POINT('Ctrl Pts',(9.93592706826802,5.45498775824153,-3.84952221079968));
#6239=CARTESIAN_POINT('Ctrl Pts',(10.8682489345341,5.84639335802576,-3.89929746523071));
#6240=CARTESIAN_POINT('Ctrl Pts',(11.3372928082164,5.84970513967621,-3.92418509244623));
#6241=CARTESIAN_POINT('Ctrl Pts',(12.4577203444753,5.00873908777908,1.38777878078145E-16));
#6242=CARTESIAN_POINT('Ctrl Pts',(12.7649070668111,4.65381772677321,-0.0305966154515698));
#6243=CARTESIAN_POINT('Ctrl Pts',(13.0084580031903,3.63216689996303,-0.0917898463547094));
#6244=CARTESIAN_POINT('Ctrl Pts',(11.9556166318631,2.44904780489433,-0.18357969270942));
#6245=CARTESIAN_POINT('Ctrl Pts',(10.3847336176146,2.63785690526118,-0.275369539064129));
#6246=CARTESIAN_POINT('Ctrl Pts',(9.63926638690475,4.03244822615278,-0.367159385418839));
#6247=CARTESIAN_POINT('Ctrl Pts',(10.3563169775522,5.44281446986776,-0.458949231773548));
#6248=CARTESIAN_POINT('Ctrl Pts',(11.9230096209335,5.66198999194695,-0.550739078128258));
#6249=CARTESIAN_POINT('Ctrl Pts',(12.9996904670822,4.50318111460821,-0.642528924482969));
#6250=CARTESIAN_POINT('Ctrl Pts',(12.6661457885421,2.95679445671142,-0.734318770837678));
#6251=CARTESIAN_POINT('Ctrl Pts',(11.2069661724899,2.34516602452704,-0.826108617192388));
#6252=CARTESIAN_POINT('Ctrl Pts',(9.87083486669216,3.1909552878992,-0.917898463547097));
#6253=CARTESIAN_POINT('Ctrl Pts',(9.79780223156475,4.77145791524351,-1.00968830990181));
#6254=CARTESIAN_POINT('Ctrl Pts',(11.0549867940396,5.73464674520847,-1.10147815625652));
#6255=CARTESIAN_POINT('Ctrl Pts',(12.0560123317177,5.41678617286691,-1.16267138715966));
#6256=CARTESIAN_POINT('Ctrl Pts',(12.3874363127652,5.08438430815445,-1.19326800261123));
#6257=CARTESIAN_POINT('Ctrl Pts',(12.5420910806103,5.08176250294041,0.0644226675370758));
#6258=CARTESIAN_POINT('Ctrl Pts',(12.8726750168942,4.69980816682721,0.0338260520855059));
#6259=CARTESIAN_POINT('Ctrl Pts',(13.1347762777223,3.60034218318548,-0.0273671788176339));
#6260=CARTESIAN_POINT('Ctrl Pts',(12.0017440874982,2.32710952336723,-0.119157025172344));
#6261=CARTESIAN_POINT('Ctrl Pts',(10.3112130438936,2.53029947614541,-0.210946871527054));
#6262=CARTESIAN_POINT('Ctrl Pts',(9.50896648315421,4.03111137602868,-0.302736717881763));
#6263=CARTESIAN_POINT('Ctrl Pts',(10.280632019244,5.54889971305053,-0.394526564236473));
#6264=CARTESIAN_POINT('Ctrl Pts',(11.9666535277839,5.78476897938819,-0.486316410591183));
#6265=CARTESIAN_POINT('Ctrl Pts',(13.1253409526012,4.537698151722,-0.578106256945893));
#6266=CARTESIAN_POINT('Ctrl Pts',(12.7663914774419,2.87352925634376,-0.669896103300602));
#6267=CARTESIAN_POINT('Ctrl Pts',(11.1960718439895,2.21531547315286,-0.761685949655313));
#6268=CARTESIAN_POINT('Ctrl Pts',(9.75817263042939,3.12552520430972,-0.853475796010022));
#6269=CARTESIAN_POINT('Ctrl Pts',(9.67957738446949,4.82640854940228,-0.945265642364732));
#6270=CARTESIAN_POINT('Ctrl Pts',(11.0325167893308,5.86295971402725,-1.03705548871944));
#6271=CARTESIAN_POINT('Ctrl Pts',(12.1097865360505,5.52088894223374,-1.09824871962258));
#6272=CARTESIAN_POINT('Ctrl Pts',(12.4664537884644,5.1631693245719,-1.12884533507415));
#6273=CARTESIAN_POINT('Ctrl Pts',(12.6264618167452,5.15478591810174,0.128845335074152));
#6274=CARTESIAN_POINT('Ctrl Pts',(12.9804429669773,4.74579860688121,0.0982487196225816));
#6275=CARTESIAN_POINT('Ctrl Pts',(13.2610945522542,3.56851746640792,0.0370554887194418));
#6276=CARTESIAN_POINT('Ctrl Pts',(12.0478715431333,2.20517124184013,-0.054734357635268));
#6277=CARTESIAN_POINT('Ctrl Pts',(10.2376924701727,2.42274204702964,-0.146524203989978));
#6278=CARTESIAN_POINT('Ctrl Pts',(9.37866657940365,4.0297745259046,-0.238314050344688));
#6279=CARTESIAN_POINT('Ctrl Pts',(10.2049470609359,5.6549849562333,-0.330103896699397));
#6280=CARTESIAN_POINT('Ctrl Pts',(12.0102974346343,5.90754796682942,-0.421893743054107));
#6281=CARTESIAN_POINT('Ctrl Pts',(13.2509914381201,4.57221518883579,-0.513683589408817));
#6282=CARTESIAN_POINT('Ctrl Pts',(12.8666371663416,2.7902640559761,-0.605473435763527));
#6283=CARTESIAN_POINT('Ctrl Pts',(11.1851775154892,2.08546492177866,-0.697263282118237));
#6284=CARTESIAN_POINT('Ctrl Pts',(9.64551039416663,3.06009512072025,-0.789053128472946));
#6285=CARTESIAN_POINT('Ctrl Pts',(9.56135253737423,4.88135918356104,-0.880842974827656));
#6286=CARTESIAN_POINT('Ctrl Pts',(11.010046784622,5.99127268284603,-0.972632821182367));
#6287=CARTESIAN_POINT('Ctrl Pts',(12.1635607403833,5.62499171160056,-1.03382605208551));
#6288=CARTESIAN_POINT('Ctrl Pts',(12.5454712641637,5.24195434098935,-1.06442266753708));
#6289=CARTESIAN_POINT('Ctrl Pts',(12.7108325528802,5.22780933326307,0.193268002611227));
#6290=CARTESIAN_POINT('Ctrl Pts',(13.0882109170603,4.79178904693521,0.162671387159657));
#6291=CARTESIAN_POINT('Ctrl Pts',(13.3874128267862,3.53669274963036,0.101478156256518));
#6292=CARTESIAN_POINT('Ctrl Pts',(12.0939989987684,2.08323296031302,0.00968830990180766));
#6293=CARTESIAN_POINT('Ctrl Pts',(10.1641718964518,2.31518461791386,-0.0821015364529022));
#6294=CARTESIAN_POINT('Ctrl Pts',(9.24836667565312,4.02843767578052,-0.173891382807612));
#6295=CARTESIAN_POINT('Ctrl Pts',(10.1292621026277,5.76107019941605,-0.265681229162322));
#6296=CARTESIAN_POINT('Ctrl Pts',(12.0539413414847,6.03032695427067,-0.357471075517031));
#6297=CARTESIAN_POINT('Ctrl Pts',(13.3766419236391,4.60673222594957,-0.449260921871741));
#6298=CARTESIAN_POINT('Ctrl Pts',(12.9668828552414,2.70699885560845,-0.541050768226451));
#6299=CARTESIAN_POINT('Ctrl Pts',(11.1742831869888,1.95561437040447,-0.632840614581161));
#6300=CARTESIAN_POINT('Ctrl Pts',(9.53284815790389,2.99466503713078,-0.72463046093587));
#6301=CARTESIAN_POINT('Ctrl Pts',(9.44312769027895,4.93630981771981,-0.816420307290581));
#6302=CARTESIAN_POINT('Ctrl Pts',(10.9875767799132,6.11958565166481,-0.90821015364529));
#6303=CARTESIAN_POINT('Ctrl Pts',(12.217334944716,5.72909448096739,-0.96940338454843));
#6304=CARTESIAN_POINT('Ctrl Pts',(12.6244887398629,5.3207393574068,-1.));
#6305=CARTESIAN_POINT('',(11.8372928082164,5.69660091082865,-1.));
#6306=CARTESIAN_POINT('Ctrl Pts',(12.6244887398629,5.32073935740681,-0.999999999999999));
#6307=CARTESIAN_POINT('Ctrl Pts',(12.5734826024426,5.36328679500589,-0.999999999999999));
#6308=CARTESIAN_POINT('Ctrl Pts',(12.5201137297635,5.40264746719125,-0.999999999999999));
#6309=CARTESIAN_POINT('Ctrl Pts',(12.4647187800219,5.43879705012915,-0.999999999999999));
#6310=CARTESIAN_POINT('Ctrl Pts',(12.4079006602745,5.47587536397838,-0.999999999999999));
#6311=CARTESIAN_POINT('Ctrl Pts',(12.3489500057012,5.5095758074643,-0.999999999999999));
#6312=CARTESIAN_POINT('Ctrl Pts',(12.2882072631073,5.53982310250386,-1.));
#6313=CARTESIAN_POINT('Ctrl Pts',(12.2277332276866,5.56993659283197,-1.));
#6314=CARTESIAN_POINT('Ctrl Pts',(12.1654818220499,5.59662751917341,-1.));
#6315=CARTESIAN_POINT('Ctrl Pts',(12.1017828093913,5.61977070739163,-1.));
#6316=CARTESIAN_POINT('Ctrl Pts',(12.0786610063067,5.6281713437343,-1.));
#6317=CARTESIAN_POINT('Ctrl Pts',(12.0553484907491,5.63610404178325,-0.999999999999999));
#6318=CARTESIAN_POINT('Ctrl Pts',(12.0318612619052,5.64356110448992,-0.999999999999999));
#6319=CARTESIAN_POINT('Ctrl Pts',(12.0206521058391,5.64711994832925,-0.999999999999999));
#6320=CARTESIAN_POINT('Ctrl Pts',(12.0094054635815,5.65056965646287,-1.));
#6321=CARTESIAN_POINT('Ctrl Pts',(11.9981314029105,5.65390718305619,-1.));
#6322=CARTESIAN_POINT('Ctrl Pts',(11.9443481286287,5.66982896256669,-1.));
#6323=CARTESIAN_POINT('Ctrl Pts',(11.8898866949056,5.68321716780351,-1.));
#6324=CARTESIAN_POINT('Ctrl Pts',(11.8349423347281,5.69401291807871,-1.));
#6325=CARTESIAN_POINT('Ctrl Pts',(12.4577203444753,5.00873908777908,1.38777878078145E-16));
#6326=CARTESIAN_POINT('Ctrl Pts',(12.4991512262907,4.97053162587833,1.55046331079672E-16));
#6327=CARTESIAN_POINT('Ctrl Pts',(12.5380485079833,4.92990246428518,1.12675084195802E-16));
#6328=CARTESIAN_POINT('Ctrl Pts',(12.5744042043393,4.88718370424021,8.32667268468867E-17));
#6329=CARTESIAN_POINT('Ctrl Pts',(12.6123299933863,4.84262005000718,5.25883113900925E-17));
#6330=CARTESIAN_POINT('Ctrl Pts',(12.6474905391031,4.79578199395124,-7.42988861230459E-17));
#6331=CARTESIAN_POINT('Ctrl Pts',(12.6798501675707,4.74699619220669,-9.71445146547012E-17));
#6332=CARTESIAN_POINT('Ctrl Pts',(12.7062388931592,4.70721220222234,-1.15774735419517E-16));
#6333=CARTESIAN_POINT('Ctrl Pts',(12.7307645810859,4.66613178003057,1.97330000481851E-17));
#6334=CARTESIAN_POINT('Ctrl Pts',(12.7533913615789,4.62391244973002,1.38777878078145E-17));
#6335=CARTESIAN_POINT('Ctrl Pts',(12.7647849332423,4.60265317400113,1.09294328580061E-17));
#6336=CARTESIAN_POINT('Ctrl Pts',(12.775696772777,4.58110487605462,4.10374087503805E-17));
#6337=CARTESIAN_POINT('Ctrl Pts',(12.7861206514429,4.55928638125242,5.55111512312578E-17));
#6338=CARTESIAN_POINT('Ctrl Pts',(12.7920192689862,4.54693982961511,6.37014874824667E-17));
#6339=CARTESIAN_POINT('Ctrl Pts',(12.7977630563439,4.53450317596289,1.16899486111637E-16));
#6340=CARTESIAN_POINT('Ctrl Pts',(12.8033399960366,4.52200475262971,1.17961196366423E-16));
#6341=CARTESIAN_POINT('Ctrl Pts',(12.8281122071892,4.46648799990524,1.22677207667106E-16));
#6342=CARTESIAN_POINT('Ctrl Pts',(12.8496400148505,4.40966634986105,1.9226788160911E-16));
#6343=CARTESIAN_POINT('Ctrl Pts',(12.867889560617,4.35188285628574,1.94289029309402E-16));
#6344=CARTESIAN_POINT('Ctrl Pts',(12.8864916617074,4.2929830676231,1.96349222714774E-16));
#6345=CARTESIAN_POINT('Ctrl Pts',(12.9016882223485,4.23308304694398,1.65003432548616E-16));
#6346=CARTESIAN_POINT('Ctrl Pts',(12.9134035826267,4.17251015645851,2.84494650060196E-16));
#6347=CARTESIAN_POINT('Ctrl Pts',(12.921702618509,4.12960096888824,3.69140950147775E-16));
#6348=CARTESIAN_POINT('Ctrl Pts',(12.9282539150878,4.08635333425493,3.73240851843963E-16));
#6349=CARTESIAN_POINT('Ctrl Pts',(12.9330162963981,4.04287681251818,3.7470027081099E-16));
#6350=CARTESIAN_POINT('Ctrl Pts',(12.9357129472691,4.01825866613955,3.75526652230727E-16));
#6351=CARTESIAN_POINT('Ctrl Pts',(12.9378357967637,3.99356705095693,-3.77109846158399E-17));
#6352=CARTESIAN_POINT('Ctrl Pts',(12.9393754881148,3.96882145045662,-6.93889390390723E-17));
#6353=CARTESIAN_POINT('Ctrl Pts',(12.9400337514492,3.9582419784816,-8.29321961947176E-17));
#6354=CARTESIAN_POINT('Ctrl Pts',(12.9405852787775,3.94765323245663,3.34362349376348E-16));
#6355=CARTESIAN_POINT('Ctrl Pts',(12.9410290049241,3.93707013110323,3.33066907387547E-16));
#6356=CARTESIAN_POINT('Ctrl Pts',(12.9436917621046,3.87356197560006,3.25293086791593E-16));
#6357=CARTESIAN_POINT('Ctrl Pts',(12.9424846175641,3.81013512791957,5.1128933476997E-16));
#6358=CARTESIAN_POINT('Ctrl Pts',(12.9373424360546,3.74713425588935,4.02455846426619E-16));
#6359=CARTESIAN_POINT('Ctrl Pts',(12.9347267814222,3.71508783308751,3.47095914570797E-16));
#6360=CARTESIAN_POINT('Ctrl Pts',(12.9310922468092,3.68315120346686,2.04922212243542E-16));
#6361=CARTESIAN_POINT('Ctrl Pts',(12.9264254351099,3.65136784270848,1.38777878078145E-16));
#6362=CARTESIAN_POINT('Ctrl Pts',(12.9175190744926,3.59071099799758,2.71087890435498E-17));
#6363=CARTESIAN_POINT('Ctrl Pts',(12.9048563523835,3.53061222693331,1.20097750718981E-16));
#6364=CARTESIAN_POINT('Ctrl Pts',(12.8886697469295,3.47129088096335,1.2490009027033E-16));
#6365=CARTESIAN_POINT('Ctrl Pts',(12.8807103202607,3.44212084253347,1.27261540891108E-16));
#6366=CARTESIAN_POINT('Ctrl Pts',(12.8718980174228,3.41313877044363,1.51343198188883E-17));
#6367=CARTESIAN_POINT('Ctrl Pts',(12.8622560130724,3.3843711310747,-1.38777878078145E-17));
#6368=CARTESIAN_POINT('Ctrl Pts',(12.858047065335,3.37181342147062,-2.65422132028321E-17));
#6369=CARTESIAN_POINT('Ctrl Pts',(12.8536799805809,3.359296579038,2.54547801203229E-16));
#6370=CARTESIAN_POINT('Ctrl Pts',(12.8491565223648,3.34682284403906,2.63677968348475E-16));
#6371=CARTESIAN_POINT('Ctrl Pts',(12.8450849297864,3.33559515840094,2.71896087984572E-16));
#6372=CARTESIAN_POINT('Ctrl Pts',(12.8408895468783,3.32441053433312,3.8187055188951E-17));
#6373=CARTESIAN_POINT('Ctrl Pts',(12.8365744947838,3.31327618027643,4.16333634234434E-17));
#6374=CARTESIAN_POINT('Ctrl Pts',(12.8135415955901,3.2538431887497,6.00290787973431E-17));
#6375=CARTESIAN_POINT('Ctrl Pts',(12.7870849540045,3.19579145088157,2.88978681645897E-17));
#6376=CARTESIAN_POINT('Ctrl Pts',(12.7574863665432,3.1393522355509,4.16333634234434E-17));
#6377=CARTESIAN_POINT('Ctrl Pts',(12.7272378005317,3.08167362731338,5.46485273913089E-17));
#6378=CARTESIAN_POINT('Ctrl Pts',(12.6937074771625,3.02567823929041,-1.4973813843689E-16));
#6379=CARTESIAN_POINT('Ctrl Pts',(12.6571411837511,2.97161743063459,-2.22044604925031E-16));
#6380=CARTESIAN_POINT('Ctrl Pts',(12.6348858326052,2.93871438885421,-2.6605250541719E-16));
#6381=CARTESIAN_POINT('Ctrl Pts',(12.6115048165485,2.9065281189496,1.25166027231145E-16));
#6382=CARTESIAN_POINT('Ctrl Pts',(12.5870447082093,2.87511832163568,1.66533453693773E-16));
#6383=CARTESIAN_POINT('Ctrl Pts',(12.5738628083993,2.85819113572542,1.88826947388235E-16));
#6384=CARTESIAN_POINT('Ctrl Pts',(12.5603674005896,2.84148950984699,9.7733781265633E-17));
#6385=CARTESIAN_POINT('Ctrl Pts',(12.546565052043,2.82502321515936,8.32667268468867E-17));
#6386=CARTESIAN_POINT('Ctrl Pts',(12.5358477470418,2.81223739817955,7.20332882655883E-17));
#6387=CARTESIAN_POINT('Ctrl Pts',(12.5249453687534,2.79959347458365,-1.25225216971852E-17));
#6388=CARTESIAN_POINT('Ctrl Pts',(12.5138607964324,2.78709617065742,0.));
#6389=CARTESIAN_POINT('Ctrl Pts',(12.5053241402254,2.77747151541201,9.64407642240961E-18));
#6390=CARTESIAN_POINT('Ctrl Pts',(12.4966856712917,2.7679409143674,4.07440737503812E-16));
#6391=CARTESIAN_POINT('Ctrl Pts',(12.487949661049,2.75850883195046,3.88578058618805E-16));
#6392=CARTESIAN_POINT('Ctrl Pts',(12.4420086474408,2.70890730738396,2.89382823807868E-16));
#6393=CARTESIAN_POINT('Ctrl Pts',(12.3933529572585,2.66200490323524,8.08693315588657E-17));
#6394=CARTESIAN_POINT('Ctrl Pts',(12.3422324562101,2.61807600705376,5.55111512312578E-17));
#6395=CARTESIAN_POINT('Ctrl Pts',(12.3148020689545,2.59450451207114,4.19043850177104E-17));
#6396=CARTESIAN_POINT('Ctrl Pts',(12.2866611731371,2.57178948772379,1.2823085973259E-16));
#6397=CARTESIAN_POINT('Ctrl Pts',(12.2578430979694,2.54997656110561,1.11022302462516E-16));
#6398=CARTESIAN_POINT('Ctrl Pts',(12.2385745883247,2.53539187477679,9.95162164453134E-17));
#6399=CARTESIAN_POINT('Ctrl Pts',(12.2190032652596,2.52121053156752,1.74366469712747E-16));
#6400=CARTESIAN_POINT('Ctrl Pts',(12.1991382889148,2.50744692972993,1.38777878078145E-16));
#6401=CARTESIAN_POINT('Ctrl Pts',(12.1870102073574,2.49904389502643,1.17050122939418E-16));
#6402=CARTESIAN_POINT('Ctrl Pts',(12.1747794173563,2.49080131696756,-2.73014977882045E-16));
#6403=CARTESIAN_POINT('Ctrl Pts',(12.1624522350652,2.48272452915668,-2.22044604925031E-16));
#6404=CARTESIAN_POINT('Ctrl Pts',(12.1043768355513,2.44467344271795,1.8085272523137E-17));
#6405=CARTESIAN_POINT('Ctrl Pts',(12.0441389511905,2.41028087359721,-2.02996557103122E-16));
#6406=CARTESIAN_POINT('Ctrl Pts',(11.981982138684,2.37985366478663,-3.33066907387547E-16));
#6407=CARTESIAN_POINT('Ctrl Pts',(11.9275783619177,2.3532217477208,-4.17810261606846E-16));
#6408=CARTESIAN_POINT('Ctrl Pts',(11.8717035515972,2.3296275152351,-1.08865285731481E-16));
#6409=CARTESIAN_POINT('Ctrl Pts',(11.8146039347057,2.30901870438871,-8.32667268468867E-17));
#6410=CARTESIAN_POINT('Ctrl Pts',(9.88674031795708,4.05033941864504,-0.968127331764374));
#6411=CARTESIAN_POINT('Ctrl Pts',(9.88735047549371,3.79264380183549,-0.951384375691948));
#6412=CARTESIAN_POINT('Ctrl Pts',(9.95283181373989,3.53469178662849,-0.934641419619523));
#6413=CARTESIAN_POINT('Ctrl Pts',(10.0813513118039,3.3134075152279,-0.917898463547097));
#6414=CARTESIAN_POINT('Ctrl Pts',(10.3162119686247,2.90902553344182,-0.887301848095527));
#6415=CARTESIAN_POINT('Ctrl Pts',(10.7615890705573,2.62709577898443,-0.856705232643957));
#6416=CARTESIAN_POINT('Ctrl Pts',(11.227474224199,2.58806897378646,-0.826108617192387));
#6417=CARTESIAN_POINT('Ctrl Pts',(11.6933593778406,2.5490421685885,-0.795512001740818));
#6418=CARTESIAN_POINT('Ctrl Pts',(12.1797525831914,2.75291831264996,-0.764915386289248));
#6419=CARTESIAN_POINT('Ctrl Pts',(12.4785399656234,3.11258749433015,-0.734318770837678));
#6420=CARTESIAN_POINT('Ctrl Pts',(12.7773273480555,3.47225667601035,-0.703722155386108));
#6421=CARTESIAN_POINT('Ctrl Pts',(12.8885089075689,3.98771889530928,-0.673125539934538));
#6422=CARTESIAN_POINT('Ctrl Pts',(12.7646528796341,4.43858481784854,-0.642528924482968));
#6423=CARTESIAN_POINT('Ctrl Pts',(12.6407968516993,4.88945074038779,-0.611932309031398));
#6424=CARTESIAN_POINT('Ctrl Pts',(12.2819032363164,5.27572036616737,-0.581335693579828));
#6425=CARTESIAN_POINT('Ctrl Pts',(11.8413409880614,5.4323259253773,-0.550739078128258));
#6426=CARTESIAN_POINT('Ctrl Pts',(11.4007787398064,5.58893148458723,-0.520142462676688));
#6427=CARTESIAN_POINT('Ctrl Pts',(10.8785478586793,5.5158729772275,-0.489545847225118));
#6428=CARTESIAN_POINT('Ctrl Pts',(10.4979239863412,5.24428268292847,-0.458949231773548));
#6429=CARTESIAN_POINT('Ctrl Pts',(10.1213138856879,4.97555637460708,-0.428675265103824));
#6430=CARTESIAN_POINT('Ctrl Pts',(9.88333997985279,4.51246333453207,-0.398401298434099));
#6431=CARTESIAN_POINT('Ctrl Pts',(9.88295072472622,4.04986750242191,-0.368127331764375));
#6432=CARTESIAN_POINT('Ctrl Pts',(11.8349423347281,5.69401291807871,-1.));
#6433=CARTESIAN_POINT('Ctrl Pts',(11.8195776104445,5.69703186090513,-0.999999998385777));
#6434=CARTESIAN_POINT('Ctrl Pts',(11.8040799973829,5.69862569875425,-1.00070728770849));
#6435=CARTESIAN_POINT('Ctrl Pts',(11.7885015629105,5.69872746003958,-1.00216020747533));
#6436=CARTESIAN_POINT('Ctrl Pts',(11.7679417071872,5.69886176091226,-1.00407771856008));
#6437=CARTESIAN_POINT('Ctrl Pts',(11.7478152227327,5.69639388323086,-1.00724071826303));
#6438=CARTESIAN_POINT('Ctrl Pts',(11.7282289683102,5.69159901086363,-1.01152413176112));
#6439=CARTESIAN_POINT('Ctrl Pts',(11.710902576613,5.68735737103902,-1.01531332485893));
#6440=CARTESIAN_POINT('Ctrl Pts',(11.6943151523421,5.68137430044548,-1.01990904261886));
#6441=CARTESIAN_POINT('Ctrl Pts',(11.6785236490173,5.67403945521126,-1.02512181875356));
#6442=CARTESIAN_POINT('Ctrl Pts',(11.671646998144,5.67084538503008,-1.02739180159318));
#6443=CARTESIAN_POINT('Ctrl Pts',(11.6649205691999,5.66739494156612,-1.02977879720014));
#6444=CARTESIAN_POINT('Ctrl Pts',(11.6583460752562,5.66372005221163,-1.03226715996644));
#6445=CARTESIAN_POINT('Ctrl Pts',(11.6413999777034,5.65424783518173,-1.03868104346003));
#6446=CARTESIAN_POINT('Ctrl Pts',(11.6254428597215,5.6432758957905,-1.04577490825332));
#6447=CARTESIAN_POINT('Ctrl Pts',(11.6105043662949,5.63129567739932,-1.05330655269945));
#6448=CARTESIAN_POINT('Ctrl Pts',(11.5978012084773,5.62110813033106,-1.05971119239724));
#6449=CARTESIAN_POINT('Ctrl Pts',(11.5858331908651,5.61019146651399,-1.06643239888982));
#6450=CARTESIAN_POINT('Ctrl Pts',(11.5745895101602,5.59884340328588,-1.07332123889123));
#6451=CARTESIAN_POINT('Ctrl Pts',(11.5581834325971,5.58228501725574,-1.08337300453178));
#6452=CARTESIAN_POINT('Ctrl Pts',(11.5429936625896,5.56447388544869,-1.09398451492919));
#6453=CARTESIAN_POINT('Ctrl Pts',(11.5289948495376,5.54596870590465,-1.1048797886585));
#6454=CARTESIAN_POINT('Ctrl Pts',(11.5191787244409,5.53299266595988,-1.11251967708997));
#6455=CARTESIAN_POINT('Ctrl Pts',(11.5099468069168,5.51967514259618,-1.12029909115916));
#6456=CARTESIAN_POINT('Ctrl Pts',(11.5012758352528,5.50620504830521,-1.12812287699423));
#6457=CARTESIAN_POINT('Ctrl Pts',(11.4089008401522,2.5861845433835,-1.4142869683799));
#6458=CARTESIAN_POINT('Ctrl Pts',(11.02163037632,2.57060159842775,-1.4395508122697));
#6459=CARTESIAN_POINT('Ctrl Pts',(10.2367775433912,2.86249405656676,-1.49007850004929));
#6460=CARTESIAN_POINT('Ctrl Pts',(9.72187695091332,4.01150662113173,-1.56587003171868));
#6461=CARTESIAN_POINT('Ctrl Pts',(10.1819008422459,5.18356912503901,-1.64166156338807));
#6462=CARTESIAN_POINT('Ctrl Pts',(10.9520821326198,5.51222693558486,-1.69218925116766));
#6463=CARTESIAN_POINT('Ctrl Pts',(11.3396563211763,5.5149634836092,-1.71745309505745));
#6464=CARTESIAN_POINT('Ctrl Pts',(11.4133870873059,2.47469143209741,-1.34986430084283));
#6465=CARTESIAN_POINT('Ctrl Pts',(10.9966197434356,2.45792159503155,-1.37512814473262));
#6466=CARTESIAN_POINT('Ctrl Pts',(10.1519877328451,2.77204636269548,-1.42565583251221));
#6467=CARTESIAN_POINT('Ctrl Pts',(9.59786917146354,4.00857473067072,-1.5014473641816));
#6468=CARTESIAN_POINT('Ctrl Pts',(10.0929312875114,5.26990866192338,-1.57723889585099));
#6469=CARTESIAN_POINT('Ctrl Pts',(10.9217742814013,5.62359905542264,-1.62776658363058));
#6470=CARTESIAN_POINT('Ctrl Pts',(11.338868483523,5.62654403563153,-1.65303042752038));
#6471=CARTESIAN_POINT('Ctrl Pts',(11.4178733344597,2.36319832081132,-1.28544163330575));
#6472=CARTESIAN_POINT('Ctrl Pts',(10.9716091105512,2.34524159163535,-1.31070547719555));
#6473=CARTESIAN_POINT('Ctrl Pts',(10.0671979222991,2.68159866882421,-1.36123316497514));
#6474=CARTESIAN_POINT('Ctrl Pts',(9.47386139201378,4.00564284020971,-1.43702469664453));
#6475=CARTESIAN_POINT('Ctrl Pts',(10.0039617327769,5.35624819880775,-1.51281622831391));
#6476=CARTESIAN_POINT('Ctrl Pts',(10.8914664301827,5.73497117526042,-1.56334391609351));
#6477=CARTESIAN_POINT('Ctrl Pts',(11.3380806458697,5.73812458765387,-1.5886077599833));
#6478=CARTESIAN_POINT('Ctrl Pts',(11.4223595816135,2.25170520952523,-1.22101896576867));
#6479=CARTESIAN_POINT('Ctrl Pts',(10.9465984776668,2.23256158823915,-1.24628280965847));
#6480=CARTESIAN_POINT('Ctrl Pts',(9.98240811175309,2.59115097495292,-1.29681049743806));
#6481=CARTESIAN_POINT('Ctrl Pts',(9.34985361256399,4.00271094974869,-1.37260202910745));
#6482=CARTESIAN_POINT('Ctrl Pts',(9.91499217804241,5.44258773569212,-1.44839356077684));
#6483=CARTESIAN_POINT('Ctrl Pts',(10.8611585789642,5.8463432950982,-1.49892124855643));
#6484=CARTESIAN_POINT('Ctrl Pts',(11.3372928082164,5.84970513967621,-1.52418509244623));
#6485=CARTESIAN_POINT('',(11.343976475945,2.58501238327488,-1.41851996370813));
#6486=CARTESIAN_POINT('Ctrl Pts',(11.343984969274,2.58507766978008,-1.41851996370813));
#6487=CARTESIAN_POINT('Ctrl Pts',(11.3450022230761,2.57452201836329,-1.41235985958872));
#6488=CARTESIAN_POINT('Ctrl Pts',(11.346138220846,2.56397517365074,-1.40619832686161));
#6489=CARTESIAN_POINT('Ctrl Pts',(11.3473946659872,2.55344427621637,-1.40003931526809));
#6490=CARTESIAN_POINT('Ctrl Pts',(11.3483392075164,2.54552759952209,-1.39540923470315));
#6491=CARTESIAN_POINT('Ctrl Pts',(11.3493521161944,2.53761743705011,-1.3907791156954));
#6492=CARTESIAN_POINT('Ctrl Pts',(11.3504342093121,2.52971712407067,-1.38615076684728));
#6493=CARTESIAN_POINT('Ctrl Pts',(11.3542048948692,2.50218751912208,-1.37002272031485));
#6494=CARTESIAN_POINT('Ctrl Pts',(11.3588247202688,2.47471119294892,-1.35387769152112));
#6495=CARTESIAN_POINT('Ctrl Pts',(11.364337523296,2.44744956093662,-1.33780026964961));
#6496=CARTESIAN_POINT('Ctrl Pts',(11.3652872820073,2.44275286265826,-1.33503041347995));
#6497=CARTESIAN_POINT('Ctrl Pts',(11.3662639346885,2.43806063296695,-1.3322614292076));
#6498=CARTESIAN_POINT('Ctrl Pts',(11.3672677474093,2.43337385747064,-1.32949382434043));
#6499=CARTESIAN_POINT('Ctrl Pts',(11.368021738428,2.42985349300666,-1.32741500109993));
#6500=CARTESIAN_POINT('Ctrl Pts',(11.3687911228421,2.42633587940279,-1.32533676330059));
#6501=CARTESIAN_POINT('Ctrl Pts',(11.3695760183331,2.42282145373757,-1.32325933516653));
#6502=CARTESIAN_POINT('Ctrl Pts',(11.3701653833019,2.42018252996177,-1.32169942893499));
#6503=CARTESIAN_POINT('Ctrl Pts',(11.3707635258802,2.41754526008543,-1.32013989433332));
#6504=CARTESIAN_POINT('Ctrl Pts',(11.371370497479,2.41490983567498,-1.31858082938774));
#6505=CARTESIAN_POINT('Ctrl Pts',(11.3718261422806,2.41293146068203,-1.31741046187938));
#6506=CARTESIAN_POINT('Ctrl Pts',(11.3722867768882,2.41095406314996,-1.3162403220449));
#6507=CARTESIAN_POINT('Ctrl Pts',(11.3727524235592,2.40897772628277,-1.31507045238586));
#6508=CARTESIAN_POINT('Ctrl Pts',(11.3731019045358,2.40749442965178,-1.31419243216938));
#6509=CARTESIAN_POINT('Ctrl Pts',(11.3734542151354,2.40601170347406,-1.31331454814845));
#6510=CARTESIAN_POINT('Ctrl Pts',(11.3738093649312,2.40452958363114,-1.31243681862867));
#6511=CARTESIAN_POINT('Ctrl Pts',(11.3740758711165,2.40341739347877,-1.31177816600148));
#6512=CARTESIAN_POINT('Ctrl Pts',(11.3743439788569,2.40230553314888,-1.31111959349889));
#6513=CARTESIAN_POINT('Ctrl Pts',(11.3746136922484,2.40119401803844,-1.3104611089693));
#6514=CARTESIAN_POINT('Ctrl Pts',(11.3748160607753,2.40036003766306,-1.30996704175418));
#6515=CARTESIAN_POINT('Ctrl Pts',(11.3750193344302,2.39952624667367,-1.30947302112584));
#6516=CARTESIAN_POINT('Ctrl Pts',(11.375223514961,2.39869265164312,-1.30897905043209));
#6517=CARTESIAN_POINT('Ctrl Pts',(11.3759134808275,2.39587577132998,-1.30730982704246));
#6518=CARTESIAN_POINT('Ctrl Pts',(11.3766138288538,2.39306102012795,-1.3056411095902));
#6519=CARTESIAN_POINT('Ctrl Pts',(11.3773246277509,2.39024865691473,-1.30397302975645));
#6520=CARTESIAN_POINT('Ctrl Pts',(11.3857630227971,2.35686110960692,-1.28417007752714));
#6521=CARTESIAN_POINT('Ctrl Pts',(11.3957377599132,2.32354536774239,-1.26430158416834));
#6522=CARTESIAN_POINT('Ctrl Pts',(11.4074072413666,2.29087602987196,-1.24465746341919));
#6523=CARTESIAN_POINT('Ctrl Pts',(11.4121134584266,2.27770072333946,-1.23673513228846));
#6524=CARTESIAN_POINT('Ctrl Pts',(11.4170948474413,2.26463083329863,-1.2288492942471));
#6525=CARTESIAN_POINT('Ctrl Pts',(11.4223595816135,2.25170520952523,-1.22101896576867));
#6526=CARTESIAN_POINT('',(11.3372928082164,5.51494488881902,-1.71729902961599));
#6527=CARTESIAN_POINT('Ctrl Pts',(11.337292825468,5.51494479270022,-1.71729902961599));
#6528=CARTESIAN_POINT('Ctrl Pts',(10.9505170233178,5.51155838786321,-1.69208654087335));
#6529=CARTESIAN_POINT('Ctrl Pts',(10.5664442379377,5.34733392475942,-1.66687405213071));
#6530=CARTESIAN_POINT('Ctrl Pts',(10.297775516284,5.07038982702426,-1.64166156338806));
#6531=CARTESIAN_POINT('Ctrl Pts',(10.0285595451351,4.79288162373658,-1.61639771949827));
#6532=CARTESIAN_POINT('Ctrl Pts',(9.8752182480242,4.40219412243416,-1.59113387560847));
#6533=CARTESIAN_POINT('Ctrl Pts',(9.88436436488173,4.01534827768879,-1.56587003171868));
#6534=CARTESIAN_POINT('Ctrl Pts',(9.89351048173927,3.62850243294341,-1.54060618782888));
#6535=CARTESIAN_POINT('Ctrl Pts',(10.0651440125652,3.24549824475509,-1.51534234393909));
#6536=CARTESIAN_POINT('Ctrl Pts',(10.3471739862104,2.98102303612617,-1.49007850004929));
#6537=CARTESIAN_POINT('Ctrl Pts',(10.613452443366,2.73131890149326,-1.46622565460224));
#6538=CARTESIAN_POINT('Ctrl Pts',(10.9781403064463,2.58727366460586,-1.44237280915518));
#6539=CARTESIAN_POINT('Ctrl Pts',(11.343984969274,2.58507766978008,-1.41851996370813));
#6540=CARTESIAN_POINT('Ctrl Pts',(11.3372928082164,5.84970513967621,-1.52418509244623));
#6541=CARTESIAN_POINT('Ctrl Pts',(11.3372928082164,5.79405899087935,-1.55629076420117));
#6542=CARTESIAN_POINT('Ctrl Pts',(11.3372928093859,5.73799241167611,-1.58863699637966));
#6543=CARTESIAN_POINT('Ctrl Pts',(11.3372928120961,5.68232551832323,-1.62074995971878));
#6544=CARTESIAN_POINT('Ctrl Pts',(11.3372928148036,5.62671449461233,-1.65283069313348));
#6545=CARTESIAN_POINT('Ctrl Pts',(11.3372928190931,5.57058397968008,-1.68520841662007));
#6546=CARTESIAN_POINT('Ctrl Pts',(11.337292825468,5.51494479270022,-1.71729902961599));
#6547=CARTESIAN_POINT('Ctrl Pts',(11.3396563211764,2.5850365163908,-2.01880156847129));
#6548=CARTESIAN_POINT('Ctrl Pts',(10.9578536958426,2.5877323130947,-2.0436891956868));
#6549=CARTESIAN_POINT('Ctrl Pts',(10.1989426739632,2.90631738117398,-2.09346445011783));
#6550=CARTESIAN_POINT('Ctrl Pts',(9.72656452605028,4.04999999999992,-2.16812733176437));
#6551=CARTESIAN_POINT('Ctrl Pts',(10.1989426739631,5.1936826188259,-2.24279021341091));
#6552=CARTESIAN_POINT('Ctrl Pts',(10.9578536958425,5.51226768690526,-2.29256546784194));
#6553=CARTESIAN_POINT('Ctrl Pts',(11.3396563211763,5.5149634836092,-2.31745309505745));
#6554=CARTESIAN_POINT('Ctrl Pts',(11.3388684835232,2.47345596436847,-1.95437890093421));
#6555=CARTESIAN_POINT('Ctrl Pts',(10.9279854420732,2.47635708938787,-1.97926652814973));
#6556=CARTESIAN_POINT('Ctrl Pts',(10.1112711290506,2.81920753893234,-2.02904178258075));
#6557=CARTESIAN_POINT('Ctrl Pts',(9.60291378090702,4.04999999999991,-2.1037046642273));
#6558=CARTESIAN_POINT('Ctrl Pts',(10.1112711290505,5.28079246106754,-2.17836754587384));
#6559=CARTESIAN_POINT('Ctrl Pts',(10.927985442073,5.62364291061209,-2.22814280030486));
#6560=CARTESIAN_POINT('Ctrl Pts',(11.338868483523,5.62654403563153,-2.25303042752038));
#6561=CARTESIAN_POINT('Ctrl Pts',(11.3380806458699,2.36187541234613,-1.88995623339714));
#6562=CARTESIAN_POINT('Ctrl Pts',(10.8981171883037,2.36498186568103,-1.91484386061265));
#6563=CARTESIAN_POINT('Ctrl Pts',(10.023599584138,2.73209769669069,-1.96461911504368));
#6564=CARTESIAN_POINT('Ctrl Pts',(9.47926303576375,4.04999999999991,-2.03928199669022));
#6565=CARTESIAN_POINT('Ctrl Pts',(10.0235995841379,5.36790230330917,-2.11394487833676));
#6566=CARTESIAN_POINT('Ctrl Pts',(10.8981171883035,5.73501813431893,-2.16372013276779));
#6567=CARTESIAN_POINT('Ctrl Pts',(11.3380806458697,5.73812458765387,-2.1886077599833));
#6568=CARTESIAN_POINT('Ctrl Pts',(11.3372928082166,2.25029486032379,-1.82553356586006));
#6569=CARTESIAN_POINT('Ctrl Pts',(10.8682489345343,2.25360664197419,-1.85042119307557));
#6570=CARTESIAN_POINT('Ctrl Pts',(9.9359280392254,2.64498785444905,-1.9001964475066));
#6571=CARTESIAN_POINT('Ctrl Pts',(9.35561229062047,4.0499999999999,-1.97485932915314));
#6572=CARTESIAN_POINT('Ctrl Pts',(9.93592803922526,5.4550121455508,-2.04952221079968));
#6573=CARTESIAN_POINT('Ctrl Pts',(10.8682489345341,5.84639335802576,-2.09929746523071));
#6574=CARTESIAN_POINT('Ctrl Pts',(11.3372928082164,5.84970513967621,-2.12418509244623));
#6575=CARTESIAN_POINT('',(11.3372928082164,5.51494488881902,-2.31729902961599));
#6576=CARTESIAN_POINT('Ctrl Pts',(11.3372928082164,5.84970513967621,-2.12418509244623));
#6577=CARTESIAN_POINT('Ctrl Pts',(11.3372928082164,5.79405899089396,-2.15629076419274));
#6578=CARTESIAN_POINT('Ctrl Pts',(11.3372928093316,5.73799241187022,-2.18863699637647));
#6579=CARTESIAN_POINT('Ctrl Pts',(11.3372928119157,5.68232551894958,-2.22074995971878));
#6580=CARTESIAN_POINT('Ctrl Pts',(11.3372928144973,5.62671449567664,-2.25283069313312));
#6581=CARTESIAN_POINT('Ctrl Pts',(11.3372928185873,5.57058398143713,-2.28520841661995));
#6582=CARTESIAN_POINT('Ctrl Pts',(11.3372928246653,5.51494479548873,-2.31729902961599));
#6583=CARTESIAN_POINT('',(11.3372928082166,2.58505511118098,-2.01895563391275));
#6584=CARTESIAN_POINT('Ctrl Pts',(11.3372928246654,2.58505520451128,-2.01895563391275));
#6585=CARTESIAN_POINT('Ctrl Pts',(11.3372928185877,2.5294184618235,-1.98680351757015));
#6586=CARTESIAN_POINT('Ctrl Pts',(11.3372928144976,2.47328839313804,-1.95436975269792));
#6587=CARTESIAN_POINT('Ctrl Pts',(11.3372928119159,2.41767448142841,-1.92223670126411));
#6588=CARTESIAN_POINT('Ctrl Pts',(11.3372928093318,2.36200939748571,-1.89007408312753));
#6589=CARTESIAN_POINT('Ctrl Pts',(11.3372928082166,2.30594311252204,-1.85768214563429));
#6590=CARTESIAN_POINT('Ctrl Pts',(11.3372928082166,2.25029486032379,-1.82553356586006));
#6591=CARTESIAN_POINT('Ctrl Pts',(11.3372928246653,5.51494479548873,-2.31729902961599));
#6592=CARTESIAN_POINT('Ctrl Pts',(10.9562881699544,5.51160982015975,-2.29246275754763));
#6593=CARTESIAN_POINT('Ctrl Pts',(10.5778442280484,5.35241747640086,-2.26762648547927));
#6594=CARTESIAN_POINT('Ctrl Pts',(10.3099407381141,5.08271511604141,-2.24279021341091));
#6595=CARTESIAN_POINT('Ctrl Pts',(10.0414832913255,4.81245507921724,-2.2179025861954));
#6596=CARTESIAN_POINT('Ctrl Pts',(9.88402390868787,4.43122753960858,-2.19301495897988));
#6597=CARTESIAN_POINT('Ctrl Pts',(9.88402390868789,4.04999999999993,-2.16812733176437));
#6598=CARTESIAN_POINT('Ctrl Pts',(9.88402390868791,3.66877246039127,-2.14323970454886));
#6599=CARTESIAN_POINT('Ctrl Pts',(10.0414832913255,3.28754492078263,-2.11835207733334));
#6600=CARTESIAN_POINT('Ctrl Pts',(10.3099407381142,3.01728488395848,-2.09346445011783));
#6601=CARTESIAN_POINT('Ctrl Pts',(10.5778442280485,2.74758252359905,-2.06862817804947));
#6602=CARTESIAN_POINT('Ctrl Pts',(10.9562881699545,2.58839017984021,-2.04379190598111));
#6603=CARTESIAN_POINT('Ctrl Pts',(11.3372928246655,2.58505520451127,-2.01895563391275));
#6604=CARTESIAN_POINT('Ctrl Pts',(11.3396563211764,2.5850365163908,-2.61880156847129));
#6605=CARTESIAN_POINT('Ctrl Pts',(10.9578536958426,2.5877323130947,-2.6436891956868));
#6606=CARTESIAN_POINT('Ctrl Pts',(10.1989423996317,2.90632416422476,-2.69346445011783));
#6607=CARTESIAN_POINT('Ctrl Pts',(9.72656494360274,4.04999999999992,-2.76812733176437));
#6608=CARTESIAN_POINT('Ctrl Pts',(10.1989423996316,5.19367583577513,-2.84279021341091));
#6609=CARTESIAN_POINT('Ctrl Pts',(10.9578536958425,5.51226768690526,-2.89256546784194));
#6610=CARTESIAN_POINT('Ctrl Pts',(11.3396563211763,5.5149634836092,-2.91745309505745));
#6611=CARTESIAN_POINT('Ctrl Pts',(11.3388684835232,2.47345596436847,-2.55437890093421));
#6612=CARTESIAN_POINT('Ctrl Pts',(10.9279854420732,2.47635708938787,-2.57926652814973));
#6613=CARTESIAN_POINT('Ctrl Pts',(10.1112708338243,2.81921483862163,-2.62904178258075));
#6614=CARTESIAN_POINT('Ctrl Pts',(9.60291423026281,4.04999999999991,-2.7037046642273));
#6615=CARTESIAN_POINT('Ctrl Pts',(10.1112708338242,5.28078516137825,-2.77836754587384));
#6616=CARTESIAN_POINT('Ctrl Pts',(10.927985442073,5.62364291061209,-2.82814280030486));
#6617=CARTESIAN_POINT('Ctrl Pts',(11.338868483523,5.62654403563153,-2.85303042752038));
#6618=CARTESIAN_POINT('Ctrl Pts',(11.3380806458699,2.36187541234613,-2.48995623339714));
#6619=CARTESIAN_POINT('Ctrl Pts',(10.8981171883037,2.36498186568103,-2.51484386061265));
#6620=CARTESIAN_POINT('Ctrl Pts',(10.023599268017,2.73210551301849,-2.56461911504368));
#6621=CARTESIAN_POINT('Ctrl Pts',(9.47926351692287,4.04999999999991,-2.63928199669022));
#6622=CARTESIAN_POINT('Ctrl Pts',(10.0235992680169,5.36789448698137,-2.71394487833676));
#6623=CARTESIAN_POINT('Ctrl Pts',(10.8981171883035,5.73501813431892,-2.76372013276779));
#6624=CARTESIAN_POINT('Ctrl Pts',(11.3380806458697,5.73812458765387,-2.7886077599833));
#6625=CARTESIAN_POINT('Ctrl Pts',(11.3372928082166,2.25029486032379,-2.42553356586006));
#6626=CARTESIAN_POINT('Ctrl Pts',(10.8682489345343,2.25360664197419,-2.45042119307557));
#6627=CARTESIAN_POINT('Ctrl Pts',(9.93592770220966,2.64499618741536,-2.5001964475066));
#6628=CARTESIAN_POINT('Ctrl Pts',(9.35561280358295,4.0499999999999,-2.57485932915314));
#6629=CARTESIAN_POINT('Ctrl Pts',(9.93592770220951,5.4550038125845,-2.64952221079969));
#6630=CARTESIAN_POINT('Ctrl Pts',(10.8682489345341,5.84639335802576,-2.69929746523071));
#6631=CARTESIAN_POINT('Ctrl Pts',(11.3372928082164,5.84970513967621,-2.72418509244623));
#6632=CARTESIAN_POINT('',(11.3372928082164,5.51494488881902,-2.91729902961599));
#6633=CARTESIAN_POINT('Ctrl Pts',(11.3372928082164,5.84970513967621,-2.72418509244623));
#6634=CARTESIAN_POINT('Ctrl Pts',(11.3372928082164,5.79405899088,-2.75629076420079));
#6635=CARTESIAN_POINT('Ctrl Pts',(11.3372928093314,5.737992411862,-2.78863699637953));
#6636=CARTESIAN_POINT('Ctrl Pts',(11.3372928119153,5.68232551893987,-2.82074995971878));
#6637=CARTESIAN_POINT('Ctrl Pts',(11.3372928144966,5.62671449565976,-2.85283069313334));
#6638=CARTESIAN_POINT('Ctrl Pts',(11.3372928185862,5.57058398140967,-2.88520841662007));
#6639=CARTESIAN_POINT('Ctrl Pts',(11.3372928246636,5.51494479544546,-2.91729902961599));
#6640=CARTESIAN_POINT('',(11.3372928082166,2.58505511118098,-2.61895563391275));
#6641=CARTESIAN_POINT('Ctrl Pts',(11.3372928246637,2.58505520455454,-2.61895563391275));
#6642=CARTESIAN_POINT('Ctrl Pts',(11.3372928185866,2.52941846184661,-2.58680351756776));
#6643=CARTESIAN_POINT('Ctrl Pts',(11.3372928144969,2.47328839314367,-2.55436975269164));
#6644=CARTESIAN_POINT('Ctrl Pts',(11.3372928119155,2.41767448143813,-2.52223670126411));
#6645=CARTESIAN_POINT('Ctrl Pts',(11.3372928093317,2.36200939747981,-2.49007408312243));
#6646=CARTESIAN_POINT('Ctrl Pts',(11.3372928082166,2.30594311249881,-2.45768214562087));
#6647=CARTESIAN_POINT('Ctrl Pts',(11.3372928082166,2.25029486032379,-2.42553356586006));
#6648=CARTESIAN_POINT('Ctrl Pts',(11.3372928246635,5.51494479544546,-2.91729902961599));
#6649=CARTESIAN_POINT('Ctrl Pts',(10.9562881693891,5.51160980617508,-2.89246275754763));
#6650=CARTESIAN_POINT('Ctrl Pts',(10.5778440909791,5.35241408370908,-2.86762648547927));
#6651=CARTESIAN_POINT('Ctrl Pts',(10.3099406476795,5.0827111592618,-2.84279021341091));
#6652=CARTESIAN_POINT('Ctrl Pts',(10.041483247622,4.81245055718339,-2.8179025861954));
#6653=CARTESIAN_POINT('Ctrl Pts',(9.88402409561235,4.43122527859166,-2.79301495897989));
#6654=CARTESIAN_POINT('Ctrl Pts',(9.88402409561237,4.04999999999993,-2.76812733176437));
#6655=CARTESIAN_POINT('Ctrl Pts',(9.88402409561239,3.6687747214082,-2.74323970454886));
#6656=CARTESIAN_POINT('Ctrl Pts',(10.041483247622,3.28754944281647,-2.71835207733334));
#6657=CARTESIAN_POINT('Ctrl Pts',(10.3099406476796,3.0172888407381,-2.69346445011783));
#6658=CARTESIAN_POINT('Ctrl Pts',(10.5778440909792,2.74758591629083,-2.66862817804947));
#6659=CARTESIAN_POINT('Ctrl Pts',(10.9562881693892,2.58839019382487,-2.64379190598111));
#6660=CARTESIAN_POINT('Ctrl Pts',(11.3372928246637,2.58505520455454,-2.61895563391275));
#6661=CARTESIAN_POINT('Ctrl Pts',(11.3396563211764,2.5850365163908,-3.21880156847129));
#6662=CARTESIAN_POINT('Ctrl Pts',(10.9578536958426,2.5877323130947,-3.2436891956868));
#6663=CARTESIAN_POINT('Ctrl Pts',(10.1989421363827,2.90633077927545,-3.29346445011783));
#6664=CARTESIAN_POINT('Ctrl Pts',(9.72656534694996,4.04999999999992,-3.36812733176437));
#6665=CARTESIAN_POINT('Ctrl Pts',(10.1989421363826,5.19366922072443,-3.44279021341091));
#6666=CARTESIAN_POINT('Ctrl Pts',(10.9578536958425,5.51226768690526,-3.49256546784194));
#6667=CARTESIAN_POINT('Ctrl Pts',(11.3396563211763,5.5149634836092,-3.51745309505745));
#6668=CARTESIAN_POINT('Ctrl Pts',(11.3388684835232,2.47345596436847,-3.15437890093421));
#6669=CARTESIAN_POINT('Ctrl Pts',(10.9279854420732,2.47635708938787,-3.17926652814972));
#6670=CARTESIAN_POINT('Ctrl Pts',(10.1112705505247,2.81922195751492,-3.22904178258076));
#6671=CARTESIAN_POINT('Ctrl Pts',(9.6029146643314,4.04999999999991,-3.30370466422729));
#6672=CARTESIAN_POINT('Ctrl Pts',(10.1112705505246,5.28077804248495,-3.37836754587384));
#6673=CARTESIAN_POINT('Ctrl Pts',(10.927985442073,5.62364291061209,-3.42814280030486));
#6674=CARTESIAN_POINT('Ctrl Pts',(11.338868483523,5.62654403563153,-3.45303042752038));
#6675=CARTESIAN_POINT('Ctrl Pts',(11.3380806458699,2.36187541234613,-3.08995623339714));
#6676=CARTESIAN_POINT('Ctrl Pts',(10.8981171883037,2.36498186568103,-3.11484386061265));
#6677=CARTESIAN_POINT('Ctrl Pts',(10.0235989646667,2.73211313575439,-3.16461911504368));
#6678=CARTESIAN_POINT('Ctrl Pts',(9.47926398171287,4.04999999999991,-3.23928199669022));
#6679=CARTESIAN_POINT('Ctrl Pts',(10.0235989646666,5.36788686424548,-3.31394487833676));
#6680=CARTESIAN_POINT('Ctrl Pts',(10.8981171883035,5.73501813431892,-3.36372013276779));
#6681=CARTESIAN_POINT('Ctrl Pts',(11.3380806458697,5.73812458765387,-3.3886077599833));
#6682=CARTESIAN_POINT('Ctrl Pts',(11.3372928082166,2.25029486032379,-3.02553356586006));
#6683=CARTESIAN_POINT('Ctrl Pts',(10.8682489345343,2.25360664197419,-3.05042119307557));
#6684=CARTESIAN_POINT('Ctrl Pts',(9.93592737880871,2.64500431399386,-3.1001964475066));
#6685=CARTESIAN_POINT('Ctrl Pts',(9.35561329909432,4.0499999999999,-3.17485932915314));
#6686=CARTESIAN_POINT('Ctrl Pts',(9.93592737880857,5.454995686006,-3.24952221079969));
#6687=CARTESIAN_POINT('Ctrl Pts',(10.8682489345341,5.84639335802576,-3.29929746523071));
#6688=CARTESIAN_POINT('Ctrl Pts',(11.3372928082164,5.84970513967621,-3.32418509244623));
#6689=CARTESIAN_POINT('',(11.3372928082164,5.51494488881902,-3.51729902961599));
#6690=CARTESIAN_POINT('Ctrl Pts',(11.3372928082164,5.84970513967621,-3.32418509244623));
#6691=CARTESIAN_POINT('Ctrl Pts',(11.3372928082164,5.79405899090802,-3.35629076418463));
#6692=CARTESIAN_POINT('Ctrl Pts',(11.3372928093313,5.73799241186982,-3.38863699637338));
#6693=CARTESIAN_POINT('Ctrl Pts',(11.3372928119149,5.68232551893039,-3.42074995971878));
#6694=CARTESIAN_POINT('Ctrl Pts',(11.337292814496,5.62671449564376,-3.45283069313329));
#6695=CARTESIAN_POINT('Ctrl Pts',(11.3372928185851,5.57058398138317,-3.48520841662003));
#6696=CARTESIAN_POINT('Ctrl Pts',(11.3372928246619,5.51494479540326,-3.51729902961599));
#6697=CARTESIAN_POINT('',(11.3372928082166,2.58505511118098,-3.21895563391275));
#6698=CARTESIAN_POINT('Ctrl Pts',(11.337292824662,2.58505520459674,-3.21895563391275));
#6699=CARTESIAN_POINT('Ctrl Pts',(11.3372928185855,2.52941846187505,-3.18680351756883));
#6700=CARTESIAN_POINT('Ctrl Pts',(11.3372928144963,2.47328839316445,-3.15436975269435));
#6701=CARTESIAN_POINT('Ctrl Pts',(11.3372928119151,2.4176744814476,-3.12223670126411));
#6702=CARTESIAN_POINT('Ctrl Pts',(11.3372928093316,2.36200939748205,-3.09007408312208));
#6703=CARTESIAN_POINT('Ctrl Pts',(11.3372928082166,2.30594311249751,-3.05768214562012));
#6704=CARTESIAN_POINT('Ctrl Pts',(11.3372928082166,2.25029486032379,-3.02553356586006));
#6705=CARTESIAN_POINT('Ctrl Pts',(11.3372928246619,5.51494479540326,-3.51729902961599));
#6706=CARTESIAN_POINT('Ctrl Pts',(10.9562881688466,5.51160979253679,-3.49246275754763));
#6707=CARTESIAN_POINT('Ctrl Pts',(10.577843959448,5.35241077504623,-3.46762648547927));
#6708=CARTESIAN_POINT('Ctrl Pts',(10.3099405613421,5.08270730048222,-3.44279021341091));
#6709=CARTESIAN_POINT('Ctrl Pts',(10.0414832065717,4.81244614714959,-3.4179025861954));
#6710=CARTESIAN_POINT('Ctrl Pts',(9.88402427676083,4.43122307357475,-3.39301495897988));
#6711=CARTESIAN_POINT('Ctrl Pts',(9.88402427676085,4.04999999999993,-3.36812733176437));
#6712=CARTESIAN_POINT('Ctrl Pts',(9.88402427676087,3.6687769264251,-3.34323970454886));
#6713=CARTESIAN_POINT('Ctrl Pts',(10.0414832065718,3.28755385285028,-3.31835207733334));
#6714=CARTESIAN_POINT('Ctrl Pts',(10.3099405613422,3.01729269951768,-3.29346445011783));
#6715=CARTESIAN_POINT('Ctrl Pts',(10.5778439594482,2.74758922495369,-3.26862817804947));
#6716=CARTESIAN_POINT('Ctrl Pts',(10.9562881688468,2.58839020746317,-3.24379190598111));
#6717=CARTESIAN_POINT('Ctrl Pts',(11.3372928246621,2.58505520459674,-3.21895563391275));
#6718=CARTESIAN_POINT('Ctrl Pts',(11.3396563211765,2.5850365163908,-3.81880156847129));
#6719=CARTESIAN_POINT('Ctrl Pts',(10.9578536958426,2.5877323130947,-3.8436891956868));
#6720=CARTESIAN_POINT('Ctrl Pts',(10.1989418836021,2.90633723249114,-3.89346445011783));
#6721=CARTESIAN_POINT('Ctrl Pts',(9.72656573684667,4.04999999999992,-3.96812733176437));
#6722=CARTESIAN_POINT('Ctrl Pts',(10.198941883602,5.19366276750873,-4.04279021341091));
#6723=CARTESIAN_POINT('Ctrl Pts',(10.9578536958425,5.51226768690526,-4.09256546784194));
#6724=CARTESIAN_POINT('Ctrl Pts',(11.3396563211763,5.5149634836092,-4.11745309505745));
#6725=CARTESIAN_POINT('Ctrl Pts',(11.3388684835232,2.47345596436847,-3.75437890093421));
#6726=CARTESIAN_POINT('Ctrl Pts',(10.9279854420732,2.47635708938786,-3.77926652814972));
#6727=CARTESIAN_POINT('Ctrl Pts',(10.1112702784908,2.81922890224687,-3.82904178258075));
#6728=CARTESIAN_POINT('Ctrl Pts',(9.60291508392504,4.04999999999991,-3.90370466422729));
#6729=CARTESIAN_POINT('Ctrl Pts',(10.1112702784907,5.280771097753,-3.97836754587383));
#6730=CARTESIAN_POINT('Ctrl Pts',(10.927985442073,5.62364291061209,-4.02814280030486));
#6731=CARTESIAN_POINT('Ctrl Pts',(11.338868483523,5.62654403563153,-4.05303042752038));
#6732=CARTESIAN_POINT('Ctrl Pts',(11.3380806458699,2.36187541234613,-3.68995623339714));
#6733=CARTESIAN_POINT('Ctrl Pts',(10.8981171883037,2.36498186568103,-3.71484386061265));
#6734=CARTESIAN_POINT('Ctrl Pts',(10.0235986733795,2.73212057200259,-3.76461911504368));
#6735=CARTESIAN_POINT('Ctrl Pts',(9.47926443100341,4.0499999999999,-3.83928199669022));
#6736=CARTESIAN_POINT('Ctrl Pts',(10.0235986733793,5.36787942799727,-3.91394487833676));
#6737=CARTESIAN_POINT('Ctrl Pts',(10.8981171883035,5.73501813431892,-3.96372013276779));
#6738=CARTESIAN_POINT('Ctrl Pts',(11.3380806458697,5.73812458765387,-3.9886077599833));
#6739=CARTESIAN_POINT('Ctrl Pts',(11.3372928082166,2.25029486032379,-3.62553356586006));
#6740=CARTESIAN_POINT('Ctrl Pts',(10.8682489345343,2.25360664197419,-3.65042119307557));
#6741=CARTESIAN_POINT('Ctrl Pts',(9.93592706826817,2.64501224175832,-3.7001964475066));
#6742=CARTESIAN_POINT('Ctrl Pts',(9.35561377808177,4.0499999999999,-3.77485932915314));
#6743=CARTESIAN_POINT('Ctrl Pts',(9.93592706826802,5.45498775824153,-3.84952221079968));
#6744=CARTESIAN_POINT('Ctrl Pts',(10.8682489345341,5.84639335802576,-3.89929746523071));
#6745=CARTESIAN_POINT('Ctrl Pts',(11.3372928082164,5.84970513967621,-3.92418509244623));
#6746=CARTESIAN_POINT('',(11.3372928082164,5.51494488881902,-4.11729902961599));
#6747=CARTESIAN_POINT('Ctrl Pts',(11.3372928082164,5.84970513967621,-3.92418509244623));
#6748=CARTESIAN_POINT('Ctrl Pts',(11.3372928082164,5.79405899090811,-3.95629076418457));
#6749=CARTESIAN_POINT('Ctrl Pts',(11.3372928093312,5.73799241186705,-3.98863699637337));
#6750=CARTESIAN_POINT('Ctrl Pts',(11.3372928119146,5.68232551892115,-4.02074995971878));
#6751=CARTESIAN_POINT('Ctrl Pts',(11.3372928144954,5.62671449560766,-4.05283069314506));
#6752=CARTESIAN_POINT('Ctrl Pts',(11.3372928185841,5.57058398134968,-4.08520841662438));
#6753=CARTESIAN_POINT('Ctrl Pts',(11.3372928246603,5.5149447953621,-4.11729902961599));
#6754=CARTESIAN_POINT('',(11.3372928082166,2.58505511118098,-3.81895563391275));
#6755=CARTESIAN_POINT('Ctrl Pts',(11.3372928246604,2.5850552046379,-3.81895563391275));
#6756=CARTESIAN_POINT('Ctrl Pts',(11.3372928185845,2.52941846190187,-3.78680351756935));
#6757=CARTESIAN_POINT('Ctrl Pts',(11.3372928144956,2.47328839318249,-3.7543697526957));
#6758=CARTESIAN_POINT('Ctrl Pts',(11.3372928119147,2.41767448145684,-3.72223670126411));
#6759=CARTESIAN_POINT('Ctrl Pts',(11.3372928093315,2.36200939749423,-3.69007408312751));
#6760=CARTESIAN_POINT('Ctrl Pts',(11.3372928082166,2.30594311252199,-3.65768214563427));
#6761=CARTESIAN_POINT('Ctrl Pts',(11.3372928082166,2.25029486032379,-3.62553356586006));
#6762=CARTESIAN_POINT('Ctrl Pts',(11.3372928246603,5.5149447953621,-4.11729902961599));
#6763=CARTESIAN_POINT('Ctrl Pts',(10.9562881683257,5.51160977923215,-4.09246275754763));
#6764=CARTESIAN_POINT('Ctrl Pts',(10.5778438331484,5.3524075473287,-4.06762648547927));
#6765=CARTESIAN_POINT('Ctrl Pts',(10.3099404788695,5.08270353610639,-4.04279021341091));
#6766=CARTESIAN_POINT('Ctrl Pts',(10.0414831680169,4.81244184500579,-4.0179025861954));
#6767=CARTESIAN_POINT('Ctrl Pts',(9.88402445243177,4.43122092250286,-3.99301495897988));
#6768=CARTESIAN_POINT('Ctrl Pts',(9.88402445243179,4.04999999999993,-3.96812733176437));
#6769=CARTESIAN_POINT('Ctrl Pts',(9.88402445243181,3.66877907749699,-3.94323970454886));
#6770=CARTESIAN_POINT('Ctrl Pts',(10.041483168017,3.28755815499407,-3.91835207733334));
#6771=CARTESIAN_POINT('Ctrl Pts',(10.3099404788697,3.01729646389349,-3.89346445011783));
#6772=CARTESIAN_POINT('Ctrl Pts',(10.5778438331485,2.7475924526712,-3.86862817804947));
#6773=CARTESIAN_POINT('Ctrl Pts',(10.9562881683259,2.5883902207678,-3.84379190598111));
#6774=CARTESIAN_POINT('Ctrl Pts',(11.3372928246605,2.5850552046379,-3.81895563391275));
#6775=CARTESIAN_POINT('Ctrl Pts',(11.3396563211764,2.5850365163908,-4.41880156847129));
#6776=CARTESIAN_POINT('Ctrl Pts',(10.8718111536284,2.58833983432768,-4.44929783893128));
#6777=CARTESIAN_POINT('Ctrl Pts',(9.94564652882696,3.07587224356245,-4.51029037985126));
#6778=CARTESIAN_POINT('Ctrl Pts',(9.74636229074522,4.64116804321098,-4.60177919123125));
#6779=CARTESIAN_POINT('Ctrl Pts',(10.5208221859724,5.3452139458143,-4.66277173215123));
#6780=CARTESIAN_POINT('Ctrl Pts',(10.9729150682449,5.46563835574034,-4.69326800261123));
#6781=CARTESIAN_POINT('Ctrl Pts',(11.3388684835232,2.47345596436847,-4.35437890093421));
#6782=CARTESIAN_POINT('Ctrl Pts',(10.8353893751704,2.47701088314251,-4.3848751713942));
#6783=CARTESIAN_POINT('Ctrl Pts',(9.83868240494182,3.00167673355848,-4.44586771231419));
#6784=CARTESIAN_POINT('Ctrl Pts',(9.62421946408468,4.68619500622915,-4.53735652369417));
#6785=CARTESIAN_POINT('Ctrl Pts',(10.4576669474637,5.44386533793292,-4.59834906461416));
#6786=CARTESIAN_POINT('Ctrl Pts',(10.9441939804394,5.57346200524753,-4.62884533507415));
#6787=CARTESIAN_POINT('Ctrl Pts',(11.3380806458699,2.36187541234613,-4.28995623339714));
#6788=CARTESIAN_POINT('Ctrl Pts',(10.7989675967124,2.36568193195734,-4.32045250385713));
#6789=CARTESIAN_POINT('Ctrl Pts',(9.73171828105668,2.9274812235545,-4.38144504477712));
#6790=CARTESIAN_POINT('Ctrl Pts',(9.50207663742415,4.73122196924732,-4.47293385615709));
#6791=CARTESIAN_POINT('Ctrl Pts',(10.394511708955,5.54251673005154,-4.53392639707708));
#6792=CARTESIAN_POINT('Ctrl Pts',(10.9154728926339,5.68128565475471,-4.56442266753708));
#6793=CARTESIAN_POINT('Ctrl Pts',(11.3372928082166,2.25029486032379,-4.22553356586006));
#6794=CARTESIAN_POINT('Ctrl Pts',(10.7625458182544,2.25435298077218,-4.25602983632005));
#6795=CARTESIAN_POINT('Ctrl Pts',(9.62475415717155,2.85328571355053,-4.31702237724004));
#6796=CARTESIAN_POINT('Ctrl Pts',(9.37993381076362,4.7762489322655,-4.40851118862002));
#6797=CARTESIAN_POINT('Ctrl Pts',(10.3313564704463,5.64116812217016,-4.46950372954001));
#6798=CARTESIAN_POINT('Ctrl Pts',(10.8867518048285,5.7891093042619,-4.5));
#6799=CARTESIAN_POINT('',(11.3372928082166,2.58505511118098,-4.41895563391275));
#6800=CARTESIAN_POINT('',(11.3372928082166,2.25029486032379,-4.22553356586006));
#6801=CARTESIAN_POINT('Ctrl Pts',(11.3372928351729,2.58505524979128,-4.41895563391275));
#6802=CARTESIAN_POINT('Ctrl Pts',(11.3372928252096,2.52941849034771,-4.38680351756879));
#6803=CARTESIAN_POINT('Ctrl Pts',(11.3372928185072,2.47328841040261,-4.35436975269427));
#6804=CARTESIAN_POINT('Ctrl Pts',(11.3372928142771,2.417674491598,-4.32223670126411));
#6805=CARTESIAN_POINT('Ctrl Pts',(11.3372928100431,2.36200940053808,-4.29007408312212));
#6806=CARTESIAN_POINT('Ctrl Pts',(11.3372928082166,2.3059431124975,-4.25768214562012));
#6807=CARTESIAN_POINT('Ctrl Pts',(11.3372928082166,2.25029486032379,-4.22553356586006));
#6808=CARTESIAN_POINT('',(10.2422796555247,3.09126091222092,-4.5));
#6809=CARTESIAN_POINT('Ctrl Pts',(10.2405619042774,3.09113469061706,-4.5));
#6810=CARTESIAN_POINT('Ctrl Pts',(10.5124443931865,2.78090175753337,-4.47298521130425));
#6811=CARTESIAN_POINT('Ctrl Pts',(10.9228719903622,2.58869861757848,-4.4459704226085));
#6812=CARTESIAN_POINT('Ctrl Pts',(11.3372928351729,2.58505524979128,-4.41895563391275));
#6813=CARTESIAN_POINT('',(10.8867518048285,5.7891093042619,-4.5));
#6814=CARTESIAN_POINT('Ctrl Pts',(10.8867518048285,5.7891093042619,-4.5));
#6815=CARTESIAN_POINT('Ctrl Pts',(10.8217126808999,5.76522288301071,-4.5));
#6816=CARTESIAN_POINT('Ctrl Pts',(10.7583839359393,5.73737737124953,-4.5));
#6817=CARTESIAN_POINT('Ctrl Pts',(10.6969834309082,5.70588822036904,-4.5));
#6818=CARTESIAN_POINT('Ctrl Pts',(10.6366016078863,5.67492149892908,-4.5));
#6819=CARTESIAN_POINT('Ctrl Pts',(10.5780839487373,5.64042995683446,-4.5));
#6820=CARTESIAN_POINT('Ctrl Pts',(10.5216696292131,5.60266876707533,-4.5));
#6821=CARTESIAN_POINT('Ctrl Pts',(10.4785261104602,5.57379045014717,-4.5));
#6822=CARTESIAN_POINT('Ctrl Pts',(10.4366133145904,5.54299884421393,-4.5));
#6823=CARTESIAN_POINT('Ctrl Pts',(10.3960545552848,5.51039558167308,-4.5));
#6824=CARTESIAN_POINT('Ctrl Pts',(10.376917600437,5.49501229150795,-4.5));
#6825=CARTESIAN_POINT('Ctrl Pts',(10.3580823141147,5.47922554928505,-4.5));
#6826=CARTESIAN_POINT('Ctrl Pts',(10.3395629374137,5.46304544467357,-4.5));
#6827=CARTESIAN_POINT('Ctrl Pts',(10.3294267176498,5.45418957987892,-4.5));
#6828=CARTESIAN_POINT('Ctrl Pts',(10.3193851503185,5.44521586962377,-4.5));
#6829=CARTESIAN_POINT('Ctrl Pts',(10.3094406847203,5.43612593285468,-4.5));
#6830=CARTESIAN_POINT('Ctrl Pts',(10.3016503620927,5.42900503335572,-4.5));
#6831=CARTESIAN_POINT('Ctrl Pts',(10.2939224916457,5.4218153576869,-4.5));
#6832=CARTESIAN_POINT('Ctrl Pts',(10.2862638391837,5.41456340461588,-4.5));
#6833=CARTESIAN_POINT('Ctrl Pts',(10.2381318282803,5.36898736026356,-4.5));
#6834=CARTESIAN_POINT('Ctrl Pts',(10.192659888368,5.32089000603701,-4.5));
#6835=CARTESIAN_POINT('Ctrl Pts',(10.1500680378778,5.27051445217378,-4.5));
#6836=CARTESIAN_POINT('Ctrl Pts',(10.1083126932439,5.22112827645068,-4.5));
#6837=CARTESIAN_POINT('Ctrl Pts',(10.0693249844636,5.1695516129545,-4.5));
#6838=CARTESIAN_POINT('Ctrl Pts',(10.0333553935081,5.11599037085841,-4.5));
#6839=CARTESIAN_POINT('Ctrl Pts',(10.00774654025,5.07785699339362,-4.5));
#6840=CARTESIAN_POINT('Ctrl Pts',(9.9836683996007,5.0387171653265,-4.5));
#6841=CARTESIAN_POINT('Ctrl Pts',(9.96122694385597,4.99864145112145,-4.5));
#6842=CARTESIAN_POINT('Ctrl Pts',(9.94694552804896,4.97313784989185,-4.5));
#6843=CARTESIAN_POINT('Ctrl Pts',(9.93332721606059,4.94725517678257,-4.5));
#6844=CARTESIAN_POINT('Ctrl Pts',(9.92040237523315,4.92101141074676,-4.5));
#6845=CARTESIAN_POINT('Ctrl Pts',(9.91453893660775,4.90910575453754,-4.5));
#6846=CARTESIAN_POINT('Ctrl Pts',(9.90881740035764,4.89712363721754,-4.5));
#6847=CARTESIAN_POINT('Ctrl Pts',(9.90324995692454,4.88508751633318,-4.5));
#6848=CARTESIAN_POINT('Ctrl Pts',(9.87699766760392,4.82833332896669,-4.5));
#6849=CARTESIAN_POINT('Ctrl Pts',(9.85411818354789,4.77028245885109,-4.5));
#6850=CARTESIAN_POINT('Ctrl Pts',(9.83483543549664,4.71112864689223,-4.5));
#6851=CARTESIAN_POINT('Ctrl Pts',(9.82472746064483,4.68012034651514,-4.5));
#6852=CARTESIAN_POINT('Ctrl Pts',(9.81560861109817,4.64880873485572,-4.5));
#6853=CARTESIAN_POINT('Ctrl Pts',(9.807516830979,4.61722072350821,-4.5));
#6854=CARTESIAN_POINT('Ctrl Pts',(9.7920571697473,4.55687059693239,-4.5));
#6855=CARTESIAN_POINT('Ctrl Pts',(9.78034377159399,4.4955108423683,-4.5));
#6856=CARTESIAN_POINT('Ctrl Pts',(9.77232156141482,4.43347639310382,-4.5));
#6857=CARTESIAN_POINT('Ctrl Pts',(9.76881184446143,4.40633632155061,-4.5));
#6858=CARTESIAN_POINT('Ctrl Pts',(9.76600925410803,4.37906722045208,-4.5));
#6859=CARTESIAN_POINT('Ctrl Pts',(9.76391191674492,4.35169800307758,-4.5));
#6860=CARTESIAN_POINT('Ctrl Pts',(9.76288160395771,4.33825292975122,-4.5));
#6861=CARTESIAN_POINT('Ctrl Pts',(9.7620215105398,4.32478370699524,-4.5));
#6862=CARTESIAN_POINT('Ctrl Pts',(9.76133155315953,4.31129383638567,-4.5));
#6863=CARTESIAN_POINT('Ctrl Pts',(9.76067894638431,4.29853423527369,-4.5));
#6864=CARTESIAN_POINT('Ctrl Pts',(9.76017863292749,4.28575434089253,-4.5));
#6865=CARTESIAN_POINT('Ctrl Pts',(9.75983081814739,4.27297872067336,-4.5));
#6866=CARTESIAN_POINT('Ctrl Pts',(9.75813374271321,4.21064326953522,-4.5));
#6867=CARTESIAN_POINT('Ctrl Pts',(9.7600557402974,4.14829454321425,-4.5));
#6868=CARTESIAN_POINT('Ctrl Pts',(9.76550384910727,4.08626432238611,-4.5));
#6869=CARTESIAN_POINT('Ctrl Pts',(9.77093925423669,4.02437874112583,-4.5));
#6870=CARTESIAN_POINT('Ctrl Pts',(9.77988476203561,3.9628090820589,-4.5));
#6871=CARTESIAN_POINT('Ctrl Pts',(9.79229708576168,3.90190020612086,-4.5));
#6872=CARTESIAN_POINT('Ctrl Pts',(9.80444849157208,3.84227168810025,-4.5));
#6873=CARTESIAN_POINT('Ctrl Pts',(9.81992298940352,3.7832755761581,-4.5));
#6874=CARTESIAN_POINT('Ctrl Pts',(9.83872007521775,3.72526473388072,-4.5));
#6875=CARTESIAN_POINT('Ctrl Pts',(9.8425906096159,3.71331963969328,-4.5));
#6876=CARTESIAN_POINT('Ctrl Pts',(9.84660286230923,3.70141440699759,-4.5));
#6877=CARTESIAN_POINT('Ctrl Pts',(9.85075472120599,3.68955885281052,-4.5));
#6878=CARTESIAN_POINT('Ctrl Pts',(9.87057583474251,3.63296003974305,-4.5));
#6879=CARTESIAN_POINT('Ctrl Pts',(9.89352187579937,3.57764050604257,-4.5));
#6880=CARTESIAN_POINT('Ctrl Pts',(9.91955921871977,3.52392530458157,-4.5));
#6881=CARTESIAN_POINT('Ctrl Pts',(9.9421042390486,3.47741478649191,-4.5));
#6882=CARTESIAN_POINT('Ctrl Pts',(9.96696772965307,3.43210711155758,-4.5));
#6883=CARTESIAN_POINT('Ctrl Pts',(9.99415060851062,3.38823604255681,-4.5));
#6884=CARTESIAN_POINT('Ctrl Pts',(10.0042140038563,3.37199449897687,-4.5));
#6885=CARTESIAN_POINT('Ctrl Pts',(10.0145989468602,3.35594532582291,-4.5));
#6886=CARTESIAN_POINT('Ctrl Pts',(10.0252872109676,3.34012824322988,-4.5));
#6887=CARTESIAN_POINT('Ctrl Pts',(10.0572317415161,3.29285496545495,-4.5));
#6888=CARTESIAN_POINT('Ctrl Pts',(10.0919057770383,3.24761172137335,-4.5));
#6889=CARTESIAN_POINT('Ctrl Pts',(10.129300905843,3.20471145020599,-4.5));
#6890=CARTESIAN_POINT('Ctrl Pts',(10.1641034227096,3.16478546362401,-4.5));
#6891=CARTESIAN_POINT('Ctrl Pts',(10.2012640585581,3.12688920151875,-4.5));
#6892=CARTESIAN_POINT('Ctrl Pts',(10.2405619042774,3.09113469061707,-4.5));
#6893=CARTESIAN_POINT('Ctrl Pts',(11.3372928082166,2.25029486032379,-4.22553356586006));
#6894=CARTESIAN_POINT('Ctrl Pts',(10.7625458182544,2.25435298077218,-4.25602983632005));
#6895=CARTESIAN_POINT('Ctrl Pts',(9.62475415717155,2.85328571355053,-4.31702237724004));
#6896=CARTESIAN_POINT('Ctrl Pts',(9.37993381076362,4.7762489322655,-4.40851118862002));
#6897=CARTESIAN_POINT('Ctrl Pts',(10.3313564704463,5.64116812217016,-4.46950372954001));
#6898=CARTESIAN_POINT('Ctrl Pts',(10.8867518048285,5.7891093042619,-4.5));
#6899=CARTESIAN_POINT('Ctrl Pts',(10.8867518048284,2.31089069573811,0.));
#6900=CARTESIAN_POINT('Ctrl Pts',(10.3261651743767,2.4602146882886,-0.0307813199718916));
#6901=CARTESIAN_POINT('Ctrl Pts',(9.36861417033551,3.33906062796363,-0.0923439599156744));
#6902=CARTESIAN_POINT('Ctrl Pts',(9.63988474354467,5.28051675522031,-0.18468791983135));
#6903=CARTESIAN_POINT('Ctrl Pts',(11.3920417517403,6.15489746826462,-0.277031879747024));
#6904=CARTESIAN_POINT('Ctrl Pts',(13.1066145886582,5.21119834496106,-0.3693758396627));
#6905=CARTESIAN_POINT('Ctrl Pts',(13.3032247129793,3.26285465203988,-0.461719799578373));
#6906=CARTESIAN_POINT('Ctrl Pts',(11.8109630017173,1.99538901185705,-0.554063759494049));
#6907=CARTESIAN_POINT('Ctrl Pts',(9.92036978725921,2.50393500107437,-0.646407719409723));
#6908=CARTESIAN_POINT('Ctrl Pts',(9.26558148461866,4.34912926672885,-0.738751679325398));
#6909=CARTESIAN_POINT('Ctrl Pts',(10.4128551845986,5.93571448555993,-0.831095639241073));
#6910=CARTESIAN_POINT('Ctrl Pts',(12.3701635105658,5.8920585260138,-0.923439599156747));
#6911=CARTESIAN_POINT('Ctrl Pts',(13.4457607154502,4.25608639398114,-1.01578355907242));
#6912=CARTESIAN_POINT('Ctrl Pts',(12.7091662540669,2.4416643685993,-1.1081275189881));
#6913=CARTESIAN_POINT('Ctrl Pts',(10.7983994884601,2.01822793196059,-1.20047147890377));
#6914=CARTESIAN_POINT('Ctrl Pts',(9.36285120559237,3.35006761460584,-1.29281543881944));
#6915=CARTESIAN_POINT('Ctrl Pts',(9.64851054684508,5.28945884865502,-1.38515939873512));
#6916=CARTESIAN_POINT('Ctrl Pts',(10.8145688207123,5.86355136120791,-1.4467220386789));
#6917=CARTESIAN_POINT('Ctrl Pts',(11.3945248872811,5.84919915432189,-1.4775033586508));
#6918=CARTESIAN_POINT('Ctrl Pts',(10.9154728926339,2.41871434524529,0.0644226675370757));
#6919=CARTESIAN_POINT('Ctrl Pts',(10.3896422698765,2.55878034705517,0.0336413475651842));
#6920=CARTESIAN_POINT('Ctrl Pts',(9.49145880736477,3.38313840817184,-0.0279212923785989));
#6921=CARTESIAN_POINT('Ctrl Pts',(9.74591078088289,5.2042255140646,-0.120265252294274));
#6922=CARTESIAN_POINT('Ctrl Pts',(11.3894351903855,6.02439518970712,-0.212609212209948));
#6923=CARTESIAN_POINT('Ctrl Pts',(12.9977056228661,5.13920480030658,-0.304953172125623));
#6924=CARTESIAN_POINT('Ctrl Pts',(13.1821260469294,3.31165715335574,-0.397297132041297));
#6925=CARTESIAN_POINT('Ctrl Pts',(11.7823835944247,2.12277356124462,-0.489641091956973));
#6926=CARTESIAN_POINT('Ctrl Pts',(10.0090059337082,2.5997900287894,-0.581985051872648));
#6927=CARTESIAN_POINT('Ctrl Pts',(9.39481408137264,4.33058344609867,-0.674329011788322));
#6928=CARTESIAN_POINT('Ctrl Pts',(10.4709575556605,5.81880140984735,-0.766672971703997));
#6929=CARTESIAN_POINT('Ctrl Pts',(12.3069140342196,5.77785209149362,-0.859016931619672));
#6930=CARTESIAN_POINT('Ctrl Pts',(13.3158249096444,4.24330917114738,-0.951360891535346));
#6931=CARTESIAN_POINT('Ctrl Pts',(12.6248988273782,2.54138013516158,-1.04370485145102));
#6932=CARTESIAN_POINT('Ctrl Pts',(10.8325983626071,2.1441964831068,-1.1360488113667));
#6933=CARTESIAN_POINT('Ctrl Pts',(9.48605314269992,3.39346296877738,-1.22839277128237));
#6934=CARTESIAN_POINT('Ctrl Pts',(9.75400178997026,5.21261320350296,-1.32073673119805));
#6935=CARTESIAN_POINT('Ctrl Pts',(10.8477652067412,5.75111235242626,-1.38229937114183));
#6936=CARTESIAN_POINT('Ctrl Pts',(11.3917643731324,5.73764997306352,-1.41308069111372));
#6937=CARTESIAN_POINT('Ctrl Pts',(10.9441939804394,2.52653799475248,0.128845335074151));
#6938=CARTESIAN_POINT('Ctrl Pts',(10.4531193653763,2.65734600582173,0.0980640151022598));
#6939=CARTESIAN_POINT('Ctrl Pts',(9.61430344439402,3.42721618838005,0.0365013751584769));
#6940=CARTESIAN_POINT('Ctrl Pts',(9.85193681822111,5.12793427290888,-0.0558425847571982));
#6941=CARTESIAN_POINT('Ctrl Pts',(11.3868286290307,5.89389291114963,-0.148186544672872));
#6942=CARTESIAN_POINT('Ctrl Pts',(12.8887966570739,5.0672112556521,-0.240530504588548));
#6943=CARTESIAN_POINT('Ctrl Pts',(13.0610273808795,3.3604596546716,-0.332874464504222));
#6944=CARTESIAN_POINT('Ctrl Pts',(11.753804187132,2.25015811063219,-0.425218424419897));
#6945=CARTESIAN_POINT('Ctrl Pts',(10.0976420801573,2.69564505650443,-0.517562384335572));
#6946=CARTESIAN_POINT('Ctrl Pts',(9.52404667812661,4.3120376254685,-0.609906344251246));
#6947=CARTESIAN_POINT('Ctrl Pts',(10.5290599267223,5.70188833413476,-0.702250304166922));
#6948=CARTESIAN_POINT('Ctrl Pts',(12.2436645578735,5.66364565697343,-0.794594264082595));
#6949=CARTESIAN_POINT('Ctrl Pts',(13.1858891038386,4.23053194831362,-0.886938223998271));
#6950=CARTESIAN_POINT('Ctrl Pts',(12.5406314006895,2.64109590172385,-0.979282183913946));
#6951=CARTESIAN_POINT('Ctrl Pts',(10.866797236754,2.27016503425302,-1.07162614382962));
#6952=CARTESIAN_POINT('Ctrl Pts',(9.60925507980747,3.43685832294892,-1.16397010374529));
#6953=CARTESIAN_POINT('Ctrl Pts',(9.85949303309543,5.13576755835089,-1.25631406366097));
#6954=CARTESIAN_POINT('Ctrl Pts',(10.8809615927701,5.63867334364461,-1.31787670360475));
#6955=CARTESIAN_POINT('Ctrl Pts',(11.3890038589837,5.62610079180515,-1.34865802357664));
#6956=CARTESIAN_POINT('Ctrl Pts',(10.9729150682449,2.63436164425966,0.193268002611227));
#6957=CARTESIAN_POINT('Ctrl Pts',(10.5165964608761,2.7559116645883,0.162486682639336));
#6958=CARTESIAN_POINT('Ctrl Pts',(9.73714808142327,3.47129396858826,0.100924042695553));
#6959=CARTESIAN_POINT('Ctrl Pts',(9.95796285555934,5.05164303175316,0.00858008277987758));
#6960=CARTESIAN_POINT('Ctrl Pts',(11.3842220676758,5.76339063259212,-0.0837638771357968));
#6961=CARTESIAN_POINT('Ctrl Pts',(12.7798876912817,4.99521771099762,-0.176107837051472));
#6962=CARTESIAN_POINT('Ctrl Pts',(12.9399287148297,3.40926215598745,-0.268451796967146));
#6963=CARTESIAN_POINT('Ctrl Pts',(11.7252247798393,2.37754266001977,-0.360795756882822));
#6964=CARTESIAN_POINT('Ctrl Pts',(10.1862782266063,2.79150008421945,-0.453139716798496));
#6965=CARTESIAN_POINT('Ctrl Pts',(9.65327927488059,4.29349180483832,-0.545483676714171));
#6966=CARTESIAN_POINT('Ctrl Pts',(10.5871622977842,5.58497525842217,-0.637827636629845));
#6967=CARTESIAN_POINT('Ctrl Pts',(12.1804150815273,5.54943922245324,-0.73017159654552));
#6968=CARTESIAN_POINT('Ctrl Pts',(13.0559532980328,4.21775472547986,-0.822515556461195));
#6969=CARTESIAN_POINT('Ctrl Pts',(12.4563639740008,2.74081166828613,-0.91485951637687));
#6970=CARTESIAN_POINT('Ctrl Pts',(10.900996110901,2.39613358539923,-1.00720347629254));
#6971=CARTESIAN_POINT('Ctrl Pts',(9.73245701691503,3.48025367712046,-1.09954743620822));
#6972=CARTESIAN_POINT('Ctrl Pts',(9.96498427622061,5.05892191319884,-1.1918913961239));
#6973=CARTESIAN_POINT('Ctrl Pts',(10.914157978799,5.52623433486295,-1.25345403606768));
#6974=CARTESIAN_POINT('Ctrl Pts',(11.386243344835,5.51455161054678,-1.28423535603957));
#6975=CARTESIAN_POINT('',(11.8372928082166,2.57930995944312,-1.));
#6976=CARTESIAN_POINT('Ctrl Pts',(11.8374519915508,2.58127360565718,-1.));
#6977=CARTESIAN_POINT('Ctrl Pts',(11.8573501881992,2.58550547480954,-1.));
#6978=CARTESIAN_POINT('Ctrl Pts',(11.8771799822663,2.59011697526308,-1.));
#6979=CARTESIAN_POINT('Ctrl Pts',(11.896929158983,2.59510741953458,-1.));
#6980=CARTESIAN_POINT('Ctrl Pts',(11.9124808165615,2.59903718742251,-1.));
#6981=CARTESIAN_POINT('Ctrl Pts',(11.9279890798572,2.60320399398857,-1.));
#6982=CARTESIAN_POINT('Ctrl Pts',(11.9434126649107,2.60759724159634,-1.));
#6983=CARTESIAN_POINT('Ctrl Pts',(12.0037262822087,2.62477694748129,-1.));
#6984=CARTESIAN_POINT('Ctrl Pts',(12.0628235490814,2.64543218475871,-1.));
#6985=CARTESIAN_POINT('Ctrl Pts',(12.1203596593274,2.6694583380546,-1.));
#6986=CARTESIAN_POINT('Ctrl Pts',(12.1776723047443,2.69339117603572,-1.));
#6987=CARTESIAN_POINT('Ctrl Pts',(12.2334370635579,2.72066885433024,-1.));
#6988=CARTESIAN_POINT('Ctrl Pts',(12.2873145254048,2.75123875818794,-1.));
#6989=CARTESIAN_POINT('Ctrl Pts',(12.3232156161652,2.77160892514294,-1.));
#6990=CARTESIAN_POINT('Ctrl Pts',(12.3582787204238,2.79344194251102,-1.));
#6991=CARTESIAN_POINT('Ctrl Pts',(12.3923998510794,2.8167346633314,-1.));
#6992=CARTESIAN_POINT('Ctrl Pts',(12.4155459242457,2.83253528335754,-1.));
#6993=CARTESIAN_POINT('Ctrl Pts',(12.4382584644235,2.84900781434883,-1.));
#6994=CARTESIAN_POINT('Ctrl Pts',(12.4605272402551,2.86612570724173,-1.));
#6995=CARTESIAN_POINT('Ctrl Pts',(12.4694577587512,2.87299055065519,-1.));
#6996=CARTESIAN_POINT('Ctrl Pts',(12.4783174226519,2.87995976635957,-1.));
#6997=CARTESIAN_POINT('Ctrl Pts',(12.4870930027576,2.88702126170905,-1.));
#6998=CARTESIAN_POINT('Ctrl Pts',(12.5364981800744,2.9267764033248,-1.));
#6999=CARTESIAN_POINT('Ctrl Pts',(12.5833364827429,2.96952452861441,-1.));
#7000=CARTESIAN_POINT('Ctrl Pts',(12.6275324196103,3.01488450574794,-1.));
#7001=CARTESIAN_POINT('Ctrl Pts',(12.6718206846052,3.06033924276323,-1.));
#7002=CARTESIAN_POINT('Ctrl Pts',(12.7134561004889,3.1084175373994,-1.));
#7003=CARTESIAN_POINT('Ctrl Pts',(12.7523391749658,3.15878831026205,-1.));
#7004=CARTESIAN_POINT('Ctrl Pts',(12.7814305534283,3.19647450757302,-1.));
#7005=CARTESIAN_POINT('Ctrl Pts',(12.8089808321613,3.23544511241485,-1.));
#7006=CARTESIAN_POINT('Ctrl Pts',(12.8349368345418,3.27557658104767,-1.));
#7007=CARTESIAN_POINT('Ctrl Pts',(12.8480901705707,3.29591340659296,-1.));
#7008=CARTESIAN_POINT('Ctrl Pts',(12.8608339227445,3.31654852605228,-1.));
#7009=CARTESIAN_POINT('Ctrl Pts',(12.8731600121684,3.33746685897387,-1.));
#7010=CARTESIAN_POINT('Ctrl Pts',(12.8809897388871,3.35075451449498,-1.));
#7011=CARTESIAN_POINT('Ctrl Pts',(12.8886531234668,3.36416071029254,-1.));
#7012=CARTESIAN_POINT('Ctrl Pts',(12.8961337550948,3.37765531036328,-1.));
#7013=CARTESIAN_POINT('Ctrl Pts',(12.9280697053736,3.4352658034772,-1.));
#7014=CARTESIAN_POINT('Ctrl Pts',(12.9567267013509,3.49456349702525,-1.));
#7015=CARTESIAN_POINT('Ctrl Pts',(12.9820035501968,3.55520010762701,-1.));
#7016=CARTESIAN_POINT('Ctrl Pts',(13.0076030547171,3.61661073664385,-1.));
#7017=CARTESIAN_POINT('Ctrl Pts',(13.0297362510013,3.67939553450241,-1.));
#7018=CARTESIAN_POINT('Ctrl Pts',(13.0482604260776,3.74322946640549,-1.));
#7019=CARTESIAN_POINT('Ctrl Pts',(13.0595914470505,3.78227593504405,-1.));
#7020=CARTESIAN_POINT('Ctrl Pts',(13.0695713329194,3.82171561538504,-1.));
#7021=CARTESIAN_POINT('Ctrl Pts',(13.0781589178892,3.86147861488045,-0.999999999999999));
#7022=CARTESIAN_POINT('Ctrl Pts',(13.0816695717501,3.87773395653839,-0.999999999999999));
#7023=CARTESIAN_POINT('Ctrl Pts',(13.0849474599874,3.89404336181125,-0.999999999999999));
#7024=CARTESIAN_POINT('Ctrl Pts',(13.08798941886,3.91040215888819,-0.999999999999999));
#7025=CARTESIAN_POINT('Ctrl Pts',(13.0901125895038,3.92181997194094,-0.999999999999999));
#7026=CARTESIAN_POINT('Ctrl Pts',(13.092119151407,3.93325292593804,-0.999999999999999));
#7027=CARTESIAN_POINT('Ctrl Pts',(13.0940082659907,3.94469764725956,-0.999999999999999));
#7028=CARTESIAN_POINT('Ctrl Pts',(13.1050902509073,4.01183504070141,-0.999999999999999));
#7029=CARTESIAN_POINT('Ctrl Pts',(13.112137440828,4.07939306359782,-0.999999999999999));
#7030=CARTESIAN_POINT('Ctrl Pts',(13.1150155865483,4.14702932752663,-0.999999999999999));
#7031=CARTESIAN_POINT('Ctrl Pts',(13.1161023989452,4.17256935825037,-0.999999999999999));
#7032=CARTESIAN_POINT('Ctrl Pts',(13.1165943008349,4.19812081825217,-0.999999999999999));
#7033=CARTESIAN_POINT('Ctrl Pts',(13.1164823063777,4.2236660954807,-0.999999999999999));
#7034=CARTESIAN_POINT('Ctrl Pts',(13.1161924897039,4.28977157479299,-0.999999999999999));
#7035=CARTESIAN_POINT('Ctrl Pts',(13.1118625163566,4.35583527097026,-1.));
#7036=CARTESIAN_POINT('Ctrl Pts',(13.1036988379055,4.42159817505523,-1.));
#7037=CARTESIAN_POINT('Ctrl Pts',(13.0997231126699,4.45362482075142,-1.));
#7038=CARTESIAN_POINT('Ctrl Pts',(13.0948373372772,4.48558022642105,-1.));
#7039=CARTESIAN_POINT('Ctrl Pts',(13.0890609259682,4.51743457166091,-1.));
#7040=CARTESIAN_POINT('Ctrl Pts',(11.4623876190045,2.25376251971113,-1.16917361184179));
#7041=CARTESIAN_POINT('Ctrl Pts',(11.4628919001863,2.25473389445455,-1.16860214100793));
#7042=CARTESIAN_POINT('Ctrl Pts',(11.463398082686,2.25570457037051,-1.16803114928549));
#7043=CARTESIAN_POINT('Ctrl Pts',(11.4979298640225,2.32162700205762,-1.12925767579539));
#7044=CARTESIAN_POINT('Ctrl Pts',(11.5412216162714,2.38468613583597,-1.09236943634858));
#7045=CARTESIAN_POINT('Ctrl Pts',(11.6275371112135,2.47136309272133,-1.0446336687987));
#7046=CARTESIAN_POINT('Ctrl Pts',(11.6641440947623,2.50115110650565,-1.02903310038325));
#7047=CARTESIAN_POINT('Ctrl Pts',(11.7197953472149,2.5345714547249,-1.01375784333862));
#7048=CARTESIAN_POINT('Ctrl Pts',(11.7352221263068,2.54279899874258,-1.01026139499794));
#7049=CARTESIAN_POINT('Ctrl Pts',(11.7668433562852,2.55738554774825,-1.00473257014057));
#7050=CARTESIAN_POINT('Ctrl Pts',(11.7830023830017,2.56376785935136,-1.00267824245424));
#7051=CARTESIAN_POINT('Ctrl Pts',(11.8007819418246,2.56951336235285,-1.00133336765153));
#7052=CARTESIAN_POINT('Ctrl Pts',(11.8019862169771,2.56989641886898,-1.00124664754422));
#7053=CARTESIAN_POINT('Ctrl Pts',(11.8035458870312,2.57038456129034,-1.00114002890472));
#7054=CARTESIAN_POINT('Ctrl Pts',(11.8038994252341,2.57049468368226,-1.00111623835558));
#7055=CARTESIAN_POINT('Ctrl Pts',(11.8044615164224,2.5706689276855,-1.00107901437978));
#7056=CARTESIAN_POINT('Ctrl Pts',(11.8046699570135,2.57073335935166,-1.00106534171792));
#7057=CARTESIAN_POINT('Ctrl Pts',(11.805060344013,2.57085368926216,-1.00103998008466));
#7058=CARTESIAN_POINT('Ctrl Pts',(11.805242276155,2.57090962697003,-1.00102826067472));
#7059=CARTESIAN_POINT('Ctrl Pts',(11.8056518432588,2.57103523967866,-1.0010021028651));
#7060=CARTESIAN_POINT('Ctrl Pts',(11.8058795033891,2.57110484353518,-1.00098771924602));
#7061=CARTESIAN_POINT('Ctrl Pts',(11.8065490317631,2.57130889854387,-1.00094587852871));
#7062=CARTESIAN_POINT('Ctrl Pts',(11.8069910919984,2.57144280321991,-1.00091884192871));
#7063=CARTESIAN_POINT('Ctrl Pts',(11.8103004883938,2.57243907230812,-1.00072085541632));
#7064=CARTESIAN_POINT('Ctrl Pts',(11.8131782668277,2.57327071306801,-1.00057348433389));
#7065=CARTESIAN_POINT('Ctrl Pts',(11.8230885273329,2.57601343425629,-1.00015238377052));
#7066=CARTESIAN_POINT('Ctrl Pts',(11.8301663971119,2.57776418501431,-1.));
#7067=CARTESIAN_POINT('Ctrl Pts',(11.8372928082166,2.57930995944312,-1.));
#7068=CARTESIAN_POINT('Ctrl Pts',(11.386243344835,5.51455161054678,-1.28423535603957));
#7069=CARTESIAN_POINT('Ctrl Pts',(11.3784139352851,5.54406918123629,-1.30060249993895));
#7070=CARTESIAN_POINT('Ctrl Pts',(11.3715497436441,5.57375108466393,-1.31721933274211));
#7071=CARTESIAN_POINT('Ctrl Pts',(11.3656457596713,5.6035303288714,-1.33399969253734));
#7072=CARTESIAN_POINT('Ctrl Pts',(11.360448303628,5.62974590016741,-1.34877195188414));
#7073=CARTESIAN_POINT('Ctrl Pts',(11.3559945868217,5.65603637811576,-1.36367094161726));
#7074=CARTESIAN_POINT('Ctrl Pts',(11.3522509801213,5.68234151658242,-1.37863787866292));
#7075=CARTESIAN_POINT('Ctrl Pts',(11.3475620918291,5.71528884936896,-1.39738405087044));
#7076=CARTESIAN_POINT('Ctrl Pts',(11.3439759003053,5.74838226722091,-1.41630715453462));
#7077=CARTESIAN_POINT('Ctrl Pts',(11.341499290998,5.78149930901211,-1.43530971200301));
#7078=CARTESIAN_POINT('Ctrl Pts',(11.3398001950835,5.80421949755423,-1.44834655542599));
#7079=CARTESIAN_POINT('Ctrl Pts',(11.3386224489526,5.82695034666395,-1.46142079573887));
#7080=CARTESIAN_POINT('Ctrl Pts',(11.337954861577,5.84964741221741,-1.47450095645533));
#7081=CARTESIAN_POINT('Ctrl Pts',(9.88390366138225,4.05094176420875,-0.531872668235625));
#7082=CARTESIAN_POINT('Ctrl Pts',(9.88337492616626,4.12039707788073,-0.536409671061808));
#7083=CARTESIAN_POINT('Ctrl Pts',(9.88791157404628,4.1897831968143,-0.54094667388799));
#7084=CARTESIAN_POINT('Ctrl Pts',(9.89775960398546,4.25840709366582,-0.545483676714172));
#7085=CARTESIAN_POINT('Ctrl Pts',(9.96457361584844,4.72398628936627,-0.576264996686064));
#7086=CARTESIAN_POINT('Ctrl Pts',(10.2758679568163,5.15448077389423,-0.607046316657955));
#7087=CARTESIAN_POINT('Ctrl Pts',(10.6970572579241,5.36380534349671,-0.637827636629847));
#7088=CARTESIAN_POINT('Ctrl Pts',(11.1182465590319,5.5731299130992,-0.668608956601738));
#7089=CARTESIAN_POINT('Ctrl Pts',(11.6493308202796,5.56128456777622,-0.69939027657363));
#7090=CARTESIAN_POINT('Ctrl Pts',(12.0607959869877,5.3334144789525,-0.730171596545522));
#7091=CARTESIAN_POINT('Ctrl Pts',(12.4722611536958,5.10554439012878,-0.760952916517413));
#7092=CARTESIAN_POINT('Ctrl Pts',(12.7641072258643,4.66164955780432,-0.791734236489305));
#7093=CARTESIAN_POINT('Ctrl Pts',(12.8100987079432,4.19354496544313,-0.822515556461196));
#7094=CARTESIAN_POINT('Ctrl Pts',(12.8560901900221,3.72544037308195,-0.853296876433088));
#7095=CARTESIAN_POINT('Ctrl Pts',(12.6562270820115,3.23312602068404,-0.884078196404979));
#7096=CARTESIAN_POINT('Ctrl Pts',(12.2970675508228,2.92952249733727,-0.914859516376871));
#7097=CARTESIAN_POINT('Ctrl Pts',(11.9379080196342,2.6259189739905,-0.945640836348762));
#7098=CARTESIAN_POINT('Ctrl Pts',(11.4194520652676,2.51102627969486,-0.976422156320654));
#7099=CARTESIAN_POINT('Ctrl Pts',(10.96546757242,2.63426661450059,-1.00720347629255));
#7100=CARTESIAN_POINT('Ctrl Pts',(10.5114830795723,2.75750694930631,-1.03798479626444));
#7101=CARTESIAN_POINT('Ctrl Pts',(10.1219700482437,3.11888031321338,-1.06876611623633));
#7102=CARTESIAN_POINT('Ctrl Pts',(9.96596807579695,3.56267836784665,-1.09954743620822));
#7103=CARTESIAN_POINT('Ctrl Pts',(9.91135919871741,3.71803097674962,-1.11032251355069));
#7104=CARTESIAN_POINT('Ctrl Pts',(9.88536400498347,3.8834836383507,-1.12109759089316));
#7105=CARTESIAN_POINT('Ctrl Pts',(9.88648238796258,4.04922608747679,-1.13187266823562));
#7106=CARTESIAN_POINT('Ctrl Pts',(10.8867518048284,2.31089069573811,0.));
#7107=CARTESIAN_POINT('Ctrl Pts',(10.824470816941,2.33376415747557,2.13618570081374E-17));
#7108=CARTESIAN_POINT('Ctrl Pts',(10.7637665732378,2.36027145081358,1.76868265698459E-16));
#7109=CARTESIAN_POINT('Ctrl Pts',(10.7048270607489,2.39013324964805,1.42247325030098E-16));
#7110=CARTESIAN_POINT('Ctrl Pts',(10.6442886644411,2.42080512554193,1.06687203505086E-16));
#7111=CARTESIAN_POINT('Ctrl Pts',(10.5856112431095,2.45501667864437,-1.53896228358706E-16));
#7112=CARTESIAN_POINT('Ctrl Pts',(10.5290295656308,2.49250956251974,-2.39391839684799E-16));
#7113=CARTESIAN_POINT('Ctrl Pts',(10.4849470330256,2.52172010115254,-3.06001089212699E-16));
#7114=CARTESIAN_POINT('Ctrl Pts',(10.4421371203986,2.55292339892622,-2.49598198462873E-16));
#7115=CARTESIAN_POINT('Ctrl Pts',(10.4007280907634,2.58601082298625,-2.60208521396521E-16));
#7116=CARTESIAN_POINT('Ctrl Pts',(10.3810066435227,2.60176902581501,-2.6526178938631E-16));
#7117=CARTESIAN_POINT('Ctrl Pts',(10.3616031915461,2.61795473653171,-2.25011043749847E-17));
#7118=CARTESIAN_POINT('Ctrl Pts',(10.3425330103116,2.63455688106783,-2.08166817117217E-17));
#7119=CARTESIAN_POINT('Ctrl Pts',(10.3322612783676,2.64349925955245,-1.99094046457862E-17));
#7120=CARTESIAN_POINT('Ctrl Pts',(10.3220862514914,2.65256246006478,4.72282386633791E-17));
#7121=CARTESIAN_POINT('Ctrl Pts',(10.3120104370556,2.66174479004773,4.16333634234434E-17));
#7122=CARTESIAN_POINT('Ctrl Pts',(10.3038514009438,2.66918031423274,3.71028324758595E-17));
#7123=CARTESIAN_POINT('Ctrl Pts',(10.295758704769,2.67669288405035,1.81268368978158E-16));
#7124=CARTESIAN_POINT('Ctrl Pts',(10.2877421649403,2.68427319918446,1.80411241501588E-16));
#7125=CARTESIAN_POINT('Ctrl Pts',(10.2395710040473,2.72982309823675,1.7526078675901E-16));
#7126=CARTESIAN_POINT('Ctrl Pts',(10.1940579351454,2.77789643647598,2.306590931709E-16));
#7127=CARTESIAN_POINT('Ctrl Pts',(10.1514200027692,2.82824824430298,2.0122792321331E-16));
#7128=CARTESIAN_POINT('Ctrl Pts',(10.1096086326205,2.87762395173968,1.72367294368786E-16));
#7129=CARTESIAN_POINT('Ctrl Pts',(10.0705615751128,2.92919154777876,3.49830758079814E-16));
#7130=CARTESIAN_POINT('Ctrl Pts',(10.0345266022534,2.98274329504034,3.46944695195361E-16));
#7131=CARTESIAN_POINT('Ctrl Pts',(10.0081246926818,3.02197930040989,3.44830150206229E-16));
#7132=CARTESIAN_POINT('Ctrl Pts',(9.98334055843079,3.06228094367628,3.476065768211E-16));
#7133=CARTESIAN_POINT('Ctrl Pts',(9.96028881027693,3.10357063704809,3.60822483003176E-16));
#7134=CARTESIAN_POINT('Ctrl Pts',(9.94679998134854,3.12773147754837,3.68555826974914E-16));
#7135=CARTESIAN_POINT('Ctrl Pts',(9.93390461568335,3.1522306796241,2.56747019861722E-17));
#7136=CARTESIAN_POINT('Ctrl Pts',(9.92162825247947,3.1770528682855,0.));
#7137=CARTESIAN_POINT('Ctrl Pts',(9.91547222167677,3.18950005280196,-1.28746806893769E-17));
#7138=CARTESIAN_POINT('Ctrl Pts',(9.90947059747339,3.20203152064224,-1.85374973815565E-16));
#7139=CARTESIAN_POINT('Ctrl Pts',(9.90363707894854,3.21462219170471,-1.80411241501588E-16));
#7140=CARTESIAN_POINT('Ctrl Pts',(9.87735298214907,3.27135200503549,-1.58046142278626E-16));
#7141=CARTESIAN_POINT('Ctrl Pts',(9.85443104461001,3.3293731071079,-2.92935646967116E-16));
#7142=CARTESIAN_POINT('Ctrl Pts',(9.8350925625267,3.38849047691198,-1.80411241501588E-16));
#7143=CARTESIAN_POINT('Ctrl Pts',(9.82340083711464,3.42423185784638,-1.12380852912099E-16));
#7144=CARTESIAN_POINT('Ctrl Pts',(9.81301985158917,3.46037425730488,1.93932809419996E-16));
#7145=CARTESIAN_POINT('Ctrl Pts',(9.80400769427326,3.4968761234324,1.80411241501588E-16));
#7146=CARTESIAN_POINT('Ctrl Pts',(9.78896105738072,3.55781939220465,1.72418995926349E-16));
#7147=CARTESIAN_POINT('Ctrl Pts',(9.7777277313082,3.61976554914571,2.27234413710624E-16));
#7148=CARTESIAN_POINT('Ctrl Pts',(9.77025252262868,3.68237247448016,2.91433543964104E-16));
#7149=CARTESIAN_POINT('Ctrl Pts',(9.76693998164522,3.7101159148187,3.19882549093466E-16));
#7150=CARTESIAN_POINT('Ctrl Pts',(9.76436606129603,3.73798897838012,1.08521291022572E-16));
#7151=CARTESIAN_POINT('Ctrl Pts',(9.76252888177375,3.7659608822693,1.11022302462516E-16));
#7152=CARTESIAN_POINT('Ctrl Pts',(9.76175540055748,3.77773748982414,1.12075267263735E-16));
#7153=CARTESIAN_POINT('Ctrl Pts',(9.76111253058524,3.78953160680465,-2.65841522742721E-16));
#7154=CARTESIAN_POINT('Ctrl Pts',(9.76060022110208,3.80134088537606,-2.77555756156289E-16));
#7155=CARTESIAN_POINT('Ctrl Pts',(9.76010096057731,3.81284937157549,-2.88971618078898E-16));
#7156=CARTESIAN_POINT('Ctrl Pts',(9.75972611616407,3.82436329546355,8.24971181779468E-17));
#7157=CARTESIAN_POINT('Ctrl Pts',(9.75947511045143,3.83587579263817,8.32667268468867E-17));
#7158=CARTESIAN_POINT('Ctrl Pts',(9.75811598838729,3.89821257676404,8.74339312969261E-17));
#7159=CARTESIAN_POINT('Ctrl Pts',(9.76038144967946,3.9605531164708,1.97092952994062E-16));
#7160=CARTESIAN_POINT('Ctrl Pts',(9.76617816168928,4.02256645840054,1.66533453693773E-16));
#7161=CARTESIAN_POINT('Ctrl Pts',(9.77195658652542,4.08438416377762,1.3607036195528E-16));
#7162=CARTESIAN_POINT('Ctrl Pts',(9.78124444541096,4.14587782308637,3.5263807878122E-16));
#7163=CARTESIAN_POINT('Ctrl Pts',(9.79399800056867,4.20670355170511,4.16333634234434E-16));
#7164=CARTESIAN_POINT('Ctrl Pts',(9.80174012885202,4.24362820432717,4.5500043382875E-16));
#7165=CARTESIAN_POINT('Ctrl Pts',(9.81076034305882,4.28030632839055,-4.83498493126018E-17));
#7166=CARTESIAN_POINT('Ctrl Pts',(9.82105666580314,4.31665554186576,-2.77555756156289E-17));
#7167=CARTESIAN_POINT('Ctrl Pts',(9.82861982171572,4.3433558285253,-1.26280677913033E-17));
#7168=CARTESIAN_POINT('Ctrl Pts',(9.83687164024614,4.36987856240576,-2.28159812240124E-17));
#7169=CARTESIAN_POINT('Ctrl Pts',(9.84581318387828,4.39618917516394,-2.77555756156289E-17));
#7170=CARTESIAN_POINT('Ctrl Pts',(9.84964113656164,4.40745297757346,-2.98702589839599E-17));
#7171=CARTESIAN_POINT('Ctrl Pts',(9.85359533786181,4.41867704622049,-1.38249207236062E-16));
#7172=CARTESIAN_POINT('Ctrl Pts',(9.85767115877022,4.42984643999786,-1.38777878078145E-16));
#7173=CARTESIAN_POINT('Ctrl Pts',(9.87817926499701,4.48604692554968,-1.41437964974026E-16));
#7174=CARTESIAN_POINT('Ctrl Pts',(9.90179114266344,4.54094917250465,8.20093342800456E-17));
#7175=CARTESIAN_POINT('Ctrl Pts',(9.92847535409114,4.59422838425698,-1.38777878078145E-16));
#7176=CARTESIAN_POINT('Ctrl Pts',(9.94304884168824,4.62332663712308,-2.59360032421304E-16));
#7177=CARTESIAN_POINT('Ctrl Pts',(9.95853942914509,4.65194025425811,3.27560582927086E-16));
#7178=CARTESIAN_POINT('Ctrl Pts',(9.97494665530581,4.68001163164517,3.88578058618805E-16));
#7179=CARTESIAN_POINT('Ctrl Pts',(9.98496621525257,4.69715425196154,4.25840192358215E-16));
#7180=CARTESIAN_POINT('Ctrl Pts',(9.99532767868516,4.71409458423142,-1.15458270764826E-16));
#7181=CARTESIAN_POINT('Ctrl Pts',(10.0060314886301,4.73081876332859,-1.11022302462516E-16));
#7182=CARTESIAN_POINT('Ctrl Pts',(10.0124953335494,4.74091820461577,-1.08343498249725E-16));
#7183=CARTESIAN_POINT('Ctrl Pts',(10.0190826328194,4.75093649432495,2.65173352750959E-16));
#7184=CARTESIAN_POINT('Ctrl Pts',(10.0257885241555,4.76086375738999,2.22044604925031E-16));
#7185=CARTESIAN_POINT('Ctrl Pts',(10.057869644296,4.80835598520789,1.57158007189125E-17));
#7186=CARTESIAN_POINT('Ctrl Pts',(10.0926928017441,4.85381597935761,1.31257234024722E-16));
#7187=CARTESIAN_POINT('Ctrl Pts',(10.1302473058057,4.89692890189133,2.4980018054066E-16));
#7188=CARTESIAN_POINT('Ctrl Pts',(10.1357029319983,4.90319201187754,2.6702117759875E-16));
#7189=CARTESIAN_POINT('Ctrl Pts',(10.1412162549783,4.90940551760356,4.0601508556258E-17));
#7190=CARTESIAN_POINT('Ctrl Pts',(10.1467872960383,4.91556837761753,2.77555756156289E-17));
#7191=CARTESIAN_POINT('Ctrl Pts',(10.1764128766308,4.94834112225483,-4.15463194756559E-17));
#7192=CARTESIAN_POINT('Ctrl Pts',(10.207670244274,4.97968288735147,-1.04621944068868E-16));
#7193=CARTESIAN_POINT('Ctrl Pts',(10.2404268060068,5.00952942224753,-1.38777878078145E-16));
#7194=CARTESIAN_POINT('Ctrl Pts',(11.3372928082166,2.25029486032379,-1.77581490755376));
#7195=CARTESIAN_POINT('Ctrl Pts',(10.8682489345343,2.25360664197419,-1.80070253476928));
#7196=CARTESIAN_POINT('Ctrl Pts',(9.93592806778775,2.6449871544377,-1.8504777892003));
#7197=CARTESIAN_POINT('Ctrl Pts',(9.3556122473006,4.0499999999999,-1.92514067084685));
#7198=CARTESIAN_POINT('Ctrl Pts',(9.93592806778761,5.45501284556217,-1.99980355249339));
#7199=CARTESIAN_POINT('Ctrl Pts',(10.8682489345341,5.84639335802576,-2.04957880692442));
#7200=CARTESIAN_POINT('Ctrl Pts',(11.3372928082164,5.84970513967621,-2.07446643413993));
#7201=CARTESIAN_POINT('Ctrl Pts',(11.3380806458699,2.36187541234613,-1.71139224001669));
#7202=CARTESIAN_POINT('Ctrl Pts',(10.8981171883037,2.36498186568103,-1.7362798672322));
#7203=CARTESIAN_POINT('Ctrl Pts',(10.0235996109295,2.73209704007959,-1.78605512166323));
#7204=CARTESIAN_POINT('Ctrl Pts',(9.47926299512968,4.0499999999999,-1.86071800330977));
#7205=CARTESIAN_POINT('Ctrl Pts',(10.0235996109294,5.36790295992029,-1.93538088495631));
#7206=CARTESIAN_POINT('Ctrl Pts',(10.8981171883035,5.73501813431893,-1.98515613938734));
#7207=CARTESIAN_POINT('Ctrl Pts',(11.3380806458697,5.73812458765387,-2.01004376660285));
#7208=CARTESIAN_POINT('Ctrl Pts',(11.3388684835232,2.47345596436847,-1.64696957247961));
#7209=CARTESIAN_POINT('Ctrl Pts',(10.9279854420732,2.47635708938787,-1.67185719969513));
#7210=CARTESIAN_POINT('Ctrl Pts',(10.1112711540712,2.81920692572148,-1.72163245412615));
#7211=CARTESIAN_POINT('Ctrl Pts',(9.60291374295875,4.04999999999991,-1.79629533577269));
#7212=CARTESIAN_POINT('Ctrl Pts',(10.1112711540711,5.2807930742784,-1.87095821741924));
#7213=CARTESIAN_POINT('Ctrl Pts',(10.927985442073,5.62364291061209,-1.92073347185026));
#7214=CARTESIAN_POINT('Ctrl Pts',(11.338868483523,5.62654403563153,-1.94562109906578));
#7215=CARTESIAN_POINT('Ctrl Pts',(11.3396563211764,2.5850365163908,-1.58254690494254));
#7216=CARTESIAN_POINT('Ctrl Pts',(10.9578536958426,2.5877323130947,-1.60743453215805));
#7217=CARTESIAN_POINT('Ctrl Pts',(10.198942697213,2.90631681136337,-1.65720978658908));
#7218=CARTESIAN_POINT('Ctrl Pts',(9.72656449078782,4.04999999999992,-1.73187266823562));
#7219=CARTESIAN_POINT('Ctrl Pts',(10.1989426972129,5.19368318863652,-1.80653554988216));
#7220=CARTESIAN_POINT('Ctrl Pts',(10.9578536958425,5.51226768690526,-1.85631080431319));
#7221=CARTESIAN_POINT('Ctrl Pts',(11.3396563211763,5.5149634836092,-1.8811984315287));
#7222=CARTESIAN_POINT('',(11.3372928082164,5.51494488881902,-1.88104436608724));
#7223=CARTESIAN_POINT('Ctrl Pts',(11.3372928246655,5.51494479549236,-1.88104436608724));
#7224=CARTESIAN_POINT('Ctrl Pts',(11.3372928185876,5.57058153818543,-1.91319648243368));
#7225=CARTESIAN_POINT('Ctrl Pts',(11.3372928144975,5.62671160688114,-1.94563024731235));
#7226=CARTESIAN_POINT('Ctrl Pts',(11.3372928119157,5.6823255185724,-1.97776329873588));
#7227=CARTESIAN_POINT('Ctrl Pts',(11.3372928093317,5.73799060251418,-2.00992591687225));
#7228=CARTESIAN_POINT('Ctrl Pts',(11.3372928082164,5.79405688747692,-2.0423178543651));
#7229=CARTESIAN_POINT('Ctrl Pts',(11.3372928082164,5.84970513967621,-2.07446643413993));
#7230=CARTESIAN_POINT('',(11.3372928082166,2.58505511118098,-1.58270097038399));
#7231=CARTESIAN_POINT('Ctrl Pts',(11.3372928246656,2.58505520450764,-1.582700970384));
#7232=CARTESIAN_POINT('Ctrl Pts',(10.9562881700024,2.58839017866543,-1.60753724245236));
#7233=CARTESIAN_POINT('Ctrl Pts',(10.5778442396653,2.74758223859577,-1.63237351452072));
#7234=CARTESIAN_POINT('Ctrl Pts',(10.3099407457995,3.01728455156896,-1.65720978658908));
#7235=CARTESIAN_POINT('Ctrl Pts',(10.0414832950713,3.28754454090889,-1.68209741380459));
#7236=CARTESIAN_POINT('Ctrl Pts',(9.88402389292954,3.6687722704544,-1.70698504102011));
#7237=CARTESIAN_POINT('Ctrl Pts',(9.88402389292952,4.04999999999993,-1.73187266823562));
#7238=CARTESIAN_POINT('Ctrl Pts',(9.8840238929295,4.43122772954545,-1.75676029545113));
#7239=CARTESIAN_POINT('Ctrl Pts',(10.0414832950712,4.81245545909098,-1.78164792266665));
#7240=CARTESIAN_POINT('Ctrl Pts',(10.3099407457994,5.08271544843093,-1.80653554988216));
#7241=CARTESIAN_POINT('Ctrl Pts',(10.5778442396652,5.35241776140415,-1.83137182195052));
#7242=CARTESIAN_POINT('Ctrl Pts',(10.9562881700023,5.51160982133453,-1.85620809401888));
#7243=CARTESIAN_POINT('Ctrl Pts',(11.3372928246655,5.51494479549236,-1.88104436608724));
#7244=CARTESIAN_POINT('Ctrl Pts',(11.3372928082166,2.25029486032379,-1.77581490755376));
#7245=CARTESIAN_POINT('Ctrl Pts',(11.3372928082166,2.30147490686237,-1.74628600375543));
#7246=CARTESIAN_POINT('Ctrl Pts',(11.3372928082166,2.35297764940071,-1.71657261537454));
#7247=CARTESIAN_POINT('Ctrl Pts',(11.3372928082166,2.43029599453527,-1.67196881297294));
#7248=CARTESIAN_POINT('Ctrl Pts',(11.3372928082166,2.45646755817704,-1.6568714060644));
#7249=CARTESIAN_POINT('Ctrl Pts',(11.3372928082166,2.51062362364608,-1.6256321616012));
#7250=CARTESIAN_POINT('Ctrl Pts',(11.3372928082166,2.53872096491101,-1.60942533531691));
#7251=CARTESIAN_POINT('Ctrl Pts',(11.3372928082166,2.57285441500454,-1.58973792723917));
#7252=CARTESIAN_POINT('Ctrl Pts',(11.3372928082166,2.57895510639296,-1.58621922844131));
#7253=CARTESIAN_POINT('Ctrl Pts',(11.3372928082166,2.58505511118098,-1.582700970384));
#7254=CARTESIAN_POINT('Ctrl Pts',(11.3372928082166,2.25029486032379,-2.37581490755376));
#7255=CARTESIAN_POINT('Ctrl Pts',(10.8682489345343,2.25360664197419,-2.40070253476928));
#7256=CARTESIAN_POINT('Ctrl Pts',(9.93592772960817,2.64499550485798,-2.45047778920031));
#7257=CARTESIAN_POINT('Ctrl Pts',(9.35561276175294,4.0499999999999,-2.52514067084684));
#7258=CARTESIAN_POINT('Ctrl Pts',(9.93592772960803,5.45500449514189,-2.59980355249339));
#7259=CARTESIAN_POINT('Ctrl Pts',(10.8682489345341,5.84639335802576,-2.64957880692442));
#7260=CARTESIAN_POINT('Ctrl Pts',(11.3372928082164,5.84970513967621,-2.67446643413993));
#7261=CARTESIAN_POINT('Ctrl Pts',(11.3380806458699,2.36187541234613,-2.31139224001669));
#7262=CARTESIAN_POINT('Ctrl Pts',(10.8981171883037,2.36498186568103,-2.3362798672322));
#7263=CARTESIAN_POINT('Ctrl Pts',(10.0235992937168,2.73210487277923,-2.38605512166323));
#7264=CARTESIAN_POINT('Ctrl Pts',(9.4792634776863,4.04999999999991,-2.46071800330977));
#7265=CARTESIAN_POINT('Ctrl Pts',(10.0235992937167,5.36789512722065,-2.53538088495631));
#7266=CARTESIAN_POINT('Ctrl Pts',(10.8981171883036,5.73501813431893,-2.58515613938734));
#7267=CARTESIAN_POINT('Ctrl Pts',(11.3380806458697,5.73812458765387,-2.61004376660285));
#7268=CARTESIAN_POINT('Ctrl Pts',(11.3388684835232,2.47345596436847,-2.24696957247961));
#7269=CARTESIAN_POINT('Ctrl Pts',(10.9279854420732,2.47635708938787,-2.27185719969513));
#7270=CARTESIAN_POINT('Ctrl Pts',(10.1112708578255,2.81921424070047,-2.32163245412615));
#7271=CARTESIAN_POINT('Ctrl Pts',(9.60291419361966,4.04999999999992,-2.39629533577269));
#7272=CARTESIAN_POINT('Ctrl Pts',(10.1112708578254,5.28078575929941,-2.47095821741924));
#7273=CARTESIAN_POINT('Ctrl Pts',(10.927985442073,5.62364291061209,-2.52073347185026));
#7274=CARTESIAN_POINT('Ctrl Pts',(11.338868483523,5.62654403563153,-2.54562109906578));
#7275=CARTESIAN_POINT('Ctrl Pts',(11.3396563211764,2.5850365163908,-2.18254690494254));
#7276=CARTESIAN_POINT('Ctrl Pts',(10.9578536958426,2.5877323130947,-2.20743453215805));
#7277=CARTESIAN_POINT('Ctrl Pts',(10.1989424219341,2.90632360862172,-2.25720978658908));
#7278=CARTESIAN_POINT('Ctrl Pts',(9.72656490955302,4.04999999999992,-2.33187266823562));
#7279=CARTESIAN_POINT('Ctrl Pts',(10.198942421934,5.19367639137817,-2.40653554988216));
#7280=CARTESIAN_POINT('Ctrl Pts',(10.9578536958425,5.51226768690526,-2.45631080431319));
#7281=CARTESIAN_POINT('Ctrl Pts',(11.3396563211763,5.5149634836092,-2.4811984315287));
#7282=CARTESIAN_POINT('',(11.3372928082164,5.51494488881902,-2.48104436608724));
#7283=CARTESIAN_POINT('Ctrl Pts',(11.3372928246637,5.514944795449,-2.48104436608724));
#7284=CARTESIAN_POINT('Ctrl Pts',(11.3372928185865,5.57058153815812,-2.51319648243367));
#7285=CARTESIAN_POINT('Ctrl Pts',(11.3372928144968,5.6267116068646,-2.54563024731235));
#7286=CARTESIAN_POINT('Ctrl Pts',(11.3372928119153,5.68232551856267,-2.57776329873588));
#7287=CARTESIAN_POINT('Ctrl Pts',(11.3372928093315,5.73799060251123,-2.60992591687224));
#7288=CARTESIAN_POINT('Ctrl Pts',(11.3372928082164,5.79405688747681,-2.64231785436503));
#7289=CARTESIAN_POINT('Ctrl Pts',(11.3372928082164,5.84970513967621,-2.67446643413993));
#7290=CARTESIAN_POINT('',(11.3372928082166,2.58505511118098,-2.182700970384));
#7291=CARTESIAN_POINT('Ctrl Pts',(11.3372928246639,2.585055204551,-2.182700970384));
#7292=CARTESIAN_POINT('Ctrl Pts',(10.9562881694352,2.58839019267938,-2.20753724245236));
#7293=CARTESIAN_POINT('Ctrl Pts',(10.5778441021226,2.74758563839378,-2.23237351452072));
#7294=CARTESIAN_POINT('Ctrl Pts',(10.3099406550144,3.01728851663634,-2.25720978658908));
#7295=CARTESIAN_POINT('Ctrl Pts',(10.0414832511404,3.28754907241446,-2.28209741380459));
#7296=CARTESIAN_POINT('Ctrl Pts',(9.88402408034673,3.66877453620719,-2.30698504102011));
#7297=CARTESIAN_POINT('Ctrl Pts',(9.88402408034671,4.04999999999993,-2.33187266823562));
#7298=CARTESIAN_POINT('Ctrl Pts',(9.88402408034669,4.43122546379267,-2.35676029545113));
#7299=CARTESIAN_POINT('Ctrl Pts',(10.0414832511404,4.81245092758542,-2.38164792266665));
#7300=CARTESIAN_POINT('Ctrl Pts',(10.3099406550143,5.08271148336357,-2.40653554988216));
#7301=CARTESIAN_POINT('Ctrl Pts',(10.5778441021225,5.35241436160615,-2.43137182195052));
#7302=CARTESIAN_POINT('Ctrl Pts',(10.956288169435,5.51160980732058,-2.45620809401888));
#7303=CARTESIAN_POINT('Ctrl Pts',(11.3372928246637,5.514944795449,-2.48104436608724));
#7304=CARTESIAN_POINT('Ctrl Pts',(11.3372928082166,2.25029486032379,-2.37581490755376));
#7305=CARTESIAN_POINT('Ctrl Pts',(11.3372928082166,2.30293100091602,-2.34544589390521));
#7306=CARTESIAN_POINT('Ctrl Pts',(11.3372928092142,2.35591972045552,-2.31487525565976));
#7307=CARTESIAN_POINT('Ctrl Pts',(11.3372928115062,2.40857252894259,-2.28450077317158));
#7308=CARTESIAN_POINT('Ctrl Pts',(11.3372928139271,2.46418577428254,-2.25241846654394));
#7309=CARTESIAN_POINT('Ctrl Pts',(11.3372928178305,2.52031226227468,-2.22004272734216));
#7310=CARTESIAN_POINT('Ctrl Pts',(11.3372928236877,2.57595318285502,-2.18795071100801));
#7311=CARTESIAN_POINT('Ctrl Pts',(11.3372928240071,2.57898715599775,-2.18620080617829));
#7312=CARTESIAN_POINT('Ctrl Pts',(11.3372928243325,2.5820212215593,-2.18445085892636));
#7313=CARTESIAN_POINT('Ctrl Pts',(11.3372928246639,2.585055204551,-2.182700970384));
#7314=CARTESIAN_POINT('Ctrl Pts',(11.3372928082166,2.25029486032379,-2.97581490755376));
#7315=CARTESIAN_POINT('Ctrl Pts',(10.8682489345343,2.25360664197419,-3.00070253476928));
#7316=CARTESIAN_POINT('Ctrl Pts',(9.93592740510848,2.64500364824569,-3.0504777892003));
#7317=CARTESIAN_POINT('Ctrl Pts',(9.35561325867421,4.04999999999991,-3.12514067084685));
#7318=CARTESIAN_POINT('Ctrl Pts',(9.93592740510835,5.45499635175417,-3.19980355249339));
#7319=CARTESIAN_POINT('Ctrl Pts',(10.8682489345341,5.84639335802576,-3.24957880692442));
#7320=CARTESIAN_POINT('Ctrl Pts',(11.3372928082164,5.84970513967621,-3.27446643413993));
#7321=CARTESIAN_POINT('Ctrl Pts',(11.3380806458699,2.36187541234613,-2.91139224001669));
#7322=CARTESIAN_POINT('Ctrl Pts',(10.8981171883037,2.36498186568103,-2.9362798672322));
#7323=CARTESIAN_POINT('Ctrl Pts',(10.0235989893359,2.73211251128218,-2.98605512166323));
#7324=CARTESIAN_POINT('Ctrl Pts',(9.47926394379878,4.04999999999991,-3.06071800330977));
#7325=CARTESIAN_POINT('Ctrl Pts',(10.0235989893358,5.36788748871769,-3.13538088495631));
#7326=CARTESIAN_POINT('Ctrl Pts',(10.8981171883036,5.73501813431893,-3.18515613938734));
#7327=CARTESIAN_POINT('Ctrl Pts',(11.3380806458697,5.73812458765387,-3.21004376660285));
#7328=CARTESIAN_POINT('Ctrl Pts',(11.3388684835232,2.47345596436847,-2.84696957247961));
#7329=CARTESIAN_POINT('Ctrl Pts',(10.9279854420732,2.47635708938787,-2.87185719969513));
#7330=CARTESIAN_POINT('Ctrl Pts',(10.1112705735633,2.81922137431867,-2.92163245412615));
#7331=CARTESIAN_POINT('Ctrl Pts',(9.60291462892334,4.04999999999992,-2.99629533577269));
#7332=CARTESIAN_POINT('Ctrl Pts',(10.1112705735632,5.28077862568122,-3.07095821741924));
#7333=CARTESIAN_POINT('Ctrl Pts',(10.927985442073,5.62364291061209,-3.12073347185027));
#7334=CARTESIAN_POINT('Ctrl Pts',(11.338868483523,5.62654403563153,-3.14562109906578));
#7335=CARTESIAN_POINT('Ctrl Pts',(11.3396563211764,2.5850365163908,-2.78254690494254));
#7336=CARTESIAN_POINT('Ctrl Pts',(10.9578536958426,2.5877323130947,-2.80743453215805));
#7337=CARTESIAN_POINT('Ctrl Pts',(10.1989421577908,2.90633023735515,-2.85720978658908));
#7338=CARTESIAN_POINT('Ctrl Pts',(9.72656531404791,4.04999999999993,-2.93187266823562));
#7339=CARTESIAN_POINT('Ctrl Pts',(10.1989421577906,5.19366976264473,-3.00653554988216));
#7340=CARTESIAN_POINT('Ctrl Pts',(10.9578536958425,5.51226768690526,-3.05631080431319));
#7341=CARTESIAN_POINT('Ctrl Pts',(11.3396563211763,5.5149634836092,-3.0811984315287));
#7342=CARTESIAN_POINT('',(11.3372928082164,5.51494488881902,-3.08104436608724));
#7343=CARTESIAN_POINT('Ctrl Pts',(11.337292824662,5.51494479540672,-3.08104436608724));
#7344=CARTESIAN_POINT('Ctrl Pts',(11.3372928185855,5.57058153813528,-3.11319648243587));
#7345=CARTESIAN_POINT('Ctrl Pts',(11.3372928144962,5.6267116068589,-3.14563024731837));
#7346=CARTESIAN_POINT('Ctrl Pts',(11.337292811915,5.68232551855317,-3.17776329873588));
#7347=CARTESIAN_POINT('Ctrl Pts',(11.3372928093314,5.73799060250837,-3.20992591687224));
#7348=CARTESIAN_POINT('Ctrl Pts',(11.3372928082164,5.79405688747681,-3.24231785436503));
#7349=CARTESIAN_POINT('Ctrl Pts',(11.3372928082164,5.84970513967621,-3.27446643413993));
#7350=CARTESIAN_POINT('',(11.3372928082166,2.58505511118098,-2.782700970384));
#7351=CARTESIAN_POINT('Ctrl Pts',(11.3372928246622,2.58505520459328,-2.782700970384));
#7352=CARTESIAN_POINT('Ctrl Pts',(10.9562881688909,2.58839020634589,-2.80753724245236));
#7353=CARTESIAN_POINT('Ctrl Pts',(10.5778439701446,2.74758895390035,-2.83237351452072));
#7354=CARTESIAN_POINT('Ctrl Pts',(10.3099405683466,3.0172923833975,-2.85720978658908));
#7355=CARTESIAN_POINT('Ctrl Pts',(10.0414832098765,3.28755349157008,-2.88209741380459));
#7356=CARTESIAN_POINT('Ctrl Pts',(9.88402426196219,3.66877674578501,-2.90698504102011));
#7357=CARTESIAN_POINT('Ctrl Pts',(9.88402426196217,4.04999999999994,-2.93187266823562));
#7358=CARTESIAN_POINT('Ctrl Pts',(9.88402426196216,4.43122325421486,-2.95676029545113));
#7359=CARTESIAN_POINT('Ctrl Pts',(10.0414832098764,4.81244650842979,-2.98164792266665));
#7360=CARTESIAN_POINT('Ctrl Pts',(10.3099405683465,5.08270761660239,-3.00653554988216));
#7361=CARTESIAN_POINT('Ctrl Pts',(10.5778439701444,5.35241104609957,-3.03137182195052));
#7362=CARTESIAN_POINT('Ctrl Pts',(10.9562881688907,5.51160979365408,-3.05620809401888));
#7363=CARTESIAN_POINT('Ctrl Pts',(11.337292824662,5.51494479540672,-3.08104436608724));
#7364=CARTESIAN_POINT('Ctrl Pts',(11.3372928082166,2.25029486032379,-2.97581490755376));
#7365=CARTESIAN_POINT('Ctrl Pts',(11.3372928082166,2.30594100911727,-2.94370923580078));
#7366=CARTESIAN_POINT('Ctrl Pts',(11.3372928093315,2.36200758813977,-2.91136300362095));
#7367=CARTESIAN_POINT('Ctrl Pts',(11.3372928119151,2.41767448106883,-2.87925004028121));
#7368=CARTESIAN_POINT('Ctrl Pts',(11.3372928144962,2.47328550435814,-2.84716930686484));
#7369=CARTESIAN_POINT('Ctrl Pts',(11.3372928185853,2.52941601861575,-2.81479158337933));
#7370=CARTESIAN_POINT('Ctrl Pts',(11.3372928246622,2.58505520459328,-2.782700970384));
#7371=CARTESIAN_POINT('Ctrl Pts',(11.3372928082166,2.25029486032379,-3.57581490755376));
#7372=CARTESIAN_POINT('Ctrl Pts',(10.8682489345343,2.25360664197419,-3.60070253476928));
#7373=CARTESIAN_POINT('Ctrl Pts',(9.9359270935296,2.64501159220601,-3.6504777892003));
#7374=CARTESIAN_POINT('Ctrl Pts',(9.35561373899731,4.0499999999999,-3.72514067084685));
#7375=CARTESIAN_POINT('Ctrl Pts',(9.93592709352946,5.45498840779385,-3.79980355249339));
#7376=CARTESIAN_POINT('Ctrl Pts',(10.8682489345341,5.84639335802576,-3.84957880692442));
#7377=CARTESIAN_POINT('Ctrl Pts',(11.3372928082164,5.84970513967621,-3.87446643413993));
#7378=CARTESIAN_POINT('Ctrl Pts',(11.3380806458699,2.36187541234613,-3.51139224001669));
#7379=CARTESIAN_POINT('Ctrl Pts',(10.8981171883037,2.36498186568103,-3.5362798672322));
#7380=CARTESIAN_POINT('Ctrl Pts',(10.0235986970747,2.73211996272211,-3.58605512166323));
#7381=CARTESIAN_POINT('Ctrl Pts',(9.47926439434215,4.04999999999991,-3.66071800330977));
#7382=CARTESIAN_POINT('Ctrl Pts',(10.0235986970746,5.36788003727776,-3.73538088495631));
#7383=CARTESIAN_POINT('Ctrl Pts',(10.8981171883036,5.73501813431893,-3.78515613938734));
#7384=CARTESIAN_POINT('Ctrl Pts',(11.3380806458697,5.73812458765387,-3.81004376660286));
#7385=CARTESIAN_POINT('Ctrl Pts',(11.3388684835232,2.47345596436847,-3.44696957247961));
#7386=CARTESIAN_POINT('Ctrl Pts',(10.9279854420732,2.47635708938787,-3.47185719969513));
#7387=CARTESIAN_POINT('Ctrl Pts',(10.1112703006198,2.81922833323821,-3.52163245412615));
#7388=CARTESIAN_POINT('Ctrl Pts',(9.602915049687,4.04999999999991,-3.59629533577269));
#7389=CARTESIAN_POINT('Ctrl Pts',(10.1112703006197,5.28077166676167,-3.67095821741924));
#7390=CARTESIAN_POINT('Ctrl Pts',(10.927985442073,5.62364291061209,-3.72073347185027));
#7391=CARTESIAN_POINT('Ctrl Pts',(11.338868483523,5.62654403563153,-3.74562109906578));
#7392=CARTESIAN_POINT('Ctrl Pts',(11.3396563211764,2.5850365163908,-3.38254690494254));
#7393=CARTESIAN_POINT('Ctrl Pts',(10.9578536958426,2.5877323130947,-3.40743453215805));
#7394=CARTESIAN_POINT('Ctrl Pts',(10.1989419041649,2.90633670375431,-3.45720978658908));
#7395=CARTESIAN_POINT('Ctrl Pts',(9.72656570503183,4.04999999999992,-3.53187266823562));
#7396=CARTESIAN_POINT('Ctrl Pts',(10.1989419041648,5.19366329624558,-3.60653554988216));
#7397=CARTESIAN_POINT('Ctrl Pts',(10.9578536958425,5.51226768690526,-3.65631080431319));
#7398=CARTESIAN_POINT('Ctrl Pts',(11.3396563211763,5.5149634836092,-3.6811984315287));
#7399=CARTESIAN_POINT('',(11.3372928082164,5.51494488881902,-3.68104436608724));
#7400=CARTESIAN_POINT('Ctrl Pts',(11.3372928246604,5.51494479536547,-3.68104436608724));
#7401=CARTESIAN_POINT('Ctrl Pts',(11.3372928185844,5.57058153810979,-3.71319648243616));
#7402=CARTESIAN_POINT('Ctrl Pts',(11.3372928144955,5.62671160684448,-3.74563024731912));
#7403=CARTESIAN_POINT('Ctrl Pts',(11.3372928119146,5.68232551854391,-3.77776329873588));
#7404=CARTESIAN_POINT('Ctrl Pts',(11.3372928093313,5.73799060249432,-3.80992591686574));
#7405=CARTESIAN_POINT('Ctrl Pts',(11.3372928082164,5.79405688744711,-3.84231785434787));
#7406=CARTESIAN_POINT('Ctrl Pts',(11.3372928082164,5.84970513967621,-3.87446643413993));
#7407=CARTESIAN_POINT('',(11.3372928082166,2.58505511118098,-3.382700970384));
#7408=CARTESIAN_POINT('Ctrl Pts',(11.3372928246606,2.58505520463453,-3.382700970384));
#7409=CARTESIAN_POINT('Ctrl Pts',(10.9562881683683,2.58839021967771,-3.40753724245236));
#7410=CARTESIAN_POINT('Ctrl Pts',(10.5778438434225,2.74759218821187,-3.43237351452072));
#7411=CARTESIAN_POINT('Ctrl Pts',(10.3099404855622,3.01729615546367,-3.45720978658908));
#7412=CARTESIAN_POINT('Ctrl Pts',(10.0414831711206,3.28755780250284,-3.48209741380459));
#7413=CARTESIAN_POINT('Ctrl Pts',(9.8840244380762,3.66877890125138,-3.50698504102011));
#7414=CARTESIAN_POINT('Ctrl Pts',(9.88402443807618,4.04999999999993,-3.53187266823562));
#7415=CARTESIAN_POINT('Ctrl Pts',(9.88402443807616,4.43122109874847,-3.55676029545113));
#7416=CARTESIAN_POINT('Ctrl Pts',(10.0414831711205,4.81244219749703,-3.58164792266665));
#7417=CARTESIAN_POINT('Ctrl Pts',(10.3099404855621,5.08270384453623,-3.60653554988216));
#7418=CARTESIAN_POINT('Ctrl Pts',(10.5778438434224,5.35240781178805,-3.63137182195052));
#7419=CARTESIAN_POINT('Ctrl Pts',(10.9562881683681,5.51160978032225,-3.65620809401888));
#7420=CARTESIAN_POINT('Ctrl Pts',(11.3372928246604,5.51494479536547,-3.68104436608724));
#7421=CARTESIAN_POINT('Ctrl Pts',(11.3372928082166,2.25029486032379,-3.57581490755376));
#7422=CARTESIAN_POINT('Ctrl Pts',(11.3372928082166,2.30594100907561,-3.54370923582481));
#7423=CARTESIAN_POINT('Ctrl Pts',(11.3372928093314,2.3620075881268,-3.51136300363003));
#7424=CARTESIAN_POINT('Ctrl Pts',(11.3372928119148,2.41767448107809,-3.47925004028121));
#7425=CARTESIAN_POINT('Ctrl Pts',(11.3372928144956,2.47328550437071,-3.44716930686667));
#7426=CARTESIAN_POINT('Ctrl Pts',(11.3372928185843,2.52941601864068,-3.41479158337994));
#7427=CARTESIAN_POINT('Ctrl Pts',(11.3372928246606,2.58505520463453,-3.382700970384));
#7428=CARTESIAN_POINT('Origin',(11.35,4.05,1.32514067084685));
#7429=CARTESIAN_POINT('',(11.3372928082164,5.84970513967621,-4.47446643413993));
#7430=CARTESIAN_POINT('',(11.3372928082164,5.84970513967621,-4.5));
#7431=CARTESIAN_POINT('',(11.3372928082164,5.84970513967621,1.32514067084685));
#7432=CARTESIAN_POINT('',(11.3372928082166,2.25029486032379,-4.17581490755376));
#7433=CARTESIAN_POINT('Ctrl Pts',(11.3372928082166,2.25029486032379,-4.17581490755376));
#7434=CARTESIAN_POINT('Ctrl Pts',(10.8682489345343,2.25360664197419,-4.20070253476928));
#7435=CARTESIAN_POINT('Ctrl Pts',(9.9359267941667,2.64501934397614,-4.25047778920031));
#7436=CARTESIAN_POINT('Ctrl Pts',(9.3556142035891,4.0499999999999,-4.32514067084684));
#7437=CARTESIAN_POINT('Ctrl Pts',(9.93592679416656,5.45498065602372,-4.39980355249339));
#7438=CARTESIAN_POINT('Ctrl Pts',(10.8682489345341,5.84639335802576,-4.44957880692442));
#7439=CARTESIAN_POINT('Ctrl Pts',(11.3372928082164,5.84970513967621,-4.47446643413993));
#7440=CARTESIAN_POINT('',(11.3372928082166,2.25029486032379,1.32514067084685));
#7441=CARTESIAN_POINT('Origin',(11.35,4.05,-4.5));
#7442=CARTESIAN_POINT('Ctrl Pts',(11.3372928082166,2.25029486032379,-4.17581490755376));
#7443=CARTESIAN_POINT('Ctrl Pts',(10.8682489345343,2.25360664197419,-4.20070253476928));
#7444=CARTESIAN_POINT('Ctrl Pts',(9.9359267941667,2.64501934397614,-4.25047778920031));
#7445=CARTESIAN_POINT('Ctrl Pts',(9.3556142035891,4.0499999999999,-4.32514067084684));
#7446=CARTESIAN_POINT('Ctrl Pts',(9.93592679416656,5.45498065602372,-4.39980355249339));
#7447=CARTESIAN_POINT('Ctrl Pts',(10.8682489345341,5.84639335802576,-4.44957880692442));
#7448=CARTESIAN_POINT('Ctrl Pts',(11.3372928082164,5.84970513967621,-4.47446643413993));
#7449=CARTESIAN_POINT('Ctrl Pts',(11.3380806458699,2.36187541234613,-4.11139224001669));
#7450=CARTESIAN_POINT('Ctrl Pts',(10.8981171883037,2.36498186568103,-4.1362798672322));
#7451=CARTESIAN_POINT('Ctrl Pts',(10.0235984162721,2.73212723388751,-4.18605512166323));
#7452=CARTESIAN_POINT('Ctrl Pts',(9.47926483012956,4.04999999999991,-4.26071800330977));
#7453=CARTESIAN_POINT('Ctrl Pts',(10.023598416272,5.36787276611235,-4.33538088495631));
#7454=CARTESIAN_POINT('Ctrl Pts',(10.8981171883035,5.73501813431893,-4.38515613938734));
#7455=CARTESIAN_POINT('Ctrl Pts',(11.3380806458697,5.73812458765387,-4.41004376660285));
#7456=CARTESIAN_POINT('Ctrl Pts',(11.3388684835232,2.47345596436847,-4.04696957247961));
#7457=CARTESIAN_POINT('Ctrl Pts',(10.9279854420732,2.47635708938787,-4.07185719969513));
#7458=CARTESIAN_POINT('Ctrl Pts',(10.1112700383775,2.81923512379889,-4.12163245412615));
#7459=CARTESIAN_POINT('Ctrl Pts',(9.60291545667001,4.04999999999991,-4.1962953357727));
#7460=CARTESIAN_POINT('Ctrl Pts',(10.1112700383774,5.28076487620099,-4.27095821741924));
#7461=CARTESIAN_POINT('Ctrl Pts',(10.927985442073,5.62364291061209,-4.32073347185026));
#7462=CARTESIAN_POINT('Ctrl Pts',(11.338868483523,5.62654403563153,-4.34562109906578));
#7463=CARTESIAN_POINT('Ctrl Pts',(11.3396563211764,2.5850365163908,-3.98254690494254));
#7464=CARTESIAN_POINT('Ctrl Pts',(10.9578536958426,2.5877323130947,-4.00743453215805));
#7465=CARTESIAN_POINT('Ctrl Pts',(10.198941660483,2.90634301371026,-4.05720978658908));
#7466=CARTESIAN_POINT('Ctrl Pts',(9.72656608321046,4.04999999999992,-4.13187266823562));
#7467=CARTESIAN_POINT('Ctrl Pts',(10.1989416604829,5.19365698628962,-4.20653554988216));
#7468=CARTESIAN_POINT('Ctrl Pts',(10.9578536958424,5.51226768690526,-4.25631080431319));
#7469=CARTESIAN_POINT('Ctrl Pts',(11.3396563211763,5.5149634836092,-4.2811984315287));
#7470=CARTESIAN_POINT('',(11.3372928082164,5.51494488881902,-4.28104436608724));
#7471=CARTESIAN_POINT('Ctrl Pts',(11.3372928246589,5.51494479532522,-4.28104436608724));
#7472=CARTESIAN_POINT('Ctrl Pts',(11.3372928185835,5.57058153808402,-4.31319648243591));
#7473=CARTESIAN_POINT('Ctrl Pts',(11.3372928144949,5.62671160682804,-4.34563024731849));
#7474=CARTESIAN_POINT('Ctrl Pts',(11.3372928119143,5.68232551853488,-4.37776329873588));
#7475=CARTESIAN_POINT('Ctrl Pts',(11.3372928093312,5.73799060251482,-4.40992591687915));
#7476=CARTESIAN_POINT('Ctrl Pts',(11.3372928082164,5.79405688750809,-4.4423178543831));
#7477=CARTESIAN_POINT('Ctrl Pts',(11.3372928082164,5.84970513967621,-4.47446643413993));
#7478=CARTESIAN_POINT('',(11.3372928082166,2.58505511118098,-3.98270097038399));
#7479=CARTESIAN_POINT('Ctrl Pts',(11.337292824659,2.58505520467478,-3.982700970384));
#7480=CARTESIAN_POINT('Ctrl Pts',(10.9562881678661,2.58839023268698,-4.00753724245236));
#7481=CARTESIAN_POINT('Ctrl Pts',(10.5778437216697,2.74759534427488,-4.03237351452072));
#7482=CARTESIAN_POINT('Ctrl Pts',(10.3099404064441,3.01729983627132,-4.05720978658908));
#7483=CARTESIAN_POINT('Ctrl Pts',(10.0414831347255,3.28756200914015,-4.08209741380459));
#7484=CARTESIAN_POINT('Ctrl Pts',(9.88402460896796,3.66878100457003,-4.10698504102011));
#7485=CARTESIAN_POINT('Ctrl Pts',(9.88402460896794,4.04999999999992,-4.13187266823562));
#7486=CARTESIAN_POINT('Ctrl Pts',(9.88402460896792,4.43121899542982,-4.15676029545113));
#7487=CARTESIAN_POINT('Ctrl Pts',(10.0414831347254,4.81243799085971,-4.18164792266665));
#7488=CARTESIAN_POINT('Ctrl Pts',(10.309940406444,5.08270016372857,-4.20653554988216));
#7489=CARTESIAN_POINT('Ctrl Pts',(10.5778437216696,5.35240465572503,-4.23137182195052));
#7490=CARTESIAN_POINT('Ctrl Pts',(10.956288167866,5.51160976731297,-4.25620809401888));
#7491=CARTESIAN_POINT('Ctrl Pts',(11.3372928246589,5.51494479532522,-4.28104436608724));
#7492=CARTESIAN_POINT('Ctrl Pts',(11.3372928082166,2.25029486032379,-4.17581490755376));
#7493=CARTESIAN_POINT('Ctrl Pts',(11.3372928082166,2.30594100907366,-4.14370923582594));
#7494=CARTESIAN_POINT('Ctrl Pts',(11.3372928093313,2.36200758812868,-4.11136300363052));
#7495=CARTESIAN_POINT('Ctrl Pts',(11.3372928119145,2.41767448108713,-4.07925004028121));
#7496=CARTESIAN_POINT('Ctrl Pts',(11.337292814495,2.4732855044454,-4.04716930683243));
#7497=CARTESIAN_POINT('Ctrl Pts',(11.3372928185833,2.52941601868783,-4.01479158336737));
#7498=CARTESIAN_POINT('Ctrl Pts',(11.337292824659,2.58505520467478,-3.982700970384));
#7499=CARTESIAN_POINT('Origin',(11.35,4.05,-4.5));
#7500=CARTESIAN_POINT('',(11.3372928082166,2.58505511118098,-4.5));
#7501=CARTESIAN_POINT('Origin',(11.35,4.05,-4.5));
#7502=CARTESIAN_POINT('',(11.3372928082166,2.05004036858816,-4.5));
#7503=CARTESIAN_POINT('',(11.3372928082164,5.43754656106878,-4.5));
#7504=CARTESIAN_POINT('',(9.35,4.05,-4.5));
#7505=CARTESIAN_POINT('Origin',(11.35,4.05,-4.5));
#7506=CARTESIAN_POINT('',(11.3372928082164,6.04995963141184,-4.5));
#7507=CARTESIAN_POINT('Origin',(11.35,4.05,-4.5));
#7508=CARTESIAN_POINT('',(11.3372928082164,5.43754656106878,-4.5));
#7509=CARTESIAN_POINT('Origin',(11.35,4.05,0.));
#7510=CARTESIAN_POINT('',(9.35,4.05,0.));
#7511=CARTESIAN_POINT('',(13.35,4.05,0.));
#7512=CARTESIAN_POINT('Origin',(11.35,4.05,0.));
#7513=CARTESIAN_POINT('Origin',(11.35,4.05,0.));
#7514=CARTESIAN_POINT('Origin',(11.35,4.05,0.));
#7515=CARTESIAN_POINT('Origin',(11.35,4.05,0.));
#7516=CARTESIAN_POINT('',(11.3372928082166,2.58505511118098,0.));
#7517=CARTESIAN_POINT('Origin',(11.35,4.05,0.));
#7518=CARTESIAN_POINT('',(11.3372928082164,5.51494488881902,0.));
#7519=CARTESIAN_POINT('',(11.3372928082166,2.58505511118098,-1.5));
#7520=CARTESIAN_POINT('Ctrl Pts',(11.343976475945,2.58501238327488,-1.41851996370813));
#7521=CARTESIAN_POINT('Ctrl Pts',(11.3394474702582,2.58503100498498,-1.44594057587204));
#7522=CARTESIAN_POINT('Ctrl Pts',(11.3372928082166,2.58505511118098,-1.47335455591478));
#7523=CARTESIAN_POINT('Ctrl Pts',(11.3372928082166,2.58505511118098,-1.5));
#7524=CARTESIAN_POINT('',(11.3372928082166,2.58505511118098,0.));
#7525=CARTESIAN_POINT('Origin',(11.35,4.05,0.));
#7526=CARTESIAN_POINT('',(11.3372928082164,5.51494488881902,0.));
#7527=CARTESIAN_POINT('',(11.3372928082166,2.58505511118098,0.));
#7528=CARTESIAN_POINT('Origin',(11.35,4.05,0.));
#7529=CARTESIAN_POINT('',(11.3372928082164,5.51494488881902,0.));
#7530=CARTESIAN_POINT('',(11.3372928082166,2.58505511118098,0.));
#7531=CARTESIAN_POINT('Origin',(11.35,4.05,0.));
#7532=CARTESIAN_POINT('',(11.3372928082164,5.51494488881902,0.));
#7533=CARTESIAN_POINT('',(11.3372928082166,2.58505511118098,0.));
#7534=CARTESIAN_POINT('Origin',(11.8372928082164,5.43754656106878,-1.5));
#7535=CARTESIAN_POINT('',(11.3372928082164,6.04995963141184,-1.5));
#7536=CARTESIAN_POINT('',(11.3372928082164,5.43754656106876,-1.5));
#7537=CARTESIAN_POINT('',(11.8372928082164,5.98972825907666,-1.));
#7538=CARTESIAN_POINT('Ctrl Pts',(11.3372928082164,6.04995963141184,-1.5));
#7539=CARTESIAN_POINT('Ctrl Pts',(11.3372928082164,6.04995963141184,-1.43718341200348));
#7540=CARTESIAN_POINT('Ctrl Pts',(11.3498549607555,6.05016297601575,-1.37018587068025));
#7541=CARTESIAN_POINT('Ctrl Pts',(11.4009175539792,6.04951477997254,-1.24697035814025));
#7542=CARTESIAN_POINT('Ctrl Pts',(11.4394187538542,6.0484950035825,-1.19075364400822));
#7543=CARTESIAN_POINT('Ctrl Pts',(11.5286955734408,6.04250925428005,-1.1015042613598));
#7544=CARTESIAN_POINT('Ctrl Pts',(11.5855295257013,6.03706432965711,-1.06288271581991));
#7545=CARTESIAN_POINT('Ctrl Pts',(11.7090231875865,6.0185022632752,-1.01214431564144));
#7546=CARTESIAN_POINT('Ctrl Pts',(11.7756459801412,6.00521499327762,-1.));
#7547=CARTESIAN_POINT('Ctrl Pts',(11.8372928082164,5.98972825907666,-1.));
#7548=CARTESIAN_POINT('',(11.8372928082164,5.43754656106878,-1.));
#7549=CARTESIAN_POINT('Origin',(11.8372928082164,5.43754656106878,-1.5));
#7550=CARTESIAN_POINT('',(11.8372928082166,2.11027174092339,-1.));
#7551=CARTESIAN_POINT('',(11.8372928082164,5.43754656106878,-1.));
#7552=CARTESIAN_POINT('',(11.3372928082166,2.05004036858816,-1.5));
#7553=CARTESIAN_POINT('Ctrl Pts',(11.8372928082166,2.11027174092339,-1.));
#7554=CARTESIAN_POINT('Ctrl Pts',(11.7756459801414,2.09478500672242,-1.));
#7555=CARTESIAN_POINT('Ctrl Pts',(11.7090231875867,2.08149773672484,-1.01214431564144));
#7556=CARTESIAN_POINT('Ctrl Pts',(11.5855295257015,2.06293567034292,-1.06288271581991));
#7557=CARTESIAN_POINT('Ctrl Pts',(11.528695573441,2.05749074571997,-1.1015042613598));
#7558=CARTESIAN_POINT('Ctrl Pts',(11.4394187538545,2.05150499641751,-1.19075364400822));
#7559=CARTESIAN_POINT('Ctrl Pts',(11.4009175539794,2.05048522002747,-1.24697035814025));
#7560=CARTESIAN_POINT('Ctrl Pts',(11.3498549607557,2.04983702398425,-1.37018587068025));
#7561=CARTESIAN_POINT('Ctrl Pts',(11.3372928082166,2.05004036858816,-1.43718341200348));
#7562=CARTESIAN_POINT('Ctrl Pts',(11.3372928082166,2.05004036858816,-1.5));
#7563=CARTESIAN_POINT('',(11.3372928082164,5.43754656106876,-1.5));
#7564=CARTESIAN_POINT('Origin',(12.731207511707,4.05000000000001,-1.));
#7565=CARTESIAN_POINT('Origin',(11.35,4.05,-1.));
#7566=CARTESIAN_POINT('Origin',(11.3372928082164,6.82509312213757,-4.5));
#7567=CARTESIAN_POINT('',(11.3372928082164,6.04995963141184,0.));
#7568=CARTESIAN_POINT('',(11.3372928082164,5.51494488881902,0.));
#7569=CARTESIAN_POINT('Origin',(11.3372928082164,6.82509312213757,-4.5));
#7570=CARTESIAN_POINT('',(11.3372928082166,2.58505511118098,0.));
#7571=CARTESIAN_POINT('',(11.3372928082166,2.05004036858816,0.));
#7572=CARTESIAN_POINT('Origin',(11.35,4.05,0.));
#7573=CARTESIAN_POINT('',(9.35,4.05,0.));
#7574=CARTESIAN_POINT('Origin',(11.35,4.05,0.));
#7575=CARTESIAN_POINT('Origin',(4.15,4.05,0.));
#7576=CARTESIAN_POINT('',(2.68394443128638,4.05095694039416,-0.531872668235625));
#7577=CARTESIAN_POINT('',(2.68339416658464,4.05087105872866,-0.368127331764376));
#7578=CARTESIAN_POINT('',(2.685,4.05,0.));
#7579=CARTESIAN_POINT('',(5.25772034447533,5.00873908777908,-1.38777878078145E-16));
#7580=CARTESIAN_POINT('Ctrl Pts',(2.68339416658464,4.05087105872866,-0.368127331764376));
#7581=CARTESIAN_POINT('Ctrl Pts',(2.68651760157782,3.62382592534805,-0.340198742350686));
#7582=CARTESIAN_POINT('Ctrl Pts',(2.88407170872932,3.19436814424796,-0.312270152936996));
#7583=CARTESIAN_POINT('Ctrl Pts',(3.21212981783727,2.92161611019274,-0.284341563523305));
#7584=CARTESIAN_POINT('Ctrl Pts',(3.58323721721432,2.61307230279146,-0.25274805646516));
#7585=CARTESIAN_POINT('Ctrl Pts',(4.12134655126514,2.50505999280531,-0.221154549407015));
#7586=CARTESIAN_POINT('Ctrl Pts',(4.58244937634272,2.64754795248138,-0.18956104234887));
#7587=CARTESIAN_POINT('Ctrl Pts',(5.04355220142029,2.79003591215746,-0.157967535290725));
#7588=CARTESIAN_POINT('Ctrl Pts',(5.42764851752461,3.18302414149577,-0.12637402823258));
#7589=CARTESIAN_POINT('Ctrl Pts',(5.56048940495096,3.64607860442606,-0.0947805211744351));
#7590=CARTESIAN_POINT('Ctrl Pts',(5.69333029237731,4.10913306735636,-0.06318701411629));
#7591=CARTESIAN_POINT('Ctrl Pts',(5.57491575112567,4.64225376387865,-0.0315935070581449));
#7592=CARTESIAN_POINT('Ctrl Pts',(5.25772034447533,5.00873908777908,1.38777878078145E-16));
#7593=CARTESIAN_POINT('',(3.04042186851602,5.00955603290307,-3.81639164714898E-16));
#7594=CARTESIAN_POINT('Origin',(4.15,4.05,0.));
#7595=CARTESIAN_POINT('Ctrl Pts',(3.04042186851602,5.00955603290307,-3.81639164714898E-16));
#7596=CARTESIAN_POINT('Ctrl Pts',(3.32236012951052,5.33169462311102,-0.0279915187636871));
#7597=CARTESIAN_POINT('Ctrl Pts',(3.75469495144989,5.52616439118098,-0.0559830375273738));
#7598=CARTESIAN_POINT('Ctrl Pts',(4.1823607431874,5.51666432533021,-0.0839745562910604));
#7599=CARTESIAN_POINT('Ctrl Pts',(4.65300789987027,5.50620948169448,-0.114779285057981));
#7600=CARTESIAN_POINT('Ctrl Pts',(5.11800037001139,5.24872572093273,-0.145584013824902));
#7601=CARTESIAN_POINT('Ctrl Pts',(5.37632326813059,4.85532088062659,-0.176388742591823));
#7602=CARTESIAN_POINT('Ctrl Pts',(5.63464616624979,4.46191604032044,-0.207193471358744));
#7603=CARTESIAN_POINT('Ctrl Pts',(5.68629949234707,3.93259012046988,-0.237998200125665));
#7604=CARTESIAN_POINT('Ctrl Pts',(5.50878431793706,3.49663329020434,-0.268802928892586));
#7605=CARTESIAN_POINT('Ctrl Pts',(5.33126914352706,3.0606764599388,-0.299607657659507));
#7606=CARTESIAN_POINT('Ctrl Pts',(4.92458546860978,2.71808871925828,-0.330412386426428));
#7607=CARTESIAN_POINT('Ctrl Pts',(4.46485818575776,2.61708272615506,-0.361217115193348));
#7608=CARTESIAN_POINT('Ctrl Pts',(4.00513090290575,2.51607673305183,-0.392021843960269));
#7609=CARTESIAN_POINT('Ctrl Pts',(3.49236001211901,2.65665248752591,-0.422826572727189));
#7610=CARTESIAN_POINT('Ctrl Pts',(3.1484163148079,2.97798427605799,-0.45363130149411));
#7611=CARTESIAN_POINT('Ctrl Pts',(2.85722049264083,3.25003599580611,-0.479711757074615));
#7612=CARTESIAN_POINT('Ctrl Pts',(2.6870393261758,3.65165291638042,-0.50579221265512));
#7613=CARTESIAN_POINT('Ctrl Pts',(2.68394443128638,4.05095694039416,-0.531872668235625));
#7614=CARTESIAN_POINT('Origin',(4.15,4.05,0.));
#7615=CARTESIAN_POINT('',(2.685,4.05,-1.));
#7616=CARTESIAN_POINT('',(2.68471747961754,4.04871058014926,-0.968127331764376));
#7617=CARTESIAN_POINT('',(2.685,4.05,0.));
#7618=CARTESIAN_POINT('',(2.76813894912813,4.52961912332693,-1.));
#7619=CARTESIAN_POINT('Origin',(4.15,4.05,-1.));
#7620=CARTESIAN_POINT('Ctrl Pts',(2.76813894912813,4.52961912332693,-1.));
#7621=CARTESIAN_POINT('Ctrl Pts',(2.71490670195817,4.37492606294032,-0.989375777254792));
#7622=CARTESIAN_POINT('Ctrl Pts',(2.68621432237579,4.21159269791017,-0.978751554509584));
#7623=CARTESIAN_POINT('Ctrl Pts',(2.68471747961754,4.04871058014926,-0.968127331764376));
#7624=CARTESIAN_POINT('Origin',(4.15,4.05,1.32514067084685));
#7625=CARTESIAN_POINT('',(2.34895323563663,4.05117559964125,-0.725140670846853));
#7626=CARTESIAN_POINT('',(2.34990292419227,4.04841594991377,-0.77485932915315));
#7627=CARTESIAN_POINT('',(2.35025,4.05000000000003,1.32514067084685));
#7628=CARTESIAN_POINT('',(4.08253461576768,2.25151494739868,-1.2284398150053));
#7629=CARTESIAN_POINT('Ctrl Pts',(2.34990292419227,4.04841594991377,-0.77485932915315));
#7630=CARTESIAN_POINT('Ctrl Pts',(2.3541987436651,4.51587465216957,-0.79967879620462));
#7631=CARTESIAN_POINT('Ctrl Pts',(2.77839105835353,5.58525322545818,-0.856091770314234));
#7632=CARTESIAN_POINT('Ctrl Pts',(4.57442422037635,6.13026538586475,-0.944098251481992));
#7633=CARTESIAN_POINT('Ctrl Pts',(6.12571475650952,4.83217314486639,-1.03887877265643));
#7634=CARTESIAN_POINT('Ctrl Pts',(5.88144397976098,2.82171346799629,-1.13365929383086));
#7635=CARTESIAN_POINT('Ctrl Pts',(4.67755697887581,2.22919426572504,-1.19684630794715));
#7636=CARTESIAN_POINT('Ctrl Pts',(4.08253461576768,2.25151494739868,-1.2284398150053));
#7637=CARTESIAN_POINT('',(4.04754478937116,2.25508897576009,-1.18058833341805));
#7638=CARTESIAN_POINT('Ctrl Pts',(4.04738392262979,2.25317780424296,-1.18058833341805));
#7639=CARTESIAN_POINT('Ctrl Pts',(4.05987753504235,2.25246429708516,-1.19563475307673));
#7640=CARTESIAN_POINT('Ctrl Pts',(4.07167266630175,2.25192240454889,-1.21164742600406));
#7641=CARTESIAN_POINT('Ctrl Pts',(4.08253461576768,2.25151494739868,-1.2284398150053));
#7642=CARTESIAN_POINT('Ctrl Pts',(2.34895323563663,4.05117559964125,-0.725140670846853));
#7643=CARTESIAN_POINT('Ctrl Pts',(2.34826451944847,4.14003391475864,-0.729864944033269));
#7644=CARTESIAN_POINT('Ctrl Pts',(2.39373775944046,4.80759369498993,-0.765393945986605));
#7645=CARTESIAN_POINT('Ctrl Pts',(3.22537857822396,5.94241876869255,-0.831727676706862));
#7646=CARTESIAN_POINT('Ctrl Pts',(5.1834520779829,5.88475240140823,-0.924141863007626));
#7647=CARTESIAN_POINT('Ctrl Pts',(6.24880081416092,4.23955152333236,-1.01655604930839));
#7648=CARTESIAN_POINT('Ctrl Pts',(5.54995297049002,2.56435136317145,-1.10203820611186));
#7649=CARTESIAN_POINT('Ctrl Pts',(4.49708130941974,2.23249210191605,-1.15671563414842));
#7650=CARTESIAN_POINT('Ctrl Pts',(4.04754478937116,2.25508897576009,-1.18058833341805));
#7651=CARTESIAN_POINT('Origin',(4.15,4.05,1.32514067084685));
#7652=CARTESIAN_POINT('',(2.3523197028796,4.04841569870524,-0.125140670846853));
#7653=CARTESIAN_POINT('',(2.34827723638956,4.05107009416175,-0.174859329153151));
#7654=CARTESIAN_POINT('',(2.35025,4.05000000000003,1.32514067084685));
#7655=CARTESIAN_POINT('',(3.68675180482844,2.3108906957381,0.));
#7656=CARTESIAN_POINT('Ctrl Pts',(3.68675180482844,2.3108906957381,0.));
#7657=CARTESIAN_POINT('Ctrl Pts',(3.12573885550728,2.46032824725026,-0.0308047287669208));
#7658=CARTESIAN_POINT('Ctrl Pts',(2.47702108257299,3.05608181816446,-0.0725182857158717));
#7659=CARTESIAN_POINT('Ctrl Pts',(2.35116894909665,3.84231658820687,-0.114231842664823));
#7660=CARTESIAN_POINT('Ctrl Pts',(2.3523197028796,4.04841569870524,-0.125140670846853));
#7661=CARTESIAN_POINT('',(4.61437886103493,2.30796856425976,-1.9020449690178E-16));
#7662=CARTESIAN_POINT('Origin',(4.15,4.05,0.));
#7663=CARTESIAN_POINT('Ctrl Pts',(4.61438221179535,2.30795990444007,-1.43656787854329E-16));
#7664=CARTESIAN_POINT('Ctrl Pts',(4.06340319055598,2.16280018077093,-0.0303578536373595));
#7665=CARTESIAN_POINT('Ctrl Pts',(2.85861404757394,2.42537928579212,-0.0886442966884094));
#7666=CARTESIAN_POINT('Ctrl Pts',(2.35211437094857,3.52644587654961,-0.14693073973946));
#7667=CARTESIAN_POINT('Ctrl Pts',(2.34827723638956,4.05107009416175,-0.17485932915315));
#7668=CARTESIAN_POINT('Origin',(4.15,4.05,1.32514067084685));
#7669=CARTESIAN_POINT('Ctrl Pts',(2.34827723638956,4.05107009416175,-0.17485932915315));
#7670=CARTESIAN_POINT('Ctrl Pts',(2.34777370998724,4.1199136910708,-0.178524246797605));
#7671=CARTESIAN_POINT('Ctrl Pts',(2.38249974190624,4.78173408429774,-0.213782671500204));
#7672=CARTESIAN_POINT('Ctrl Pts',(3.2012867248783,5.95011004192929,-0.280634603260948));
#7673=CARTESIAN_POINT('Ctrl Pts',(5.22249337873785,5.88280958811085,-0.375415124435383));
#7674=CARTESIAN_POINT('Ctrl Pts',(6.27111425673953,4.15373181463517,-0.470195645609817));
#7675=CARTESIAN_POINT('Ctrl Pts',(5.39609939670349,2.33037147236781,-0.564976166784254));
#7676=CARTESIAN_POINT('Ctrl Pts',(3.3911611447979,2.06667031849388,-0.659756687958688));
#7677=CARTESIAN_POINT('Ctrl Pts',(2.41901862069075,3.19947964302139,-0.729717742081654));
#7678=CARTESIAN_POINT('Ctrl Pts',(2.34873045530282,3.92083126229809,-0.768085289146475));
#7679=CARTESIAN_POINT('Ctrl Pts',(2.34990292419227,4.04841594991377,-0.77485932915315));
#7680=CARTESIAN_POINT('Ctrl Pts',(2.3523197028796,4.04841569870524,-0.125140670846853));
#7681=CARTESIAN_POINT('Ctrl Pts',(2.35441848768776,4.42430643093484,-0.145036571431744));
#7682=CARTESIAN_POINT('Ctrl Pts',(2.64850714034099,5.386297312933,-0.195737200783555));
#7683=CARTESIAN_POINT('Ctrl Pts',(4.19670189054952,6.15526922396627,-0.277242558902287));
#7684=CARTESIAN_POINT('Ctrl Pts',(5.91042925874708,5.20631414185511,-0.369656745203049));
#7685=CARTESIAN_POINT('Ctrl Pts',(6.10079732764178,3.25548617410556,-0.462070931503813));
#7686=CARTESIAN_POINT('Ctrl Pts',(4.60196672573247,1.99288080968963,-0.554485117804574));
#7687=CARTESIAN_POINT('Ctrl Pts',(2.80876077633183,2.48448687351599,-0.642175030918922));
#7688=CARTESIAN_POINT('Ctrl Pts',(2.35275530872688,3.56063128754655,-0.699060215266348));
#7689=CARTESIAN_POINT('Ctrl Pts',(2.34895323563663,4.05117559964125,-0.725140670846853));
#7690=CARTESIAN_POINT('Origin',(4.15,4.05,1.32514067084685));
#7691=CARTESIAN_POINT('',(4.16270719178773,2.25029486032382,-1.77446643413971));
#7692=CARTESIAN_POINT('',(4.16270719178773,2.25029486032382,-1.82418509244601));
#7693=CARTESIAN_POINT('',(4.16270719178772,2.25029486032382,1.32514067084685));
#7694=CARTESIAN_POINT('',(4.16270719178782,5.84970513967618,-1.475814907554));
#7695=CARTESIAN_POINT('Ctrl Pts',(4.16270719178782,5.84970513967618,-1.475814907554));
#7696=CARTESIAN_POINT('Ctrl Pts',(4.63175106546941,5.84639335802463,-1.50070253476947));
#7697=CARTESIAN_POINT('Ctrl Pts',(5.56406666153743,5.45512802036347,-1.55047778920042));
#7698=CARTESIAN_POINT('Ctrl Pts',(6.14439542905726,4.04999999999994,-1.62514067084685));
#7699=CARTESIAN_POINT('Ctrl Pts',(5.56406666153735,2.64487197963645,-1.69980355249328));
#7700=CARTESIAN_POINT('Ctrl Pts',(4.63175106546931,2.25360664197534,-1.74957880692423));
#7701=CARTESIAN_POINT('Ctrl Pts',(4.16270719178772,2.25029486032382,-1.77446643413971));
#7702=CARTESIAN_POINT('',(4.16270719178782,5.84970513967618,-1.52553356586029));
#7703=CARTESIAN_POINT('',(4.16270719178782,5.84970513967618,1.32514067084685));
#7704=CARTESIAN_POINT('Ctrl Pts',(4.16270719178782,5.84970513967618,-1.52553356586029));
#7705=CARTESIAN_POINT('Ctrl Pts',(4.63175106546941,5.84639335802464,-1.55042119307577));
#7706=CARTESIAN_POINT('Ctrl Pts',(5.56406671067895,5.45512705716307,-1.60019644750672));
#7707=CARTESIAN_POINT('Ctrl Pts',(6.14439535978924,4.04999999999994,-1.67485932915315));
#7708=CARTESIAN_POINT('Ctrl Pts',(5.56406671067887,2.64487294283686,-1.74952221079958));
#7709=CARTESIAN_POINT('Ctrl Pts',(4.63175106546931,2.25360664197534,-1.79929746523053));
#7710=CARTESIAN_POINT('Ctrl Pts',(4.16270719178772,2.25029486032382,-1.82418509244601));
#7711=CARTESIAN_POINT('Origin',(4.15,4.05,1.32514067084685));
#7712=CARTESIAN_POINT('',(4.16270719178773,2.25029486032382,-2.37446643413971));
#7713=CARTESIAN_POINT('',(4.16270719178773,2.25029486032382,-2.42418509244601));
#7714=CARTESIAN_POINT('',(4.16270719178772,2.25029486032382,1.32514067084685));
#7715=CARTESIAN_POINT('',(4.16270719178782,5.84970513967618,-2.075814907554));
#7716=CARTESIAN_POINT('Ctrl Pts',(4.16270719178782,5.84970513967618,-2.075814907554));
#7717=CARTESIAN_POINT('Ctrl Pts',(4.63175106546941,5.84639335802464,-2.10070253476947));
#7718=CARTESIAN_POINT('Ctrl Pts',(5.56406724064815,5.45511655319324,-2.15047778920042));
#7719=CARTESIAN_POINT('Ctrl Pts',(6.14439461053167,4.04999999999994,-2.22514067084686));
#7720=CARTESIAN_POINT('Ctrl Pts',(5.56406724064807,2.64488344680669,-2.29980355249328));
#7721=CARTESIAN_POINT('Ctrl Pts',(4.63175106546931,2.25360664197534,-2.34957880692423));
#7722=CARTESIAN_POINT('Ctrl Pts',(4.16270719178772,2.25029486032382,-2.37446643413971));
#7723=CARTESIAN_POINT('',(4.16270719178782,5.84970513967618,-2.12553356586029));
#7724=CARTESIAN_POINT('',(4.16270719178782,5.84970513967618,1.32514067084685));
#7725=CARTESIAN_POINT('Ctrl Pts',(4.16270719178782,5.84970513967618,-2.12553356586029));
#7726=CARTESIAN_POINT('Ctrl Pts',(4.63175106546941,5.84639335802464,-2.15042119307577));
#7727=CARTESIAN_POINT('Ctrl Pts',(5.56406728730656,5.45511561807317,-2.20019644750672));
#7728=CARTESIAN_POINT('Ctrl Pts',(6.14439454436651,4.04999999999994,-2.27485932915315));
#7729=CARTESIAN_POINT('Ctrl Pts',(5.56406728730647,2.64488438192675,-2.34952221079958));
#7730=CARTESIAN_POINT('Ctrl Pts',(4.63175106546931,2.25360664197534,-2.39929746523053));
#7731=CARTESIAN_POINT('Ctrl Pts',(4.16270719178772,2.25029486032382,-2.42418509244601));
#7732=CARTESIAN_POINT('Origin',(4.15,4.05,1.32514067084685));
#7733=CARTESIAN_POINT('',(4.16270719178773,2.25029486032382,-2.97446643413971));
#7734=CARTESIAN_POINT('',(4.16270719178773,2.25029486032382,-3.02418509244601));
#7735=CARTESIAN_POINT('',(4.16270719178772,2.25029486032382,1.32514067084685));
#7736=CARTESIAN_POINT('',(4.16270719178782,5.84970513967618,-2.675814907554));
#7737=CARTESIAN_POINT('Ctrl Pts',(4.1627071917878,5.84970513967618,-2.675814907554));
#7738=CARTESIAN_POINT('Ctrl Pts',(4.6317510654694,5.84639335802464,-2.70070253476947));
#7739=CARTESIAN_POINT('Ctrl Pts',(5.56406779077617,5.45510541812523,-2.75047778920043));
#7740=CARTESIAN_POINT('Ctrl Pts',(6.14439382825187,4.04999999999995,-2.82514067084685));
#7741=CARTESIAN_POINT('Ctrl Pts',(5.5640677907761,2.6448945818747,-2.89980355249328));
#7742=CARTESIAN_POINT('Ctrl Pts',(4.63175106546931,2.25360664197534,-2.94957880692423));
#7743=CARTESIAN_POINT('Ctrl Pts',(4.16270719178772,2.25029486032382,-2.97446643413971));
#7744=CARTESIAN_POINT('',(4.16270719178782,5.84970513967618,-2.72553356586029));
#7745=CARTESIAN_POINT('',(4.16270719178782,5.84970513967618,1.32514067084685));
#7746=CARTESIAN_POINT('Ctrl Pts',(4.1627071917878,5.84970513967618,-2.72553356586029));
#7747=CARTESIAN_POINT('Ctrl Pts',(4.6317510654694,5.84639335802464,-2.75042119307577));
#7748=CARTESIAN_POINT('Ctrl Pts',(5.56406783512612,5.45510450987523,-2.80019644750672));
#7749=CARTESIAN_POINT('Ctrl Pts',(6.14439376497654,4.04999999999995,-2.87485932915315));
#7750=CARTESIAN_POINT('Ctrl Pts',(5.56406783512606,2.6448954901247,-2.94952221079958));
#7751=CARTESIAN_POINT('Ctrl Pts',(4.63175106546931,2.25360664197534,-2.99929746523053));
#7752=CARTESIAN_POINT('Ctrl Pts',(4.16270719178772,2.25029486032382,-3.02418509244601));
#7753=CARTESIAN_POINT('Origin',(4.15,4.05,1.32514067084685));
#7754=CARTESIAN_POINT('',(4.16270719178773,2.25029486032382,-3.57446643413971));
#7755=CARTESIAN_POINT('',(4.16270719178773,2.25029486032382,-3.62418509244601));
#7756=CARTESIAN_POINT('',(4.16270719178772,2.25029486032382,1.32514067084685));
#7757=CARTESIAN_POINT('',(4.16270719178782,5.84970513967618,-3.275814907554));
#7758=CARTESIAN_POINT('Ctrl Pts',(4.16270719178782,5.84970513967618,-3.275814907554));
#7759=CARTESIAN_POINT('Ctrl Pts',(4.63175106546941,5.84639335802464,-3.30070253476947));
#7760=CARTESIAN_POINT('Ctrl Pts',(5.56406831393982,5.45509460093828,-3.35047778920042));
#7761=CARTESIAN_POINT('Ctrl Pts',(6.14439307975579,4.04999999999994,-3.42514067084686));
#7762=CARTESIAN_POINT('Ctrl Pts',(5.56406831393973,2.64490539906163,-3.49980355249328));
#7763=CARTESIAN_POINT('Ctrl Pts',(4.6317510654693,2.25360664197533,-3.54957880692424));
#7764=CARTESIAN_POINT('Ctrl Pts',(4.16270719178771,2.25029486032382,-3.57446643413971));
#7765=CARTESIAN_POINT('',(4.16270719178782,5.84970513967618,-3.32553356586029));
#7766=CARTESIAN_POINT('',(4.16270719178782,5.84970513967618,1.32514067084685));
#7767=CARTESIAN_POINT('Ctrl Pts',(4.16270719178782,5.84970513967618,-3.32553356586029));
#7768=CARTESIAN_POINT('Ctrl Pts',(4.63175106546941,5.84639335802464,-3.35042119307577));
#7769=CARTESIAN_POINT('Ctrl Pts',(5.56406835614013,5.45509371841662,-3.40019644750672));
#7770=CARTESIAN_POINT('Ctrl Pts',(6.1443930191765,4.04999999999995,-3.47485932915315));
#7771=CARTESIAN_POINT('Ctrl Pts',(5.56406835614005,2.6449062815833,-3.54952221079958));
#7772=CARTESIAN_POINT('Ctrl Pts',(4.63175106546931,2.25360664197534,-3.59929746523053));
#7773=CARTESIAN_POINT('Ctrl Pts',(4.16270719178772,2.25029486032382,-3.62418509244601));
#7774=CARTESIAN_POINT('Origin',(4.15,4.05,1.32514067084685));
#7775=CARTESIAN_POINT('',(4.16270719178773,2.25029486032382,-4.17446643413971));
#7776=CARTESIAN_POINT('',(4.16270719178773,2.25029486032382,-4.22418509244601));
#7777=CARTESIAN_POINT('',(4.16270719178772,2.25029486032382,1.32514067084685));
#7778=CARTESIAN_POINT('',(4.16270719178782,5.84970513967618,-3.875814907554));
#7779=CARTESIAN_POINT('Ctrl Pts',(4.16270719178782,5.84970513967618,-3.875814907554));
#7780=CARTESIAN_POINT('Ctrl Pts',(4.63175106546941,5.84639335802464,-3.90070253476947));
#7781=CARTESIAN_POINT('Ctrl Pts',(5.56406881197598,5.4550840882118,-3.95047778920042));
#7782=CARTESIAN_POINT('Ctrl Pts',(6.14439236280148,4.04999999999995,-4.02514067084686));
#7783=CARTESIAN_POINT('Ctrl Pts',(5.56406881197591,2.64491591178813,-4.09980355249328));
#7784=CARTESIAN_POINT('Ctrl Pts',(4.63175106546931,2.25360664197534,-4.14957880692423));
#7785=CARTESIAN_POINT('Ctrl Pts',(4.16270719178772,2.25029486032382,-4.17446643413971));
#7786=CARTESIAN_POINT('',(4.16270719178782,5.84970513967618,-3.92553356586029));
#7787=CARTESIAN_POINT('',(4.16270719178782,5.84970513967618,1.32514067084685));
#7788=CARTESIAN_POINT('Ctrl Pts',(4.16270719178782,5.84970513967618,-3.92553356586029));
#7789=CARTESIAN_POINT('Ctrl Pts',(4.63175106546941,5.84639335802464,-3.95042119307577));
#7790=CARTESIAN_POINT('Ctrl Pts',(5.56406885217137,5.45508323034054,-4.00019644750672));
#7791=CARTESIAN_POINT('Ctrl Pts',(6.14439230474157,4.04999999999995,-4.07485932915315));
#7792=CARTESIAN_POINT('Ctrl Pts',(5.5640688521713,2.6449167696594,-4.14952221079958));
#7793=CARTESIAN_POINT('Ctrl Pts',(4.63175106546931,2.25360664197534,-4.19929746523053));
#7794=CARTESIAN_POINT('Ctrl Pts',(4.16270719178772,2.25029486032382,-4.22418509244601));
#7795=CARTESIAN_POINT('Ctrl Pts',(3.68675180482844,2.3108906957381,0.));
#7796=CARTESIAN_POINT('Ctrl Pts',(3.12573885550728,2.46032824725026,-0.0308047287669208));
#7797=CARTESIAN_POINT('Ctrl Pts',(2.1676055049528,3.34023533292006,-0.0924141863007623));
#7798=CARTESIAN_POINT('Ctrl Pts',(2.4412938857505,5.28337668724788,-0.184828372601525));
#7799=CARTESIAN_POINT('Ctrl Pts',(4.19670189054952,6.15526922396627,-0.277242558902287));
#7800=CARTESIAN_POINT('Ctrl Pts',(5.91042925874708,5.20631414185511,-0.369656745203049));
#7801=CARTESIAN_POINT('Ctrl Pts',(6.10079732764178,3.25548617410556,-0.462070931503813));
#7802=CARTESIAN_POINT('Ctrl Pts',(4.60196672573247,1.99288080968963,-0.554485117804574));
#7803=CARTESIAN_POINT('Ctrl Pts',(2.71215223284488,2.51097203313275,-0.646899304105338));
#7804=CARTESIAN_POINT('Ctrl Pts',(2.06676125446009,4.36141413287303,-0.7393134904061));
#7805=CARTESIAN_POINT('Ctrl Pts',(3.22537857822396,5.94241876869255,-0.831727676706862));
#7806=CARTESIAN_POINT('Ctrl Pts',(5.1834520779829,5.88475240140823,-0.924141863007626));
#7807=CARTESIAN_POINT('Ctrl Pts',(6.24880081416092,4.23955152333236,-1.01655604930839));
#7808=CARTESIAN_POINT('Ctrl Pts',(5.49328109828188,2.42850386752631,-1.10897023560915));
#7809=CARTESIAN_POINT('Ctrl Pts',(4.22037598129468,2.16023430159589,-1.17057969314299));
#7810=CARTESIAN_POINT('Ctrl Pts',(3.66158840295614,2.31778922345661,-1.20138442190991));
#7811=CARTESIAN_POINT('Ctrl Pts',(3.71547289263391,2.41871434524529,0.0644226675370757));
#7812=CARTESIAN_POINT('Ctrl Pts',(3.18924238250064,2.55888686543481,0.0336179387701549));
#7813=CARTESIAN_POINT('Ctrl Pts',(2.29051267858192,3.38424028218246,-0.0279915187636866));
#7814=CARTESIAN_POINT('Ctrl Pts',(2.54723255718543,5.20690813216037,-0.120405705064449));
#7815=CARTESIAN_POINT('Ctrl Pts',(4.19380640360939,6.02474389679625,-0.212819891365212));
#7816=CARTESIAN_POINT('Ctrl Pts',(5.80128378588223,5.13462341462707,-0.305234077665974));
#7817=CARTESIAN_POINT('Ctrl Pts',(5.97984915790931,3.30474551627682,-0.397648263966737));
#7818=CARTESIAN_POINT('Ctrl Pts',(4.57394508171914,2.12042086598567,-0.490062450267499));
#7819=CARTESIAN_POINT('Ctrl Pts',(2.80129786234067,2.60639076942183,-0.582476636568262));
#7820=CARTESIAN_POINT('Ctrl Pts',(2.19592070624867,4.34210665850544,-0.674890822869024));
#7821=CARTESIAN_POINT('Ctrl Pts',(3.28270450699917,5.82509003177171,-0.767305009169786));
#7822=CARTESIAN_POINT('Ctrl Pts',(5.11937871907105,5.77099894187748,-0.859719195470549));
#7823=CARTESIAN_POINT('Ctrl Pts',(6.11867652420576,4.22779945176029,-0.952133381771311));
#7824=CARTESIAN_POINT('Ctrl Pts',(5.4099985409545,2.52903557662397,-1.04454756807207));
#7825=CARTESIAN_POINT('Ctrl Pts',(4.21601271607481,2.27739854987866,-1.10615702560592));
#7826=CARTESIAN_POINT('Ctrl Pts',(3.69186960536582,2.42518516871713,-1.13696175437284));
#7827=CARTESIAN_POINT('Ctrl Pts',(3.74419398043938,2.52653799475247,0.128845335074151));
#7828=CARTESIAN_POINT('Ctrl Pts',(3.25274590949401,2.65744548361937,0.0980406063072305));
#7829=CARTESIAN_POINT('Ctrl Pts',(2.41341985221105,3.42824523144486,0.0364311487733891));
#7830=CARTESIAN_POINT('Ctrl Pts',(2.65317122862035,5.13043957707287,-0.0559830375273736));
#7831=CARTESIAN_POINT('Ctrl Pts',(4.19091091666927,5.89421856962623,-0.148397223828136));
#7832=CARTESIAN_POINT('Ctrl Pts',(5.69213831301738,5.06293268739903,-0.240811410128898));
#7833=CARTESIAN_POINT('Ctrl Pts',(5.85890098817682,3.35400485844808,-0.333225596429662));
#7834=CARTESIAN_POINT('Ctrl Pts',(4.54592343770582,2.24796092228171,-0.425639782730422));
#7835=CARTESIAN_POINT('Ctrl Pts',(2.89044349183647,2.70180950571091,-0.518053969031186));
#7836=CARTESIAN_POINT('Ctrl Pts',(2.32508015803725,4.32279918413784,-0.610468155331948));
#7837=CARTESIAN_POINT('Ctrl Pts',(3.34003043577437,5.70776129485087,-0.702882341632711));
#7838=CARTESIAN_POINT('Ctrl Pts',(5.05530536015921,5.65724548234673,-0.795296527933472));
#7839=CARTESIAN_POINT('Ctrl Pts',(5.9885522342506,4.21604738018822,-0.887710714234237));
#7840=CARTESIAN_POINT('Ctrl Pts',(5.32671598362712,2.62956728572163,-0.980124900534998));
#7841=CARTESIAN_POINT('Ctrl Pts',(4.21164945085494,2.39456279816144,-1.04173435806884));
#7842=CARTESIAN_POINT('Ctrl Pts',(3.72215080777549,2.53258111397766,-1.07253908683576));
#7843=CARTESIAN_POINT('Ctrl Pts',(3.77291506824485,2.63436164425966,0.193268002611227));
#7844=CARTESIAN_POINT('Ctrl Pts',(3.31624943648738,2.75600410180393,0.162463273844306));
#7845=CARTESIAN_POINT('Ctrl Pts',(2.53632702584017,3.47225018070726,0.100853816310465));
#7846=CARTESIAN_POINT('Ctrl Pts',(2.75910990005528,5.05397102198536,0.00843963000970205));
#7847=CARTESIAN_POINT('Ctrl Pts',(4.18801542972915,5.76369324245622,-0.0839745562910603));
#7848=CARTESIAN_POINT('Ctrl Pts',(5.58299284015251,4.99124196017099,-0.176388742591823));
#7849=CARTESIAN_POINT('Ctrl Pts',(5.73795281844435,3.40326420061934,-0.268802928892585));
#7850=CARTESIAN_POINT('Ctrl Pts',(4.51790179369249,2.37550097857775,-0.361217115193348));
#7851=CARTESIAN_POINT('Ctrl Pts',(2.97958912133227,2.79722824199999,-0.45363130149411));
#7852=CARTESIAN_POINT('Ctrl Pts',(2.45423960982583,4.30349170977024,-0.546045487794873));
#7853=CARTESIAN_POINT('Ctrl Pts',(3.39735636454958,5.59043255793004,-0.638459674095634));
#7854=CARTESIAN_POINT('Ctrl Pts',(4.99123200124737,5.54349202281597,-0.730873860396398));
#7855=CARTESIAN_POINT('Ctrl Pts',(5.85842794429544,4.20429530861615,-0.823288046697159));
#7856=CARTESIAN_POINT('Ctrl Pts',(5.24343342629974,2.7300989948193,-0.915702232997923));
#7857=CARTESIAN_POINT('Ctrl Pts',(4.20728618563506,2.51172704644421,-0.977311690531764));
#7858=CARTESIAN_POINT('Ctrl Pts',(3.75243201018516,2.63997705923819,-1.00811641929869));
#7859=CARTESIAN_POINT('',(3.75243201018517,2.63997705923819,-1.00811641929868));
#7860=CARTESIAN_POINT('Ctrl Pts',(3.75243201018516,2.63997705923819,-1.00811641929868));
#7861=CARTESIAN_POINT('Ctrl Pts',(3.79400397057905,2.60892704256789,-1.01569958885976));
#7862=CARTESIAN_POINT('Ctrl Pts',(3.83203226952692,2.57326086726515,-1.02808401255498));
#7863=CARTESIAN_POINT('Ctrl Pts',(3.93471632935546,2.46019755107311,-1.07376027280376));
#7864=CARTESIAN_POINT('Ctrl Pts',(3.99727118104812,2.36594041956087,-1.12023610580076));
#7865=CARTESIAN_POINT('Ctrl Pts',(4.04738392262979,2.25317780424296,-1.18058833341805));
#7866=CARTESIAN_POINT('Ctrl Pts',(2.68394443128638,4.05095694039416,-0.531872668235625));
#7867=CARTESIAN_POINT('Ctrl Pts',(2.68338381496986,4.12328778170378,-0.536596941422041));
#7868=CARTESIAN_POINT('Ctrl Pts',(2.68830572121539,4.19554273103581,-0.541321214608457));
#7869=CARTESIAN_POINT('Ctrl Pts',(2.69898398753086,4.26693793983517,-0.546045487794873));
#7870=CARTESIAN_POINT('Ctrl Pts',(2.76861186140041,4.73247199249017,-0.576850216561794));
#7871=CARTESIAN_POINT('Ctrl Pts',(3.08298411297499,5.16145227521011,-0.607654945328714));
#7872=CARTESIAN_POINT('Ctrl Pts',(3.50581617821192,5.36811899405106,-0.638459674095635));
#7873=CARTESIAN_POINT('Ctrl Pts',(3.92864824344884,5.57478571289202,-0.669264402862556));
#7874=CARTESIAN_POINT('Ctrl Pts',(4.4599401223481,5.559138867854,-0.700069131629477));
#7875=CARTESIAN_POINT('Ctrl Pts',(4.87011871897242,5.32811599296835,-0.730873860396398));
#7876=CARTESIAN_POINT('Ctrl Pts',(5.28029731559673,5.0970931180827,-0.761678589163319));
#7877=CARTESIAN_POINT('Ctrl Pts',(5.56936262994609,4.65069421334942,-0.792483317930239));
#7878=CARTESIAN_POINT('Ctrl Pts',(5.61139620078815,4.18179537534998,-0.82328804669716));
#7879=CARTESIAN_POINT('Ctrl Pts',(5.65342977163021,3.71289653735053,-0.854092775464081));
#7880=CARTESIAN_POINT('Ctrl Pts',(5.44843159896498,3.22149776608492,-0.884897504231002));
#7881=CARTESIAN_POINT('Ctrl Pts',(5.08689570246619,2.92120539335834,-0.915702232997923));
#7882=CARTESIAN_POINT('Ctrl Pts',(4.7253598059674,2.62091302063176,-0.946506961764844));
#7883=CARTESIAN_POINT('Ctrl Pts',(4.20728618563506,2.51172704644421,-0.977311690531765));
#7884=CARTESIAN_POINT('Ctrl Pts',(3.75243201018516,2.63997705923819,-1.00811641929869));
#7885=CARTESIAN_POINT('Ctrl Pts',(3.68675180482844,2.3108906957381,0.));
#7886=CARTESIAN_POINT('Ctrl Pts',(3.62446917019724,2.33376476226255,-2.06257865920297E-17));
#7887=CARTESIAN_POINT('Ctrl Pts',(3.56376350099282,2.36027253686386,-2.00229834972762E-16));
#7888=CARTESIAN_POINT('Ctrl Pts',(3.50482272502064,2.39013471040475,-1.99493199737333E-16));
#7889=CARTESIAN_POINT('Ctrl Pts',(3.44428363878757,2.42080666321298,-1.98736588998766E-16));
#7890=CARTESIAN_POINT('Ctrl Pts',(3.38560566122724,2.45501810981002,-3.41762550659522E-16));
#7891=CARTESIAN_POINT('Ctrl Pts',(3.3290234938189,2.49251073035681,-4.54497550705923E-16));
#7892=CARTESIAN_POINT('Ctrl Pts',(3.28489938587932,2.52174835966157,-5.42410961210653E-16));
#7893=CARTESIAN_POINT('Ctrl Pts',(3.2420503151732,2.55298237731187,-1.82678951928818E-16));
#7894=CARTESIAN_POINT('Ctrl Pts',(3.20060488108579,2.58610386224992,-2.42861286636753E-16));
#7895=CARTESIAN_POINT('Ctrl Pts',(3.18093658954845,2.60182195125671,-2.71421337472188E-16));
#7896=CARTESIAN_POINT('Ctrl Pts',(3.16158464763467,2.6179652531883,-3.35744675259897E-17));
#7897=CARTESIAN_POINT('Ctrl Pts',(3.14256420737867,2.6345227829959,-3.46944695195361E-17));
#7898=CARTESIAN_POINT('Ctrl Pts',(3.13231469211159,2.64344511351318,-3.5298003264156E-17));
#7899=CARTESIAN_POINT('Ctrl Pts',(3.12216145442,2.65248773336688,-1.88704598012447E-16));
#7900=CARTESIAN_POINT('Ctrl Pts',(3.1121069844677,2.6616489612691,-2.0122792321331E-16));
#7901=CARTESIAN_POINT('Ctrl Pts',(3.10394758097455,2.66908348097044,-2.11390852126974E-16));
#7902=CARTESIAN_POINT('Ctrl Pts',(3.09585443567627,2.67659510804213,-6.24500451351651E-17));
#7903=CARTESIAN_POINT('Ctrl Pts',(3.08783745020778,2.6841744672113,-6.24500451351651E-17));
#7904=CARTESIAN_POINT('Ctrl Pts',(3.03966212449941,2.72972002770544,-6.24500451351651E-17));
#7905=CARTESIAN_POINT('Ctrl Pts',(2.99414471557902,2.77778909621664,-3.56714450839329E-16));
#7906=CARTESIAN_POINT('Ctrl Pts',(2.95150217505652,2.82813670786908,-3.19189119579733E-16));
#7907=CARTESIAN_POINT('Ctrl Pts',(2.90968704123364,2.87750740889002,-2.82391904190087E-16));
#7908=CARTESIAN_POINT('Ctrl Pts',(2.87063586262199,2.92906999014267,7.23150761727952E-18));
#7909=CARTESIAN_POINT('Ctrl Pts',(2.83459630371976,2.98261673771168,9.0205620750794E-17));
#7910=CARTESIAN_POINT('Ctrl Pts',(2.80812876523439,3.02194159753845,1.51142008418791E-16));
#7911=CARTESIAN_POINT('Ctrl Pts',(2.78328638396754,3.06233713473026,-2.22347201060616E-16));
#7912=CARTESIAN_POINT('Ctrl Pts',(2.76018455569097,3.10372522516669,-2.63677968348475E-16));
#7913=CARTESIAN_POINT('Ctrl Pts',(2.74679816669904,3.12770761615249,-2.87627143349992E-16));
#7914=CARTESIAN_POINT('Ctrl Pts',(2.7339964777774,3.15202331809955,-2.49312531931302E-17));
#7915=CARTESIAN_POINT('Ctrl Pts',(2.72180445551883,3.17665729802951,-1.38777878078145E-17));
#7916=CARTESIAN_POINT('Ctrl Pts',(2.71558994044694,3.18921372520038,-8.24361771061643E-18));
#7917=CARTESIAN_POINT('Ctrl Pts',(2.70953250276201,3.20185607969715,1.92305600595673E-16));
#7918=CARTESIAN_POINT('Ctrl Pts',(2.70364614538859,3.21455876764883,1.80411241501588E-16));
#7919=CARTESIAN_POINT('Ctrl Pts',(2.6773604497652,3.27128298058989,1.27296643975742E-16));
#7920=CARTESIAN_POINT('Ctrl Pts',(2.65443620504259,3.32929835493936,4.89715643974089E-16));
#7921=CARTESIAN_POINT('Ctrl Pts',(2.63509459535914,3.38840992588337,4.16333634234434E-16));
#7922=CARTESIAN_POINT('Ctrl Pts',(2.62327106630317,3.42454483854262,3.714752000843E-16));
#7923=CARTESIAN_POINT('Ctrl Pts',(2.61278724188936,3.46108970216547,1.48176788090554E-16));
#7924=CARTESIAN_POINT('Ctrl Pts',(2.60370318165268,3.49800158016026,1.38777878078145E-16));
#7925=CARTESIAN_POINT('Ctrl Pts',(2.58869277853598,3.55899436907402,1.37830947373898E-16));
#7926=CARTESIAN_POINT('Ctrl Pts',(2.5775019558769,3.62099012176407,2.43188701816615E-16));
#7927=CARTESIAN_POINT('Ctrl Pts',(2.57007524361592,3.68364588114858,3.05311331771918E-16));
#7928=CARTESIAN_POINT('Ctrl Pts',(2.56675437549658,3.71166251980662,3.33089580619947E-16));
#7929=CARTESIAN_POINT('Ctrl Pts',(2.56418676969641,3.73981098855159,2.88581250079355E-16));
#7930=CARTESIAN_POINT('Ctrl Pts',(2.56237048338482,3.76805957161189,3.05311331771918E-16));
#7931=CARTESIAN_POINT('Ctrl Pts',(2.56167532541237,3.778871318416,3.11714534611713E-16));
#7932=CARTESIAN_POINT('Ctrl Pts',(2.56109024437183,3.7896977212058,1.20815147920663E-18));
#7933=CARTESIAN_POINT('Ctrl Pts',(2.56061519930464,3.80053696322873,0.));
#7934=CARTESIAN_POINT('Ctrl Pts',(2.56010230175303,3.81223989644221,-1.30441926132856E-18));
#7935=CARTESIAN_POINT('Ctrl Pts',(2.55971808483107,3.82394942826418,9.32312568707155E-17));
#7936=CARTESIAN_POINT('Ctrl Pts',(2.55946199482428,3.83565713192786,9.71445146547012E-17));
#7937=CARTESIAN_POINT('Ctrl Pts',(2.55809845336983,3.89799435266525,1.17980506177051E-16));
#7938=CARTESIAN_POINT('Ctrl Pts',(2.56036052253824,3.96033635499433,2.10263289476537E-16));
#7939=CARTESIAN_POINT('Ctrl Pts',(2.56615432133934,4.02235208365817,1.94289029309402E-16));
#7940=CARTESIAN_POINT('Ctrl Pts',(2.57193015301838,4.08417549563907,1.78364306844942E-16));
#7941=CARTESIAN_POINT('Ctrl Pts',(2.58121627336657,4.14567574563446,5.82202620693796E-17));
#7942=CARTESIAN_POINT('Ctrl Pts',(2.59396840030401,4.20650881413428,2.77555756156289E-17));
#7943=CARTESIAN_POINT('Ctrl Pts',(2.60176856481683,4.24371891598213,9.12107116497216E-18));
#7944=CARTESIAN_POINT('Ctrl Pts',(2.61086644833285,4.28067901063584,1.23304134941358E-16));
#7945=CARTESIAN_POINT('Ctrl Pts',(2.62125992441005,4.31730477219478,1.11022302462516E-16));
#7946=CARTESIAN_POINT('Ctrl Pts',(2.62915739663615,4.34513481986346,1.01689964545257E-16));
#7947=CARTESIAN_POINT('Ctrl Pts',(2.63780303098512,4.37277175163947,3.44088635703263E-16));
#7948=CARTESIAN_POINT('Ctrl Pts',(2.64719802818592,4.40017634549502,3.60822483003176E-16));
#7949=CARTESIAN_POINT('Ctrl Pts',(2.65082571902975,4.41075808299678,3.6728392448469E-16));
#7950=CARTESIAN_POINT('Ctrl Pts',(2.65456414454539,4.42130202465794,-2.21750155605837E-16));
#7951=CARTESIAN_POINT('Ctrl Pts',(2.65841018491761,4.43179805022119,-1.94289029309402E-16));
#7952=CARTESIAN_POINT('Ctrl Pts',(2.67898908520222,4.48795883964262,-4.73535515025011E-17));
#7953=CARTESIAN_POINT('Ctrl Pts',(2.70266903634872,4.54281871344132,1.22831473020094E-16));
#7954=CARTESIAN_POINT('Ctrl Pts',(2.7294186078366,4.59605263320092,2.77555756156289E-17));
#7955=CARTESIAN_POINT('Ctrl Pts',(2.74403626743361,4.62514301763616,-2.41999147655271E-17));
#7956=CARTESIAN_POINT('Ctrl Pts',(2.75957127865898,4.65374733026838,4.79111287616902E-16));
#7957=CARTESIAN_POINT('Ctrl Pts',(2.77602316590228,4.68180781059649,4.71844785465692E-16));
#7958=CARTESIAN_POINT('Ctrl Pts',(2.78482484891983,4.69682003682414,4.67957240673083E-16));
#7959=CARTESIAN_POINT('Ctrl Pts',(2.79388901340943,4.71167654369619,2.02995635441249E-16));
#7960=CARTESIAN_POINT('Ctrl Pts',(2.80321593787988,4.72636800773029,2.22044604925031E-16));
#7961=CARTESIAN_POINT('Ctrl Pts',(2.81029244048632,4.73751468141239,2.36497395084213E-16));
#7962=CARTESIAN_POINT('Ctrl Pts',(2.81752012752188,4.74856598424786,1.83935792865034E-16));
#7963=CARTESIAN_POINT('Ctrl Pts',(2.82489126241104,4.75950662607697,1.66533453693773E-16));
#7964=CARTESIAN_POINT('Ctrl Pts',(2.85691930737126,4.80704440332094,9.09191948624236E-17));
#7965=CARTESIAN_POINT('Ctrl Pts',(2.89168832869682,4.85255271187205,-4.2638518803448E-16));
#7966=CARTESIAN_POINT('Ctrl Pts',(2.92918688436024,4.89571697352909,-3.88578058618805E-16));
#7967=CARTESIAN_POINT('Ctrl Pts',(2.93546719191995,4.90294618100116,-3.82246070720091E-16));
#7968=CARTESIAN_POINT('Ctrl Pts',(2.9418241347831,4.91010954379539,-4.6455339571313E-17));
#7969=CARTESIAN_POINT('Ctrl Pts',(2.94825774361635,4.91720546509104,-8.32667268468867E-17));
#7970=CARTESIAN_POINT('Ctrl Pts',(2.97744380476245,4.94939610617454,-2.49287823973994E-16));
#7971=CARTESIAN_POINT('Ctrl Pts',(3.00820726698169,4.98019993873111,-1.31961762653571E-16));
#7972=CARTESIAN_POINT('Ctrl Pts',(3.04042186851602,5.00955603290307,-1.38777878078145E-16));
#7973=CARTESIAN_POINT('Ctrl Pts',(4.16270719178782,5.84970513967618,-1.475814907554));
#7974=CARTESIAN_POINT('Ctrl Pts',(4.63175106546941,5.84639335802463,-1.50070253476947));
#7975=CARTESIAN_POINT('Ctrl Pts',(5.56406666153743,5.45512802036347,-1.55047778920042));
#7976=CARTESIAN_POINT('Ctrl Pts',(6.14439542905726,4.04999999999994,-1.62514067084685));
#7977=CARTESIAN_POINT('Ctrl Pts',(5.56406666153735,2.64487197963645,-1.69980355249328));
#7978=CARTESIAN_POINT('Ctrl Pts',(4.63175106546931,2.25360664197534,-1.74957880692423));
#7979=CARTESIAN_POINT('Ctrl Pts',(4.16270719178772,2.25029486032382,-1.77446643413971));
#7980=CARTESIAN_POINT('Ctrl Pts',(4.16191935413426,5.73812458765385,-1.41139224001692));
#7981=CARTESIAN_POINT('Ctrl Pts',(4.60188281169974,5.73501813431787,-1.4362798672324));
#7982=CARTESIAN_POINT('Ctrl Pts',(5.47639544517411,5.36801099395857,-1.48605512166335));
#7983=CARTESIAN_POINT('Ctrl Pts',(6.02074420529897,4.04999999999995,-1.56071800330978));
#7984=CARTESIAN_POINT('Ctrl Pts',(5.47639544517404,2.73198900604136,-1.63538088495621));
#7985=CARTESIAN_POINT('Ctrl Pts',(4.60188281169965,2.3649818656821,-1.68515613938716));
#7986=CARTESIAN_POINT('Ctrl Pts',(4.16191935413417,2.36187541234615,-1.71004376660264));
#7987=CARTESIAN_POINT('Ctrl Pts',(4.1611315164807,5.62654403563151,-1.34696957247985));
#7988=CARTESIAN_POINT('Ctrl Pts',(4.57201455793007,5.62364291061111,-1.37185719969532));
#7989=CARTESIAN_POINT('Ctrl Pts',(5.38872422881079,5.28089396755366,-1.42163245412627));
#7990=CARTESIAN_POINT('Ctrl Pts',(5.89709298154069,4.04999999999995,-1.4962953357727));
#7991=CARTESIAN_POINT('Ctrl Pts',(5.38872422881072,2.81910603244627,-1.57095821741913));
#7992=CARTESIAN_POINT('Ctrl Pts',(4.57201455792998,2.47635708938887,-1.62073347185008));
#7993=CARTESIAN_POINT('Ctrl Pts',(4.16113151648061,2.47345596436849,-1.64562109906556));
#7994=CARTESIAN_POINT('Ctrl Pts',(4.16034367882714,5.51496348360917,-1.28254690494277));
#7995=CARTESIAN_POINT('Ctrl Pts',(4.5421463041604,5.51226768690434,-1.30743453215825));
#7996=CARTESIAN_POINT('Ctrl Pts',(5.30105301244747,5.19377694114877,-1.3572097865892));
#7997=CARTESIAN_POINT('Ctrl Pts',(5.7734417577824,4.04999999999995,-1.43187266823563));
#7998=CARTESIAN_POINT('Ctrl Pts',(5.30105301244741,2.90622305885118,-1.50653554988206));
#7999=CARTESIAN_POINT('Ctrl Pts',(4.54214630416032,2.58773231309564,-1.55631080431301));
#8000=CARTESIAN_POINT('Ctrl Pts',(4.16034367882706,2.58503651639083,-1.58119843152848));
#8001=CARTESIAN_POINT('',(4.16270719178774,2.58505511118102,-1.58104436608697));
#8002=CARTESIAN_POINT('Ctrl Pts',(4.16270717531134,2.58505520390964,-1.58104436608697));
#8003=CARTESIAN_POINT('Ctrl Pts',(4.16270718139931,2.52941846144264,-1.61319648243068));
#8004=CARTESIAN_POINT('Ctrl Pts',(4.16270718549624,2.47328839290388,-1.64563024730457));
#8005=CARTESIAN_POINT('Ctrl Pts',(4.16270718808225,2.41767448129336,-1.67776329873564));
#8006=CARTESIAN_POINT('Ctrl Pts',(4.16270719067064,2.36200939744088,-1.70992591687465));
#8007=CARTESIAN_POINT('Ctrl Pts',(4.16270719178772,2.30594311251142,-1.74231785437162));
#8008=CARTESIAN_POINT('Ctrl Pts',(4.16270719178772,2.25029486032382,-1.77446643413971));
#8009=CARTESIAN_POINT('',(4.16270719178781,5.51494488881899,-1.28270097038428));
#8010=CARTESIAN_POINT('Ctrl Pts',(4.16270717531142,5.51494479609036,-1.28270097038428));
#8011=CARTESIAN_POINT('Ctrl Pts',(4.54371182116011,5.5116100146236,-1.30753724245259));
#8012=CARTESIAN_POINT('Ctrl Pts',(4.92215361657781,5.35246465378101,-1.33237351452089));
#8013=CARTESIAN_POINT('Ctrl Pts',(5.19005779293153,5.08277013739619,-1.3572097865892));
#8014=CARTESIAN_POINT('Ctrl Pts',(5.45851592755911,4.81251796076583,-1.38209741380467));
#8015=CARTESIAN_POINT('Ctrl Pts',(5.61597884267076,4.43125898038289,-1.40698504102015));
#8016=CARTESIAN_POINT('Ctrl Pts',(5.61597884267075,4.04999999999997,-1.43187266823563));
#8017=CARTESIAN_POINT('Ctrl Pts',(5.61597884267074,3.66874101961703,-1.4567602954511));
#8018=CARTESIAN_POINT('Ctrl Pts',(5.45851592755907,3.28748203923411,-1.48164792266658));
#8019=CARTESIAN_POINT('Ctrl Pts',(5.19005779293147,3.01722986260376,-1.50653554988206));
#8020=CARTESIAN_POINT('Ctrl Pts',(4.92215361657773,2.74753534621896,-1.53137182195036));
#8021=CARTESIAN_POINT('Ctrl Pts',(4.54371182116003,2.58838998537638,-1.55620809401867));
#8022=CARTESIAN_POINT('Ctrl Pts',(4.16270717531134,2.58505520390964,-1.58104436608697));
#8023=CARTESIAN_POINT('Ctrl Pts',(4.16270719178782,5.84970513967618,-1.475814907554));
#8024=CARTESIAN_POINT('Ctrl Pts',(4.16270719178782,5.79405899088992,-1.44370923580518));
#8025=CARTESIAN_POINT('Ctrl Pts',(4.16270719067081,5.73799241190913,-1.41136300362277));
#8026=CARTESIAN_POINT('Ctrl Pts',(4.16270718808234,5.68232551908464,-1.37925004028147));
#8027=CARTESIAN_POINT('Ctrl Pts',(4.16270718549646,5.62671449590677,-1.34716930686756));
#8028=CARTESIAN_POINT('Ctrl Pts',(4.16270718139966,5.57058398181632,-1.31479158338046));
#8029=CARTESIAN_POINT('Ctrl Pts',(4.16270717531142,5.51494479609036,-1.28270097038428));
#8030=CARTESIAN_POINT('Ctrl Pts',(4.16270719178782,5.84970513967618,-2.075814907554));
#8031=CARTESIAN_POINT('Ctrl Pts',(4.63175106546941,5.84639335802464,-2.10070253476947));
#8032=CARTESIAN_POINT('Ctrl Pts',(5.56406724064815,5.45511655319324,-2.15047778920042));
#8033=CARTESIAN_POINT('Ctrl Pts',(6.14439461053167,4.04999999999994,-2.22514067084686));
#8034=CARTESIAN_POINT('Ctrl Pts',(5.56406724064807,2.64488344680669,-2.29980355249328));
#8035=CARTESIAN_POINT('Ctrl Pts',(4.63175106546931,2.25360664197534,-2.34957880692423));
#8036=CARTESIAN_POINT('Ctrl Pts',(4.16270719178772,2.25029486032382,-2.37446643413971));
#8037=CARTESIAN_POINT('Ctrl Pts',(4.16191935413426,5.73812458765385,-2.01139224001692));
#8038=CARTESIAN_POINT('Ctrl Pts',(4.60188281169974,5.73501813431787,-2.0362798672324));
#8039=CARTESIAN_POINT('Ctrl Pts',(5.47639598838035,5.36800023774545,-2.08605512166335));
#8040=CARTESIAN_POINT('Ctrl Pts',(6.02074343752144,4.04999999999995,-2.16071800330978));
#8041=CARTESIAN_POINT('Ctrl Pts',(5.47639598838027,2.73199976225447,-2.23538088495621));
#8042=CARTESIAN_POINT('Ctrl Pts',(4.60188281169965,2.3649818656821,-2.28515613938716));
#8043=CARTESIAN_POINT('Ctrl Pts',(4.16191935413417,2.36187541234615,-2.31004376660263));
#8044=CARTESIAN_POINT('Ctrl Pts',(4.1611315164807,5.62654403563151,-1.94696957247985));
#8045=CARTESIAN_POINT('Ctrl Pts',(4.57201455793007,5.62364291061111,-1.97185719969532));
#8046=CARTESIAN_POINT('Ctrl Pts',(5.38872473611254,5.28088392229767,-2.02163245412627));
#8047=CARTESIAN_POINT('Ctrl Pts',(5.89709226451121,4.04999999999995,-2.0962953357727));
#8048=CARTESIAN_POINT('Ctrl Pts',(5.38872473611247,2.81911607770226,-2.17095821741913));
#8049=CARTESIAN_POINT('Ctrl Pts',(4.57201455792999,2.47635708938887,-2.22073347185008));
#8050=CARTESIAN_POINT('Ctrl Pts',(4.16113151648061,2.47345596436849,-2.24562109906556));
#8051=CARTESIAN_POINT('Ctrl Pts',(4.16034367882714,5.51496348360917,-1.88254690494277));
#8052=CARTESIAN_POINT('Ctrl Pts',(4.5421463041604,5.51226768690434,-1.90743453215825));
#8053=CARTESIAN_POINT('Ctrl Pts',(5.30105348384473,5.1937676068499,-1.9572097865892));
#8054=CARTESIAN_POINT('Ctrl Pts',(5.77344109150099,4.04999999999995,-2.03187266823563));
#8055=CARTESIAN_POINT('Ctrl Pts',(5.30105348384466,2.90623239315005,-2.10653554988205));
#8056=CARTESIAN_POINT('Ctrl Pts',(4.54214630416032,2.58773231309564,-2.15631080431301));
#8057=CARTESIAN_POINT('Ctrl Pts',(4.16034367882706,2.58503651639083,-2.18119843152848));
#8058=CARTESIAN_POINT('',(4.16270719178774,2.58505511118102,-2.18104436608697));
#8059=CARTESIAN_POINT('Ctrl Pts',(4.16270717531434,2.58505520396918,-2.18104436608697));
#8060=CARTESIAN_POINT('Ctrl Pts',(4.16270718140119,2.52941846148014,-2.21319648243068));
#8061=CARTESIAN_POINT('Ctrl Pts',(4.16270718549739,2.47328839292676,-2.24563024730447));
#8062=CARTESIAN_POINT('Ctrl Pts',(4.16270718808292,2.41767448130673,-2.27776329873564));
#8063=CARTESIAN_POINT('Ctrl Pts',(4.16270719067084,2.36200939744496,-2.30992591687462));
#8064=CARTESIAN_POINT('Ctrl Pts',(4.16270719178772,2.30594311251109,-2.34231785437181));
#8065=CARTESIAN_POINT('Ctrl Pts',(4.16270719178772,2.25029486032382,-2.37446643413971));
#8066=CARTESIAN_POINT('',(4.16270719178781,5.51494488881899,-1.88270097038428));
#8067=CARTESIAN_POINT('Ctrl Pts',(4.16270717531443,5.51494479603082,-1.88270097038428));
#8068=CARTESIAN_POINT('Ctrl Pts',(4.54371182213152,5.51160999537901,-1.90753724245259));
#8069=CARTESIAN_POINT('Ctrl Pts',(4.92215385212835,5.35245998502648,-1.93237351452089));
#8070=CARTESIAN_POINT('Ctrl Pts',(5.19005795686636,5.08276469238852,-1.9572097865892));
#8071=CARTESIAN_POINT('Ctrl Pts',(5.45851601973015,4.81251173789991,-1.98209741380467));
#8072=CARTESIAN_POINT('Ctrl Pts',(5.61597855561557,4.43125586894993,-2.00698504102015));
#8073=CARTESIAN_POINT('Ctrl Pts',(5.61597855561556,4.04999999999995,-2.03187266823563));
#8074=CARTESIAN_POINT('Ctrl Pts',(5.61597855561554,3.66874413104998,-2.0567602954511));
#8075=CARTESIAN_POINT('Ctrl Pts',(5.4585160197301,3.28748826210002,-2.08164792266658));
#8076=CARTESIAN_POINT('Ctrl Pts',(5.1900579568663,3.01723530761143,-2.10653554988205));
#8077=CARTESIAN_POINT('Ctrl Pts',(4.92215385212828,2.74754001497349,-2.13137182195036));
#8078=CARTESIAN_POINT('Ctrl Pts',(4.54371182213144,2.58839000462097,-2.15620809401867));
#8079=CARTESIAN_POINT('Ctrl Pts',(4.16270717531435,2.58505520396918,-2.18104436608697));
#8080=CARTESIAN_POINT('Ctrl Pts',(4.16270719178782,5.84970513967618,-2.075814907554));
#8081=CARTESIAN_POINT('Ctrl Pts',(4.16270719178781,5.79405899088922,-2.04370923580478));
#8082=CARTESIAN_POINT('Ctrl Pts',(4.16270719067101,5.737992411905,-2.01136300362271));
#8083=CARTESIAN_POINT('Ctrl Pts',(4.16270718808301,5.68232551907127,-1.97925004028147));
#8084=CARTESIAN_POINT('Ctrl Pts',(4.16270718549761,5.6267144958837,-1.94716930686735));
#8085=CARTESIAN_POINT('Ctrl Pts',(4.16270718140154,5.57058398177866,-1.91479158338037));
#8086=CARTESIAN_POINT('Ctrl Pts',(4.16270717531442,5.51494479603082,-1.88270097038428));
#8087=CARTESIAN_POINT('Ctrl Pts',(4.1627071917878,5.84970513967618,-2.675814907554));
#8088=CARTESIAN_POINT('Ctrl Pts',(4.6317510654694,5.84639335802464,-2.70070253476947));
#8089=CARTESIAN_POINT('Ctrl Pts',(5.56406779077617,5.45510541812523,-2.75047778920043));
#8090=CARTESIAN_POINT('Ctrl Pts',(6.14439382825187,4.04999999999995,-2.82514067084685));
#8091=CARTESIAN_POINT('Ctrl Pts',(5.5640677907761,2.6448945818747,-2.89980355249328));
#8092=CARTESIAN_POINT('Ctrl Pts',(4.63175106546931,2.25360664197534,-2.94957880692423));
#8093=CARTESIAN_POINT('Ctrl Pts',(4.16270719178772,2.25029486032382,-2.97446643413971));
#8094=CARTESIAN_POINT('Ctrl Pts',(4.16191935413425,5.73812458765385,-2.61139224001692));
#8095=CARTESIAN_POINT('Ctrl Pts',(4.60188281169973,5.73501813431788,-2.6362798672324));
#8096=CARTESIAN_POINT('Ctrl Pts',(5.47639650440078,5.36798979304445,-2.68605512166335));
#8097=CARTESIAN_POINT('Ctrl Pts',(6.02074270374248,4.04999999999995,-2.76071800330978));
#8098=CARTESIAN_POINT('Ctrl Pts',(5.47639650440071,2.73201020695549,-2.8353808849562));
#8099=CARTESIAN_POINT('Ctrl Pts',(4.60188281169965,2.3649818656821,-2.88515613938716));
#8100=CARTESIAN_POINT('Ctrl Pts',(4.16191935413417,2.36187541234615,-2.91004376660264));
#8101=CARTESIAN_POINT('Ctrl Pts',(4.16113151648069,5.62654403563151,-2.54696957247984));
#8102=CARTESIAN_POINT('Ctrl Pts',(4.57201455793006,5.62364291061111,-2.57185719969532));
#8103=CARTESIAN_POINT('Ctrl Pts',(5.3887252180254,5.28087416796366,-2.62163245412627));
#8104=CARTESIAN_POINT('Ctrl Pts',(5.89709157923309,4.04999999999997,-2.6962953357727));
#8105=CARTESIAN_POINT('Ctrl Pts',(5.38872521802534,2.81912583203627,-2.77095821741913));
#8106=CARTESIAN_POINT('Ctrl Pts',(4.57201455792999,2.47635708938887,-2.82073347185008));
#8107=CARTESIAN_POINT('Ctrl Pts',(4.16113151648062,2.47345596436849,-2.84562109906556));
#8108=CARTESIAN_POINT('Ctrl Pts',(4.16034367882713,5.51496348360917,-2.48254690494277));
#8109=CARTESIAN_POINT('Ctrl Pts',(4.54214630416039,5.51226768690435,-2.50743453215824));
#8110=CARTESIAN_POINT('Ctrl Pts',(5.30105393165,5.19375854288288,-2.5572097865892));
#8111=CARTESIAN_POINT('Ctrl Pts',(5.7734404547237,4.04999999999996,-2.63187266823563));
#8112=CARTESIAN_POINT('Ctrl Pts',(5.30105393164995,2.90624145711706,-2.70653554988205));
#8113=CARTESIAN_POINT('Ctrl Pts',(4.54214630416032,2.58773231309564,-2.75631080431301));
#8114=CARTESIAN_POINT('Ctrl Pts',(4.16034367882706,2.58503651639083,-2.78119843152848));
#8115=CARTESIAN_POINT('',(4.16270719178774,2.58505511118102,-2.78104436608697));
#8116=CARTESIAN_POINT('Ctrl Pts',(4.16270717531719,2.585055204027,-2.78104436608697));
#8117=CARTESIAN_POINT('Ctrl Pts',(4.162707181403,2.52941846151528,-2.81319648243143));
#8118=CARTESIAN_POINT('Ctrl Pts',(4.16270718549848,2.47328839294471,-2.84563024730683));
#8119=CARTESIAN_POINT('Ctrl Pts',(4.16270718808357,2.41767448131971,-2.87776329873564));
#8120=CARTESIAN_POINT('Ctrl Pts',(4.16270719067103,2.36200939744887,-2.90992591687462));
#8121=CARTESIAN_POINT('Ctrl Pts',(4.16270719178772,2.30594311251109,-2.94231785437181));
#8122=CARTESIAN_POINT('Ctrl Pts',(4.16270719178772,2.25029486032382,-2.97446643413971));
#8123=CARTESIAN_POINT('',(4.16270719178781,5.51494488881899,-2.48270097038428));
#8124=CARTESIAN_POINT('Ctrl Pts',(4.16270717531728,5.514944795973,-2.48270097038428));
#8125=CARTESIAN_POINT('Ctrl Pts',(4.5437118230543,5.51160997669176,-2.50753724245259));
#8126=CARTESIAN_POINT('Ctrl Pts',(4.92215407588899,5.35245545148436,-2.53237351452089));
#8127=CARTESIAN_POINT('Ctrl Pts',(5.19005811195655,5.08275940507443,-2.5572097865892));
#8128=CARTESIAN_POINT('Ctrl Pts',(5.4585161060079,4.81250569525524,-2.58209741380467));
#8129=CARTESIAN_POINT('Ctrl Pts',(5.6159782803658,4.4312528476276,-2.60698504102015));
#8130=CARTESIAN_POINT('Ctrl Pts',(5.61597828036579,4.04999999999997,-2.63187266823563));
#8131=CARTESIAN_POINT('Ctrl Pts',(5.61597828036578,3.66874715237233,-2.6567602954511));
#8132=CARTESIAN_POINT('Ctrl Pts',(5.45851610600787,3.2874943047447,-2.68164792266658));
#8133=CARTESIAN_POINT('Ctrl Pts',(5.1900581119565,3.01724059492552,-2.70653554988205));
#8134=CARTESIAN_POINT('Ctrl Pts',(4.92215407588893,2.7475445485156,-2.73137182195036));
#8135=CARTESIAN_POINT('Ctrl Pts',(4.54371182305423,2.58839002330822,-2.75620809401867));
#8136=CARTESIAN_POINT('Ctrl Pts',(4.1627071753172,2.585055204027,-2.78104436608697));
#8137=CARTESIAN_POINT('Ctrl Pts',(4.1627071917878,5.84970513967618,-2.675814907554));
#8138=CARTESIAN_POINT('Ctrl Pts',(4.1627071917878,5.79405899087545,-2.64370923579683));
#8139=CARTESIAN_POINT('Ctrl Pts',(4.16270719067121,5.73799241189581,-2.61136300361966));
#8140=CARTESIAN_POINT('Ctrl Pts',(4.16270718808365,5.68232551905829,-2.57925004028147));
#8141=CARTESIAN_POINT('Ctrl Pts',(4.16270718549869,5.62671449585208,-2.54716930686183));
#8142=CARTESIAN_POINT('Ctrl Pts',(4.16270718140335,5.57058398173877,-2.51479158337836));
#8143=CARTESIAN_POINT('Ctrl Pts',(4.16270717531728,5.514944795973,-2.48270097038428));
#8144=CARTESIAN_POINT('Ctrl Pts',(4.16270719178782,5.84970513967618,-3.275814907554));
#8145=CARTESIAN_POINT('Ctrl Pts',(4.63175106546941,5.84639335802464,-3.30070253476947));
#8146=CARTESIAN_POINT('Ctrl Pts',(5.56406831393982,5.45509460093828,-3.35047778920042));
#8147=CARTESIAN_POINT('Ctrl Pts',(6.14439307975579,4.04999999999994,-3.42514067084686));
#8148=CARTESIAN_POINT('Ctrl Pts',(5.56406831393973,2.64490539906163,-3.49980355249328));
#8149=CARTESIAN_POINT('Ctrl Pts',(4.6317510654693,2.25360664197533,-3.54957880692424));
#8150=CARTESIAN_POINT('Ctrl Pts',(4.16270719178771,2.25029486032382,-3.57446643413971));
#8151=CARTESIAN_POINT('Ctrl Pts',(4.16191935413426,5.73812458765385,-3.21139224001692));
#8152=CARTESIAN_POINT('Ctrl Pts',(4.60188281169974,5.73501813431787,-3.2362798672324));
#8153=CARTESIAN_POINT('Ctrl Pts',(5.47639699512862,5.36797964651607,-3.28605512166335));
#8154=CARTESIAN_POINT('Ctrl Pts',(6.02074200165267,4.04999999999995,-3.36071800330978));
#8155=CARTESIAN_POINT('Ctrl Pts',(5.47639699512854,2.73202035348384,-3.43538088495621));
#8156=CARTESIAN_POINT('Ctrl Pts',(4.60188281169964,2.3649818656821,-3.48515613938716));
#8157=CARTESIAN_POINT('Ctrl Pts',(4.16191935413416,2.36187541234615,-3.51004376660264));
#8158=CARTESIAN_POINT('Ctrl Pts',(4.1611315164807,5.62654403563151,-3.14696957247984));
#8159=CARTESIAN_POINT('Ctrl Pts',(4.57201455793007,5.62364291061111,-3.17185719969532));
#8160=CARTESIAN_POINT('Ctrl Pts',(5.38872567631743,5.28086469209387,-3.22163245412627));
#8161=CARTESIAN_POINT('Ctrl Pts',(5.89709092354955,4.04999999999995,-3.2962953357727));
#8162=CARTESIAN_POINT('Ctrl Pts',(5.38872567631735,2.81913530790605,-3.37095821741913));
#8163=CARTESIAN_POINT('Ctrl Pts',(4.57201455792997,2.47635708938887,-3.42073347185008));
#8164=CARTESIAN_POINT('Ctrl Pts',(4.1611315164806,2.47345596436849,-3.44562109906556));
#8165=CARTESIAN_POINT('Ctrl Pts',(4.16034367882714,5.51496348360917,-3.08254690494277));
#8166=CARTESIAN_POINT('Ctrl Pts',(4.5421463041604,5.51226768690434,-3.10743453215825));
#8167=CARTESIAN_POINT('Ctrl Pts',(5.30105435750623,5.19374973767167,-3.1572097865892));
#8168=CARTESIAN_POINT('Ctrl Pts',(5.77343984544644,4.04999999999995,-3.23187266823563));
#8169=CARTESIAN_POINT('Ctrl Pts',(5.30105435750616,2.90625026232826,-3.30653554988205));
#8170=CARTESIAN_POINT('Ctrl Pts',(4.54214630416031,2.58773231309563,-3.35631080431301));
#8171=CARTESIAN_POINT('Ctrl Pts',(4.16034367882705,2.58503651639083,-3.38119843152848));
#8172=CARTESIAN_POINT('',(4.16270719178774,2.58505511118102,-3.38104436608697));
#8173=CARTESIAN_POINT('Ctrl Pts',(4.16270717531991,2.58505520408317,-3.38104436608697));
#8174=CARTESIAN_POINT('Ctrl Pts',(4.16270718140471,2.52941846154218,-3.41319648243632));
#8175=CARTESIAN_POINT('Ctrl Pts',(4.16270718549953,2.47328839294322,-3.44563024732007));
#8176=CARTESIAN_POINT('Ctrl Pts',(4.16270718808419,2.41767448133232,-3.47776329873564));
#8177=CARTESIAN_POINT('Ctrl Pts',(4.16270719067123,2.36200939747547,-3.50992591686145));
#8178=CARTESIAN_POINT('Ctrl Pts',(4.16270719178771,2.30594311257112,-3.54231785433713));
#8179=CARTESIAN_POINT('Ctrl Pts',(4.16270719178771,2.25029486032382,-3.57446643413971));
#8180=CARTESIAN_POINT('',(4.16270719178781,5.51494488881899,-3.08270097038428));
#8181=CARTESIAN_POINT('Ctrl Pts',(4.16270717532,5.51494479591683,-3.08270097038428));
#8182=CARTESIAN_POINT('Ctrl Pts',(4.54371182393186,5.511609958538,-3.10753724245259));
#8183=CARTESIAN_POINT('Ctrl Pts',(4.92215428868079,5.35245104736464,-3.13237351452089));
#8184=CARTESIAN_POINT('Ctrl Pts',(5.19005825882647,5.08275426870123,-3.1572097865892));
#8185=CARTESIAN_POINT('Ctrl Pts',(5.45851618681963,4.81249982511444,-3.18209741380467));
#8186=CARTESIAN_POINT('Ctrl Pts',(5.61597801613303,4.43124991255719,-3.20698504102015));
#8187=CARTESIAN_POINT('Ctrl Pts',(5.61597801613302,4.04999999999995,-3.23187266823563));
#8188=CARTESIAN_POINT('Ctrl Pts',(5.61597801613301,3.66875008744272,-3.2567602954511));
#8189=CARTESIAN_POINT('Ctrl Pts',(5.45851618681959,3.2875001748855,-3.28164792266658));
#8190=CARTESIAN_POINT('Ctrl Pts',(5.19005825882642,3.01724573129873,-3.30653554988205));
#8191=CARTESIAN_POINT('Ctrl Pts',(4.92215428868073,2.74754895263532,-3.33137182195036));
#8192=CARTESIAN_POINT('Ctrl Pts',(4.54371182393178,2.58839004146198,-3.35620809401867));
#8193=CARTESIAN_POINT('Ctrl Pts',(4.16270717531991,2.58505520408317,-3.38104436608697));
#8194=CARTESIAN_POINT('Ctrl Pts',(4.16270719178782,5.84970513967618,-3.275814907554));
#8195=CARTESIAN_POINT('Ctrl Pts',(4.16270719178781,5.79405899087486,-3.24370923579649));
#8196=CARTESIAN_POINT('Ctrl Pts',(4.16270719067139,5.73799241189173,-3.2113630036195));
#8197=CARTESIAN_POINT('Ctrl Pts',(4.16270718808426,5.68232551904568,-3.17925004028147));
#8198=CARTESIAN_POINT('Ctrl Pts',(4.16270718549973,5.62671449583039,-3.14716930686167));
#8199=CARTESIAN_POINT('Ctrl Pts',(4.16270718140506,5.57058398170333,-3.11479158337833));
#8200=CARTESIAN_POINT('Ctrl Pts',(4.16270717532,5.51494479591683,-3.08270097038428));
#8201=CARTESIAN_POINT('Ctrl Pts',(4.16270719178782,5.84970513967618,-3.875814907554));
#8202=CARTESIAN_POINT('Ctrl Pts',(4.63175106546941,5.84639335802464,-3.90070253476947));
#8203=CARTESIAN_POINT('Ctrl Pts',(5.56406881197598,5.4550840882118,-3.95047778920042));
#8204=CARTESIAN_POINT('Ctrl Pts',(6.14439236280148,4.04999999999995,-4.02514067084686));
#8205=CARTESIAN_POINT('Ctrl Pts',(5.56406881197591,2.64491591178813,-4.09980355249328));
#8206=CARTESIAN_POINT('Ctrl Pts',(4.63175106546931,2.25360664197534,-4.14957880692423));
#8207=CARTESIAN_POINT('Ctrl Pts',(4.16270719178772,2.25029486032382,-4.17446643413971));
#8208=CARTESIAN_POINT('Ctrl Pts',(4.16191935413426,5.73812458765385,-3.81139224001692));
#8209=CARTESIAN_POINT('Ctrl Pts',(4.60188281169974,5.73501813431787,-3.8362798672324));
#8210=CARTESIAN_POINT('Ctrl Pts',(5.47639746228687,5.36796978557182,-3.88605512166335));
#8211=CARTESIAN_POINT('Ctrl Pts',(6.02074132914906,4.04999999999995,-3.96071800330978));
#8212=CARTESIAN_POINT('Ctrl Pts',(5.4763974622868,2.73203021442811,-4.03538088495621));
#8213=CARTESIAN_POINT('Ctrl Pts',(4.60188281169965,2.3649818656821,-4.08515613938716));
#8214=CARTESIAN_POINT('Ctrl Pts',(4.16191935413417,2.36187541234615,-4.11004376660264));
#8215=CARTESIAN_POINT('Ctrl Pts',(4.1611315164807,5.62654403563151,-3.74696957247984));
#8216=CARTESIAN_POINT('Ctrl Pts',(4.57201455793007,5.62364291061111,-3.77185719969532));
#8217=CARTESIAN_POINT('Ctrl Pts',(5.38872611259775,5.28085548293184,-3.82163245412627));
#8218=CARTESIAN_POINT('Ctrl Pts',(5.89709029549665,4.04999999999996,-3.8962953357727));
#8219=CARTESIAN_POINT('Ctrl Pts',(5.38872611259769,2.81914451706809,-3.97095821741913));
#8220=CARTESIAN_POINT('Ctrl Pts',(4.57201455792999,2.47635708938887,-4.02073347185008));
#8221=CARTESIAN_POINT('Ctrl Pts',(4.16113151648062,2.47345596436849,-4.04562109906556));
#8222=CARTESIAN_POINT('Ctrl Pts',(4.16034367882714,5.51496348360917,-3.68254690494277));
#8223=CARTESIAN_POINT('Ctrl Pts',(4.5421463041604,5.51226768690434,-3.70743453215825));
#8224=CARTESIAN_POINT('Ctrl Pts',(5.30105476290864,5.19374118029186,-3.7572097865892));
#8225=CARTESIAN_POINT('Ctrl Pts',(5.77343926184424,4.04999999999996,-3.83187266823562));
#8226=CARTESIAN_POINT('Ctrl Pts',(5.30105476290858,2.90625881970807,-3.90653554988206));
#8227=CARTESIAN_POINT('Ctrl Pts',(4.54214630416032,2.58773231309564,-3.95631080431301));
#8228=CARTESIAN_POINT('Ctrl Pts',(4.16034367882706,2.58503651639083,-3.98119843152848));
#8229=CARTESIAN_POINT('',(4.16270719178774,2.58505511118102,-3.98104436608697));
#8230=CARTESIAN_POINT('Ctrl Pts',(4.16270717532248,2.58505520413775,-3.98104436608697));
#8231=CARTESIAN_POINT('Ctrl Pts',(4.16270718140633,2.5294184615811,-4.01319648243371));
#8232=CARTESIAN_POINT('Ctrl Pts',(4.1627071855005,2.47328839297634,-4.04563024731296));
#8233=CARTESIAN_POINT('Ctrl Pts',(4.16270718808476,2.41767448134457,-4.07776329873564));
#8234=CARTESIAN_POINT('Ctrl Pts',(4.1627071906714,2.36200939746192,-4.10992591687141));
#8235=CARTESIAN_POINT('Ctrl Pts',(4.16270719178772,2.30594311252566,-4.1423178543634));
#8236=CARTESIAN_POINT('Ctrl Pts',(4.16270719178772,2.25029486032382,-4.17446643413971));
#8237=CARTESIAN_POINT('',(4.16270719178781,5.51494488881899,-3.68270097038428));
#8238=CARTESIAN_POINT('Ctrl Pts',(4.16270717532258,5.51494479586225,-3.68270097038428));
#8239=CARTESIAN_POINT('Ctrl Pts',(4.54371182476727,5.51160994089519,-3.70753724245259));
#8240=CARTESIAN_POINT('Ctrl Pts',(4.92215449125101,5.35244676720323,-3.73237351452089));
#8241=CARTESIAN_POINT('Ctrl Pts',(5.19005839804418,5.08274927689633,-3.7572097865892));
#8242=CARTESIAN_POINT('Ctrl Pts',(5.45851626255384,4.81249412019456,-3.78209741380467));
#8243=CARTESIAN_POINT('Ctrl Pts',(5.61597776219904,4.43124706009726,-3.80698504102015));
#8244=CARTESIAN_POINT('Ctrl Pts',(5.61597776219903,4.04999999999997,-3.83187266823562));
#8245=CARTESIAN_POINT('Ctrl Pts',(5.61597776219902,3.66875293990266,-3.8567602954511));
#8246=CARTESIAN_POINT('Ctrl Pts',(5.4585162625538,3.28750587980536,-3.88164792266658));
#8247=CARTESIAN_POINT('Ctrl Pts',(5.19005839804412,3.01725072310361,-3.90653554988206));
#8248=CARTESIAN_POINT('Ctrl Pts',(4.92215449125093,2.74755323279672,-3.93137182195036));
#8249=CARTESIAN_POINT('Ctrl Pts',(4.54371182476719,2.58839005910479,-3.95620809401867));
#8250=CARTESIAN_POINT('Ctrl Pts',(4.1627071753225,2.58505520413775,-3.98104436608697));
#8251=CARTESIAN_POINT('Ctrl Pts',(4.16270719178783,5.84970513967618,-3.875814907554));
#8252=CARTESIAN_POINT('Ctrl Pts',(4.16270719178783,5.79405899091581,-3.84370923582012));
#8253=CARTESIAN_POINT('Ctrl Pts',(4.16270719067156,5.7379924119037,-3.81136300362853));
#8254=CARTESIAN_POINT('Ctrl Pts',(4.16270718808483,5.68232551903342,-3.77925004028147));
#8255=CARTESIAN_POINT('Ctrl Pts',(4.1627071855007,5.62671449583056,-3.74716930687377));
#8256=CARTESIAN_POINT('Ctrl Pts',(4.16270718140668,5.57058398167675,-3.71479158338283));
#8257=CARTESIAN_POINT('Ctrl Pts',(4.16270717532257,5.51494479586225,-3.68270097038428));
#8258=CARTESIAN_POINT('Ctrl Pts',(5.25772034447533,5.00873908777908,1.38777878078145E-16));
#8259=CARTESIAN_POINT('Ctrl Pts',(5.57491575112567,4.64225376387865,-0.0315935070581449));
#8260=CARTESIAN_POINT('Ctrl Pts',(5.81174483362894,3.57601237083408,-0.0947805211744347));
#8261=CARTESIAN_POINT('Ctrl Pts',(4.65945588531596,2.39704768281916,-0.18956104234887));
#8262=CARTESIAN_POINT('Ctrl Pts',(3.04512788316349,2.72108461277761,-0.284341563523305));
#8263=CARTESIAN_POINT('Ctrl Pts',(2.43281148905371,4.24831052722684,-0.379122084697741));
#8264=CARTESIAN_POINT('Ctrl Pts',(3.37774554907443,5.59669326930208,-0.473902605872175));
#8265=CARTESIAN_POINT('Ctrl Pts',(5.02301169598608,5.54191056901369,-0.56868312704661));
#8266=CARTESIAN_POINT('Ctrl Pts',(5.87659112994773,4.1344378988418,-0.663463648221045));
#8267=CARTESIAN_POINT('Ctrl Pts',(5.16432733222426,2.65021903432079,-0.75824416939548));
#8268=CARTESIAN_POINT('Ctrl Pts',(3.53230369614054,2.43556578224394,-0.853024690569916));
#8269=CARTESIAN_POINT('Ctrl Pts',(2.46024606850177,3.68480326224762,-0.94780521174435));
#8270=CARTESIAN_POINT('Ctrl Pts',(2.92097646856792,5.2655511533955,-1.04258573291879));
#8271=CARTESIAN_POINT('Ctrl Pts',(4.4954821407703,5.74334006961626,-1.13736625409322));
#8272=CARTESIAN_POINT('Ctrl Pts',(5.75823565399997,4.68669046102473,-1.23214677526766));
#8273=CARTESIAN_POINT('Ctrl Pts',(5.55939876668972,3.0501723742823,-1.32692729644209));
#8274=CARTESIAN_POINT('Ctrl Pts',(4.57943240675264,2.56786059135279,-1.39011431055838));
#8275=CARTESIAN_POINT('Ctrl Pts',(4.09508304603397,2.58602966964248,-1.42170781761653));
#8276=CARTESIAN_POINT('Ctrl Pts',(5.34209108061028,5.08176250294041,0.0644226675370759));
#8277=CARTESIAN_POINT('Ctrl Pts',(5.68344602363746,4.68736342200343,0.0328291604789309));
#8278=CARTESIAN_POINT('Ctrl Pts',(5.93831345320967,3.53991058269681,-0.0303578536373591));
#8279=CARTESIAN_POINT('Ctrl Pts',(4.69825915212132,2.27114875490646,-0.125138374811794));
#8280=CARTESIAN_POINT('Ctrl Pts',(2.96097408541354,2.6198663133754,-0.219918895986229));
#8281=CARTESIAN_POINT('Ctrl Pts',(2.30201994092191,4.26341506624599,-0.314699417160665));
#8282=CARTESIAN_POINT('Ctrl Pts',(3.31892594100906,5.71449886017782,-0.409479938335099));
#8283=CARTESIAN_POINT('Ctrl Pts',(5.08950559023667,5.65554357537941,-0.504260459509534));
#8284=CARTESIAN_POINT('Ctrl Pts',(6.00809883887833,4.14086920410626,-0.599040980683969));
#8285=CARTESIAN_POINT('Ctrl Pts',(5.24158468705068,2.54360318033647,-0.693821501858404));
#8286=CARTESIAN_POINT('Ctrl Pts',(3.48525617902632,2.31260062766059,-0.78860202303284));
#8287=CARTESIAN_POINT('Ctrl Pts',(2.33154410523237,3.65698765178968,-0.883382544207274));
#8288=CARTESIAN_POINT('Ctrl Pts',(2.8273665420271,5.35813494147267,-0.97816306538171));
#8289=CARTESIAN_POINT('Ctrl Pts',(4.52179616730565,5.87231517503242,-1.07294358655614));
#8290=CARTESIAN_POINT('Ctrl Pts',(5.88072868816982,4.73518468897196,-1.16772410773058));
#8291=CARTESIAN_POINT('Ctrl Pts',(5.66674717104681,2.97401940552029,-1.26250462890501));
#8292=CARTESIAN_POINT('Ctrl Pts',(4.61214059746036,2.45497181614354,-1.32569164302131));
#8293=CARTESIAN_POINT('Ctrl Pts',(4.09090023594521,2.47452476222788,-1.35728515007945));
#8294=CARTESIAN_POINT('Ctrl Pts',(5.42646181674523,5.15478591810174,0.128845335074152));
#8295=CARTESIAN_POINT('Ctrl Pts',(5.79197629614925,4.7324730801282,0.0972518280160065));
#8296=CARTESIAN_POINT('Ctrl Pts',(6.06488207279039,3.50380879455954,0.0340648138997166));
#8297=CARTESIAN_POINT('Ctrl Pts',(4.73706241892667,2.14524982699377,-0.0607157072747187));
#8298=CARTESIAN_POINT('Ctrl Pts',(2.8768202876636,2.5186480139732,-0.155496228449154));
#8299=CARTESIAN_POINT('Ctrl Pts',(2.17122839279011,4.27851960526515,-0.250276749623589));
#8300=CARTESIAN_POINT('Ctrl Pts',(3.26010633294368,5.83230445105355,-0.345057270798023));
#8301=CARTESIAN_POINT('Ctrl Pts',(5.15599948448726,5.76917658174513,-0.439837791972459));
#8302=CARTESIAN_POINT('Ctrl Pts',(6.13960654780893,4.14730050937071,-0.534618313146893));
#8303=CARTESIAN_POINT('Ctrl Pts',(5.31884204187709,2.43698732635214,-0.629398834321329));
#8304=CARTESIAN_POINT('Ctrl Pts',(3.43820866191211,2.18963547307723,-0.724179355495763));
#8305=CARTESIAN_POINT('Ctrl Pts',(2.20284214196297,3.62917204133175,-0.818959876670199));
#8306=CARTESIAN_POINT('Ctrl Pts',(2.73375661548628,5.45071872954984,-0.913740397844635));
#8307=CARTESIAN_POINT('Ctrl Pts',(4.548110193841,6.00129028044858,-1.00852091901907));
#8308=CARTESIAN_POINT('Ctrl Pts',(6.00322172233967,4.78367891691917,-1.10330144019351));
#8309=CARTESIAN_POINT('Ctrl Pts',(5.77409557540389,2.89786643675829,-1.19808196136794));
#8310=CARTESIAN_POINT('Ctrl Pts',(4.64484878816809,2.34208304093429,-1.26126897548423));
#8311=CARTESIAN_POINT('Ctrl Pts',(4.08671742585644,2.36301985481328,-1.29286248254237));
#8312=CARTESIAN_POINT('Ctrl Pts',(5.51083255288018,5.22780933326307,0.193268002611227));
#8313=CARTESIAN_POINT('Ctrl Pts',(5.90050656866104,4.77758273825297,0.161674495553082));
#8314=CARTESIAN_POINT('Ctrl Pts',(6.19145069237111,3.46770700642227,0.0984874814367923));
#8315=CARTESIAN_POINT('Ctrl Pts',(4.77586568573202,2.01935089908108,0.00370696026235694));
#8316=CARTESIAN_POINT('Ctrl Pts',(2.79266648991365,2.41742971457098,-0.0910735609120779));
#8317=CARTESIAN_POINT('Ctrl Pts',(2.04043684465831,4.29362414428431,-0.185854082086513));
#8318=CARTESIAN_POINT('Ctrl Pts',(3.2012867248783,5.95011004192929,-0.280634603260948));
#8319=CARTESIAN_POINT('Ctrl Pts',(5.22249337873785,5.88280958811085,-0.375415124435383));
#8320=CARTESIAN_POINT('Ctrl Pts',(6.27111425673953,4.15373181463517,-0.470195645609817));
#8321=CARTESIAN_POINT('Ctrl Pts',(5.39609939670349,2.33037147236781,-0.564976166784254));
#8322=CARTESIAN_POINT('Ctrl Pts',(3.3911611447979,2.06667031849388,-0.659756687958688));
#8323=CARTESIAN_POINT('Ctrl Pts',(2.07414017869357,3.60135643087382,-0.754537209133123));
#8324=CARTESIAN_POINT('Ctrl Pts',(2.64014668894547,5.543302517627,-0.849317730307559));
#8325=CARTESIAN_POINT('Ctrl Pts',(4.57442422037635,6.13026538586475,-0.944098251481992));
#8326=CARTESIAN_POINT('Ctrl Pts',(6.12571475650952,4.83217314486639,-1.03887877265643));
#8327=CARTESIAN_POINT('Ctrl Pts',(5.88144397976098,2.82171346799629,-1.13365929383086));
#8328=CARTESIAN_POINT('Ctrl Pts',(4.67755697887581,2.22919426572504,-1.19684630794715));
#8329=CARTESIAN_POINT('Ctrl Pts',(4.08253461576768,2.25151494739868,-1.2284398150053));
#8330=CARTESIAN_POINT('',(4.15589458331648,2.58501185878946,-1.41774310462295));
#8331=CARTESIAN_POINT('Ctrl Pts',(4.08253461576768,2.25151494739868,-1.2284398150053));
#8332=CARTESIAN_POINT('Ctrl Pts',(4.09523168851092,2.2861093937512,-1.24806927335902));
#8333=CARTESIAN_POINT('Ctrl Pts',(4.10623966547556,2.32147610764455,-1.26809697426632));
#8334=CARTESIAN_POINT('Ctrl Pts',(4.11566605200655,2.35709769732205,-1.28827212949784));
#8335=CARTESIAN_POINT('Ctrl Pts',(4.12100539740737,2.37727467292019,-1.29969985123851));
#8336=CARTESIAN_POINT('Ctrl Pts',(4.12583831704923,2.39753380921919,-1.31117488190173));
#8337=CARTESIAN_POINT('Ctrl Pts',(4.13019090722996,2.41778414778603,-1.32265164556526));
#8338=CARTESIAN_POINT('Ctrl Pts',(4.13764064091609,2.45244388442857,-1.34229485324665));
#8339=CARTESIAN_POINT('Ctrl Pts',(4.14376796139856,2.48747248528864,-1.36216686617905));
#8340=CARTESIAN_POINT('Ctrl Pts',(4.14860656583078,2.52257714304425,-1.3821303063223));
#8341=CARTESIAN_POINT('Ctrl Pts',(4.15147827749839,2.54341175696575,-1.39397860778774));
#8342=CARTESIAN_POINT('Ctrl Pts',(4.15389710516561,2.56427337641995,-1.40585911377823));
#8343=CARTESIAN_POINT('Ctrl Pts',(4.15587837388763,2.5851030548623,-1.41774310462295));
#8344=CARTESIAN_POINT('Ctrl Pts',(5.25772034447533,5.00873908777908,1.38777878078145E-16));
#8345=CARTESIAN_POINT('Ctrl Pts',(5.2991257075448,4.97055515920587,1.60038905436447E-16));
#8346=CARTESIAN_POINT('Ctrl Pts',(5.33798607847656,4.92994709773207,-4.64210227211189E-18));
#8347=CARTESIAN_POINT('Ctrl Pts',(5.37429907033983,4.88724788697317,9.54097911787244E-17));
#8348=CARTESIAN_POINT('Ctrl Pts',(5.41220879424022,4.84267113337685,1.99861103555121E-16));
#8349=CARTESIAN_POINT('Ctrl Pts',(5.44734279207685,4.79581487077657,4.22457147058391E-16));
#8350=CARTESIAN_POINT('Ctrl Pts',(5.47967138177335,4.74700748123862,5.30825383648903E-16));
#8351=CARTESIAN_POINT('Ctrl Pts',(5.50720901131152,4.70543314024696,6.23133906258471E-16));
#8352=CARTESIAN_POINT('Ctrl Pts',(5.53271081719228,4.6624419729753,6.99885729565393E-16));
#8353=CARTESIAN_POINT('Ctrl Pts',(5.55613909931466,4.61821414662367,7.63278329429795E-16));
#8354=CARTESIAN_POINT('Ctrl Pts',(5.56891816387939,4.5940898747051,7.97856115473265E-16));
#8355=CARTESIAN_POINT('Ctrl Pts',(5.5810799816913,4.56959734412713,-1.71769147597774E-17));
#8356=CARTESIAN_POINT('Ctrl Pts',(5.59261584904773,4.54476382461963,-2.08166817117217E-17));
#8357=CARTESIAN_POINT('Ctrl Pts',(5.59734771063662,4.53457744041082,-2.23096664089499E-17));
#8358=CARTESIAN_POINT('Ctrl Pts',(5.60197083823754,4.52434086887463,9.62736069146514E-17));
#8359=CARTESIAN_POINT('Ctrl Pts',(5.60648256765736,4.51406201532783,9.71445146547012E-17));
#8360=CARTESIAN_POINT('Ctrl Pts',(5.63094826883143,4.45832299911305,1.01867175642445E-16));
#8361=CARTESIAN_POINT('Ctrl Pts',(5.65216517392215,4.40129205753312,6.8849943206932E-16));
#8362=CARTESIAN_POINT('Ctrl Pts',(5.67010384115787,4.34331340190488,5.96744875736022E-16));
#8363=CARTESIAN_POINT('Ctrl Pts',(5.68836432855831,4.28429460766105,5.03344240235065E-16));
#8364=CARTESIAN_POINT('Ctrl Pts',(5.70322848526411,4.22429290653204,1.6925529941647E-16));
#8365=CARTESIAN_POINT('Ctrl Pts',(5.71462501781204,4.16363603872397,9.71445146547012E-17));
#8366=CARTESIAN_POINT('Ctrl Pts',(5.72335103691021,4.11719270302498,4.19312221582019E-17));
#8367=CARTESIAN_POINT('Ctrl Pts',(5.73004338607292,4.07036441954215,3.5828521242942E-16));
#8368=CARTESIAN_POINT('Ctrl Pts',(5.73465129492078,4.02328981824079,4.02455846426619E-16));
#8369=CARTESIAN_POINT('Ctrl Pts',(5.73642515610212,4.00516797368344,4.19459779357937E-16));
#8370=CARTESIAN_POINT('Ctrl Pts',(5.73788993151154,3.98700957464431,5.99645622370792E-17));
#8371=CARTESIAN_POINT('Ctrl Pts',(5.73904201002999,3.96882238820808,5.55111512312578E-17));
#8372=CARTESIAN_POINT('Ctrl Pts',(5.73971588349766,3.95818434384344,5.290626322288E-17));
#8373=CARTESIAN_POINT('Ctrl Pts',(5.74028264662358,3.94753686561006,-1.73115038188579E-17));
#8374=CARTESIAN_POINT('Ctrl Pts',(5.74074122179784,3.9368952500162,-1.38777878078145E-17));
#8375=CARTESIAN_POINT('Ctrl Pts',(5.74348001264807,3.87333934674043,6.62971133547598E-18));
#8376=CARTESIAN_POINT('Ctrl Pts',(5.74237212080066,3.8098699973101,3.57552022338443E-16));
#8377=CARTESIAN_POINT('Ctrl Pts',(5.73735887277691,3.74683423663277,3.46944695195361E-16));
#8378=CARTESIAN_POINT('Ctrl Pts',(5.73346303899462,3.69784865986189,3.38701659297676E-16));
#8379=CARTESIAN_POINT('Ctrl Pts',(5.72720799559027,3.6491241087265,1.21594833057745E-16));
#8380=CARTESIAN_POINT('Ctrl Pts',(5.71854574578884,3.60081606112269,6.93889390390723E-17));
#8381=CARTESIAN_POINT('Ctrl Pts',(5.70769128632188,3.54028239415813,5.34819365069213E-18));
#8382=CARTESIAN_POINT('Ctrl Pts',(5.69305892872281,3.48040206210909,3.59128509176787E-16));
#8383=CARTESIAN_POINT('Ctrl Pts',(5.67488381238588,3.42138585703049,3.19189119579733E-16));
#8384=CARTESIAN_POINT('Ctrl Pts',(5.66721947500141,3.39649907784907,3.02346918895723E-16));
#8385=CARTESIAN_POINT('Ctrl Pts',(5.65892450347973,3.37176600764915,-4.00602792272635E-17));
#8386=CARTESIAN_POINT('Ctrl Pts',(5.65001385304976,3.34720287097503,-6.93889390390723E-17));
#8387=CARTESIAN_POINT('Ctrl Pts',(5.64587074277044,3.33578195565053,-8.30256396256285E-17));
#8388=CARTESIAN_POINT('Ctrl Pts',(5.64159733944735,3.32440574319684,1.28815578557559E-16));
#8389=CARTESIAN_POINT('Ctrl Pts',(5.63719831329088,3.31308231501794,1.2490009027033E-16));
#8390=CARTESIAN_POINT('Ctrl Pts',(5.61419132489583,3.25386057560604,1.04422013900429E-16));
#8391=CARTESIAN_POINT('Ctrl Pts',(5.58773224449322,3.19602640489669,3.01190207908394E-17));
#8392=CARTESIAN_POINT('Ctrl Pts',(5.55811704323731,3.13979743491547,1.38777878078145E-17));
#8393=CARTESIAN_POINT('Ctrl Pts',(5.52782289468359,3.08227938008565,-2.73578575637298E-18));
#8394=CARTESIAN_POINT('Ctrl Pts',(5.4942259301672,3.02644010143679,-1.55499655386832E-16));
#8395=CARTESIAN_POINT('Ctrl Pts',(5.45758733320839,2.97251744228379,-8.32667268468867E-17));
#8396=CARTESIAN_POINT('Ctrl Pts',(5.43370629088762,2.93737064594962,-3.61852945159811E-17));
#8397=CARTESIAN_POINT('Ctrl Pts',(5.40853190265229,2.9030382392529,-1.93818214986093E-16));
#8398=CARTESIAN_POINT('Ctrl Pts',(5.38212531699154,2.86958992888448,-1.94289029309402E-16));
#8399=CARTESIAN_POINT('Ctrl Pts',(5.36077284945633,2.84254349545213,-1.94669731596427E-16));
#8400=CARTESIAN_POINT('Ctrl Pts',(5.33861454366379,2.81607515758881,1.52792480023689E-16));
#8401=CARTESIAN_POINT('Ctrl Pts',(5.31567903378844,2.79022407120706,1.94289029309402E-16));
#8402=CARTESIAN_POINT('Ctrl Pts',(5.30750837248023,2.78101475027099,2.09071968581993E-16));
#8403=CARTESIAN_POINT('Ctrl Pts',(5.29924263933493,2.77188791665493,-1.10072939389964E-16));
#8404=CARTESIAN_POINT('Ctrl Pts',(5.2908887435081,2.76285086139769,-1.11022302462516E-16));
#8405=CARTESIAN_POINT('Ctrl Pts',(5.24491124622993,2.71311344641124,-1.16247330280564E-16));
#8406=CARTESIAN_POINT('Ctrl Pts',(5.19621963311712,2.66604009331321,-3.26428010540278E-16));
#8407=CARTESIAN_POINT('Ctrl Pts',(5.14508245597782,2.6218918373266,-4.9960036108132E-16));
#8408=CARTESIAN_POINT('Ctrl Pts',(5.11026386363217,2.59183190414369,-6.17511004889522E-16));
#8409=CARTESIAN_POINT('Ctrl Pts',(5.07431039684716,2.5631283610673,-4.71820039573078E-17));
#8410=CARTESIAN_POINT('Ctrl Pts',(5.03729505063904,2.53587086021997,-8.32667268468867E-17));
#8411=CARTESIAN_POINT('Ctrl Pts',(5.02475490617443,2.52663650113961,-9.54915925946364E-17));
#8412=CARTESIAN_POINT('Ctrl Pts',(5.01209281338637,2.51756817130065,7.55529736732703E-17));
#8413=CARTESIAN_POINT('Ctrl Pts',(4.99931139695776,2.50866956270829,1.11022302462516E-16));
#8414=CARTESIAN_POINT('Ctrl Pts',(4.98661722262967,2.49983169333913,1.46249528292015E-16));
#8415=CARTESIAN_POINT('Ctrl Pts',(4.97381198123796,2.49116592513355,4.84999072554837E-17));
#8416=CARTESIAN_POINT('Ctrl Pts',(4.9609040103936,2.48267886281907,5.55111512312578E-17));
#8417=CARTESIAN_POINT('Ctrl Pts',(4.90391612310131,2.44520901132559,8.64653566821217E-17));
#8418=CARTESIAN_POINT('Ctrl Pts',(4.84489715488489,2.41119763822005,-6.89622462644413E-17));
#8419=CARTESIAN_POINT('Ctrl Pts',(4.7840941187096,2.38092054736117,-1.94289029309402E-16));
#8420=CARTESIAN_POINT('Ctrl Pts',(4.74974243509873,2.36381500278205,-2.65094473740142E-16));
#8421=CARTESIAN_POINT('Ctrl Pts',(4.71482055664973,2.34790194495647,-2.58453165753914E-16));
#8422=CARTESIAN_POINT('Ctrl Pts',(4.67936802852462,2.33323656800262,-3.60822483003176E-16));
#8423=CARTESIAN_POINT('Ctrl Pts',(4.65789633957865,2.32435453817622,-4.22047076160762E-16));
#8424=CARTESIAN_POINT('Ctrl Pts',(4.63622993978125,2.31593025009648,-1.31286261193883E-16));
#8425=CARTESIAN_POINT('Ctrl Pts',(4.61438221179535,2.30795990444007,-1.38777878078145E-16));
#8426=CARTESIAN_POINT('Ctrl Pts',(2.68471747961754,4.04871058014926,-0.968127331764376));
#8427=CARTESIAN_POINT('Ctrl Pts',(2.68376308766142,3.9448563963143,-0.961353291757701));
#8428=CARTESIAN_POINT('Ctrl Pts',(2.69386471570084,3.84118566165573,-0.954579251751026));
#8429=CARTESIAN_POINT('Ctrl Pts',(2.71571073978593,3.74005499743832,-0.947805211744351));
#8430=CARTESIAN_POINT('Ctrl Pts',(2.81759861104803,3.26839076891306,-0.916211704686206));
#8431=CARTESIAN_POINT('Ctrl Pts',(3.17495115359428,2.8519782755785,-0.884618197628061));
#8432=CARTESIAN_POINT('Ctrl Pts',(3.6256313642147,2.67954757092403,-0.853024690569916));
#8433=CARTESIAN_POINT('Ctrl Pts',(4.07631157483511,2.50711686626956,-0.82143118351177));
#8434=CARTESIAN_POINT('Ctrl Pts',(4.62031945352969,2.57866795029518,-0.789837676453625));
#8435=CARTESIAN_POINT('Ctrl Pts',(5.01103402583088,2.86181330306148,-0.75824416939548));
#8436=CARTESIAN_POINT('Ctrl Pts',(5.40174859813208,3.14495865582779,-0.726650662337335));
#8437=CARTESIAN_POINT('Ctrl Pts',(5.63916986403991,3.6396982773348,-0.69505715527919));
#8438=CARTESIAN_POINT('Ctrl Pts',(5.61561725800021,4.12164686645028,-0.663463648221045));
#8439=CARTESIAN_POINT('Ctrl Pts',(5.59206465196051,4.60359545556576,-0.6318701411629));
#8440=CARTESIAN_POINT('Ctrl Pts',(5.3075381739733,5.07275301228973,-0.600276634104755));
#8441=CARTESIAN_POINT('Ctrl Pts',(4.89106391049441,5.31646224069977,-0.56868312704661));
#8442=CARTESIAN_POINT('Ctrl Pts',(4.47458964701553,5.56017146910982,-0.537089619988465));
#8443=CARTESIAN_POINT('Ctrl Pts',(3.92616759804498,5.57843236920595,-0.50549611293032));
#8444=CARTESIAN_POINT('Ctrl Pts',(3.49446756355626,5.36283236224147,-0.473902605872175));
#8445=CARTESIAN_POINT('Ctrl Pts',(3.06276752906753,5.147232355277,-0.44230909881403));
#8446=CARTESIAN_POINT('Ctrl Pts',(2.74778950906062,4.69777144125192,-0.410715591755886));
#8447=CARTESIAN_POINT('Ctrl Pts',(2.6923532314088,4.21850333183117,-0.379122084697741));
#8448=CARTESIAN_POINT('Ctrl Pts',(2.68592249892521,4.16290715672443,-0.375457167053286));
#8449=CARTESIAN_POINT('Ctrl Pts',(2.68298429511393,4.10690988049378,-0.371792249408831));
#8450=CARTESIAN_POINT('Ctrl Pts',(2.68339416658464,4.05087105872866,-0.368127331764376));
#8451=CARTESIAN_POINT('',(4.16270719178781,5.7208121179641,-1.));
#8452=CARTESIAN_POINT('Ctrl Pts',(4.16398075722709,5.72131478164183,-0.999999999999999));
#8453=CARTESIAN_POINT('Ctrl Pts',(4.13515022601842,5.71841839426429,-0.999999999999999));
#8454=CARTESIAN_POINT('Ctrl Pts',(4.10635856614952,5.71476281907307,-0.999999999999999));
#8455=CARTESIAN_POINT('Ctrl Pts',(4.07763686877226,5.71035506907117,-0.999999999999999));
#8456=CARTESIAN_POINT('Ctrl Pts',(4.05867241579167,5.70744470599049,-0.999999999999999));
#8457=CARTESIAN_POINT('Ctrl Pts',(4.03973848743915,5.70420638020624,-0.999999999999999));
#8458=CARTESIAN_POINT('Ctrl Pts',(4.02084435158413,5.70064173833754,-0.999999999999999));
#8459=CARTESIAN_POINT('Ctrl Pts',(4.0114665754289,5.69887249026106,-0.999999999999999));
#8460=CARTESIAN_POINT('Ctrl Pts',(4.00209849025666,5.69702276567076,-0.999999999999999));
#8461=CARTESIAN_POINT('Ctrl Pts',(3.99275207118519,5.69509515548715,-0.999999999999999));
#8462=CARTESIAN_POINT('Ctrl Pts',(3.93008268924981,5.68217019054656,-0.999999999999999));
#8463=CARTESIAN_POINT('Ctrl Pts',(3.86825864046677,5.66572423201238,-1.));
#8464=CARTESIAN_POINT('Ctrl Pts',(3.80758945126068,5.64589766954848,-1.));
#8465=CARTESIAN_POINT('Ctrl Pts',(3.74722834009524,5.6261717863354,-1.));
#8466=CARTESIAN_POINT('Ctrl Pts',(3.68800942511597,5.60309895366148,-0.999999999999999));
#8467=CARTESIAN_POINT('Ctrl Pts',(3.63026327010086,5.57677331360694,-0.999999999999999));
#8468=CARTESIAN_POINT('Ctrl Pts',(3.57442494135778,5.55131742406151,-0.999999999999999));
#8469=CARTESIAN_POINT('Ctrl Pts',(3.51996302031408,5.52281945795701,-1.));
#8470=CARTESIAN_POINT('Ctrl Pts',(3.4672119609819,5.49133251958419,-1.));
#8471=CARTESIAN_POINT('Ctrl Pts',(3.45560772776899,5.48440598994357,-1.));
#8472=CARTESIAN_POINT('Ctrl Pts',(3.44408644731928,5.47733471316591,-1.));
#8473=CARTESIAN_POINT('Ctrl Pts',(3.43265196778003,5.47011908370816,-1.));
#8474=CARTESIAN_POINT('Ctrl Pts',(3.42301441430203,5.46403738890625,-1.));
#8475=CARTESIAN_POINT('Ctrl Pts',(3.41344554065542,5.45785752646136,-1.));
#8476=CARTESIAN_POINT('Ctrl Pts',(3.40395186483105,5.45158321060731,-1.));
#8477=CARTESIAN_POINT('Ctrl Pts',(3.35298407362094,5.41789888997629,-1.));
#8478=CARTESIAN_POINT('Ctrl Pts',(3.30413739900584,5.38146789262,-1.));
#8479=CARTESIAN_POINT('Ctrl Pts',(3.25770873264353,5.34238173406059,-1.));
#8480=CARTESIAN_POINT('Ctrl Pts',(3.21274322967295,5.30452734545729,-1.));
#8481=CARTESIAN_POINT('Ctrl Pts',(3.17004519047282,5.26418189046074,-1.));
#8482=CARTESIAN_POINT('Ctrl Pts',(3.12992294779938,5.22139986355518,-1.));
#8483=CARTESIAN_POINT('Ctrl Pts',(3.10348720836537,5.19321164573946,-1.));
#8484=CARTESIAN_POINT('Ctrl Pts',(3.07817048306118,5.16396509470711,-1.));
#8485=CARTESIAN_POINT('Ctrl Pts',(3.05407227005612,5.13367051733863,-1.));
#8486=CARTESIAN_POINT('Ctrl Pts',(3.0416896757353,5.11810399123996,-1.));
#8487=CARTESIAN_POINT('Ctrl Pts',(3.02962897676501,5.10226067907224,-1.));
#8488=CARTESIAN_POINT('Ctrl Pts',(3.01789417200184,5.08615215011671,-1.));
#8489=CARTESIAN_POINT('Ctrl Pts',(3.0113536473545,5.07717388138601,-1.));
#8490=CARTESIAN_POINT('Ctrl Pts',(3.00491437245839,5.06811322180135,-1.));
#8491=CARTESIAN_POINT('Ctrl Pts',(2.99857711751164,5.05897217294101,-1.));
#8492=CARTESIAN_POINT('Ctrl Pts',(2.99199758919345,5.04948166161711,-1.));
#8493=CARTESIAN_POINT('Ctrl Pts',(2.98553257278698,5.03991094992527,-1.));
#8494=CARTESIAN_POINT('Ctrl Pts',(2.97918631999984,5.03026868210863,-1.));
#8495=CARTESIAN_POINT('Ctrl Pts',(2.94654973320369,4.9806818280918,-1.));
#8496=CARTESIAN_POINT('Ctrl Pts',(2.91701527636714,4.92915420956834,-1.));
#8497=CARTESIAN_POINT('Ctrl Pts',(2.89061904215359,4.87602450989914,-1.));
#8498=CARTESIAN_POINT('Ctrl Pts',(2.86339205371485,4.82122268828531,-1.));
#8499=CARTESIAN_POINT('Ctrl Pts',(2.83950356326681,4.76471508448285,-1.));
#8500=CARTESIAN_POINT('Ctrl Pts',(2.8190488533322,4.70686063576377,-1.));
#8501=CARTESIAN_POINT('Ctrl Pts',(2.7985941433976,4.6490061870447,-1.));
#8502=CARTESIAN_POINT('Ctrl Pts',(2.78157312418227,4.58980353937582,-1.));
#8503=CARTESIAN_POINT('Ctrl Pts',(2.76813894912813,4.52961912332693,-1.));
#8504=CARTESIAN_POINT('',(4.16270719178781,5.51494488881899,-1.11895563391303));
#8505=CARTESIAN_POINT('Ctrl Pts',(4.16382200388529,5.51539972923861,-1.11895563391303));
#8506=CARTESIAN_POINT('Ctrl Pts',(4.16383586125782,5.53337219699324,-1.10857186615818));
#8507=CARTESIAN_POINT('Ctrl Pts',(4.16384973195924,5.55136242627108,-1.09817819587924));
#8508=CARTESIAN_POINT('Ctrl Pts',(4.16386358862458,5.56933487618354,-1.08779511956047));
#8509=CARTESIAN_POINT('Ctrl Pts',(4.16390235823738,5.61962005713921,-1.05874427373204));
#8510=CARTESIAN_POINT('Ctrl Pts',(4.16394160963003,5.67050413042257,-1.02934996350523));
#8511=CARTESIAN_POINT('Ctrl Pts',(4.16398075722709,5.72131478164183,-0.999999999999999));
#8512=CARTESIAN_POINT('Ctrl Pts',(4.15587837388761,2.5851030548623,-1.41774310462295));
#8513=CARTESIAN_POINT('Ctrl Pts',(4.62005415619383,2.58830219012383,-1.38747116856266));
#8514=CARTESIAN_POINT('Ctrl Pts',(5.08104993793862,2.82546969861881,-1.35719923250238));
#8515=CARTESIAN_POINT('Ctrl Pts',(5.34754665792383,3.20234744300699,-1.32692729644209));
#8516=CARTESIAN_POINT('Ctrl Pts',(5.62567772912647,3.59567840319644,-1.29533378938395));
#8517=CARTESIAN_POINT('Ctrl Pts',(5.69195669156322,4.14118443211059,-1.2637402823258));
#8518=CARTESIAN_POINT('Ctrl Pts',(5.51463725390998,4.59004571466625,-1.23214677526766));
#8519=CARTESIAN_POINT('Ctrl Pts',(5.33731781625675,5.03890699722191,-1.20055326820951));
#8520=CARTESIAN_POINT('Ctrl Pts',(4.91639997851352,5.39112353341908,-1.16895976115137));
#8521=CARTESIAN_POINT('Ctrl Pts',(4.44352344760818,5.48760031548088,-1.13736625409322));
#8522=CARTESIAN_POINT('Ctrl Pts',(4.35166965639933,5.50634042546062,-1.13122938069982));
#8523=CARTESIAN_POINT('Ctrl Pts',(4.25785541022086,5.51543121130593,-1.12509250730643));
#8524=CARTESIAN_POINT('Ctrl Pts',(4.1638220038853,5.51539972923861,-1.11895563391303));
#8525=CARTESIAN_POINT('Ctrl Pts',(4.16034367882714,5.51496348360917,-1.71880156847152));
#8526=CARTESIAN_POINT('Ctrl Pts',(4.5421463041604,5.51226768690434,-1.743689195687));
#8527=CARTESIAN_POINT('Ctrl Pts',(5.30105305244876,5.19377615710176,-1.79346445011795));
#8528=CARTESIAN_POINT('Ctrl Pts',(5.77344170139811,4.04999999999996,-1.86812733176438));
#8529=CARTESIAN_POINT('Ctrl Pts',(5.3010530524487,2.90622384289818,-1.94279021341081));
#8530=CARTESIAN_POINT('Ctrl Pts',(4.54214630416032,2.58773231309563,-1.99256546784176));
#8531=CARTESIAN_POINT('Ctrl Pts',(4.16034367882706,2.58503651639083,-2.01745309505724));
#8532=CARTESIAN_POINT('Ctrl Pts',(4.1611315164807,5.62654403563151,-1.65437890093445));
#8533=CARTESIAN_POINT('Ctrl Pts',(4.57201455793007,5.62364291061111,-1.67926652814992));
#8534=CARTESIAN_POINT('Ctrl Pts',(5.38872427185884,5.28089312378886,-1.72904178258087));
#8535=CARTESIAN_POINT('Ctrl Pts',(5.89709292086181,4.04999999999995,-1.8037046642273));
#8536=CARTESIAN_POINT('Ctrl Pts',(5.38872427185876,2.81910687621107,-1.87836754587373));
#8537=CARTESIAN_POINT('Ctrl Pts',(4.57201455792998,2.47635708938887,-1.92814280030468));
#8538=CARTESIAN_POINT('Ctrl Pts',(4.16113151648061,2.47345596436849,-1.95303042752016));
#8539=CARTESIAN_POINT('Ctrl Pts',(4.16191935413426,5.73812458765385,-1.58995623339737));
#8540=CARTESIAN_POINT('Ctrl Pts',(4.60188281169974,5.73501813431787,-1.61484386061285));
#8541=CARTESIAN_POINT('Ctrl Pts',(5.47639549126889,5.36801009047596,-1.6646191150438));
#8542=CARTESIAN_POINT('Ctrl Pts',(6.02074414032553,4.04999999999995,-1.73928199669023));
#8543=CARTESIAN_POINT('Ctrl Pts',(5.47639549126882,2.73198990952397,-1.81394487833666));
#8544=CARTESIAN_POINT('Ctrl Pts',(4.60188281169965,2.3649818656821,-1.86372013276761));
#8545=CARTESIAN_POINT('Ctrl Pts',(4.16191935413417,2.36187541234615,-1.88860775998308));
#8546=CARTESIAN_POINT('Ctrl Pts',(4.16270719178782,5.84970513967618,-1.52553356586029));
#8547=CARTESIAN_POINT('Ctrl Pts',(4.63175106546941,5.84639335802464,-1.55042119307577));
#8548=CARTESIAN_POINT('Ctrl Pts',(5.56406671067895,5.45512705716307,-1.60019644750672));
#8549=CARTESIAN_POINT('Ctrl Pts',(6.14439535978924,4.04999999999994,-1.67485932915315));
#8550=CARTESIAN_POINT('Ctrl Pts',(5.56406671067887,2.64487294283686,-1.74952221079958));
#8551=CARTESIAN_POINT('Ctrl Pts',(4.63175106546931,2.25360664197534,-1.79929746523053));
#8552=CARTESIAN_POINT('Ctrl Pts',(4.16270719178772,2.25029486032382,-1.82418509244601));
#8553=CARTESIAN_POINT('',(4.16270719178774,2.58505511118101,-2.01729902961572));
#8554=CARTESIAN_POINT('Ctrl Pts',(4.16270719178772,2.25029486032382,-1.82418509244601));
#8555=CARTESIAN_POINT('Ctrl Pts',(4.16270719178771,2.30594100911101,-1.85629076419536));
#8556=CARTESIAN_POINT('Ctrl Pts',(4.16270719067073,2.36200758809152,-1.88863699637741));
#8557=CARTESIAN_POINT('Ctrl Pts',(4.1627071880823,2.41767448091649,-1.92074995971854));
#8558=CARTESIAN_POINT('Ctrl Pts',(4.16270718549647,2.47328550410232,-1.95283069313659));
#8559=CARTESIAN_POINT('Ctrl Pts',(4.16270718139973,2.52941601818941,-1.98520841662103));
#8560=CARTESIAN_POINT('Ctrl Pts',(4.16270717531159,2.58505520391464,-2.01729902961572));
#8561=CARTESIAN_POINT('',(4.16270719178781,5.51494488881899,-1.71895563391303));
#8562=CARTESIAN_POINT('Ctrl Pts',(4.16270717531166,5.51494479608536,-1.71895563391303));
#8563=CARTESIAN_POINT('Ctrl Pts',(4.16270717865202,5.54547206065898,-1.70131412366869));
#8564=CARTESIAN_POINT('Ctrl Pts',(4.16270718138649,5.57608422533986,-1.68362458577778));
#8565=CARTESIAN_POINT('Ctrl Pts',(4.16270718359988,5.60660981417582,-1.66598593715799));
#8566=CARTESIAN_POINT('Ctrl Pts',(4.16270718944623,5.68723850726245,-1.61939613364361));
#8567=CARTESIAN_POINT('Ctrl Pts',(4.16270719178781,5.76916036774159,-1.57206512657692));
#8568=CARTESIAN_POINT('Ctrl Pts',(4.16270719178782,5.84970513967618,-1.52553356586029));
#8569=CARTESIAN_POINT('Ctrl Pts',(4.16270717531158,2.58505520391464,-2.01729902961572));
#8570=CARTESIAN_POINT('Ctrl Pts',(4.54371182124245,2.58838998699286,-1.99246275754742));
#8571=CARTESIAN_POINT('Ctrl Pts',(4.92215363656587,2.74753573837728,-1.96762648547911));
#8572=CARTESIAN_POINT('Ctrl Pts',(5.19005780686818,3.01723031996451,-1.94279021341081));
#8573=CARTESIAN_POINT('Ctrl Pts',(5.45851593543184,3.28748256193211,-1.91790258619533));
#8574=CARTESIAN_POINT('Ctrl Pts',(5.61597881841497,3.66874128096603,-1.89301495897985));
#8575=CARTESIAN_POINT('Ctrl Pts',(5.61597881841498,4.04999999999996,-1.86812733176438));
#8576=CARTESIAN_POINT('Ctrl Pts',(5.61597881841499,4.43125871903389,-1.8432397045489));
#8577=CARTESIAN_POINT('Ctrl Pts',(5.45851593543188,4.81251743806783,-1.81835207733343));
#8578=CARTESIAN_POINT('Ctrl Pts',(5.19005780686823,5.08276968003544,-1.79346445011795));
#8579=CARTESIAN_POINT('Ctrl Pts',(4.92215363656594,5.35246426162268,-1.76862817804964));
#8580=CARTESIAN_POINT('Ctrl Pts',(4.54371182124254,5.51161001300712,-1.74379190598134));
#8581=CARTESIAN_POINT('Ctrl Pts',(4.16270717531167,5.51494479608536,-1.71895563391303));
#8582=CARTESIAN_POINT('Ctrl Pts',(4.16034367882714,5.51496348360917,-2.31880156847152));
#8583=CARTESIAN_POINT('Ctrl Pts',(4.5421463041604,5.51226768690434,-2.343689195687));
#8584=CARTESIAN_POINT('Ctrl Pts',(5.30105352182475,5.19376684566034,-2.39346445011795));
#8585=CARTESIAN_POINT('Ctrl Pts',(5.77344103764242,4.04999999999995,-2.46812733176438));
#8586=CARTESIAN_POINT('Ctrl Pts',(5.30105352182469,2.9062331543396,-2.54279021341081));
#8587=CARTESIAN_POINT('Ctrl Pts',(4.54214630416032,2.58773231309563,-2.59256546784176));
#8588=CARTESIAN_POINT('Ctrl Pts',(4.16034367882706,2.58503651639083,-2.61745309505724));
#8589=CARTESIAN_POINT('Ctrl Pts',(4.1611315164807,5.62654403563151,-2.25437890093445));
#8590=CARTESIAN_POINT('Ctrl Pts',(4.57201455793007,5.62364291061111,-2.27926652814992));
#8591=CARTESIAN_POINT('Ctrl Pts',(5.38872477698535,5.28088310313128,-2.32904178258087));
#8592=CARTESIAN_POINT('Ctrl Pts',(5.89709220655045,4.04999999999995,-2.4037046642273));
#8593=CARTESIAN_POINT('Ctrl Pts',(5.38872477698528,2.81911689686865,-2.47836754587373));
#8594=CARTESIAN_POINT('Ctrl Pts',(4.57201455792998,2.47635708938887,-2.52814280030468));
#8595=CARTESIAN_POINT('Ctrl Pts',(4.16113151648061,2.47345596436849,-2.55303042752016));
#8596=CARTESIAN_POINT('Ctrl Pts',(4.16191935413426,5.73812458765385,-2.18995623339737));
#8597=CARTESIAN_POINT('Ctrl Pts',(4.60188281169974,5.73501813431787,-2.21484386061285));
#8598=CARTESIAN_POINT('Ctrl Pts',(5.47639603214595,5.36799936060223,-2.2646191150438));
#8599=CARTESIAN_POINT('Ctrl Pts',(6.02074337545848,4.04999999999994,-2.33928199669023));
#8600=CARTESIAN_POINT('Ctrl Pts',(5.47639603214588,2.7320006393977,-2.41394487833666));
#8601=CARTESIAN_POINT('Ctrl Pts',(4.60188281169965,2.3649818656821,-2.46372013276761));
#8602=CARTESIAN_POINT('Ctrl Pts',(4.16191935413417,2.36187541234615,-2.48860775998308));
#8603=CARTESIAN_POINT('Ctrl Pts',(4.16270719178782,5.84970513967618,-2.12553356586029));
#8604=CARTESIAN_POINT('Ctrl Pts',(4.63175106546941,5.84639335802464,-2.15042119307577));
#8605=CARTESIAN_POINT('Ctrl Pts',(5.56406728730656,5.45511561807317,-2.20019644750672));
#8606=CARTESIAN_POINT('Ctrl Pts',(6.14439454436651,4.04999999999994,-2.27485932915315));
#8607=CARTESIAN_POINT('Ctrl Pts',(5.56406728730647,2.64488438192675,-2.34952221079958));
#8608=CARTESIAN_POINT('Ctrl Pts',(4.63175106546931,2.25360664197534,-2.39929746523053));
#8609=CARTESIAN_POINT('Ctrl Pts',(4.16270719178772,2.25029486032382,-2.42418509244601));
#8610=CARTESIAN_POINT('',(4.16270719178774,2.58505511118101,-2.61729902961572));
#8611=CARTESIAN_POINT('Ctrl Pts',(4.16270719178773,2.25029486032382,-2.42418509244601));
#8612=CARTESIAN_POINT('Ctrl Pts',(4.16270719178773,2.30594100908488,-2.45629076418028));
#8613=CARTESIAN_POINT('Ctrl Pts',(4.16270719067094,2.36200758808567,-2.48863699637172));
#8614=CARTESIAN_POINT('Ctrl Pts',(4.16270718808298,2.41767448092982,-2.52074995971854));
#8615=CARTESIAN_POINT('Ctrl Pts',(4.16270718549761,2.47328550413524,-2.55283069314252));
#8616=CARTESIAN_POINT('Ctrl Pts',(4.16270718140163,2.52941601823067,-2.58520841662325));
#8617=CARTESIAN_POINT('Ctrl Pts',(4.16270717531459,2.58505520397404,-2.61729902961572));
#8618=CARTESIAN_POINT('',(4.16270719178781,5.51494488881899,-2.31895563391303));
#8619=CARTESIAN_POINT('Ctrl Pts',(4.16270717531466,5.51494479602596,-2.31895563391303));
#8620=CARTESIAN_POINT('Ctrl Pts',(4.16270718140143,5.57058153852061,-2.28680351756712));
#8621=CARTESIAN_POINT('Ctrl Pts',(4.16270718549757,5.62671160708234,-2.25436975268921));
#8622=CARTESIAN_POINT('Ctrl Pts',(4.16270718808307,5.68232551869218,-2.22223670126437));
#8623=CARTESIAN_POINT('Ctrl Pts',(4.16270719067095,5.73799060255484,-2.19007408312531));
#8624=CARTESIAN_POINT('Ctrl Pts',(4.16270719178782,5.79405688748909,-2.15768214562809));
#8625=CARTESIAN_POINT('Ctrl Pts',(4.16270719178782,5.84970513967618,-2.12553356586029));
#8626=CARTESIAN_POINT('Ctrl Pts',(4.16270717531457,2.58505520397404,-2.61729902961572));
#8627=CARTESIAN_POINT('Ctrl Pts',(4.54371182220969,2.58839000619032,-2.59246275754742));
#8628=CARTESIAN_POINT('Ctrl Pts',(4.9221538711063,2.74754039569915,-2.56762648547911));
#8629=CARTESIAN_POINT('Ctrl Pts',(5.19005797004489,3.01723575163867,-2.54279021341081));
#8630=CARTESIAN_POINT('Ctrl Pts',(5.45851602709727,3.28748876955972,-2.51790258619533));
#8631=CARTESIAN_POINT('Ctrl Pts',(5.61597853236984,3.66874438477983,-2.49301495897986));
#8632=CARTESIAN_POINT('Ctrl Pts',(5.61597853236985,4.04999999999995,-2.46812733176438));
#8633=CARTESIAN_POINT('Ctrl Pts',(5.61597853236987,4.43125561522008,-2.4432397045489));
#8634=CARTESIAN_POINT('Ctrl Pts',(5.45851602709731,4.8125112304402,-2.41835207733343));
#8635=CARTESIAN_POINT('Ctrl Pts',(5.19005797004495,5.08276424836127,-2.39346445011795));
#8636=CARTESIAN_POINT('Ctrl Pts',(4.92215387110638,5.3524596043008,-2.36862817804964));
#8637=CARTESIAN_POINT('Ctrl Pts',(4.54371182220979,5.51160999380966,-2.34379190598134));
#8638=CARTESIAN_POINT('Ctrl Pts',(4.16270717531467,5.51494479602596,-2.31895563391303));
#8639=CARTESIAN_POINT('Ctrl Pts',(4.16034367882713,5.51496348360917,-2.91880156847152));
#8640=CARTESIAN_POINT('Ctrl Pts',(4.54214630416039,5.51226768690435,-2.943689195687));
#8641=CARTESIAN_POINT('Ctrl Pts',(5.30105396775095,5.19375780356562,-2.99346445011795));
#8642=CARTESIAN_POINT('Ctrl Pts',(5.77344040321747,4.04999999999996,-3.06812733176438));
#8643=CARTESIAN_POINT('Ctrl Pts',(5.30105396775089,2.90624219643433,-3.14279021341081));
#8644=CARTESIAN_POINT('Ctrl Pts',(4.54214630416032,2.58773231309563,-3.19256546784176));
#8645=CARTESIAN_POINT('Ctrl Pts',(4.16034367882706,2.58503651639083,-3.21745309505724));
#8646=CARTESIAN_POINT('Ctrl Pts',(4.16113151648069,5.62654403563151,-2.85437890093444));
#8647=CARTESIAN_POINT('Ctrl Pts',(4.57201455793006,5.62364291061111,-2.87926652814992));
#8648=CARTESIAN_POINT('Ctrl Pts',(5.38872525687601,5.28087337233549,-2.92904178258087));
#8649=CARTESIAN_POINT('Ctrl Pts',(5.89709152380382,4.04999999999996,-3.0037046642273));
#8650=CARTESIAN_POINT('Ctrl Pts',(5.38872525687595,2.81912662766446,-3.07836754587373));
#8651=CARTESIAN_POINT('Ctrl Pts',(4.57201455792999,2.47635708938887,-3.12814280030468));
#8652=CARTESIAN_POINT('Ctrl Pts',(4.16113151648062,2.47345596436849,-3.15303042752016));
#8653=CARTESIAN_POINT('Ctrl Pts',(4.16191935413425,5.73812458765385,-2.78995623339737));
#8654=CARTESIAN_POINT('Ctrl Pts',(4.60188281169973,5.73501813431788,-2.81484386061285));
#8655=CARTESIAN_POINT('Ctrl Pts',(5.47639654600106,5.36798894110536,-2.8646191150438));
#8656=CARTESIAN_POINT('Ctrl Pts',(6.02074264439019,4.04999999999996,-2.93928199669023));
#8657=CARTESIAN_POINT('Ctrl Pts',(5.476396546001,2.73201105889458,-3.01394487833666));
#8658=CARTESIAN_POINT('Ctrl Pts',(4.60188281169965,2.3649818656821,-3.06372013276761));
#8659=CARTESIAN_POINT('Ctrl Pts',(4.16191935413417,2.36187541234615,-3.08860775998308));
#8660=CARTESIAN_POINT('Ctrl Pts',(4.1627071917878,5.84970513967618,-2.72553356586029));
#8661=CARTESIAN_POINT('Ctrl Pts',(4.6317510654694,5.84639335802464,-2.75042119307577));
#8662=CARTESIAN_POINT('Ctrl Pts',(5.56406783512612,5.45510450987523,-2.80019644750672));
#8663=CARTESIAN_POINT('Ctrl Pts',(6.14439376497654,4.04999999999995,-2.87485932915315));
#8664=CARTESIAN_POINT('Ctrl Pts',(5.56406783512606,2.6448954901247,-2.94952221079958));
#8665=CARTESIAN_POINT('Ctrl Pts',(4.63175106546931,2.25360664197534,-2.99929746523053));
#8666=CARTESIAN_POINT('Ctrl Pts',(4.16270719178772,2.25029486032382,-3.02418509244601));
#8667=CARTESIAN_POINT('',(4.16270719178774,2.58505511118101,-3.21729902961572));
#8668=CARTESIAN_POINT('Ctrl Pts',(4.16270719178772,2.25029486032382,-3.02418509244601));
#8669=CARTESIAN_POINT('Ctrl Pts',(4.16270719178772,2.30594100911092,-3.05629076419531));
#8670=CARTESIAN_POINT('Ctrl Pts',(4.16270719067112,2.36200758809936,-3.08863699637737));
#8671=CARTESIAN_POINT('Ctrl Pts',(4.16270718808361,2.41767448094277,-3.12074995971854));
#8672=CARTESIAN_POINT('Ctrl Pts',(4.1627071854987,2.47328550413706,-3.15283069313087));
#8673=CARTESIAN_POINT('Ctrl Pts',(4.1627071814034,2.52941601825948,-3.18520841661892));
#8674=CARTESIAN_POINT('Ctrl Pts',(4.16270717531742,2.58505520403172,-3.21729902961572));
#8675=CARTESIAN_POINT('',(4.16270719178781,5.51494488881899,-2.91895563391303));
#8676=CARTESIAN_POINT('Ctrl Pts',(4.1627071753175,5.51494479596828,-2.91895563391303));
#8677=CARTESIAN_POINT('Ctrl Pts',(4.16270718140322,5.57058153848016,-2.8868035175695));
#8678=CARTESIAN_POINT('Ctrl Pts',(4.16270718549865,5.62671160704917,-2.85436975269567));
#8679=CARTESIAN_POINT('Ctrl Pts',(4.16270718808371,5.68232551867923,-2.82223670126437));
#8680=CARTESIAN_POINT('Ctrl Pts',(4.16270719067114,5.73799060254524,-2.7900740831286));
#8681=CARTESIAN_POINT('Ctrl Pts',(4.16270719178782,5.79405688747444,-2.75768214563655));
#8682=CARTESIAN_POINT('Ctrl Pts',(4.16270719178782,5.84970513967618,-2.72553356586029));
#8683=CARTESIAN_POINT('Ctrl Pts',(4.16270717531742,2.58505520403172,-3.21729902961572));
#8684=CARTESIAN_POINT('Ctrl Pts',(4.54371182312862,2.58839002483247,-3.19246275754742));
#8685=CARTESIAN_POINT('Ctrl Pts',(4.92215409392789,2.74754491830137,-3.16762648547911));
#8686=CARTESIAN_POINT('Ctrl Pts',(5.19005812443101,3.01724102619393,-3.14279021341081));
#8687=CARTESIAN_POINT('Ctrl Pts',(5.45851611290642,3.28749479762287,-3.11790258619533));
#8688=CARTESIAN_POINT('Ctrl Pts',(5.61597825806194,3.66874739881142,-3.09301495897985));
#8689=CARTESIAN_POINT('Ctrl Pts',(5.61597825806195,4.04999999999997,-3.06812733176438));
#8690=CARTESIAN_POINT('Ctrl Pts',(5.61597825806196,4.43125260118851,-3.0432397045489));
#8691=CARTESIAN_POINT('Ctrl Pts',(5.45851611290645,4.81250520237706,-3.01835207733342));
#8692=CARTESIAN_POINT('Ctrl Pts',(5.19005812443106,5.08275897380602,-2.99346445011795));
#8693=CARTESIAN_POINT('Ctrl Pts',(4.92215409392796,5.35245508169859,-2.96862817804964));
#8694=CARTESIAN_POINT('Ctrl Pts',(4.5437118231287,5.51160997516751,-2.94379190598134));
#8695=CARTESIAN_POINT('Ctrl Pts',(4.16270717531751,5.51494479596828,-2.91895563391303));
#8696=CARTESIAN_POINT('Ctrl Pts',(4.16034367882714,5.51496348360917,-3.51880156847152));
#8697=CARTESIAN_POINT('Ctrl Pts',(4.5421463041604,5.51226768690434,-3.543689195687));
#8698=CARTESIAN_POINT('Ctrl Pts',(5.30105439185736,5.19374901929732,-3.59346445011795));
#8699=CARTESIAN_POINT('Ctrl Pts',(5.77343979613479,4.04999999999995,-3.66812733176438));
#8700=CARTESIAN_POINT('Ctrl Pts',(5.3010543918573,2.90625098070262,-3.74279021341081));
#8701=CARTESIAN_POINT('Ctrl Pts',(4.54214630416032,2.58773231309563,-3.79256546784176));
#8702=CARTESIAN_POINT('Ctrl Pts',(4.16034367882706,2.58503651639083,-3.81745309505723));
#8703=CARTESIAN_POINT('Ctrl Pts',(4.1611315164807,5.62654403563151,-3.45437890093444));
#8704=CARTESIAN_POINT('Ctrl Pts',(4.57201455793007,5.62364291061111,-3.47926652814992));
#8705=CARTESIAN_POINT('Ctrl Pts',(5.38872571328495,5.28086391900375,-3.52904178258087));
#8706=CARTESIAN_POINT('Ctrl Pts',(5.89709087048203,4.04999999999995,-3.6037046642273));
#8707=CARTESIAN_POINT('Ctrl Pts',(5.38872571328488,2.81913608099618,-3.67836754587373));
#8708=CARTESIAN_POINT('Ctrl Pts',(4.57201455792999,2.47635708938887,-3.72814280030468));
#8709=CARTESIAN_POINT('Ctrl Pts',(4.16113151648062,2.47345596436849,-3.75303042752016));
#8710=CARTESIAN_POINT('Ctrl Pts',(4.16191935413426,5.73812458765385,-3.38995623339737));
#8711=CARTESIAN_POINT('Ctrl Pts',(4.60188281169974,5.73501813431787,-3.41484386061285));
#8712=CARTESIAN_POINT('Ctrl Pts',(5.47639703471254,5.36797881871018,-3.46461911504379));
#8713=CARTESIAN_POINT('Ctrl Pts',(6.02074194482927,4.04999999999995,-3.53928199669023));
#8714=CARTESIAN_POINT('Ctrl Pts',(5.47639703471247,2.73202118128974,-3.61394487833665));
#8715=CARTESIAN_POINT('Ctrl Pts',(4.60188281169965,2.3649818656821,-3.66372013276761));
#8716=CARTESIAN_POINT('Ctrl Pts',(4.16191935413417,2.36187541234615,-3.68860775998308));
#8717=CARTESIAN_POINT('Ctrl Pts',(4.16270719178782,5.84970513967618,-3.32553356586029));
#8718=CARTESIAN_POINT('Ctrl Pts',(4.63175106546941,5.84639335802464,-3.35042119307577));
#8719=CARTESIAN_POINT('Ctrl Pts',(5.56406835614013,5.45509371841662,-3.40019644750672));
#8720=CARTESIAN_POINT('Ctrl Pts',(6.1443930191765,4.04999999999995,-3.47485932915315));
#8721=CARTESIAN_POINT('Ctrl Pts',(5.56406835614005,2.6449062815833,-3.54952221079958));
#8722=CARTESIAN_POINT('Ctrl Pts',(4.63175106546931,2.25360664197534,-3.59929746523053));
#8723=CARTESIAN_POINT('Ctrl Pts',(4.16270719178772,2.25029486032382,-3.62418509244601));
#8724=CARTESIAN_POINT('',(4.16270719178774,2.58505511118101,-3.81729902961572));
#8725=CARTESIAN_POINT('Ctrl Pts',(4.16270719178772,2.25029486032382,-3.62418509244601));
#8726=CARTESIAN_POINT('Ctrl Pts',(4.16270719178772,2.30594100911075,-3.65629076419522));
#8727=CARTESIAN_POINT('Ctrl Pts',(4.16270719067131,2.36200758810307,-3.68863699637733));
#8728=CARTESIAN_POINT('Ctrl Pts',(4.16270718808422,2.41767448095535,-3.72074995971854));
#8729=CARTESIAN_POINT('Ctrl Pts',(4.16270718549973,2.47328550415846,-3.75283069313089));
#8730=CARTESIAN_POINT('Ctrl Pts',(4.16270718140511,2.52941601829484,-3.78520841661896));
#8731=CARTESIAN_POINT('Ctrl Pts',(4.16270717532013,2.58505520408775,-3.81729902961572));
#8732=CARTESIAN_POINT('',(4.16270719178781,5.51494488881899,-3.51895563391303));
#8733=CARTESIAN_POINT('Ctrl Pts',(4.16270717532021,5.51494479591225,-3.51895563391303));
#8734=CARTESIAN_POINT('Ctrl Pts',(4.16270718140492,5.57058153845307,-3.48680351756476));
#8735=CARTESIAN_POINT('Ctrl Pts',(4.16270718549968,5.62671160704988,-3.45436975268291));
#8736=CARTESIAN_POINT('Ctrl Pts',(4.16270718808431,5.68232551866665,-3.42223670126437));
#8737=CARTESIAN_POINT('Ctrl Pts',(4.16270719067133,5.73799060254144,-3.39007408312861));
#8738=CARTESIAN_POINT('Ctrl Pts',(4.16270719178782,5.79405688747413,-3.35768214563673));
#8739=CARTESIAN_POINT('Ctrl Pts',(4.16270719178782,5.84970513967618,-3.32553356586029));
#8740=CARTESIAN_POINT('Ctrl Pts',(4.16270717532013,2.58505520408775,-3.81729902961572));
#8741=CARTESIAN_POINT('Ctrl Pts',(4.54371182400257,2.58839004294305,-3.79246275754742));
#8742=CARTESIAN_POINT('Ctrl Pts',(4.92215430584524,2.74754931194602,-3.76762648547911));
#8743=CARTESIAN_POINT('Ctrl Pts',(5.19005827064597,3.01724615035043,-3.74279021341081));
#8744=CARTESIAN_POINT('Ctrl Pts',(5.45851619328313,3.28750065380173,-3.71790258619533));
#8745=CARTESIAN_POINT('Ctrl Pts',(5.61597799470896,3.66875032690084,-3.69301495897985));
#8746=CARTESIAN_POINT('Ctrl Pts',(5.61597799470897,4.04999999999995,-3.66812733176438));
#8747=CARTESIAN_POINT('Ctrl Pts',(5.61597799470898,4.43124967309907,-3.6432397045489));
#8748=CARTESIAN_POINT('Ctrl Pts',(5.45851619328317,4.8124993461982,-3.61835207733342));
#8749=CARTESIAN_POINT('Ctrl Pts',(5.19005827064603,5.08275384964951,-3.59346445011795));
#8750=CARTESIAN_POINT('Ctrl Pts',(4.92215430584531,5.35245068805394,-3.56862817804964));
#8751=CARTESIAN_POINT('Ctrl Pts',(4.54371182400265,5.51160995705692,-3.54379190598134));
#8752=CARTESIAN_POINT('Ctrl Pts',(4.16270717532021,5.51494479591225,-3.51895563391303));
#8753=CARTESIAN_POINT('Ctrl Pts',(4.16034367882714,5.51496348360917,-4.11880156847152));
#8754=CARTESIAN_POINT('Ctrl Pts',(4.5421463041604,5.51226768690435,-4.143689195687));
#8755=CARTESIAN_POINT('Ctrl Pts',(5.30105479562777,5.19374048198299,-4.19346445011795));
#8756=CARTESIAN_POINT('Ctrl Pts',(5.77343921458335,4.04999999999996,-4.26812733176437));
#8757=CARTESIAN_POINT('Ctrl Pts',(5.30105479562771,2.90625951801695,-4.34279021341081));
#8758=CARTESIAN_POINT('Ctrl Pts',(4.54214630416032,2.58773231309563,-4.39256546784176));
#8759=CARTESIAN_POINT('Ctrl Pts',(4.16034367882706,2.58503651639083,-4.41745309505724));
#8760=CARTESIAN_POINT('Ctrl Pts',(4.1611315164807,5.62654403563151,-4.05437890093445));
#8761=CARTESIAN_POINT('Ctrl Pts',(4.57201455793007,5.62364291061111,-4.07926652814992));
#8762=CARTESIAN_POINT('Ctrl Pts',(5.38872614780897,5.2808547314355,-4.12904178258087));
#8763=CARTESIAN_POINT('Ctrl Pts',(5.89709024463609,4.04999999999995,-4.2037046642273));
#8764=CARTESIAN_POINT('Ctrl Pts',(5.38872614780891,2.81914526856443,-4.27836754587373));
#8765=CARTESIAN_POINT('Ctrl Pts',(4.57201455792999,2.47635708938887,-4.32814280030468));
#8766=CARTESIAN_POINT('Ctrl Pts',(4.16113151648062,2.47345596436849,-4.35303042752016));
#8767=CARTESIAN_POINT('Ctrl Pts',(4.16191935413426,5.73812458765385,-3.98995623339737));
#8768=CARTESIAN_POINT('Ctrl Pts',(4.60188281169974,5.73501813431787,-4.01484386061284));
#8769=CARTESIAN_POINT('Ctrl Pts',(5.47639749999018,5.36796898088802,-4.0646191150438));
#8770=CARTESIAN_POINT('Ctrl Pts',(6.02074127468883,4.04999999999995,-4.13928199669022));
#8771=CARTESIAN_POINT('Ctrl Pts',(5.47639749999011,2.73203101911191,-4.21394487833666));
#8772=CARTESIAN_POINT('Ctrl Pts',(4.60188281169965,2.3649818656821,-4.26372013276761));
#8773=CARTESIAN_POINT('Ctrl Pts',(4.16191935413417,2.36187541234615,-4.28860775998308));
#8774=CARTESIAN_POINT('Ctrl Pts',(4.16270719178782,5.84970513967618,-3.92553356586029));
#8775=CARTESIAN_POINT('Ctrl Pts',(4.63175106546941,5.84639335802464,-3.95042119307577));
#8776=CARTESIAN_POINT('Ctrl Pts',(5.56406885217137,5.45508323034054,-4.00019644750672));
#8777=CARTESIAN_POINT('Ctrl Pts',(6.14439230474157,4.04999999999995,-4.07485932915315));
#8778=CARTESIAN_POINT('Ctrl Pts',(5.5640688521713,2.6449167696594,-4.14952221079958));
#8779=CARTESIAN_POINT('Ctrl Pts',(4.63175106546931,2.25360664197534,-4.19929746523053));
#8780=CARTESIAN_POINT('Ctrl Pts',(4.16270719178772,2.25029486032382,-4.22418509244601));
#8781=CARTESIAN_POINT('',(4.16270719178774,2.58505511118101,-4.41729902961572));
#8782=CARTESIAN_POINT('Ctrl Pts',(4.16270719178772,2.25029486032382,-4.22418509244601));
#8783=CARTESIAN_POINT('Ctrl Pts',(4.16270719178772,2.30594100911051,-4.25629076419507));
#8784=CARTESIAN_POINT('Ctrl Pts',(4.16270719067148,2.36200758810654,-4.28863699637721));
#8785=CARTESIAN_POINT('Ctrl Pts',(4.1627071880848,2.41767448096758,-4.32074995971854));
#8786=CARTESIAN_POINT('Ctrl Pts',(4.16270718550071,2.47328550415901,-4.35283069311923));
#8787=CARTESIAN_POINT('Ctrl Pts',(4.16270718140672,2.52941601832169,-4.38520841661466));
#8788=CARTESIAN_POINT('Ctrl Pts',(4.16270717532269,2.58505520414221,-4.41729902961572));
#8789=CARTESIAN_POINT('',(4.16270719178781,5.51494488881899,-4.11895563391303));
#8790=CARTESIAN_POINT('Ctrl Pts',(4.16270717532278,5.51494479585779,-4.11895563391303));
#8791=CARTESIAN_POINT('Ctrl Pts',(4.16270718140654,5.57058153841877,-4.08680351756476));
#8792=CARTESIAN_POINT('Ctrl Pts',(4.16270718550067,5.62671160702912,-4.05436975268291));
#8793=CARTESIAN_POINT('Ctrl Pts',(4.16270718808489,5.68232551865443,-4.02223670126437));
#8794=CARTESIAN_POINT('Ctrl Pts',(4.1627071906715,5.73799060253785,-3.99007408312856));
#8795=CARTESIAN_POINT('Ctrl Pts',(4.16270719178782,5.79405688747453,-3.9576821456365));
#8796=CARTESIAN_POINT('Ctrl Pts',(4.16270719178782,5.84970513967618,-3.92553356586029));
#8797=CARTESIAN_POINT('Ctrl Pts',(4.16270717532271,2.58505520414221,-4.41729902961572));
#8798=CARTESIAN_POINT('Ctrl Pts',(4.54371182483462,2.5883900605445,-4.39246275754742));
#8799=CARTESIAN_POINT('Ctrl Pts',(4.92215450759988,2.74755358207124,-4.36762648547911));
#8800=CARTESIAN_POINT('Ctrl Pts',(5.19005840925347,3.01725113045046,-4.34279021341081));
#8801=CARTESIAN_POINT('Ctrl Pts',(5.45851626861293,3.28750634534462,-4.31790258619533));
#8802=CARTESIAN_POINT('Ctrl Pts',(5.61597774159814,3.66875317267229,-4.29301495897985));
#8803=CARTESIAN_POINT('Ctrl Pts',(5.61597774159815,4.04999999999997,-4.26812733176438));
#8804=CARTESIAN_POINT('Ctrl Pts',(5.61597774159816,4.43124682732764,-4.2432397045489));
#8805=CARTESIAN_POINT('Ctrl Pts',(5.45851626861296,4.81249365465531,-4.21835207733343));
#8806=CARTESIAN_POINT('Ctrl Pts',(5.19005840925352,5.08274886954949,-4.19346445011795));
#8807=CARTESIAN_POINT('Ctrl Pts',(4.92215450759994,5.35244641792872,-4.16862817804964));
#8808=CARTESIAN_POINT('Ctrl Pts',(4.54371182483469,5.51160993945549,-4.14379190598134));
#8809=CARTESIAN_POINT('Ctrl Pts',(4.16270717532278,5.51494479585779,-4.11895563391303));
#8810=CARTESIAN_POINT('Origin',(4.15,4.05,1.32514067084685));
#8811=CARTESIAN_POINT('',(4.16270719178782,5.84970513967618,-4.5));
#8812=CARTESIAN_POINT('',(4.16270719178782,5.84970513967618,-4.475814907554));
#8813=CARTESIAN_POINT('',(4.16270719178782,5.84970513967618,1.32514067084685));
#8814=CARTESIAN_POINT('',(4.61324819517156,5.78910930426189,-4.5));
#8815=CARTESIAN_POINT('Origin',(4.15,4.05,-4.5));
#8816=CARTESIAN_POINT('Ctrl Pts',(4.16270719178782,5.84970513967618,-4.475814907554));
#8817=CARTESIAN_POINT('Ctrl Pts',(4.31464171662897,5.84863237441937,-4.483876605036));
#8818=CARTESIAN_POINT('Ctrl Pts',(4.4662977533082,5.82745012369487,-4.491938302518));
#8819=CARTESIAN_POINT('Ctrl Pts',(4.61311088462663,5.78799250394136,-4.5));
#8820=CARTESIAN_POINT('Ctrl Pts',(4.16270719178782,5.84970513967618,-4.475814907554));
#8821=CARTESIAN_POINT('Ctrl Pts',(4.61806528405781,5.84648998932569,-4.49997636256036));
#8822=CARTESIAN_POINT('Ctrl Pts',(5.52377847544724,5.47879615282233,-4.54829927257307));
#8823=CARTESIAN_POINT('Ctrl Pts',(6.13006965348215,4.13972130895797,-4.62078363759215));
#8824=CARTESIAN_POINT('Ctrl Pts',(5.80883970929079,3.21650602235673,-4.66910654760487));
#8825=CARTESIAN_POINT('Ctrl Pts',(5.51083255288017,2.87219066673691,-4.69326800261123));
#8826=CARTESIAN_POINT('Ctrl Pts',(4.16191935413426,5.73812458765385,-4.41139224001692));
#8827=CARTESIAN_POINT('Ctrl Pts',(4.58904553986402,5.7351087745409,-4.43555369502328));
#8828=CARTESIAN_POINT('Ctrl Pts',(5.43860510050518,5.39021171754757,-4.483876605036));
#8829=CARTESIAN_POINT('Ctrl Pts',(6.00730661852301,4.13415864596336,-4.55636097005507));
#8830=CARTESIAN_POINT('Ctrl Pts',(5.70599272263799,3.26818210866799,-4.60468388006779));
#8831=CARTESIAN_POINT('Ctrl Pts',(5.42646181674522,2.94521408189824,-4.62884533507415));
#8832=CARTESIAN_POINT('Ctrl Pts',(4.1611315164807,5.62654403563151,-4.34696957247984));
#8833=CARTESIAN_POINT('Ctrl Pts',(4.56002579567022,5.62372755975611,-4.3711310274862));
#8834=CARTESIAN_POINT('Ctrl Pts',(5.35343172556311,5.30162728227281,-4.41945393749892));
#8835=CARTESIAN_POINT('Ctrl Pts',(5.88454358356387,4.12859598296874,-4.491938302518));
#8836=CARTESIAN_POINT('Ctrl Pts',(5.6031457359852,3.31985819497926,-4.54026121253072));
#8837=CARTESIAN_POINT('Ctrl Pts',(5.34209108061027,3.01823749705958,-4.56442266753708));
#8838=CARTESIAN_POINT('Ctrl Pts',(4.16034367882714,5.51496348360917,-4.28254690494277));
#8839=CARTESIAN_POINT('Ctrl Pts',(4.53100605147642,5.51234634497132,-4.30670835994913));
#8840=CARTESIAN_POINT('Ctrl Pts',(5.26825835062104,5.21304284699804,-4.35503126996185));
#8841=CARTESIAN_POINT('Ctrl Pts',(5.76178054860473,4.12303331997412,-4.42751563498092));
#8842=CARTESIAN_POINT('Ctrl Pts',(5.50029874933241,3.37153428129052,-4.47583854499364));
#8843=CARTESIAN_POINT('Ctrl Pts',(5.25772034447531,3.09126091222091,-4.5));
#8844=CARTESIAN_POINT('',(4.1627071917878,5.51494488881899,-4.28270097038428));
#8845=CARTESIAN_POINT('Ctrl Pts',(4.16270719178782,5.84970513967618,-4.475814907554));
#8846=CARTESIAN_POINT('Ctrl Pts',(4.16270719178781,5.79405899088905,-4.44370923580468));
#8847=CARTESIAN_POINT('Ctrl Pts',(4.16270719083358,5.73799241237778,-4.41136300362263));
#8848=CARTESIAN_POINT('Ctrl Pts',(4.16270718862288,5.68232552064203,-4.37925004028147));
#8849=CARTESIAN_POINT('Ctrl Pts',(4.16270718641438,5.62671449855163,-4.34716930686759));
#8850=CARTESIAN_POINT('Ctrl Pts',(4.16270718291568,5.57058398618483,-4.31479158338056));
#8851=CARTESIAN_POINT('Ctrl Pts',(4.16270717771739,5.51494480302389,-4.28270097038428));
#8852=CARTESIAN_POINT('',(5.25772034447531,3.09126091222091,-4.5));
#8853=CARTESIAN_POINT('Ctrl Pts',(5.25772034447531,3.09126091222091,-4.5));
#8854=CARTESIAN_POINT('Ctrl Pts',(5.29992665901705,3.13018347636063,-4.5));
#8855=CARTESIAN_POINT('Ctrl Pts',(5.33959310427756,3.17157785802586,-4.5));
#8856=CARTESIAN_POINT('Ctrl Pts',(5.37667212196,3.21510720357181,-4.5));
#8857=CARTESIAN_POINT('Ctrl Pts',(5.41464805360325,3.25968949172966,-4.5));
#8858=CARTESIAN_POINT('Ctrl Pts',(5.44991049093723,3.30651184167742,-4.5));
#8859=CARTESIAN_POINT('Ctrl Pts',(5.48238359985023,3.35526214177658,-4.5));
#8860=CARTESIAN_POINT('Ctrl Pts',(5.51529134502911,3.4046649401768,-4.5));
#8861=CARTESIAN_POINT('Ctrl Pts',(5.54533525783528,3.4560484024213,-4.5));
#8862=CARTESIAN_POINT('Ctrl Pts',(5.57240154999936,3.50912801054731,-4.5));
#8863=CARTESIAN_POINT('Ctrl Pts',(5.57863277903544,3.52134805137793,-4.5));
#8864=CARTESIAN_POINT('Ctrl Pts',(5.58470602075032,3.53365812943834,-4.5));
#8865=CARTESIAN_POINT('Ctrl Pts',(5.59061957089958,3.5460550019761,-4.5));
#8866=CARTESIAN_POINT('Ctrl Pts',(5.59536355930934,3.55600006342854,-4.5));
#8867=CARTESIAN_POINT('Ctrl Pts',(5.60000501058033,3.56600175076641,-4.5));
#8868=CARTESIAN_POINT('Ctrl Pts',(5.60453646623575,3.57604325105513,-4.5));
#8869=CARTESIAN_POINT('Ctrl Pts',(5.62971268650559,3.63183261375281,-4.5));
#8870=CARTESIAN_POINT('Ctrl Pts',(5.65154845241744,3.68895450765188,-4.5));
#8871=CARTESIAN_POINT('Ctrl Pts',(5.66996753105676,3.74707252128233,-4.5));
#8872=CARTESIAN_POINT('Ctrl Pts',(5.68925282527929,3.80792371880636,-4.5));
#8873=CARTESIAN_POINT('Ctrl Pts',(5.70479352365518,3.86986770597959,-4.5));
#8874=CARTESIAN_POINT('Ctrl Pts',(5.71645726005925,3.93255861390864,-4.5));
#8875=CARTESIAN_POINT('Ctrl Pts',(5.72752884593731,3.99206679781004,-4.5));
#8876=CARTESIAN_POINT('Ctrl Pts',(5.73510733736909,4.05224915668627,-4.5));
#8877=CARTESIAN_POINT('Ctrl Pts',(5.73903235154814,4.11283002321402,-4.5));
#8878=CARTESIAN_POINT('Ctrl Pts',(5.7392422762361,4.11607011838871,-4.5));
#8879=CARTESIAN_POINT('Ctrl Pts',(5.73944173788631,4.11931135614494,-4.5));
#8880=CARTESIAN_POINT('Ctrl Pts',(5.73963070773897,4.12255369507078,-4.5));
#8881=CARTESIAN_POINT('Ctrl Pts',(5.74039493783974,4.13566633165852,-4.5));
#8882=CARTESIAN_POINT('Ctrl Pts',(5.74098752261949,4.14879955614603,-4.5));
#8883=CARTESIAN_POINT('Ctrl Pts',(5.74140918177701,4.16192695021558,-4.5));
#8884=CARTESIAN_POINT('Ctrl Pts',(5.74337119954349,4.22300988872789,-4.5));
#8885=CARTESIAN_POINT('Ctrl Pts',(5.74164430737991,4.28407117440884,-4.5));
#8886=CARTESIAN_POINT('Ctrl Pts',(5.7364306166036,4.34482198042938,-4.5));
#8887=CARTESIAN_POINT('Ctrl Pts',(5.73109216412907,4.40702653084194,-4.5));
#8888=CARTESIAN_POINT('Ctrl Pts',(5.72209806643068,4.46890642467653,-4.5));
#8889=CARTESIAN_POINT('Ctrl Pts',(5.70961226985623,4.53016776713446,-4.5));
#8890=CARTESIAN_POINT('Ctrl Pts',(5.69697570556841,4.59216884874041,-4.5));
#8891=CARTESIAN_POINT('Ctrl Pts',(5.68076251734567,4.65353737141937,-4.5));
#8892=CARTESIAN_POINT('Ctrl Pts',(5.66108963475956,4.71397062821601,-4.5));
#8893=CARTESIAN_POINT('Ctrl Pts',(5.65675886568027,4.72727434610028,-4.5));
#8894=CARTESIAN_POINT('Ctrl Pts',(5.65226023727862,4.74053271284593,-4.5));
#8895=CARTESIAN_POINT('Ctrl Pts',(5.64759466463313,4.75374243324013,-4.5));
#8896=CARTESIAN_POINT('Ctrl Pts',(5.64359294319132,4.76507257968909,-4.5));
#8897=CARTESIAN_POINT('Ctrl Pts',(5.63947105791842,4.77635927267997,-4.5));
#8898=CARTESIAN_POINT('Ctrl Pts',(5.63523265094759,4.78759399450658,-4.5));
#8899=CARTESIAN_POINT('Ctrl Pts',(5.61224888364717,4.84851693888757,-4.5));
#8900=CARTESIAN_POINT('Ctrl Pts',(5.58582167679222,4.90797169896706,-4.5));
#8901=CARTESIAN_POINT('Ctrl Pts',(5.55613309779969,4.96564703915016,-4.5));
#8902=CARTESIAN_POINT('Ctrl Pts',(5.52635158694443,5.02350291599009,-4.5));
#8903=CARTESIAN_POINT('Ctrl Pts',(5.49328802983233,5.07956928624106,-4.5));
#8904=CARTESIAN_POINT('Ctrl Pts',(5.45707445816641,5.1335281027612,-4.5));
#8905=CARTESIAN_POINT('Ctrl Pts',(5.42123190341451,5.18693409798622,-4.5));
#8906=CARTESIAN_POINT('Ctrl Pts',(5.3823032267177,5.23827653764313,-4.5));
#8907=CARTESIAN_POINT('Ctrl Pts',(5.34037007353683,5.28722760785135,-4.5));
#8908=CARTESIAN_POINT('Ctrl Pts',(5.33246036760858,5.29646107924211,-4.5));
#8909=CARTESIAN_POINT('Ctrl Pts',(5.32444363625768,5.30560938347948,-4.5));
#8910=CARTESIAN_POINT('Ctrl Pts',(5.31632164542401,5.31467173889209,-4.5));
#8911=CARTESIAN_POINT('Ctrl Pts',(5.30807909106071,5.32386861668691,-4.5));
#8912=CARTESIAN_POINT('Ctrl Pts',(5.29973392085203,5.3329704748062,-4.5));
#8913=CARTESIAN_POINT('Ctrl Pts',(5.29129081616608,5.3419743442202,-4.5));
#8914=CARTESIAN_POINT('Ctrl Pts',(5.24466215747429,5.3916999332573,-4.5));
#8915=CARTESIAN_POINT('Ctrl Pts',(5.19502892086012,5.43846395917169,-4.5));
#8916=CARTESIAN_POINT('Ctrl Pts',(5.1427668623994,5.48217211155838,-4.5));
#8917=CARTESIAN_POINT('Ctrl Pts',(5.10086340723284,5.51721708793116,-4.5));
#8918=CARTESIAN_POINT('Ctrl Pts',(5.05726856863221,5.55029716226909,-4.5));
#8919=CARTESIAN_POINT('Ctrl Pts',(5.01215289854978,5.58134788337013,-4.5));
#8920=CARTESIAN_POINT('Ctrl Pts',(4.99930230414918,5.59019226542157,-4.5));
#8921=CARTESIAN_POINT('Ctrl Pts',(4.98632699962049,5.59887254260271,-4.5));
#8922=CARTESIAN_POINT('Ctrl Pts',(4.97324619068748,5.60737733342824,-4.5));
#8923=CARTESIAN_POINT('Ctrl Pts',(4.91624049706478,5.6444409051544,-4.5));
#8924=CARTESIAN_POINT('Ctrl Pts',(4.85717113646881,5.67821905823515,-4.5));
#8925=CARTESIAN_POINT('Ctrl Pts',(4.79637663873325,5.7086075344406,-4.5));
#8926=CARTESIAN_POINT('Ctrl Pts',(4.73684802716563,5.73836325022979,-4.5));
#8927=CARTESIAN_POINT('Ctrl Pts',(4.67566445534001,5.76486938709134,-4.5));
#8928=CARTESIAN_POINT('Ctrl Pts',(4.61311088462665,5.78799250394135,-4.5));
#8929=CARTESIAN_POINT('Ctrl Pts',(4.1627071777174,5.51494480302389,-4.28270097038428));
#8930=CARTESIAN_POINT('Ctrl Pts',(4.53257261938352,5.51170969301487,-4.30681107024347));
#8931=CARTESIAN_POINT('Ctrl Pts',(4.90019878844709,5.36214941798362,-4.33092117010266));
#8932=CARTESIAN_POINT('Ctrl Pts',(5.16619897549882,5.10620046698738,-4.35503126996185));
#8933=CARTESIAN_POINT('Ctrl Pts',(5.43276574994893,4.84970633799008,-4.37919272496821));
#8934=CARTESIAN_POINT('Ctrl Pts',(5.59727314927683,4.4863698289821,-4.40335417997456));
#8935=CARTESIAN_POINT('Ctrl Pts',(5.6141563991227,4.11682681480722,-4.42751563498092));
#8936=CARTESIAN_POINT('Ctrl Pts',(5.63103964896857,3.74728380063233,-4.45167708998728));
#8937=CARTESIAN_POINT('Ctrl Pts',(5.50029874933241,3.37153428129053,-4.47583854499364));
#8938=CARTESIAN_POINT('Ctrl Pts',(5.25772034447532,3.09126091222091,-4.5));
#8939=CARTESIAN_POINT('Origin',(4.15,4.05,-4.5));
#8940=CARTESIAN_POINT('',(4.16270719178782,6.04995963141181,-4.5));
#8941=CARTESIAN_POINT('',(4.16270719178779,4.92497693216405,-4.5));
#8942=CARTESIAN_POINT('',(4.16270719178772,2.05004036858819,-4.5));
#8943=CARTESIAN_POINT('Origin',(4.15,4.05,-4.5));
#8944=CARTESIAN_POINT('',(4.16270719178773,2.58505511118102,-4.5));
#8945=CARTESIAN_POINT('',(4.16270719178774,3.05002018429409,-4.5));
#8946=CARTESIAN_POINT('Origin',(4.15,4.05,-4.5));
#8947=CARTESIAN_POINT('Origin',(4.16270719178772,2.05004036858819,-4.5));
#8948=CARTESIAN_POINT('',(4.16270719178773,2.58505511118102,0.));
#8949=CARTESIAN_POINT('',(4.16270719178772,2.05004036858819,-1.5));
#8950=CARTESIAN_POINT('',(4.16270719178772,2.05004036858819,0.));
#8951=CARTESIAN_POINT('',(4.16270719178773,2.58505511118102,-1.5));
#8952=CARTESIAN_POINT('',(4.16270719178774,3.05002018429409,-1.5));
#8953=CARTESIAN_POINT('',(4.16270719178773,2.58505511118102,0.));
#8954=CARTESIAN_POINT('',(4.16270719178773,2.58505511118102,0.));
#8955=CARTESIAN_POINT('',(4.16270719178773,2.58505511118102,0.));
#8956=CARTESIAN_POINT('',(4.16270719178773,2.58505511118102,0.));
#8957=CARTESIAN_POINT('',(4.16270719178773,2.58505511118102,0.));
#8958=CARTESIAN_POINT('Origin',(3.66270719178774,3.0500201842941,-1.5));
#8959=CARTESIAN_POINT('Ctrl Pts',(4.16270719178773,2.58505511118102,-1.5));
#8960=CARTESIAN_POINT('Ctrl Pts',(4.16270719178773,2.58505511118102,-1.47310298778387));
#8961=CARTESIAN_POINT('Ctrl Pts',(4.16051117223362,2.58503043427635,-1.44542277129851));
#8962=CARTESIAN_POINT('Ctrl Pts',(4.15589458331648,2.58501185878946,-1.41774310462295));
#8963=CARTESIAN_POINT('',(3.66270719178772,2.1102717409223,-1.));
#8964=CARTESIAN_POINT('Ctrl Pts',(4.16270719178772,2.05004036858819,-1.5));
#8965=CARTESIAN_POINT('Ctrl Pts',(4.16270719178772,2.05004036858819,-1.43718341200348));
#8966=CARTESIAN_POINT('Ctrl Pts',(4.15014503924857,2.04983702398425,-1.37018587068024));
#8967=CARTESIAN_POINT('Ctrl Pts',(4.09908244602495,2.05048522002736,-1.24697035814023));
#8968=CARTESIAN_POINT('Ctrl Pts',(4.06058124614986,2.05150499641732,-1.19075364400821));
#8969=CARTESIAN_POINT('Ctrl Pts',(3.97130442656333,2.05749074571958,-1.1015042613598));
#8970=CARTESIAN_POINT('Ctrl Pts',(3.9144704743028,2.06293567034241,-1.06288271581991));
#8971=CARTESIAN_POINT('Ctrl Pts',(3.79097681241762,2.08149773672405,-1.01214431564144));
#8972=CARTESIAN_POINT('Ctrl Pts',(3.72435401986296,2.09478500672148,-1.));
#8973=CARTESIAN_POINT('Ctrl Pts',(3.66270719178772,2.1102717409223,-1.));
#8974=CARTESIAN_POINT('',(3.66270719178773,2.66841731370699,-1.));
#8975=CARTESIAN_POINT('',(3.66270719178774,3.0500201842941,-1.));
#8976=CARTESIAN_POINT('Ctrl Pts',(3.75243201018517,2.63997705923819,-1.00811641929868));
#8977=CARTESIAN_POINT('Ctrl Pts',(3.7219609397734,2.64856863733306,-1.00255817062697));
#8978=CARTESIAN_POINT('Ctrl Pts',(3.69168427591781,2.65819691586932,-1.));
#8979=CARTESIAN_POINT('Ctrl Pts',(3.66270719178773,2.66841731370699,-1.));
#8980=CARTESIAN_POINT('Origin',(4.15,4.05,0.));
#8981=CARTESIAN_POINT('Origin',(4.15,4.05,-1.));
#8982=CARTESIAN_POINT('Origin',(4.15,4.05,0.));
#8983=CARTESIAN_POINT('',(4.16270719178781,5.51494488881899,0.));
#8984=CARTESIAN_POINT('Origin',(4.15,4.05,0.));
#8985=CARTESIAN_POINT('',(4.16270719178781,5.51494488881899,0.));
#8986=CARTESIAN_POINT('Origin',(4.15,4.05,0.));
#8987=CARTESIAN_POINT('',(4.16270719178781,5.51494488881899,0.));
#8988=CARTESIAN_POINT('Origin',(4.15,4.05,0.));
#8989=CARTESIAN_POINT('',(4.16270719178781,5.51494488881899,0.));
#8990=CARTESIAN_POINT('Origin',(4.15,4.05,0.));
#8991=CARTESIAN_POINT('',(4.16270719178781,5.51494488881899,0.));
#8992=CARTESIAN_POINT('Origin',(4.15,4.05,0.));
#8993=CARTESIAN_POINT('',(4.16270719178781,5.51494488881899,0.));
#8994=CARTESIAN_POINT('Origin',(4.15,4.05,0.));
#8995=CARTESIAN_POINT('',(2.15,4.05,0.));
#8996=CARTESIAN_POINT('',(6.15,4.05,0.));
#8997=CARTESIAN_POINT('Origin',(4.15,4.05,0.));
#8998=CARTESIAN_POINT('Origin',(4.15,4.05,0.));
#8999=CARTESIAN_POINT('Origin',(4.16270719178782,5.79995386432811,-4.5));
#9000=CARTESIAN_POINT('',(4.16270719178782,6.04995963141181,-1.));
#9001=CARTESIAN_POINT('',(4.16270719178784,6.82509312213756,-1.));
#9002=CARTESIAN_POINT('',(4.16270719178782,6.04995963141181,0.));
#9003=CARTESIAN_POINT('Origin',(3.76243889240345,4.05,-1.));
#9004=CARTESIAN_POINT('',(2.15,4.05,-1.));
#9005=CARTESIAN_POINT('Origin',(4.15,4.05,-1.));
#9006=CARTESIAN_POINT('Origin',(4.15,4.05,-1.));
#9007=CARTESIAN_POINT('Origin',(4.15,4.05,0.));
#9008=CARTESIAN_POINT('',(2.15,4.05,0.));
#9009=CARTESIAN_POINT('Origin',(7.75,4.05,7.9));
#9010=CARTESIAN_POINT('',(15.5,5.75614312047658,7.9));
#9011=CARTESIAN_POINT('',(12.5,8.1,7.9));
#9012=CARTESIAN_POINT('',(15.5,5.75614312047658,7.9));
#9013=CARTESIAN_POINT('',(0.,8.1,7.9));
#9014=CARTESIAN_POINT('',(15.5,8.1,7.9));
#9015=CARTESIAN_POINT('',(0.,0.,7.9));
#9016=CARTESIAN_POINT('',(0.,8.1,7.9));
#9017=CARTESIAN_POINT('',(12.5,0.,7.9));
#9018=CARTESIAN_POINT('',(0.,0.,7.9));
#9019=CARTESIAN_POINT('',(15.5,2.34385687952016,7.9));
#9020=CARTESIAN_POINT('',(12.5,0.,7.9));
#9021=CARTESIAN_POINT('',(15.5,-1.61121755285958E-16,7.9));
#9022=CARTESIAN_POINT('',(5.99963183539796,4.04999999999888,7.9));
#9023=CARTESIAN_POINT('Origin',(4.14963183539796,4.04999999999888,7.9));
#9024=CARTESIAN_POINT('',(9.50036816460205,4.04999999999888,7.9));
#9025=CARTESIAN_POINT('Origin',(11.350368164602,4.04999999999888,7.9));
#9026=CARTESIAN_POINT('Origin',(15.5,5.75614312047658,0.));
#9027=CARTESIAN_POINT('',(15.5,5.75614312047658,0.));
#9028=CARTESIAN_POINT('',(12.5,8.1,0.));
#9029=CARTESIAN_POINT('',(15.5,5.75614312047658,0.));
#9030=CARTESIAN_POINT('',(12.5,8.1,0.));
#9031=CARTESIAN_POINT('',(15.5,5.75614312047658,0.));
#9032=CARTESIAN_POINT('Origin',(12.5,8.1,0.));
#9033=CARTESIAN_POINT('',(5.87272246704809,8.1,4.10967347796628));
#9034=CARTESIAN_POINT('',(6.15512361155264,8.1,3.99030102070043));
#9035=CARTESIAN_POINT('Ctrl Pts',(5.87272246704809,8.1,4.10967347796628));
#9036=CARTESIAN_POINT('Ctrl Pts',(5.92609850219715,8.1,4.10470019148164));
#9037=CARTESIAN_POINT('Ctrl Pts',(6.03284783606899,8.1,4.09475387347756));
#9038=CARTESIAN_POINT('Ctrl Pts',(6.1143657162714,8.1,4.02511804327483));
#9039=CARTESIAN_POINT('Ctrl Pts',(6.15512361155264,8.1,3.99030102070043));
#9040=CARTESIAN_POINT('',(6.27108534203283,8.1,3.67720422919461));
#9041=CARTESIAN_POINT('Ctrl Pts',(6.15512361155264,8.1,3.99030102070043));
#9042=CARTESIAN_POINT('Ctrl Pts',(6.18892924487917,8.1,3.94614457399537));
#9043=CARTESIAN_POINT('Ctrl Pts',(6.25953232298713,8.1,3.85392381819486));
#9044=CARTESIAN_POINT('Ctrl Pts',(6.26712705981077,8.1,3.73775169342559));
#9045=CARTESIAN_POINT('Ctrl Pts',(6.27108534203283,8.1,3.67720422919461));
#9046=CARTESIAN_POINT('',(6.21719737873785,8.1,3.43436656172941));
#9047=CARTESIAN_POINT('Ctrl Pts',(6.27108534203283,8.1,3.67720422919461));
#9048=CARTESIAN_POINT('Ctrl Pts',(6.26882181442807,8.1,3.63532805651596));
#9049=CARTESIAN_POINT('Ctrl Pts',(6.2642855787584,8.1,3.55140586894682));
#9050=CARTESIAN_POINT('Ctrl Pts',(6.2329146083289,8.1,3.47343226527958));
#9051=CARTESIAN_POINT('Ctrl Pts',(6.21719737873785,8.1,3.43436656172941));
#9052=CARTESIAN_POINT('',(6.06644680128805,8.1,3.2576952653713));
#9053=CARTESIAN_POINT('Ctrl Pts',(6.21719737873785,8.1,3.43436656172941));
#9054=CARTESIAN_POINT('Ctrl Pts',(6.19795103929828,8.1,3.39833887066035));
#9055=CARTESIAN_POINT('Ctrl Pts',(6.16057175421726,8.1,3.32836767746229));
#9056=CARTESIAN_POINT('Ctrl Pts',(6.09719250602297,8.1,3.28078025024973));
#9057=CARTESIAN_POINT('Ctrl Pts',(6.06644680128805,8.1,3.2576952653713));
#9058=CARTESIAN_POINT('',(5.86317261086218,8.1,3.19698584850499));
#9059=CARTESIAN_POINT('Ctrl Pts',(6.06644680128805,8.1,3.2576952653713));
#9060=CARTESIAN_POINT('Ctrl Pts',(6.03411105398065,8.1,3.23999024892927));
#9061=CARTESIAN_POINT('Ctrl Pts',(5.97064457627738,8.1,3.20524000732911));
#9062=CARTESIAN_POINT('Ctrl Pts',(5.89854025910132,8.1,3.19970218652555));
#9063=CARTESIAN_POINT('Ctrl Pts',(5.86317261086218,8.1,3.19698584850499));
#9064=CARTESIAN_POINT('',(5.59577842579595,8.1,3.3224974351711));
#9065=CARTESIAN_POINT('Ctrl Pts',(5.86317261086218,8.1,3.19698584850499));
#9066=CARTESIAN_POINT('Ctrl Pts',(5.81275456085448,8.1,3.20266596330744));
#9067=CARTESIAN_POINT('Ctrl Pts',(5.70962240429886,8.1,3.21428486742947));
#9068=CARTESIAN_POINT('Ctrl Pts',(5.63428549996721,8.1,3.28589515345988));
#9069=CARTESIAN_POINT('Ctrl Pts',(5.59577842579595,8.1,3.3224974351711));
#9070=CARTESIAN_POINT('',(5.48390944824926,8.1,3.6635616200752));
#9071=CARTESIAN_POINT('Ctrl Pts',(5.59577842579595,8.1,3.3224974351711));
#9072=CARTESIAN_POINT('Ctrl Pts',(5.5631906500381,8.1,3.3702565838518));
#9073=CARTESIAN_POINT('Ctrl Pts',(5.49324398946298,8.1,3.47276719970198));
#9074=CARTESIAN_POINT('Ctrl Pts',(5.4871593087178,8.1,3.59713572616231));
#9075=CARTESIAN_POINT('Ctrl Pts',(5.48390944824926,8.1,3.6635616200752));
#9076=CARTESIAN_POINT('',(5.59441437350027,8.1,3.99030102070043));
#9077=CARTESIAN_POINT('Ctrl Pts',(5.48390944824926,8.1,3.6635616200752));
#9078=CARTESIAN_POINT('Ctrl Pts',(5.48714656437724,8.1,3.72745732899898));
#9079=CARTESIAN_POINT('Ctrl Pts',(5.49321417885473,8.1,3.84722273536306));
#9080=CARTESIAN_POINT('Ctrl Pts',(5.56222249310008,8.1,3.94478767889731));
#9081=CARTESIAN_POINT('Ctrl Pts',(5.59441437350027,8.1,3.99030102070043));
#9082=CARTESIAN_POINT('Ctrl Pts',(5.59441437350027,8.1,3.99030102070043));
#9083=CARTESIAN_POINT('Ctrl Pts',(5.63387974786329,8.1,4.02511719997823));
#9084=CARTESIAN_POINT('Ctrl Pts',(5.7135137030353,8.1,4.09536992416034));
#9085=CARTESIAN_POINT('Ctrl Pts',(5.81934137581842,8.1,4.10487764078133));
#9086=CARTESIAN_POINT('Ctrl Pts',(5.87272246704809,8.1,4.10967347796628));
#9087=CARTESIAN_POINT('Origin',(0.,8.1,0.));
#9088=CARTESIAN_POINT('',(0.,8.1,0.));
#9089=CARTESIAN_POINT('',(0.,0.,0.));
#9090=CARTESIAN_POINT('',(0.,8.1,0.));
#9091=CARTESIAN_POINT('',(0.,0.,0.));
#9092=CARTESIAN_POINT('',(0.,8.1,0.));
#9093=CARTESIAN_POINT('Origin',(0.,0.,0.));
#9094=CARTESIAN_POINT('',(7.63864341712638,0.,3.73955371164168));
#9095=CARTESIAN_POINT('',(7.35624227262183,0.,3.62018125437583));
#9096=CARTESIAN_POINT('Ctrl Pts',(7.63864341712638,0.,3.73955371164168));
#9097=CARTESIAN_POINT('Ctrl Pts',(7.58526738197731,0.,3.73458042515704));
#9098=CARTESIAN_POINT('Ctrl Pts',(7.47851804810548,0.,3.72463410715296));
#9099=CARTESIAN_POINT('Ctrl Pts',(7.39700016790307,0.,3.65499827695023));
#9100=CARTESIAN_POINT('Ctrl Pts',(7.35624227262183,0.,3.62018125437583));
#9101=CARTESIAN_POINT('',(7.24028054214163,0.,3.30708446287002));
#9102=CARTESIAN_POINT('Ctrl Pts',(7.35624227262183,0.,3.62018125437583));
#9103=CARTESIAN_POINT('Ctrl Pts',(7.3224366392953,0.,3.57602480767077));
#9104=CARTESIAN_POINT('Ctrl Pts',(7.25183356118734,0.,3.48380405187026));
#9105=CARTESIAN_POINT('Ctrl Pts',(7.2442388243637,0.,3.36763192710099));
#9106=CARTESIAN_POINT('Ctrl Pts',(7.24028054214163,0.,3.30708446287002));
#9107=CARTESIAN_POINT('',(7.29416850543662,0.,3.06424679540481));
#9108=CARTESIAN_POINT('Ctrl Pts',(7.24028054214163,0.,3.30708446287002));
#9109=CARTESIAN_POINT('Ctrl Pts',(7.24254406974639,0.,3.26520829019136));
#9110=CARTESIAN_POINT('Ctrl Pts',(7.24708030541606,0.,3.18128610262222));
#9111=CARTESIAN_POINT('Ctrl Pts',(7.27845127584556,0.,3.10331249895498));
#9112=CARTESIAN_POINT('Ctrl Pts',(7.29416850543662,0.,3.06424679540481));
#9113=CARTESIAN_POINT('',(7.44491908288642,0.,2.8875754990467));
#9114=CARTESIAN_POINT('Ctrl Pts',(7.29416850543662,0.,3.06424679540481));
#9115=CARTESIAN_POINT('Ctrl Pts',(7.31341484487618,0.,3.02821910433575));
#9116=CARTESIAN_POINT('Ctrl Pts',(7.35079412995721,0.,2.95824791113769));
#9117=CARTESIAN_POINT('Ctrl Pts',(7.41417337815149,0.,2.91066048392513));
#9118=CARTESIAN_POINT('Ctrl Pts',(7.44491908288642,0.,2.8875754990467));
#9119=CARTESIAN_POINT('',(7.64819327331229,0.,2.82686608218039));
#9120=CARTESIAN_POINT('Ctrl Pts',(7.44491908288642,0.,2.8875754990467));
#9121=CARTESIAN_POINT('Ctrl Pts',(7.47725483019381,0.,2.86987048260468));
#9122=CARTESIAN_POINT('Ctrl Pts',(7.54072130789709,0.,2.83512024100451));
#9123=CARTESIAN_POINT('Ctrl Pts',(7.61282562507314,0.,2.82958242020095));
#9124=CARTESIAN_POINT('Ctrl Pts',(7.64819327331229,0.,2.82686608218039));
#9125=CARTESIAN_POINT('',(7.91558745837851,0.,2.9523776688465));
#9126=CARTESIAN_POINT('Ctrl Pts',(7.64819327331229,0.,2.82686608218039));
#9127=CARTESIAN_POINT('Ctrl Pts',(7.69861132331999,0.,2.83254619698284));
#9128=CARTESIAN_POINT('Ctrl Pts',(7.8017434798756,0.,2.84416510110487));
#9129=CARTESIAN_POINT('Ctrl Pts',(7.87708038420725,0.,2.91577538713528));
#9130=CARTESIAN_POINT('Ctrl Pts',(7.91558745837851,0.,2.9523776688465));
#9131=CARTESIAN_POINT('',(8.0274564359252,0.,3.2934418537506));
#9132=CARTESIAN_POINT('Ctrl Pts',(7.91558745837851,0.,2.9523776688465));
#9133=CARTESIAN_POINT('Ctrl Pts',(7.94817523413637,0.,3.0001368175272));
#9134=CARTESIAN_POINT('Ctrl Pts',(8.01812189471148,0.,3.10264743337738));
#9135=CARTESIAN_POINT('Ctrl Pts',(8.02420657545667,0.,3.22701595983771));
#9136=CARTESIAN_POINT('Ctrl Pts',(8.0274564359252,0.,3.2934418537506));
#9137=CARTESIAN_POINT('',(7.9169515106742,0.,3.62018125437583));
#9138=CARTESIAN_POINT('Ctrl Pts',(8.0274564359252,0.,3.2934418537506));
#9139=CARTESIAN_POINT('Ctrl Pts',(8.02421931979722,0.,3.35733756267438));
#9140=CARTESIAN_POINT('Ctrl Pts',(8.01815170531973,0.,3.47710296903846));
#9141=CARTESIAN_POINT('Ctrl Pts',(7.94914339107439,0.,3.57466791257271));
#9142=CARTESIAN_POINT('Ctrl Pts',(7.9169515106742,0.,3.62018125437583));
#9143=CARTESIAN_POINT('Ctrl Pts',(7.9169515106742,0.,3.62018125437583));
#9144=CARTESIAN_POINT('Ctrl Pts',(7.87748613631118,0.,3.65499743365363));
#9145=CARTESIAN_POINT('Ctrl Pts',(7.79785218113917,0.,3.72525015783574));
#9146=CARTESIAN_POINT('Ctrl Pts',(7.69202450835604,0.,3.73475787445673));
#9147=CARTESIAN_POINT('Ctrl Pts',(7.63864341712638,0.,3.73955371164168));
#9148=CARTESIAN_POINT('Origin',(12.5,0.,0.));
#9149=CARTESIAN_POINT('',(12.5,0.,0.));
#9150=CARTESIAN_POINT('',(15.5,2.34385687952016,0.));
#9151=CARTESIAN_POINT('',(12.5,0.,0.));
#9152=CARTESIAN_POINT('',(15.5,2.34385687952016,0.));
#9153=CARTESIAN_POINT('',(12.5,0.,0.));
#9154=CARTESIAN_POINT('Origin',(15.5,2.34385687952016,0.));
#9155=CARTESIAN_POINT('',(15.5,-1.61121755285958E-16,0.));
#9156=CARTESIAN_POINT('Origin',(7.75,4.05,0.));
#9157=CARTESIAN_POINT('',(0.,0.,0.));
#9158=CARTESIAN_POINT('',(15.5,8.1,0.));
#9159=CARTESIAN_POINT('',(2.15,4.05,0.));
#9160=CARTESIAN_POINT('',(6.15,4.05,0.));
#9161=CARTESIAN_POINT('Origin',(4.15,4.05,0.));
#9162=CARTESIAN_POINT('Origin',(4.15,4.05,0.));
#9163=CARTESIAN_POINT('',(9.35,4.05,0.));
#9164=CARTESIAN_POINT('',(13.35,4.05,0.));
#9165=CARTESIAN_POINT('Origin',(11.35,4.05,0.));
#9166=CARTESIAN_POINT('Origin',(11.35,4.05,0.));
#9167=CARTESIAN_POINT('Origin',(11.35,4.05,0.25));
#9168=CARTESIAN_POINT('',(13.35,4.05,0.5));
#9169=CARTESIAN_POINT('',(13.35,4.05,0.25));
#9170=CARTESIAN_POINT('Origin',(11.35,4.05,0.5));
#9171=CARTESIAN_POINT('Origin',(11.35,4.05,1.10086061902756));
#9172=CARTESIAN_POINT('',(11.35,4.05,1.70172123805512));
#9173=CARTESIAN_POINT('',(12.35,4.05,1.10086061902756));
#9174=CARTESIAN_POINT('Origin',(4.15,4.05,0.25));
#9175=CARTESIAN_POINT('',(6.15,4.05,0.5));
#9176=CARTESIAN_POINT('',(6.15,4.05,0.25));
#9177=CARTESIAN_POINT('Origin',(4.15,4.05,0.5));
#9178=CARTESIAN_POINT('Origin',(4.15,4.05,1.10086061902756));
#9179=CARTESIAN_POINT('',(4.15,4.05,1.70172123805512));
#9180=CARTESIAN_POINT('',(5.15,4.05,1.10086061902756));
#9181=CARTESIAN_POINT('Origin',(11.350368164602,4.04999999999888,9.05));
#9182=CARTESIAN_POINT('',(9.85036816460205,4.04999999999888,6.3));
#9183=CARTESIAN_POINT('Origin',(11.350368164602,4.04999999999888,6.3));
#9184=CARTESIAN_POINT('',(9.85036816460205,4.04999999999888,2.8));
#9185=CARTESIAN_POINT('',(9.85036816460205,4.04999999999888,9.05));
#9186=CARTESIAN_POINT('Origin',(11.350368164602,4.04999999999888,2.8));
#9187=CARTESIAN_POINT('Origin',(11.350368164602,4.04999999999888,10.8));
#9188=CARTESIAN_POINT('',(9.50036816460205,4.04999999999888,6.3));
#9189=CARTESIAN_POINT('',(9.50036816460205,4.04999999999888,10.8));
#9190=CARTESIAN_POINT('Origin',(11.350368164602,4.04999999999888,6.3));
#9191=CARTESIAN_POINT('Origin',(11.350368164602,4.04999999999888,6.3));
#9192=CARTESIAN_POINT('Origin',(11.350368164602,4.04999999999888,2.34935453572933));
#9193=CARTESIAN_POINT('',(11.350368164602,4.04999999999888,1.89870907145866));
#9194=CARTESIAN_POINT('',(10.600368164602,4.04999999999888,2.34935453572933));
#9195=CARTESIAN_POINT('Origin',(4.14963183539796,4.04999999999888,9.05));
#9196=CARTESIAN_POINT('',(5.64963183539795,4.04999999999888,6.3));
#9197=CARTESIAN_POINT('Origin',(4.14963183539796,4.04999999999888,6.3));
#9198=CARTESIAN_POINT('',(5.64963183539796,4.04999999999888,2.8));
#9199=CARTESIAN_POINT('',(5.64963183539796,4.04999999999888,9.05));
#9200=CARTESIAN_POINT('Origin',(4.14963183539796,4.04999999999888,2.8));
#9201=CARTESIAN_POINT('Origin',(4.14963183539796,4.04999999999888,10.8));
#9202=CARTESIAN_POINT('',(5.99963183539796,4.04999999999888,6.3));
#9203=CARTESIAN_POINT('',(5.99963183539796,4.04999999999888,10.8));
#9204=CARTESIAN_POINT('Origin',(4.14963183539796,4.04999999999888,6.3));
#9205=CARTESIAN_POINT('Origin',(4.14963183539796,4.04999999999888,6.3));
#9206=CARTESIAN_POINT('Origin',(4.14963183539796,4.04999999999888,2.34935453572933));
#9207=CARTESIAN_POINT('',(4.14963183539796,4.04999999999888,1.89870907145866));
#9208=CARTESIAN_POINT('',(4.89963183539796,4.04999999999888,2.34935453572933));
#9209=CARTESIAN_POINT('Origin',(12.5,8.1,0.));
#9210=CARTESIAN_POINT('',(4.33929791079275,8.1,4.83409372742841));
#9211=CARTESIAN_POINT('',(4.60942079649679,8.1,4.69084677870939));
#9212=CARTESIAN_POINT('Ctrl Pts',(4.33929791079275,8.1,4.83409372742841));
#9213=CARTESIAN_POINT('Ctrl Pts',(4.39301726298414,8.1,4.82787847675025));
#9214=CARTESIAN_POINT('Ctrl Pts',(4.50159534672379,8.1,4.81531615086456));
#9215=CARTESIAN_POINT('Ctrl Pts',(4.57322841601784,8.1,4.73262581032483));
#9216=CARTESIAN_POINT('Ctrl Pts',(4.60942079649679,8.1,4.69084677870939));
#9217=CARTESIAN_POINT('',(4.73629643545858,8.1,4.01553986247251));
#9218=CARTESIAN_POINT('Ctrl Pts',(4.60942079649679,8.1,4.69084677870939));
#9219=CARTESIAN_POINT('Ctrl Pts',(4.64607143067361,8.1,4.60517154995182));
#9220=CARTESIAN_POINT('Ctrl Pts',(4.73778520725113,8.1,4.39077965837938));
#9221=CARTESIAN_POINT('Ctrl Pts',(4.73685494597771,8.1,4.15631051265556));
#9222=CARTESIAN_POINT('Ctrl Pts',(4.73629643545858,8.1,4.01553986247251));
#9223=CARTESIAN_POINT('',(4.62101688013784,8.1,3.36001453574369));
#9224=CARTESIAN_POINT('Ctrl Pts',(4.73629643545858,8.1,4.01553986247251));
#9225=CARTESIAN_POINT('Ctrl Pts',(4.73769359703066,8.1,3.87654832974154));
#9226=CARTESIAN_POINT('Ctrl Pts',(4.73997492020144,8.1,3.64959919909016));
#9227=CARTESIAN_POINT('Ctrl Pts',(4.65424342789936,8.1,3.44089934724984));
#9228=CARTESIAN_POINT('Ctrl Pts',(4.62101688013784,8.1,3.36001453574369));
#9229=CARTESIAN_POINT('',(4.33656921015493,8.1,3.196985848505));
#9230=CARTESIAN_POINT('Ctrl Pts',(4.62101688013784,8.1,3.36001453574369));
#9231=CARTESIAN_POINT('Ctrl Pts',(4.58186052556045,8.1,3.31249887673033));
#9232=CARTESIAN_POINT('Ctrl Pts',(4.50721245459247,8.1,3.22191454311699));
#9233=CARTESIAN_POINT('Ctrl Pts',(4.39155770959546,8.1,3.20501893246471));
#9234=CARTESIAN_POINT('Ctrl Pts',(4.33656921015493,8.1,3.196985848505));
#9235=CARTESIAN_POINT('',(4.05212213621847,8.1,3.36069671090314));
#9236=CARTESIAN_POINT('Ctrl Pts',(4.33656921015493,8.1,3.196985848505));
#9237=CARTESIAN_POINT('Ctrl Pts',(4.28156763242748,8.1,3.20507267016331));
#9238=CARTESIAN_POINT('Ctrl Pts',(4.16578135883933,8.1,3.22209659899727));
#9239=CARTESIAN_POINT('Ctrl Pts',(4.09124941348459,8.1,3.31298351277802));
#9240=CARTESIAN_POINT('Ctrl Pts',(4.05212213621847,8.1,3.36069671090314));
#9241=CARTESIAN_POINT('',(3.93684198485128,8.1,4.01553986247251));
#9242=CARTESIAN_POINT('Ctrl Pts',(4.05212213621847,8.1,3.36069671090314));
#9243=CARTESIAN_POINT('Ctrl Pts',(4.01889126856519,8.1,3.44163765143587));
#9244=CARTESIAN_POINT('Ctrl Pts',(3.93328966722801,8.1,3.65013880149999));
#9245=CARTESIAN_POINT('Ctrl Pts',(3.93549361686012,8.1,3.87684306032676));
#9246=CARTESIAN_POINT('Ctrl Pts',(3.93684198485128,8.1,4.01553986247251));
#9247=CARTESIAN_POINT('',(4.05212213621847,8.1,4.67174721534917));
#9248=CARTESIAN_POINT('Ctrl Pts',(3.93684198485128,8.1,4.01553986247251));
#9249=CARTESIAN_POINT('Ctrl Pts',(3.93539576319119,8.1,4.15482619032801));
#9250=CARTESIAN_POINT('Ctrl Pts',(3.93303678657835,8.1,4.38202040195303));
#9251=CARTESIAN_POINT('Ctrl Pts',(4.01889944037537,8.1,4.59091858421915));
#9252=CARTESIAN_POINT('Ctrl Pts',(4.05212213621847,8.1,4.67174721534917));
#9253=CARTESIAN_POINT('Ctrl Pts',(4.05212213621847,8.1,4.67174721534917));
#9254=CARTESIAN_POINT('Ctrl Pts',(4.09155642940187,8.1,4.71907150799185));
#9255=CARTESIAN_POINT('Ctrl Pts',(4.16713562121124,8.1,4.80977255781795));
#9256=CARTESIAN_POINT('Ctrl Pts',(4.28360008877521,8.1,4.82622535985782));
#9257=CARTESIAN_POINT('Ctrl Pts',(4.33929791079275,8.1,4.83409372742841));
#9258=CARTESIAN_POINT('Origin',(12.5,8.1,0.));
#9259=CARTESIAN_POINT('',(7.37613310442678,8.1,4.79316604908177));
#9260=CARTESIAN_POINT('',(7.37613310442678,8.1,3.02918238218495));
#9261=CARTESIAN_POINT('',(7.37613310442678,8.1,2.39658302454089));
#9262=CARTESIAN_POINT('',(7.64079888687841,8.1,3.02918238218495));
#9263=CARTESIAN_POINT('',(9.9380665522134,8.1,3.02918238218495));
#9264=CARTESIAN_POINT('',(7.64079888687841,8.1,4.79316604908177));
#9265=CARTESIAN_POINT('',(7.64079888687841,8.1,1.51459119109248));
#9266=CARTESIAN_POINT('',(8.29973479138128,8.1,4.79316604908177));
#9267=CARTESIAN_POINT('',(10.0703994434392,8.1,4.79316604908177));
#9268=CARTESIAN_POINT('',(8.29973479138128,8.1,5.02918241198728));
#9269=CARTESIAN_POINT('',(8.29973479138128,8.1,2.39658302454089));
#9270=CARTESIAN_POINT('',(6.71446879730932,8.1,5.02918241198728));
#9271=CARTESIAN_POINT('',(10.3998673956906,8.1,5.02918241198727));
#9272=CARTESIAN_POINT('',(6.71446879730932,8.1,4.79316604908178));
#9273=CARTESIAN_POINT('',(6.71446879730932,8.1,2.51459120599364));
#9274=CARTESIAN_POINT('',(9.60723439865467,8.1,4.79316604908177));
#9275=CARTESIAN_POINT('',(5.83588769064657,8.1,5.03736791785428));
#9276=CARTESIAN_POINT('',(5.44912089930288,8.1,4.90503502662847));
#9277=CARTESIAN_POINT('Ctrl Pts',(5.83588769064657,8.1,5.03736791785428));
#9278=CARTESIAN_POINT('Ctrl Pts',(5.76201166548475,8.1,5.0329094606746));
#9279=CARTESIAN_POINT('Ctrl Pts',(5.62058334988517,8.1,5.02437418704944));
#9280=CARTESIAN_POINT('Ctrl Pts',(5.50454556994833,8.1,4.94361101594259));
#9281=CARTESIAN_POINT('Ctrl Pts',(5.44912089930288,8.1,4.90503502662847));
#9282=CARTESIAN_POINT('',(5.26835670099966,8.1,4.53941432412336));
#9283=CARTESIAN_POINT('Ctrl Pts',(5.44912089930288,8.1,4.90503502662847));
#9284=CARTESIAN_POINT('Ctrl Pts',(5.40371926318073,8.1,4.85514205438354));
#9285=CARTESIAN_POINT('Ctrl Pts',(5.30875653458852,8.1,4.75078518122576));
#9286=CARTESIAN_POINT('Ctrl Pts',(5.2822108869294,8.1,4.61189905720978));
#9287=CARTESIAN_POINT('Ctrl Pts',(5.26835670099966,8.1,4.53941432412336));
#9288=CARTESIAN_POINT('',(5.51255871878378,8.1,4.52031476076314));
#9289=CARTESIAN_POINT('',(9.03863370349923,8.1,4.24453287658978));
#9290=CARTESIAN_POINT('',(5.60532828198187,8.1,4.73041025574872));
#9291=CARTESIAN_POINT('Ctrl Pts',(5.51255871878378,8.1,4.52031476076314));
#9292=CARTESIAN_POINT('Ctrl Pts',(5.52294038246795,8.1,4.56321969892916));
#9293=CARTESIAN_POINT('Ctrl Pts',(5.54129007628029,8.1,4.63905460384751));
#9294=CARTESIAN_POINT('Ctrl Pts',(5.58593988982693,8.1,4.7027511546664));
#9295=CARTESIAN_POINT('Ctrl Pts',(5.60532828198187,8.1,4.73041025574872));
#9296=CARTESIAN_POINT('',(5.85089435206167,8.1,4.83545792873571));
#9297=CARTESIAN_POINT('Ctrl Pts',(5.60532828198187,8.1,4.73041025574872));
#9298=CARTESIAN_POINT('Ctrl Pts',(5.6405155445327,8.1,4.76104909221853));
#9299=CARTESIAN_POINT('Ctrl Pts',(5.71105810730015,8.1,4.82247308169968));
#9300=CARTESIAN_POINT('Ctrl Pts',(5.80420830689141,8.1,4.83112277831539));
#9301=CARTESIAN_POINT('Ctrl Pts',(5.85089435206167,8.1,4.83545792873571));
#9302=CARTESIAN_POINT('',(6.05689724312536,8.1,4.76997373278806));
#9303=CARTESIAN_POINT('Ctrl Pts',(5.85089435206167,8.1,4.83545792873571));
#9304=CARTESIAN_POINT('Ctrl Pts',(5.88855163250165,8.1,4.83291763214628));
#9305=CARTESIAN_POINT('Ctrl Pts',(5.96262094190041,8.1,4.8279210415309));
#9306=CARTESIAN_POINT('Ctrl Pts',(6.02582601008852,8.1,4.78907179147739));
#9307=CARTESIAN_POINT('Ctrl Pts',(6.05689724312536,8.1,4.76997373278806));
#9308=CARTESIAN_POINT('',(6.2397073708605,8.1,4.52304331238935));
#9309=CARTESIAN_POINT('Ctrl Pts',(6.05689724312536,8.1,4.76997373278806));
#9310=CARTESIAN_POINT('Ctrl Pts',(6.09402592589898,8.1,4.73722940571407));
#9311=CARTESIAN_POINT('Ctrl Pts',(6.17244879489296,8.1,4.66806713329851));
#9312=CARTESIAN_POINT('Ctrl Pts',(6.21650776779687,8.1,4.57306659985068));
#9313=CARTESIAN_POINT('Ctrl Pts',(6.2397073708605,8.1,4.52304331238935));
#9314=CARTESIAN_POINT('',(6.30928446875326,8.1,4.06056029375264));
#9315=CARTESIAN_POINT('Ctrl Pts',(6.2397073708605,8.1,4.52304331238935));
#9316=CARTESIAN_POINT('Ctrl Pts',(6.2592803060722,8.1,4.45787455299382));
#9317=CARTESIAN_POINT('Ctrl Pts',(6.30450274151213,8.1,4.30730490247446));
#9318=CARTESIAN_POINT('Ctrl Pts',(6.3075538977902,8.1,4.14986046367261));
#9319=CARTESIAN_POINT('Ctrl Pts',(6.30928446875326,8.1,4.06056029375264));
#9320=CARTESIAN_POINT('',(6.09236766920797,8.1,4.26110593255231));
#9321=CARTESIAN_POINT('Ctrl Pts',(6.30928446875326,8.1,4.06056029375264));
#9322=CARTESIAN_POINT('Ctrl Pts',(6.2787607678494,8.1,4.10232548334845));
#9323=CARTESIAN_POINT('Ctrl Pts',(6.21950566736569,8.1,4.18340347955918));
#9324=CARTESIAN_POINT('Ctrl Pts',(6.13388372706017,8.1,4.23573271934725));
#9325=CARTESIAN_POINT('Ctrl Pts',(6.09236766920797,8.1,4.26110593255231));
#9326=CARTESIAN_POINT('',(5.82360913382284,8.1,4.32659027751157));
#9327=CARTESIAN_POINT('Ctrl Pts',(6.09236766920797,8.1,4.26110593255231));
#9328=CARTESIAN_POINT('Ctrl Pts',(6.04926033977739,8.1,4.28020527323967));
#9329=CARTESIAN_POINT('Ctrl Pts',(5.96359098556487,8.1,4.3181623493143));
#9330=CARTESIAN_POINT('Ctrl Pts',(5.87007132653717,8.1,4.32379291471624));
#9331=CARTESIAN_POINT('Ctrl Pts',(5.82360913382284,8.1,4.32659027751157));
#9332=CARTESIAN_POINT('',(5.40546466933004,8.1,4.14582622821996));
#9333=CARTESIAN_POINT('Ctrl Pts',(5.82360913382284,8.1,4.32659027751157));
#9334=CARTESIAN_POINT('Ctrl Pts',(5.74465365170031,8.1,4.31890991383728));
#9335=CARTESIAN_POINT('Ctrl Pts',(5.58595415502525,8.1,4.30347248230465));
#9336=CARTESIAN_POINT('Ctrl Pts',(5.46582679073883,8.1,4.19854875824462));
#9337=CARTESIAN_POINT('Ctrl Pts',(5.40546466933004,8.1,4.14582622821996));
#9338=CARTESIAN_POINT('',(5.23288627491705,8.1,3.67856843050191));
#9339=CARTESIAN_POINT('Ctrl Pts',(5.40546466933004,8.1,4.14582622821996));
#9340=CARTESIAN_POINT('Ctrl Pts',(5.35514930096661,8.1,4.07947121678464));
#9341=CARTESIAN_POINT('Ctrl Pts',(5.25054077587968,8.1,3.94151535748858));
#9342=CARTESIAN_POINT('Ctrl Pts',(5.2389184237069,8.1,3.76841152438358));
#9343=CARTESIAN_POINT('Ctrl Pts',(5.23288627491705,8.1,3.67856843050191));
#9344=CARTESIAN_POINT('',(5.31405945645086,8.1,3.32863671358297));
#9345=CARTESIAN_POINT('Ctrl Pts',(5.23288627491705,8.1,3.67856843050191));
#9346=CARTESIAN_POINT('Ctrl Pts',(5.23612564948897,8.1,3.6172072551907));
#9347=CARTESIAN_POINT('Ctrl Pts',(5.24253774811023,8.1,3.49574741815227));
#9348=CARTESIAN_POINT('Ctrl Pts',(5.29038466851782,8.1,3.38395293272549));
#9349=CARTESIAN_POINT('Ctrl Pts',(5.31405945645086,8.1,3.32863671358297));
#9350=CARTESIAN_POINT('',(5.53711553440801,8.1,3.0810241180248));
#9351=CARTESIAN_POINT('Ctrl Pts',(5.31405945645086,8.1,3.32863671358297));
#9352=CARTESIAN_POINT('Ctrl Pts',(5.34308090118584,8.1,3.27825123691555));
#9353=CARTESIAN_POINT('Ctrl Pts',(5.39982076174018,8.1,3.17974253253573));
#9354=CARTESIAN_POINT('Ctrl Pts',(5.49205667502763,8.1,3.11342257771317));
#9355=CARTESIAN_POINT('Ctrl Pts',(5.53711553440801,8.1,3.0810241180248));
#9356=CARTESIAN_POINT('',(5.85907985792867,8.1,2.99507600839803));
#9357=CARTESIAN_POINT('Ctrl Pts',(5.53711553440801,8.1,3.0810241180248));
#9358=CARTESIAN_POINT('Ctrl Pts',(5.58662629918119,8.1,3.05595914481246));
#9359=CARTESIAN_POINT('Ctrl Pts',(5.68784351492987,8.1,3.00471762566019));
#9360=CARTESIAN_POINT('Ctrl Pts',(5.80118153673251,8.1,2.99833602577121));
#9361=CARTESIAN_POINT('Ctrl Pts',(5.85907985792867,8.1,2.99507600839803));
#9362=CARTESIAN_POINT('',(6.35976215229742,8.1,3.22086048896978));
#9363=CARTESIAN_POINT('Ctrl Pts',(5.85907985792867,8.1,2.99507600839803));
#9364=CARTESIAN_POINT('Ctrl Pts',(5.95638455888064,8.1,3.00414049621172));
#9365=CARTESIAN_POINT('Ctrl Pts',(6.14925836604206,8.1,3.0221077912909));
#9366=CARTESIAN_POINT('Ctrl Pts',(6.29001643217892,8.1,3.15500822915203));
#9367=CARTESIAN_POINT('Ctrl Pts',(6.35976215229742,8.1,3.22086048896978));
#9368=CARTESIAN_POINT('',(6.55348648653738,8.1,3.96506232793996));
#9369=CARTESIAN_POINT('Ctrl Pts',(6.35976215229742,8.1,3.22086048896978));
#9370=CARTESIAN_POINT('Ctrl Pts',(6.41595689758524,8.1,3.31827240139736));
#9371=CARTESIAN_POINT('Ctrl Pts',(6.54787451577249,8.1,3.54694765216492));
#9372=CARTESIAN_POINT('Ctrl Pts',(6.55143989848164,8.1,3.81258318340797));
#9373=CARTESIAN_POINT('Ctrl Pts',(6.55348648653738,8.1,3.96506232793996));
#9374=CARTESIAN_POINT('',(6.33929808960668,8.1,4.80817285950849));
#9375=CARTESIAN_POINT('Ctrl Pts',(6.55348648653738,8.1,3.96506232793996));
#9376=CARTESIAN_POINT('Ctrl Pts',(6.5508950963432,8.1,4.1362216728031));
#9377=CARTESIAN_POINT('Ctrl Pts',(6.54635716078021,8.1,4.43594885388733));
#9378=CARTESIAN_POINT('Ctrl Pts',(6.40145416351625,8.1,4.6964367125569));
#9379=CARTESIAN_POINT('Ctrl Pts',(6.33929808960668,8.1,4.80817285950849));
#9380=CARTESIAN_POINT('Ctrl Pts',(6.33929808960668,8.1,4.80817285950849));
#9381=CARTESIAN_POINT('Ctrl Pts',(6.27059511155088,8.1,4.87501417047904));
#9382=CARTESIAN_POINT('Ctrl Pts',(6.13043205862434,8.1,5.01137917928018));
#9383=CARTESIAN_POINT('Ctrl Pts',(5.93534828745151,8.1,5.02859214167315));
#9384=CARTESIAN_POINT('Ctrl Pts',(5.83588769064657,8.1,5.03736791785428));
#9385=CARTESIAN_POINT('',(4.33656921015493,8.1,2.99507600839803));
#9386=CARTESIAN_POINT('',(4.79086687193624,8.1,3.20244295175741));
#9387=CARTESIAN_POINT('Ctrl Pts',(4.33656921015493,8.1,2.99507600839803));
#9388=CARTESIAN_POINT('Ctrl Pts',(4.42706208562831,8.1,3.00280433404571));
#9389=CARTESIAN_POINT('Ctrl Pts',(4.60356562909007,8.1,3.01787819322749));
#9390=CARTESIAN_POINT('Ctrl Pts',(4.72949912760248,8.1,3.14197179447956));
#9391=CARTESIAN_POINT('Ctrl Pts',(4.79086687193624,8.1,3.20244295175741));
#9392=CARTESIAN_POINT('',(4.9886839591097,8.1,4.01553986247251));
#9393=CARTESIAN_POINT('Ctrl Pts',(4.79086687193624,8.1,3.20244295175741));
#9394=CARTESIAN_POINT('Ctrl Pts',(4.84823980089888,8.1,3.30967769245473));
#9395=CARTESIAN_POINT('Ctrl Pts',(4.98328743235971,8.1,3.56209286461582));
#9396=CARTESIAN_POINT('Ctrl Pts',(4.98671343912702,8.1,3.84996551961107));
#9397=CARTESIAN_POINT('Ctrl Pts',(4.9886839591097,8.1,4.01553986247251));
#9398=CARTESIAN_POINT('',(4.9156962834429,8.1,4.58648113187024));
#9399=CARTESIAN_POINT('Ctrl Pts',(4.9886839591097,8.1,4.01553986247251));
#9400=CARTESIAN_POINT('Ctrl Pts',(4.98723913497757,8.1,4.12287022468703));
#9401=CARTESIAN_POINT('Ctrl Pts',(4.98463723857007,8.1,4.31615498346807));
#9402=CARTESIAN_POINT('Ctrl Pts',(4.93691744130416,8.1,4.50327030517533));
#9403=CARTESIAN_POINT('Ctrl Pts',(4.9156962834429,8.1,4.58648113187024));
#9404=CARTESIAN_POINT('',(4.69877948389761,8.1,4.92004183705518));
#9405=CARTESIAN_POINT('Ctrl Pts',(4.9156962834429,8.1,4.58648113187024));
#9406=CARTESIAN_POINT('Ctrl Pts',(4.88985028434948,8.1,4.65322401790448));
#9407=CARTESIAN_POINT('Ctrl Pts',(4.84082928665391,8.1,4.77981238659768));
#9408=CARTESIAN_POINT('Ctrl Pts',(4.74437763544522,8.1,4.87502802070818));
#9409=CARTESIAN_POINT('Ctrl Pts',(4.69877948389761,8.1,4.92004183705518));
#9410=CARTESIAN_POINT('',(4.33656921015493,8.1,5.03736791785428));
#9411=CARTESIAN_POINT('Ctrl Pts',(4.69877948389761,8.1,4.92004183705518));
#9412=CARTESIAN_POINT('Ctrl Pts',(4.646226876559,8.1,4.95424378474186));
#9413=CARTESIAN_POINT('Ctrl Pts',(4.53628014167656,8.1,5.02579860695157));
#9414=CARTESIAN_POINT('Ctrl Pts',(4.4050655386037,8.1,5.03339990612113));
#9415=CARTESIAN_POINT('Ctrl Pts',(4.33656921015493,8.1,5.03736791785428));
#9416=CARTESIAN_POINT('',(4.05416836367361,8.1,4.97256574805448));
#9417=CARTESIAN_POINT('Ctrl Pts',(4.33656921015493,8.1,5.03736791785428));
#9418=CARTESIAN_POINT('Ctrl Pts',(4.28546102623116,8.1,5.03513782263084));
#9419=CARTESIAN_POINT('Ctrl Pts',(4.18726107104896,8.1,5.03085288753472));
#9420=CARTESIAN_POINT('Ctrl Pts',(4.09730620424739,8.1,4.99145770224179));
#9421=CARTESIAN_POINT('Ctrl Pts',(4.05416836367361,8.1,4.97256574805448));
#9422=CARTESIAN_POINT('',(3.85362257586233,8.1,4.78566256936262));
#9423=CARTESIAN_POINT('Ctrl Pts',(4.05416836367361,8.1,4.97256574805448));
#9424=CARTESIAN_POINT('Ctrl Pts',(4.01527169821411,8.1,4.94828836930815));
#9425=CARTESIAN_POINT('Ctrl Pts',(3.93632725289764,8.1,4.89901514302447));
#9426=CARTESIAN_POINT('Ctrl Pts',(3.88145749275899,8.1,4.82381227964506));
#9427=CARTESIAN_POINT('Ctrl Pts',(3.85362257586233,8.1,4.78566256936262));
#9428=CARTESIAN_POINT('',(3.72947504149191,8.1,4.48825476344297));
#9429=CARTESIAN_POINT('Ctrl Pts',(3.85362257586233,8.1,4.78566256936262));
#9430=CARTESIAN_POINT('Ctrl Pts',(3.82830399293844,8.1,4.74128300667612));
#9431=CARTESIAN_POINT('Ctrl Pts',(3.77469525487127,8.1,4.64731517448158));
#9432=CARTESIAN_POINT('Ctrl Pts',(3.74509536066798,8.1,4.54319865253648));
#9433=CARTESIAN_POINT('Ctrl Pts',(3.72947504149191,8.1,4.48825476344297));
#9434=CARTESIAN_POINT('',(3.68445505724661,8.1,4.01553986247251));
#9435=CARTESIAN_POINT('Ctrl Pts',(3.72947504149191,8.1,4.48825476344297));
#9436=CARTESIAN_POINT('Ctrl Pts',(3.71639458855494,8.1,4.41983151875066));
#9437=CARTESIAN_POINT('Ctrl Pts',(3.68656280950654,8.1,4.26378286147001));
#9438=CARTESIAN_POINT('Ctrl Pts',(3.68521300683685,8.1,4.10480826604543));
#9439=CARTESIAN_POINT('Ctrl Pts',(3.68445505724661,8.1,4.01553986247251));
#9440=CARTESIAN_POINT('',(3.75676025973074,8.1,3.44732699568937));
#9441=CARTESIAN_POINT('Ctrl Pts',(3.68445505724661,8.1,4.01553986247251));
#9442=CARTESIAN_POINT('Ctrl Pts',(3.68591463225295,8.1,3.90890502825802));
#9443=CARTESIAN_POINT('Ctrl Pts',(3.68854707273336,8.1,3.71658202122709));
#9444=CARTESIAN_POINT('Ctrl Pts',(3.73573569748472,8.1,3.53031636026326));
#9445=CARTESIAN_POINT('Ctrl Pts',(3.75676025973074,8.1,3.44732699568937));
#9446=CARTESIAN_POINT('',(3.97299518213979,8.1,3.11308411534498));
#9447=CARTESIAN_POINT('Ctrl Pts',(3.75676025973074,8.1,3.44732699568937));
#9448=CARTESIAN_POINT('Ctrl Pts',(3.78243239763829,8.1,3.38054076688926));
#9449=CARTESIAN_POINT('Ctrl Pts',(3.83116332645876,8.1,3.25376694799016));
#9450=CARTESIAN_POINT('Ctrl Pts',(3.92743892259337,8.1,3.1582713097657));
#9451=CARTESIAN_POINT('Ctrl Pts',(3.97299518213979,8.1,3.11308411534498));
#9452=CARTESIAN_POINT('Ctrl Pts',(3.97299518213979,8.1,3.11308411534498));
#9453=CARTESIAN_POINT('Ctrl Pts',(4.0256478243004,8.1,3.07868419074613));
#9454=CARTESIAN_POINT('Ctrl Pts',(4.13592968484249,8.1,3.00663295966648));
#9455=CARTESIAN_POINT('Ctrl Pts',(4.2677071726151,8.1,2.99904250109609));
#9456=CARTESIAN_POINT('Ctrl Pts',(4.33656921015493,8.1,2.99507600839803));
#9457=CARTESIAN_POINT('',(9.39659704790823,8.1,3.72631741340825));
#9458=CARTESIAN_POINT('',(9.89864346907846,8.1,3.02918238218495));
#9459=CARTESIAN_POINT('',(10.810058153478,8.1,1.76360398609714));
#9460=CARTESIAN_POINT('',(10.2165152142886,8.1,3.02918238218495));
#9461=CARTESIAN_POINT('',(11.1993217345392,8.1,3.02918238218495));
#9462=CARTESIAN_POINT('',(9.44298175500146,8.1,4.07147435124585));
#9463=CARTESIAN_POINT('',(11.3468480937298,8.1,1.5061236593046));
#9464=CARTESIAN_POINT('',(10.1251100316774,8.1,5.02918241198727));
#9465=CARTESIAN_POINT('',(8.99546604873254,8.1,3.44316232569739));
#9466=CARTESIAN_POINT('',(9.80996680782549,8.1,5.02918241198727));
#9467=CARTESIAN_POINT('',(11.3125550158387,8.1,5.02918241198727));
#9468=CARTESIAN_POINT('',(9.44707458244077,8.1,4.51622185881802));
#9469=CARTESIAN_POINT('',(9.07301354573709,8.1,3.98747380944009));
#9470=CARTESIAN_POINT('',(9.28609227166883,8.1,4.27065578873822));
#9471=CARTESIAN_POINT('Ctrl Pts',(9.44707458244077,8.1,4.51622185881802));
#9472=CARTESIAN_POINT('Ctrl Pts',(9.41408499061936,8.1,4.4696112017855));
#9473=CARTESIAN_POINT('Ctrl Pts',(9.35749639792005,8.1,4.38965775766474));
#9474=CARTESIAN_POINT('Ctrl Pts',(9.30710632088662,8.1,4.30567775964278));
#9475=CARTESIAN_POINT('Ctrl Pts',(9.28609227166883,8.1,4.27065578873822));
#9476=CARTESIAN_POINT('',(9.12783851252309,8.1,4.49848664577672));
#9477=CARTESIAN_POINT('Ctrl Pts',(9.28609227166883,8.1,4.27065578873822));
#9478=CARTESIAN_POINT('Ctrl Pts',(9.26222898458714,8.1,4.30815470054893));
#9479=CARTESIAN_POINT('Ctrl Pts',(9.2125468928225,8.1,4.3862254362056));
#9480=CARTESIAN_POINT('Ctrl Pts',(9.15680597157145,8.1,4.4600970321461));
#9481=CARTESIAN_POINT('Ctrl Pts',(9.12783851252309,8.1,4.49848664577672));
#9482=CARTESIAN_POINT('',(8.72538288460485,8.1,5.02918241198727));
#9483=CARTESIAN_POINT('',(10.8263905125432,8.1,2.25870095868903));
#9484=CARTESIAN_POINT('',(8.43752478585951,8.1,5.02918241198728));
#9485=CARTESIAN_POINT('',(10.6126914423024,8.1,5.02918241198728));
#9486=CARTESIAN_POINT('',(9.14011684582941,8.1,4.08648116167256));
#9487=CARTESIAN_POINT('',(10.3677501163745,8.1,2.4393070972227));
#9488=CARTESIAN_POINT('',(8.38295464740507,8.1,3.02918238218495));
#9489=CARTESIAN_POINT('',(8.74240052845943,8.1,3.53111141683764));
#9490=CARTESIAN_POINT('',(8.71037607417814,8.1,3.02918238218495));
#9491=CARTESIAN_POINT('',(10.4414773237025,8.1,3.02918238218495));
#9492=CARTESIAN_POINT('',(9.21378669665567,8.1,3.74268842514226));
#9493=CARTESIAN_POINT('',(8.62666181596446,8.1,2.91053047765583));
#9494=CARTESIAN_POINT('',(9.30109908209554,8.1,3.87638566668698));
#9495=CARTESIAN_POINT('Ctrl Pts',(9.21378669665567,8.1,3.74268842514226));
#9496=CARTESIAN_POINT('Ctrl Pts',(9.22823156308023,8.1,3.76398325469234));
#9497=CARTESIAN_POINT('Ctrl Pts',(9.25811584240064,8.1,3.80803908848484));
#9498=CARTESIAN_POINT('Ctrl Pts',(9.28645693903966,8.1,3.85310355992819));
#9499=CARTESIAN_POINT('Ctrl Pts',(9.30109908209554,8.1,3.87638566668698));
#9500=CARTESIAN_POINT('Ctrl Pts',(9.30109908209554,8.1,3.87638566668698));
#9501=CARTESIAN_POINT('Ctrl Pts',(9.31995784575138,8.1,3.84553568755575));
#9502=CARTESIAN_POINT('Ctrl Pts',(9.35088967178745,8.1,3.79493607216644));
#9503=CARTESIAN_POINT('Ctrl Pts',(9.38376529729883,8.1,3.7455812082498));
#9504=CARTESIAN_POINT('Ctrl Pts',(9.39659704790823,8.1,3.72631741340825));
#9505=CARTESIAN_POINT('Origin',(6.9504851357676,7.6,4.01622196312616));
#9506=CARTESIAN_POINT('',(9.89864346907846,7.6,3.02918238218495));
#9507=CARTESIAN_POINT('',(10.2165152142886,7.6,3.02918238218495));
#9508=CARTESIAN_POINT('',(9.89864346907846,7.6,3.02918238218495));
#9509=CARTESIAN_POINT('',(9.39659704790823,7.6,3.72631741340825));
#9510=CARTESIAN_POINT('',(9.39659704790823,7.6,3.72631741340825));
#9511=CARTESIAN_POINT('',(9.30109908209554,7.6,3.87638566668698));
#9512=CARTESIAN_POINT('Ctrl Pts',(9.30109908209554,7.6,3.87638566668698));
#9513=CARTESIAN_POINT('Ctrl Pts',(9.31995784575138,7.6,3.84553568755575));
#9514=CARTESIAN_POINT('Ctrl Pts',(9.35088967178745,7.6,3.79493607216644));
#9515=CARTESIAN_POINT('Ctrl Pts',(9.38376529729883,7.6,3.7455812082498));
#9516=CARTESIAN_POINT('Ctrl Pts',(9.39659704790823,7.6,3.72631741340825));
#9517=CARTESIAN_POINT('',(9.21378669665567,7.6,3.74268842514226));
#9518=CARTESIAN_POINT('Ctrl Pts',(9.21378669665567,7.6,3.74268842514226));
#9519=CARTESIAN_POINT('Ctrl Pts',(9.22823156308023,7.6,3.76398325469234));
#9520=CARTESIAN_POINT('Ctrl Pts',(9.25811584240064,7.6,3.80803908848484));
#9521=CARTESIAN_POINT('Ctrl Pts',(9.28645693903966,7.6,3.85310355992819));
#9522=CARTESIAN_POINT('Ctrl Pts',(9.30109908209554,7.6,3.87638566668698));
#9523=CARTESIAN_POINT('',(8.71037607417814,7.6,3.02918238218495));
#9524=CARTESIAN_POINT('',(8.71037607417814,7.6,3.02918238218495));
#9525=CARTESIAN_POINT('',(8.38295464740507,7.6,3.02918238218495));
#9526=CARTESIAN_POINT('',(8.38295464740507,7.6,3.02918238218495));
#9527=CARTESIAN_POINT('',(9.14011684582941,7.6,4.08648116167256));
#9528=CARTESIAN_POINT('',(9.14011684582941,7.6,4.08648116167256));
#9529=CARTESIAN_POINT('',(8.43752478585951,7.6,5.02918241198728));
#9530=CARTESIAN_POINT('',(8.43752478585951,7.6,5.02918241198728));
#9531=CARTESIAN_POINT('',(8.72538288460485,7.6,5.02918241198727));
#9532=CARTESIAN_POINT('',(8.72538288460485,7.6,5.02918241198728));
#9533=CARTESIAN_POINT('',(9.12783851252309,7.6,4.49848664577672));
#9534=CARTESIAN_POINT('',(9.12783851252309,7.6,4.49848664577672));
#9535=CARTESIAN_POINT('',(9.28609227166883,7.6,4.27065578873822));
#9536=CARTESIAN_POINT('Ctrl Pts',(9.28609227166883,7.6,4.27065578873822));
#9537=CARTESIAN_POINT('Ctrl Pts',(9.26222898458714,7.6,4.30815470054893));
#9538=CARTESIAN_POINT('Ctrl Pts',(9.2125468928225,7.6,4.3862254362056));
#9539=CARTESIAN_POINT('Ctrl Pts',(9.15680597157145,7.6,4.4600970321461));
#9540=CARTESIAN_POINT('Ctrl Pts',(9.12783851252309,7.6,4.49848664577672));
#9541=CARTESIAN_POINT('',(9.44707458244077,7.6,4.51622185881802));
#9542=CARTESIAN_POINT('Ctrl Pts',(9.44707458244077,7.6,4.51622185881802));
#9543=CARTESIAN_POINT('Ctrl Pts',(9.41408499061936,7.6,4.4696112017855));
#9544=CARTESIAN_POINT('Ctrl Pts',(9.35749639792005,7.6,4.38965775766474));
#9545=CARTESIAN_POINT('Ctrl Pts',(9.30710632088662,7.6,4.30567775964278));
#9546=CARTESIAN_POINT('Ctrl Pts',(9.28609227166883,7.6,4.27065578873822));
#9547=CARTESIAN_POINT('',(9.80996680782549,7.6,5.02918241198727));
#9548=CARTESIAN_POINT('',(9.80996680782549,7.6,5.02918241198727));
#9549=CARTESIAN_POINT('',(10.1251100316774,7.6,5.02918241198727));
#9550=CARTESIAN_POINT('',(10.1251100316774,7.6,5.02918241198727));
#9551=CARTESIAN_POINT('',(9.44298175500146,7.6,4.07147435124585));
#9552=CARTESIAN_POINT('',(9.44298175500147,7.6,4.07147435124585));
#9553=CARTESIAN_POINT('',(10.2165152142886,7.6,3.02918238218495));
#9554=CARTESIAN_POINT('Origin',(9.89864346907846,8.1,3.02918238218495));
#9555=CARTESIAN_POINT('',(9.89864346907846,8.1,3.02918238218495));
#9556=CARTESIAN_POINT('',(10.2165152142886,8.1,3.02918238218495));
#9557=CARTESIAN_POINT('Origin',(10.2165152142886,8.1,3.02918238218495));
#9558=CARTESIAN_POINT('',(9.44298175500146,8.1,4.07147435124585));
#9559=CARTESIAN_POINT('Origin',(9.44298175500147,8.1,4.07147435124585));
#9560=CARTESIAN_POINT('',(10.1251100316774,8.1,5.02918241198727));
#9561=CARTESIAN_POINT('Origin',(10.1251100316774,8.1,5.02918241198727));
#9562=CARTESIAN_POINT('',(9.80996680782549,8.1,5.02918241198727));
#9563=CARTESIAN_POINT('Origin',(9.80996680782549,8.1,5.02918241198727));
#9564=CARTESIAN_POINT('',(9.44707458244077,8.1,4.51622185881802));
#9565=CARTESIAN_POINT('Ctrl Pts',(9.44707458244077,8.1,4.51622185881802));
#9566=CARTESIAN_POINT('Ctrl Pts',(9.44707458244077,7.6,4.51622185881802));
#9567=CARTESIAN_POINT('Ctrl Pts',(9.41408499061936,8.1,4.4696112017855));
#9568=CARTESIAN_POINT('Ctrl Pts',(9.41408499061936,7.6,4.4696112017855));
#9569=CARTESIAN_POINT('Ctrl Pts',(9.35749639792005,8.1,4.38965775766474));
#9570=CARTESIAN_POINT('Ctrl Pts',(9.35749639792005,7.6,4.38965775766474));
#9571=CARTESIAN_POINT('Ctrl Pts',(9.30710632088662,8.1,4.30567775964278));
#9572=CARTESIAN_POINT('Ctrl Pts',(9.30710632088662,7.6,4.30567775964278));
#9573=CARTESIAN_POINT('Ctrl Pts',(9.28609227166883,8.1,4.27065578873822));
#9574=CARTESIAN_POINT('Ctrl Pts',(9.28609227166883,7.6,4.27065578873822));
#9575=CARTESIAN_POINT('',(9.28609227166883,8.1,4.27065578873822));
#9576=CARTESIAN_POINT('Ctrl Pts',(9.28609227166883,8.1,4.27065578873822));
#9577=CARTESIAN_POINT('Ctrl Pts',(9.28609227166883,7.6,4.27065578873822));
#9578=CARTESIAN_POINT('Ctrl Pts',(9.26222898458714,8.1,4.30815470054893));
#9579=CARTESIAN_POINT('Ctrl Pts',(9.26222898458714,7.6,4.30815470054893));
#9580=CARTESIAN_POINT('Ctrl Pts',(9.2125468928225,8.1,4.3862254362056));
#9581=CARTESIAN_POINT('Ctrl Pts',(9.2125468928225,7.6,4.3862254362056));
#9582=CARTESIAN_POINT('Ctrl Pts',(9.15680597157145,8.1,4.4600970321461));
#9583=CARTESIAN_POINT('Ctrl Pts',(9.15680597157145,7.6,4.4600970321461));
#9584=CARTESIAN_POINT('Ctrl Pts',(9.12783851252309,8.1,4.49848664577672));
#9585=CARTESIAN_POINT('Ctrl Pts',(9.12783851252309,7.6,4.49848664577672));
#9586=CARTESIAN_POINT('',(9.12783851252309,8.1,4.49848664577672));
#9587=CARTESIAN_POINT('Origin',(9.12783851252309,8.1,4.49848664577672));
#9588=CARTESIAN_POINT('',(8.72538288460485,8.1,5.02918241198727));
#9589=CARTESIAN_POINT('Origin',(8.72538288460485,8.1,5.02918241198728));
#9590=CARTESIAN_POINT('',(8.43752478585951,8.1,5.02918241198728));
#9591=CARTESIAN_POINT('Origin',(8.43752478585951,8.1,5.02918241198728));
#9592=CARTESIAN_POINT('',(9.14011684582941,8.1,4.08648116167256));
#9593=CARTESIAN_POINT('Origin',(9.14011684582941,8.1,4.08648116167256));
#9594=CARTESIAN_POINT('',(8.38295464740507,8.1,3.02918238218495));
#9595=CARTESIAN_POINT('Origin',(8.38295464740507,8.1,3.02918238218495));
#9596=CARTESIAN_POINT('',(8.71037607417814,8.1,3.02918238218495));
#9597=CARTESIAN_POINT('Origin',(8.71037607417814,8.1,3.02918238218495));
#9598=CARTESIAN_POINT('',(9.21378669665567,8.1,3.74268842514226));
#9599=CARTESIAN_POINT('Ctrl Pts',(9.21378669665567,8.1,3.74268842514226));
#9600=CARTESIAN_POINT('Ctrl Pts',(9.21378669665567,7.6,3.74268842514226));
#9601=CARTESIAN_POINT('Ctrl Pts',(9.22823156308023,8.1,3.76398325469234));
#9602=CARTESIAN_POINT('Ctrl Pts',(9.22823156308023,7.6,3.76398325469234));
#9603=CARTESIAN_POINT('Ctrl Pts',(9.25811584240064,8.1,3.80803908848484));
#9604=CARTESIAN_POINT('Ctrl Pts',(9.25811584240064,7.6,3.80803908848484));
#9605=CARTESIAN_POINT('Ctrl Pts',(9.28645693903966,8.1,3.85310355992819));
#9606=CARTESIAN_POINT('Ctrl Pts',(9.28645693903966,7.6,3.85310355992819));
#9607=CARTESIAN_POINT('Ctrl Pts',(9.30109908209554,8.1,3.87638566668698));
#9608=CARTESIAN_POINT('Ctrl Pts',(9.30109908209554,7.6,3.87638566668698));
#9609=CARTESIAN_POINT('',(9.30109908209554,8.1,3.87638566668698));
#9610=CARTESIAN_POINT('Ctrl Pts',(9.30109908209554,8.1,3.87638566668698));
#9611=CARTESIAN_POINT('Ctrl Pts',(9.30109908209554,7.6,3.87638566668698));
#9612=CARTESIAN_POINT('Ctrl Pts',(9.31995784575138,8.1,3.84553568755575));
#9613=CARTESIAN_POINT('Ctrl Pts',(9.31995784575138,7.6,3.84553568755575));
#9614=CARTESIAN_POINT('Ctrl Pts',(9.35088967178745,8.1,3.79493607216644));
#9615=CARTESIAN_POINT('Ctrl Pts',(9.35088967178745,7.6,3.79493607216644));
#9616=CARTESIAN_POINT('Ctrl Pts',(9.38376529729883,8.1,3.7455812082498));
#9617=CARTESIAN_POINT('Ctrl Pts',(9.38376529729883,7.6,3.7455812082498));
#9618=CARTESIAN_POINT('Ctrl Pts',(9.39659704790823,8.1,3.72631741340825));
#9619=CARTESIAN_POINT('Ctrl Pts',(9.39659704790823,7.6,3.72631741340825));
#9620=CARTESIAN_POINT('',(9.39659704790823,8.1,3.72631741340825));
#9621=CARTESIAN_POINT('Origin',(9.39659704790823,8.1,3.72631741340825));
#9622=CARTESIAN_POINT('Origin',(6.9504851357676,7.6,4.01622196312616));
#9623=CARTESIAN_POINT('',(4.79086687193624,7.6,3.20244295175741));
#9624=CARTESIAN_POINT('',(4.9886839591097,7.6,4.01553986247251));
#9625=CARTESIAN_POINT('Ctrl Pts',(4.79086687193624,7.6,3.20244295175741));
#9626=CARTESIAN_POINT('Ctrl Pts',(4.84823980089888,7.6,3.30967769245473));
#9627=CARTESIAN_POINT('Ctrl Pts',(4.98328743235971,7.6,3.56209286461582));
#9628=CARTESIAN_POINT('Ctrl Pts',(4.98671343912702,7.6,3.84996551961107));
#9629=CARTESIAN_POINT('Ctrl Pts',(4.9886839591097,7.6,4.01553986247251));
#9630=CARTESIAN_POINT('',(4.33656921015493,7.6,2.99507600839803));
#9631=CARTESIAN_POINT('Ctrl Pts',(4.33656921015493,7.6,2.99507600839803));
#9632=CARTESIAN_POINT('Ctrl Pts',(4.42706208562831,7.6,3.00280433404571));
#9633=CARTESIAN_POINT('Ctrl Pts',(4.60356562909007,7.6,3.01787819322749));
#9634=CARTESIAN_POINT('Ctrl Pts',(4.72949912760248,7.6,3.14197179447956));
#9635=CARTESIAN_POINT('Ctrl Pts',(4.79086687193624,7.6,3.20244295175741));
#9636=CARTESIAN_POINT('',(3.97299518213979,7.6,3.11308411534498));
#9637=CARTESIAN_POINT('Ctrl Pts',(3.97299518213979,7.6,3.11308411534498));
#9638=CARTESIAN_POINT('Ctrl Pts',(4.0256478243004,7.6,3.07868419074613));
#9639=CARTESIAN_POINT('Ctrl Pts',(4.13592968484249,7.6,3.00663295966648));
#9640=CARTESIAN_POINT('Ctrl Pts',(4.2677071726151,7.6,2.99904250109609));
#9641=CARTESIAN_POINT('Ctrl Pts',(4.33656921015493,7.6,2.99507600839803));
#9642=CARTESIAN_POINT('',(3.75676025973074,7.6,3.44732699568937));
#9643=CARTESIAN_POINT('Ctrl Pts',(3.75676025973074,7.6,3.44732699568937));
#9644=CARTESIAN_POINT('Ctrl Pts',(3.78243239763829,7.6,3.38054076688926));
#9645=CARTESIAN_POINT('Ctrl Pts',(3.83116332645876,7.6,3.25376694799016));
#9646=CARTESIAN_POINT('Ctrl Pts',(3.92743892259337,7.6,3.1582713097657));
#9647=CARTESIAN_POINT('Ctrl Pts',(3.97299518213979,7.6,3.11308411534498));
#9648=CARTESIAN_POINT('',(3.68445505724661,7.6,4.01553986247251));
#9649=CARTESIAN_POINT('Ctrl Pts',(3.68445505724661,7.6,4.01553986247251));
#9650=CARTESIAN_POINT('Ctrl Pts',(3.68591463225295,7.6,3.90890502825802));
#9651=CARTESIAN_POINT('Ctrl Pts',(3.68854707273336,7.6,3.71658202122709));
#9652=CARTESIAN_POINT('Ctrl Pts',(3.73573569748472,7.6,3.53031636026326));
#9653=CARTESIAN_POINT('Ctrl Pts',(3.75676025973074,7.6,3.44732699568937));
#9654=CARTESIAN_POINT('',(3.72947504149191,7.6,4.48825476344297));
#9655=CARTESIAN_POINT('Ctrl Pts',(3.72947504149191,7.6,4.48825476344297));
#9656=CARTESIAN_POINT('Ctrl Pts',(3.71639458855494,7.6,4.41983151875066));
#9657=CARTESIAN_POINT('Ctrl Pts',(3.68656280950654,7.6,4.26378286147001));
#9658=CARTESIAN_POINT('Ctrl Pts',(3.68521300683685,7.6,4.10480826604543));
#9659=CARTESIAN_POINT('Ctrl Pts',(3.68445505724661,7.6,4.01553986247251));
#9660=CARTESIAN_POINT('',(3.85362257586233,7.6,4.78566256936262));
#9661=CARTESIAN_POINT('Ctrl Pts',(3.85362257586233,7.6,4.78566256936262));
#9662=CARTESIAN_POINT('Ctrl Pts',(3.82830399293844,7.6,4.74128300667612));
#9663=CARTESIAN_POINT('Ctrl Pts',(3.77469525487127,7.6,4.64731517448158));
#9664=CARTESIAN_POINT('Ctrl Pts',(3.74509536066798,7.6,4.54319865253648));
#9665=CARTESIAN_POINT('Ctrl Pts',(3.72947504149191,7.6,4.48825476344297));
#9666=CARTESIAN_POINT('',(4.05416836367361,7.6,4.97256574805448));
#9667=CARTESIAN_POINT('Ctrl Pts',(4.05416836367361,7.6,4.97256574805448));
#9668=CARTESIAN_POINT('Ctrl Pts',(4.01527169821411,7.6,4.94828836930815));
#9669=CARTESIAN_POINT('Ctrl Pts',(3.93632725289764,7.6,4.89901514302447));
#9670=CARTESIAN_POINT('Ctrl Pts',(3.88145749275899,7.6,4.82381227964506));
#9671=CARTESIAN_POINT('Ctrl Pts',(3.85362257586233,7.6,4.78566256936262));
#9672=CARTESIAN_POINT('',(4.33656921015493,7.6,5.03736791785428));
#9673=CARTESIAN_POINT('Ctrl Pts',(4.33656921015493,7.6,5.03736791785428));
#9674=CARTESIAN_POINT('Ctrl Pts',(4.28546102623116,7.6,5.03513782263084));
#9675=CARTESIAN_POINT('Ctrl Pts',(4.18726107104896,7.6,5.03085288753472));
#9676=CARTESIAN_POINT('Ctrl Pts',(4.09730620424739,7.6,4.99145770224179));
#9677=CARTESIAN_POINT('Ctrl Pts',(4.05416836367361,7.6,4.97256574805448));
#9678=CARTESIAN_POINT('',(4.69877948389761,7.6,4.92004183705518));
#9679=CARTESIAN_POINT('Ctrl Pts',(4.69877948389761,7.6,4.92004183705518));
#9680=CARTESIAN_POINT('Ctrl Pts',(4.646226876559,7.6,4.95424378474186));
#9681=CARTESIAN_POINT('Ctrl Pts',(4.53628014167656,7.6,5.02579860695157));
#9682=CARTESIAN_POINT('Ctrl Pts',(4.4050655386037,7.6,5.03339990612113));
#9683=CARTESIAN_POINT('Ctrl Pts',(4.33656921015493,7.6,5.03736791785428));
#9684=CARTESIAN_POINT('',(4.9156962834429,7.6,4.58648113187024));
#9685=CARTESIAN_POINT('Ctrl Pts',(4.9156962834429,7.6,4.58648113187024));
#9686=CARTESIAN_POINT('Ctrl Pts',(4.88985028434948,7.6,4.65322401790448));
#9687=CARTESIAN_POINT('Ctrl Pts',(4.84082928665391,7.6,4.77981238659768));
#9688=CARTESIAN_POINT('Ctrl Pts',(4.74437763544522,7.6,4.87502802070818));
#9689=CARTESIAN_POINT('Ctrl Pts',(4.69877948389761,7.6,4.92004183705518));
#9690=CARTESIAN_POINT('Ctrl Pts',(4.9886839591097,7.6,4.01553986247251));
#9691=CARTESIAN_POINT('Ctrl Pts',(4.98723913497757,7.6,4.12287022468703));
#9692=CARTESIAN_POINT('Ctrl Pts',(4.98463723857007,7.6,4.31615498346807));
#9693=CARTESIAN_POINT('Ctrl Pts',(4.93691744130416,7.6,4.50327030517533));
#9694=CARTESIAN_POINT('Ctrl Pts',(4.9156962834429,7.6,4.58648113187024));
#9695=CARTESIAN_POINT('',(4.60942079649679,7.6,4.69084677870939));
#9696=CARTESIAN_POINT('',(4.73629643545858,7.6,4.01553986247251));
#9697=CARTESIAN_POINT('Ctrl Pts',(4.60942079649679,7.6,4.69084677870939));
#9698=CARTESIAN_POINT('Ctrl Pts',(4.64607143067361,7.6,4.60517154995182));
#9699=CARTESIAN_POINT('Ctrl Pts',(4.73778520725113,7.6,4.39077965837938));
#9700=CARTESIAN_POINT('Ctrl Pts',(4.73685494597771,7.6,4.15631051265556));
#9701=CARTESIAN_POINT('Ctrl Pts',(4.73629643545858,7.6,4.01553986247251));
#9702=CARTESIAN_POINT('',(4.33929791079275,7.6,4.83409372742841));
#9703=CARTESIAN_POINT('Ctrl Pts',(4.33929791079275,7.6,4.83409372742841));
#9704=CARTESIAN_POINT('Ctrl Pts',(4.39301726298414,7.6,4.82787847675025));
#9705=CARTESIAN_POINT('Ctrl Pts',(4.50159534672379,7.6,4.81531615086456));
#9706=CARTESIAN_POINT('Ctrl Pts',(4.57322841601784,7.6,4.73262581032483));
#9707=CARTESIAN_POINT('Ctrl Pts',(4.60942079649679,7.6,4.69084677870939));
#9708=CARTESIAN_POINT('',(4.05212213621847,7.6,4.67174721534917));
#9709=CARTESIAN_POINT('Ctrl Pts',(4.05212213621847,7.6,4.67174721534917));
#9710=CARTESIAN_POINT('Ctrl Pts',(4.09155642940187,7.6,4.71907150799185));
#9711=CARTESIAN_POINT('Ctrl Pts',(4.16713562121124,7.6,4.80977255781795));
#9712=CARTESIAN_POINT('Ctrl Pts',(4.28360008877521,7.6,4.82622535985782));
#9713=CARTESIAN_POINT('Ctrl Pts',(4.33929791079275,7.6,4.83409372742841));
#9714=CARTESIAN_POINT('',(3.93684198485128,7.6,4.01553986247251));
#9715=CARTESIAN_POINT('Ctrl Pts',(3.93684198485128,7.6,4.01553986247251));
#9716=CARTESIAN_POINT('Ctrl Pts',(3.93539576319119,7.6,4.15482619032801));
#9717=CARTESIAN_POINT('Ctrl Pts',(3.93303678657835,7.6,4.38202040195303));
#9718=CARTESIAN_POINT('Ctrl Pts',(4.01889944037537,7.6,4.59091858421915));
#9719=CARTESIAN_POINT('Ctrl Pts',(4.05212213621847,7.6,4.67174721534917));
#9720=CARTESIAN_POINT('',(4.05212213621847,7.6,3.36069671090314));
#9721=CARTESIAN_POINT('Ctrl Pts',(4.05212213621847,7.6,3.36069671090314));
#9722=CARTESIAN_POINT('Ctrl Pts',(4.01889126856519,7.6,3.44163765143587));
#9723=CARTESIAN_POINT('Ctrl Pts',(3.93328966722801,7.6,3.65013880149999));
#9724=CARTESIAN_POINT('Ctrl Pts',(3.93549361686012,7.6,3.87684306032676));
#9725=CARTESIAN_POINT('Ctrl Pts',(3.93684198485128,7.6,4.01553986247251));
#9726=CARTESIAN_POINT('',(4.33656921015493,7.6,3.196985848505));
#9727=CARTESIAN_POINT('Ctrl Pts',(4.33656921015493,7.6,3.196985848505));
#9728=CARTESIAN_POINT('Ctrl Pts',(4.28156763242748,7.6,3.20507267016331));
#9729=CARTESIAN_POINT('Ctrl Pts',(4.16578135883933,7.6,3.22209659899727));
#9730=CARTESIAN_POINT('Ctrl Pts',(4.09124941348459,7.6,3.31298351277802));
#9731=CARTESIAN_POINT('Ctrl Pts',(4.05212213621847,7.6,3.36069671090314));
#9732=CARTESIAN_POINT('',(4.62101688013784,7.6,3.36001453574369));
#9733=CARTESIAN_POINT('Ctrl Pts',(4.62101688013784,7.6,3.36001453574369));
#9734=CARTESIAN_POINT('Ctrl Pts',(4.58186052556045,7.6,3.31249887673033));
#9735=CARTESIAN_POINT('Ctrl Pts',(4.50721245459247,7.6,3.22191454311699));
#9736=CARTESIAN_POINT('Ctrl Pts',(4.39155770959546,7.6,3.20501893246471));
#9737=CARTESIAN_POINT('Ctrl Pts',(4.33656921015493,7.6,3.196985848505));
#9738=CARTESIAN_POINT('Ctrl Pts',(4.73629643545858,7.6,4.01553986247251));
#9739=CARTESIAN_POINT('Ctrl Pts',(4.73769359703066,7.6,3.87654832974154));
#9740=CARTESIAN_POINT('Ctrl Pts',(4.73997492020144,7.6,3.64959919909016));
#9741=CARTESIAN_POINT('Ctrl Pts',(4.65424342789936,7.6,3.44089934724984));
#9742=CARTESIAN_POINT('Ctrl Pts',(4.62101688013784,7.6,3.36001453574369));
#9743=CARTESIAN_POINT('Ctrl Pts',(4.79086687193624,8.1,3.20244295175741));
#9744=CARTESIAN_POINT('Ctrl Pts',(4.79086687193624,7.6,3.20244295175741));
#9745=CARTESIAN_POINT('Ctrl Pts',(4.84823980089888,8.1,3.30967769245473));
#9746=CARTESIAN_POINT('Ctrl Pts',(4.84823980089888,7.6,3.30967769245473));
#9747=CARTESIAN_POINT('Ctrl Pts',(4.98328743235971,8.1,3.56209286461582));
#9748=CARTESIAN_POINT('Ctrl Pts',(4.98328743235971,7.6,3.56209286461582));
#9749=CARTESIAN_POINT('Ctrl Pts',(4.98671343912702,8.1,3.84996551961107));
#9750=CARTESIAN_POINT('Ctrl Pts',(4.98671343912702,7.6,3.84996551961107));
#9751=CARTESIAN_POINT('Ctrl Pts',(4.9886839591097,8.1,4.01553986247251));
#9752=CARTESIAN_POINT('Ctrl Pts',(4.9886839591097,7.6,4.01553986247251));
#9753=CARTESIAN_POINT('',(4.79086687193624,8.1,3.20244295175741));
#9754=CARTESIAN_POINT('',(4.9886839591097,8.1,4.01553986247251));
#9755=CARTESIAN_POINT('Ctrl Pts',(4.9886839591097,8.1,4.01553986247251));
#9756=CARTESIAN_POINT('Ctrl Pts',(4.9886839591097,7.6,4.01553986247251));
#9757=CARTESIAN_POINT('Ctrl Pts',(4.98723913497757,8.1,4.12287022468703));
#9758=CARTESIAN_POINT('Ctrl Pts',(4.98723913497757,7.6,4.12287022468703));
#9759=CARTESIAN_POINT('Ctrl Pts',(4.98463723857007,8.1,4.31615498346807));
#9760=CARTESIAN_POINT('Ctrl Pts',(4.98463723857007,7.6,4.31615498346807));
#9761=CARTESIAN_POINT('Ctrl Pts',(4.93691744130416,8.1,4.50327030517533));
#9762=CARTESIAN_POINT('Ctrl Pts',(4.93691744130416,7.6,4.50327030517533));
#9763=CARTESIAN_POINT('Ctrl Pts',(4.9156962834429,8.1,4.58648113187024));
#9764=CARTESIAN_POINT('Ctrl Pts',(4.9156962834429,7.6,4.58648113187024));
#9765=CARTESIAN_POINT('',(4.9156962834429,8.1,4.58648113187024));
#9766=CARTESIAN_POINT('Ctrl Pts',(4.9156962834429,8.1,4.58648113187024));
#9767=CARTESIAN_POINT('Ctrl Pts',(4.9156962834429,7.6,4.58648113187024));
#9768=CARTESIAN_POINT('Ctrl Pts',(4.88985028434948,8.1,4.65322401790448));
#9769=CARTESIAN_POINT('Ctrl Pts',(4.88985028434948,7.6,4.65322401790448));
#9770=CARTESIAN_POINT('Ctrl Pts',(4.84082928665391,8.1,4.77981238659768));
#9771=CARTESIAN_POINT('Ctrl Pts',(4.84082928665391,7.6,4.77981238659768));
#9772=CARTESIAN_POINT('Ctrl Pts',(4.74437763544522,8.1,4.87502802070818));
#9773=CARTESIAN_POINT('Ctrl Pts',(4.74437763544522,7.6,4.87502802070818));
#9774=CARTESIAN_POINT('Ctrl Pts',(4.69877948389761,8.1,4.92004183705518));
#9775=CARTESIAN_POINT('Ctrl Pts',(4.69877948389761,7.6,4.92004183705518));
#9776=CARTESIAN_POINT('',(4.69877948389761,8.1,4.92004183705518));
#9777=CARTESIAN_POINT('Ctrl Pts',(4.69877948389761,8.1,4.92004183705518));
#9778=CARTESIAN_POINT('Ctrl Pts',(4.69877948389761,7.6,4.92004183705518));
#9779=CARTESIAN_POINT('Ctrl Pts',(4.646226876559,8.1,4.95424378474186));
#9780=CARTESIAN_POINT('Ctrl Pts',(4.646226876559,7.6,4.95424378474186));
#9781=CARTESIAN_POINT('Ctrl Pts',(4.53628014167656,8.1,5.02579860695157));
#9782=CARTESIAN_POINT('Ctrl Pts',(4.53628014167656,7.6,5.02579860695157));
#9783=CARTESIAN_POINT('Ctrl Pts',(4.4050655386037,8.1,5.03339990612113));
#9784=CARTESIAN_POINT('Ctrl Pts',(4.4050655386037,7.6,5.03339990612113));
#9785=CARTESIAN_POINT('Ctrl Pts',(4.33656921015493,8.1,5.03736791785428));
#9786=CARTESIAN_POINT('Ctrl Pts',(4.33656921015493,7.6,5.03736791785428));
#9787=CARTESIAN_POINT('',(4.33656921015493,8.1,5.03736791785428));
#9788=CARTESIAN_POINT('Ctrl Pts',(4.33656921015493,8.1,5.03736791785428));
#9789=CARTESIAN_POINT('Ctrl Pts',(4.33656921015493,7.6,5.03736791785428));
#9790=CARTESIAN_POINT('Ctrl Pts',(4.28546102623116,8.1,5.03513782263084));
#9791=CARTESIAN_POINT('Ctrl Pts',(4.28546102623116,7.6,5.03513782263084));
#9792=CARTESIAN_POINT('Ctrl Pts',(4.18726107104896,8.1,5.03085288753472));
#9793=CARTESIAN_POINT('Ctrl Pts',(4.18726107104896,7.6,5.03085288753472));
#9794=CARTESIAN_POINT('Ctrl Pts',(4.09730620424739,8.1,4.99145770224179));
#9795=CARTESIAN_POINT('Ctrl Pts',(4.09730620424739,7.6,4.99145770224179));
#9796=CARTESIAN_POINT('Ctrl Pts',(4.05416836367361,8.1,4.97256574805448));
#9797=CARTESIAN_POINT('Ctrl Pts',(4.05416836367361,7.6,4.97256574805448));
#9798=CARTESIAN_POINT('',(4.05416836367361,8.1,4.97256574805448));
#9799=CARTESIAN_POINT('Ctrl Pts',(4.05416836367361,8.1,4.97256574805448));
#9800=CARTESIAN_POINT('Ctrl Pts',(4.05416836367361,7.6,4.97256574805448));
#9801=CARTESIAN_POINT('Ctrl Pts',(4.01527169821411,8.1,4.94828836930815));
#9802=CARTESIAN_POINT('Ctrl Pts',(4.01527169821411,7.6,4.94828836930815));
#9803=CARTESIAN_POINT('Ctrl Pts',(3.93632725289764,8.1,4.89901514302447));
#9804=CARTESIAN_POINT('Ctrl Pts',(3.93632725289764,7.6,4.89901514302447));
#9805=CARTESIAN_POINT('Ctrl Pts',(3.88145749275899,8.1,4.82381227964506));
#9806=CARTESIAN_POINT('Ctrl Pts',(3.88145749275899,7.6,4.82381227964506));
#9807=CARTESIAN_POINT('Ctrl Pts',(3.85362257586233,8.1,4.78566256936262));
#9808=CARTESIAN_POINT('Ctrl Pts',(3.85362257586233,7.6,4.78566256936262));
#9809=CARTESIAN_POINT('',(3.85362257586233,8.1,4.78566256936262));
#9810=CARTESIAN_POINT('Ctrl Pts',(3.85362257586233,8.1,4.78566256936262));
#9811=CARTESIAN_POINT('Ctrl Pts',(3.85362257586233,7.6,4.78566256936262));
#9812=CARTESIAN_POINT('Ctrl Pts',(3.82830399293844,8.1,4.74128300667612));
#9813=CARTESIAN_POINT('Ctrl Pts',(3.82830399293844,7.6,4.74128300667612));
#9814=CARTESIAN_POINT('Ctrl Pts',(3.77469525487127,8.1,4.64731517448158));
#9815=CARTESIAN_POINT('Ctrl Pts',(3.77469525487127,7.6,4.64731517448158));
#9816=CARTESIAN_POINT('Ctrl Pts',(3.74509536066798,8.1,4.54319865253648));
#9817=CARTESIAN_POINT('Ctrl Pts',(3.74509536066798,7.6,4.54319865253648));
#9818=CARTESIAN_POINT('Ctrl Pts',(3.72947504149191,8.1,4.48825476344297));
#9819=CARTESIAN_POINT('Ctrl Pts',(3.72947504149191,7.6,4.48825476344297));
#9820=CARTESIAN_POINT('',(3.72947504149191,8.1,4.48825476344297));
#9821=CARTESIAN_POINT('Ctrl Pts',(3.72947504149191,8.1,4.48825476344297));
#9822=CARTESIAN_POINT('Ctrl Pts',(3.72947504149191,7.6,4.48825476344297));
#9823=CARTESIAN_POINT('Ctrl Pts',(3.71639458855494,8.1,4.41983151875066));
#9824=CARTESIAN_POINT('Ctrl Pts',(3.71639458855494,7.6,4.41983151875066));
#9825=CARTESIAN_POINT('Ctrl Pts',(3.68656280950654,8.1,4.26378286147001));
#9826=CARTESIAN_POINT('Ctrl Pts',(3.68656280950654,7.6,4.26378286147001));
#9827=CARTESIAN_POINT('Ctrl Pts',(3.68521300683685,8.1,4.10480826604543));
#9828=CARTESIAN_POINT('Ctrl Pts',(3.68521300683685,7.6,4.10480826604543));
#9829=CARTESIAN_POINT('Ctrl Pts',(3.68445505724661,8.1,4.01553986247251));
#9830=CARTESIAN_POINT('Ctrl Pts',(3.68445505724661,7.6,4.01553986247251));
#9831=CARTESIAN_POINT('',(3.68445505724661,8.1,4.01553986247251));
#9832=CARTESIAN_POINT('Ctrl Pts',(3.68445505724661,8.1,4.01553986247251));
#9833=CARTESIAN_POINT('Ctrl Pts',(3.68445505724661,7.6,4.01553986247251));
#9834=CARTESIAN_POINT('Ctrl Pts',(3.68591463225295,8.1,3.90890502825802));
#9835=CARTESIAN_POINT('Ctrl Pts',(3.68591463225295,7.6,3.90890502825802));
#9836=CARTESIAN_POINT('Ctrl Pts',(3.68854707273336,8.1,3.71658202122709));
#9837=CARTESIAN_POINT('Ctrl Pts',(3.68854707273336,7.6,3.71658202122709));
#9838=CARTESIAN_POINT('Ctrl Pts',(3.73573569748472,8.1,3.53031636026326));
#9839=CARTESIAN_POINT('Ctrl Pts',(3.73573569748472,7.6,3.53031636026326));
#9840=CARTESIAN_POINT('Ctrl Pts',(3.75676025973074,8.1,3.44732699568937));
#9841=CARTESIAN_POINT('Ctrl Pts',(3.75676025973074,7.6,3.44732699568937));
#9842=CARTESIAN_POINT('',(3.75676025973074,8.1,3.44732699568937));
#9843=CARTESIAN_POINT('Ctrl Pts',(3.75676025973074,8.1,3.44732699568937));
#9844=CARTESIAN_POINT('Ctrl Pts',(3.75676025973074,7.6,3.44732699568937));
#9845=CARTESIAN_POINT('Ctrl Pts',(3.78243239763829,8.1,3.38054076688926));
#9846=CARTESIAN_POINT('Ctrl Pts',(3.78243239763829,7.6,3.38054076688926));
#9847=CARTESIAN_POINT('Ctrl Pts',(3.83116332645876,8.1,3.25376694799016));
#9848=CARTESIAN_POINT('Ctrl Pts',(3.83116332645876,7.6,3.25376694799016));
#9849=CARTESIAN_POINT('Ctrl Pts',(3.92743892259337,8.1,3.1582713097657));
#9850=CARTESIAN_POINT('Ctrl Pts',(3.92743892259337,7.6,3.1582713097657));
#9851=CARTESIAN_POINT('Ctrl Pts',(3.97299518213979,8.1,3.11308411534498));
#9852=CARTESIAN_POINT('Ctrl Pts',(3.97299518213979,7.6,3.11308411534498));
#9853=CARTESIAN_POINT('',(3.97299518213979,8.1,3.11308411534498));
#9854=CARTESIAN_POINT('Ctrl Pts',(3.97299518213979,8.1,3.11308411534498));
#9855=CARTESIAN_POINT('Ctrl Pts',(3.97299518213979,7.6,3.11308411534498));
#9856=CARTESIAN_POINT('Ctrl Pts',(4.0256478243004,8.1,3.07868419074613));
#9857=CARTESIAN_POINT('Ctrl Pts',(4.0256478243004,7.6,3.07868419074613));
#9858=CARTESIAN_POINT('Ctrl Pts',(4.13592968484249,8.1,3.00663295966648));
#9859=CARTESIAN_POINT('Ctrl Pts',(4.13592968484249,7.6,3.00663295966648));
#9860=CARTESIAN_POINT('Ctrl Pts',(4.2677071726151,8.1,2.99904250109609));
#9861=CARTESIAN_POINT('Ctrl Pts',(4.2677071726151,7.6,2.99904250109609));
#9862=CARTESIAN_POINT('Ctrl Pts',(4.33656921015493,8.1,2.99507600839803));
#9863=CARTESIAN_POINT('Ctrl Pts',(4.33656921015493,7.6,2.99507600839803));
#9864=CARTESIAN_POINT('',(4.33656921015493,8.1,2.99507600839803));
#9865=CARTESIAN_POINT('Ctrl Pts',(4.33656921015493,8.1,2.99507600839803));
#9866=CARTESIAN_POINT('Ctrl Pts',(4.33656921015493,7.6,2.99507600839803));
#9867=CARTESIAN_POINT('Ctrl Pts',(4.42706208562831,8.1,3.00280433404571));
#9868=CARTESIAN_POINT('Ctrl Pts',(4.42706208562831,7.6,3.00280433404571));
#9869=CARTESIAN_POINT('Ctrl Pts',(4.60356562909007,8.1,3.01787819322749));
#9870=CARTESIAN_POINT('Ctrl Pts',(4.60356562909007,7.6,3.01787819322749));
#9871=CARTESIAN_POINT('Ctrl Pts',(4.72949912760248,8.1,3.14197179447956));
#9872=CARTESIAN_POINT('Ctrl Pts',(4.72949912760248,7.6,3.14197179447956));
#9873=CARTESIAN_POINT('Ctrl Pts',(4.79086687193624,8.1,3.20244295175741));
#9874=CARTESIAN_POINT('Ctrl Pts',(4.79086687193624,7.6,3.20244295175741));
#9875=CARTESIAN_POINT('Ctrl Pts',(4.60942079649679,8.1,4.69084677870939));
#9876=CARTESIAN_POINT('Ctrl Pts',(4.60942079649679,7.6,4.69084677870939));
#9877=CARTESIAN_POINT('Ctrl Pts',(4.64607143067361,8.1,4.60517154995182));
#9878=CARTESIAN_POINT('Ctrl Pts',(4.64607143067361,7.6,4.60517154995182));
#9879=CARTESIAN_POINT('Ctrl Pts',(4.73778520725113,8.1,4.39077965837938));
#9880=CARTESIAN_POINT('Ctrl Pts',(4.73778520725113,7.6,4.39077965837938));
#9881=CARTESIAN_POINT('Ctrl Pts',(4.73685494597771,8.1,4.15631051265556));
#9882=CARTESIAN_POINT('Ctrl Pts',(4.73685494597771,7.6,4.15631051265556));
#9883=CARTESIAN_POINT('Ctrl Pts',(4.73629643545858,8.1,4.01553986247251));
#9884=CARTESIAN_POINT('Ctrl Pts',(4.73629643545858,7.6,4.01553986247251));
#9885=CARTESIAN_POINT('',(4.60942079649679,8.1,4.69084677870939));
#9886=CARTESIAN_POINT('',(4.73629643545858,8.1,4.01553986247251));
#9887=CARTESIAN_POINT('Ctrl Pts',(4.73629643545858,8.1,4.01553986247251));
#9888=CARTESIAN_POINT('Ctrl Pts',(4.73629643545858,7.6,4.01553986247251));
#9889=CARTESIAN_POINT('Ctrl Pts',(4.73769359703066,8.1,3.87654832974154));
#9890=CARTESIAN_POINT('Ctrl Pts',(4.73769359703066,7.6,3.87654832974154));
#9891=CARTESIAN_POINT('Ctrl Pts',(4.73997492020144,8.1,3.64959919909016));
#9892=CARTESIAN_POINT('Ctrl Pts',(4.73997492020144,7.6,3.64959919909016));
#9893=CARTESIAN_POINT('Ctrl Pts',(4.65424342789936,8.1,3.44089934724984));
#9894=CARTESIAN_POINT('Ctrl Pts',(4.65424342789936,7.6,3.44089934724984));
#9895=CARTESIAN_POINT('Ctrl Pts',(4.62101688013784,8.1,3.36001453574369));
#9896=CARTESIAN_POINT('Ctrl Pts',(4.62101688013784,7.6,3.36001453574369));
#9897=CARTESIAN_POINT('',(4.62101688013784,8.1,3.36001453574369));
#9898=CARTESIAN_POINT('Ctrl Pts',(4.62101688013784,8.1,3.36001453574369));
#9899=CARTESIAN_POINT('Ctrl Pts',(4.62101688013784,7.6,3.36001453574369));
#9900=CARTESIAN_POINT('Ctrl Pts',(4.58186052556045,8.1,3.31249887673033));
#9901=CARTESIAN_POINT('Ctrl Pts',(4.58186052556045,7.6,3.31249887673033));
#9902=CARTESIAN_POINT('Ctrl Pts',(4.50721245459247,8.1,3.22191454311699));
#9903=CARTESIAN_POINT('Ctrl Pts',(4.50721245459247,7.6,3.22191454311699));
#9904=CARTESIAN_POINT('Ctrl Pts',(4.39155770959546,8.1,3.20501893246471));
#9905=CARTESIAN_POINT('Ctrl Pts',(4.39155770959546,7.6,3.20501893246471));
#9906=CARTESIAN_POINT('Ctrl Pts',(4.33656921015493,8.1,3.196985848505));
#9907=CARTESIAN_POINT('Ctrl Pts',(4.33656921015493,7.6,3.196985848505));
#9908=CARTESIAN_POINT('',(4.33656921015493,8.1,3.196985848505));
#9909=CARTESIAN_POINT('Ctrl Pts',(4.33656921015493,8.1,3.196985848505));
#9910=CARTESIAN_POINT('Ctrl Pts',(4.33656921015493,7.6,3.196985848505));
#9911=CARTESIAN_POINT('Ctrl Pts',(4.28156763242748,8.1,3.20507267016331));
#9912=CARTESIAN_POINT('Ctrl Pts',(4.28156763242748,7.6,3.20507267016331));
#9913=CARTESIAN_POINT('Ctrl Pts',(4.16578135883933,8.1,3.22209659899727));
#9914=CARTESIAN_POINT('Ctrl Pts',(4.16578135883933,7.6,3.22209659899727));
#9915=CARTESIAN_POINT('Ctrl Pts',(4.09124941348459,8.1,3.31298351277802));
#9916=CARTESIAN_POINT('Ctrl Pts',(4.09124941348459,7.6,3.31298351277802));
#9917=CARTESIAN_POINT('Ctrl Pts',(4.05212213621847,8.1,3.36069671090314));
#9918=CARTESIAN_POINT('Ctrl Pts',(4.05212213621847,7.6,3.36069671090314));
#9919=CARTESIAN_POINT('',(4.05212213621847,8.1,3.36069671090314));
#9920=CARTESIAN_POINT('Ctrl Pts',(4.05212213621847,8.1,3.36069671090314));
#9921=CARTESIAN_POINT('Ctrl Pts',(4.05212213621847,7.6,3.36069671090314));
#9922=CARTESIAN_POINT('Ctrl Pts',(4.01889126856519,8.1,3.44163765143587));
#9923=CARTESIAN_POINT('Ctrl Pts',(4.01889126856519,7.6,3.44163765143587));
#9924=CARTESIAN_POINT('Ctrl Pts',(3.93328966722801,8.1,3.65013880149999));
#9925=CARTESIAN_POINT('Ctrl Pts',(3.93328966722801,7.6,3.65013880149999));
#9926=CARTESIAN_POINT('Ctrl Pts',(3.93549361686012,8.1,3.87684306032676));
#9927=CARTESIAN_POINT('Ctrl Pts',(3.93549361686012,7.6,3.87684306032676));
#9928=CARTESIAN_POINT('Ctrl Pts',(3.93684198485128,8.1,4.01553986247251));
#9929=CARTESIAN_POINT('Ctrl Pts',(3.93684198485128,7.6,4.01553986247251));
#9930=CARTESIAN_POINT('',(3.93684198485128,8.1,4.01553986247251));
#9931=CARTESIAN_POINT('Ctrl Pts',(3.93684198485128,8.1,4.01553986247251));
#9932=CARTESIAN_POINT('Ctrl Pts',(3.93684198485128,7.6,4.01553986247251));
#9933=CARTESIAN_POINT('Ctrl Pts',(3.93539576319119,8.1,4.15482619032801));
#9934=CARTESIAN_POINT('Ctrl Pts',(3.93539576319119,7.6,4.15482619032801));
#9935=CARTESIAN_POINT('Ctrl Pts',(3.93303678657835,8.1,4.38202040195303));
#9936=CARTESIAN_POINT('Ctrl Pts',(3.93303678657835,7.6,4.38202040195303));
#9937=CARTESIAN_POINT('Ctrl Pts',(4.01889944037537,8.1,4.59091858421915));
#9938=CARTESIAN_POINT('Ctrl Pts',(4.01889944037537,7.6,4.59091858421915));
#9939=CARTESIAN_POINT('Ctrl Pts',(4.05212213621847,8.1,4.67174721534917));
#9940=CARTESIAN_POINT('Ctrl Pts',(4.05212213621847,7.6,4.67174721534917));
#9941=CARTESIAN_POINT('',(4.05212213621847,8.1,4.67174721534917));
#9942=CARTESIAN_POINT('Ctrl Pts',(4.05212213621847,8.1,4.67174721534917));
#9943=CARTESIAN_POINT('Ctrl Pts',(4.05212213621847,7.6,4.67174721534917));
#9944=CARTESIAN_POINT('Ctrl Pts',(4.09155642940187,8.1,4.71907150799185));
#9945=CARTESIAN_POINT('Ctrl Pts',(4.09155642940187,7.6,4.71907150799185));
#9946=CARTESIAN_POINT('Ctrl Pts',(4.16713562121124,8.1,4.80977255781795));
#9947=CARTESIAN_POINT('Ctrl Pts',(4.16713562121124,7.6,4.80977255781795));
#9948=CARTESIAN_POINT('Ctrl Pts',(4.28360008877521,8.1,4.82622535985782));
#9949=CARTESIAN_POINT('Ctrl Pts',(4.28360008877521,7.6,4.82622535985782));
#9950=CARTESIAN_POINT('Ctrl Pts',(4.33929791079275,8.1,4.83409372742841));
#9951=CARTESIAN_POINT('Ctrl Pts',(4.33929791079275,7.6,4.83409372742841));
#9952=CARTESIAN_POINT('',(4.33929791079275,8.1,4.83409372742841));
#9953=CARTESIAN_POINT('Ctrl Pts',(4.33929791079275,8.1,4.83409372742841));
#9954=CARTESIAN_POINT('Ctrl Pts',(4.33929791079275,7.6,4.83409372742841));
#9955=CARTESIAN_POINT('Ctrl Pts',(4.39301726298414,8.1,4.82787847675025));
#9956=CARTESIAN_POINT('Ctrl Pts',(4.39301726298414,7.6,4.82787847675025));
#9957=CARTESIAN_POINT('Ctrl Pts',(4.50159534672379,8.1,4.81531615086456));
#9958=CARTESIAN_POINT('Ctrl Pts',(4.50159534672379,7.6,4.81531615086456));
#9959=CARTESIAN_POINT('Ctrl Pts',(4.57322841601784,8.1,4.73262581032483));
#9960=CARTESIAN_POINT('Ctrl Pts',(4.57322841601784,7.6,4.73262581032483));
#9961=CARTESIAN_POINT('Ctrl Pts',(4.60942079649679,8.1,4.69084677870939));
#9962=CARTESIAN_POINT('Ctrl Pts',(4.60942079649679,7.6,4.69084677870939));
#9963=CARTESIAN_POINT('Origin',(6.9504851357676,7.6,4.01622196312616));
#9964=CARTESIAN_POINT('',(5.44912089930288,7.6,4.90503502662847));
#9965=CARTESIAN_POINT('',(5.26835670099966,7.6,4.53941432412336));
#9966=CARTESIAN_POINT('Ctrl Pts',(5.44912089930288,7.6,4.90503502662847));
#9967=CARTESIAN_POINT('Ctrl Pts',(5.40371926318073,7.6,4.85514205438354));
#9968=CARTESIAN_POINT('Ctrl Pts',(5.30875653458852,7.6,4.75078518122576));
#9969=CARTESIAN_POINT('Ctrl Pts',(5.2822108869294,7.6,4.61189905720978));
#9970=CARTESIAN_POINT('Ctrl Pts',(5.26835670099966,7.6,4.53941432412336));
#9971=CARTESIAN_POINT('',(5.83588769064657,7.6,5.03736791785428));
#9972=CARTESIAN_POINT('Ctrl Pts',(5.83588769064657,7.6,5.03736791785428));
#9973=CARTESIAN_POINT('Ctrl Pts',(5.76201166548475,7.6,5.0329094606746));
#9974=CARTESIAN_POINT('Ctrl Pts',(5.62058334988517,7.6,5.02437418704944));
#9975=CARTESIAN_POINT('Ctrl Pts',(5.50454556994833,7.6,4.94361101594259));
#9976=CARTESIAN_POINT('Ctrl Pts',(5.44912089930288,7.6,4.90503502662847));
#9977=CARTESIAN_POINT('',(6.33929808960668,7.6,4.80817285950849));
#9978=CARTESIAN_POINT('Ctrl Pts',(6.33929808960668,7.6,4.80817285950849));
#9979=CARTESIAN_POINT('Ctrl Pts',(6.27059511155088,7.6,4.87501417047904));
#9980=CARTESIAN_POINT('Ctrl Pts',(6.13043205862434,7.6,5.01137917928018));
#9981=CARTESIAN_POINT('Ctrl Pts',(5.93534828745151,7.6,5.02859214167315));
#9982=CARTESIAN_POINT('Ctrl Pts',(5.83588769064657,7.6,5.03736791785428));
#9983=CARTESIAN_POINT('',(6.55348648653738,7.6,3.96506232793996));
#9984=CARTESIAN_POINT('Ctrl Pts',(6.55348648653738,7.6,3.96506232793996));
#9985=CARTESIAN_POINT('Ctrl Pts',(6.5508950963432,7.6,4.1362216728031));
#9986=CARTESIAN_POINT('Ctrl Pts',(6.54635716078021,7.6,4.43594885388733));
#9987=CARTESIAN_POINT('Ctrl Pts',(6.40145416351625,7.6,4.6964367125569));
#9988=CARTESIAN_POINT('Ctrl Pts',(6.33929808960668,7.6,4.80817285950849));
#9989=CARTESIAN_POINT('',(6.35976215229742,7.6,3.22086048896978));
#9990=CARTESIAN_POINT('Ctrl Pts',(6.35976215229742,7.6,3.22086048896978));
#9991=CARTESIAN_POINT('Ctrl Pts',(6.41595689758524,7.6,3.31827240139736));
#9992=CARTESIAN_POINT('Ctrl Pts',(6.54787451577249,7.6,3.54694765216492));
#9993=CARTESIAN_POINT('Ctrl Pts',(6.55143989848164,7.6,3.81258318340797));
#9994=CARTESIAN_POINT('Ctrl Pts',(6.55348648653738,7.6,3.96506232793996));
#9995=CARTESIAN_POINT('',(5.85907985792867,7.6,2.99507600839803));
#9996=CARTESIAN_POINT('Ctrl Pts',(5.85907985792867,7.6,2.99507600839803));
#9997=CARTESIAN_POINT('Ctrl Pts',(5.95638455888064,7.6,3.00414049621172));
#9998=CARTESIAN_POINT('Ctrl Pts',(6.14925836604206,7.6,3.0221077912909));
#9999=CARTESIAN_POINT('Ctrl Pts',(6.29001643217892,7.6,3.15500822915203));
#10000=CARTESIAN_POINT('Ctrl Pts',(6.35976215229742,7.6,3.22086048896978));
#10001=CARTESIAN_POINT('',(5.53711553440801,7.6,3.0810241180248));
#10002=CARTESIAN_POINT('Ctrl Pts',(5.53711553440801,7.6,3.0810241180248));
#10003=CARTESIAN_POINT('Ctrl Pts',(5.58662629918119,7.6,3.05595914481246));
#10004=CARTESIAN_POINT('Ctrl Pts',(5.68784351492987,7.6,3.00471762566019));
#10005=CARTESIAN_POINT('Ctrl Pts',(5.80118153673251,7.6,2.99833602577121));
#10006=CARTESIAN_POINT('Ctrl Pts',(5.85907985792867,7.6,2.99507600839803));
#10007=CARTESIAN_POINT('',(5.31405945645086,7.6,3.32863671358297));
#10008=CARTESIAN_POINT('Ctrl Pts',(5.31405945645086,7.6,3.32863671358297));
#10009=CARTESIAN_POINT('Ctrl Pts',(5.34308090118584,7.6,3.27825123691555));
#10010=CARTESIAN_POINT('Ctrl Pts',(5.39982076174018,7.6,3.17974253253573));
#10011=CARTESIAN_POINT('Ctrl Pts',(5.49205667502763,7.6,3.11342257771317));
#10012=CARTESIAN_POINT('Ctrl Pts',(5.53711553440801,7.6,3.0810241180248));
#10013=CARTESIAN_POINT('',(5.23288627491705,7.6,3.67856843050191));
#10014=CARTESIAN_POINT('Ctrl Pts',(5.23288627491705,7.6,3.67856843050191));
#10015=CARTESIAN_POINT('Ctrl Pts',(5.23612564948897,7.6,3.6172072551907));
#10016=CARTESIAN_POINT('Ctrl Pts',(5.24253774811023,7.6,3.49574741815227));
#10017=CARTESIAN_POINT('Ctrl Pts',(5.29038466851782,7.6,3.38395293272549));
#10018=CARTESIAN_POINT('Ctrl Pts',(5.31405945645086,7.6,3.32863671358297));
#10019=CARTESIAN_POINT('',(5.40546466933004,7.6,4.14582622821996));
#10020=CARTESIAN_POINT('Ctrl Pts',(5.40546466933004,7.6,4.14582622821996));
#10021=CARTESIAN_POINT('Ctrl Pts',(5.35514930096661,7.6,4.07947121678464));
#10022=CARTESIAN_POINT('Ctrl Pts',(5.25054077587968,7.6,3.94151535748858));
#10023=CARTESIAN_POINT('Ctrl Pts',(5.2389184237069,7.6,3.76841152438358));
#10024=CARTESIAN_POINT('Ctrl Pts',(5.23288627491705,7.6,3.67856843050191));
#10025=CARTESIAN_POINT('',(5.82360913382284,7.6,4.32659027751157));
#10026=CARTESIAN_POINT('Ctrl Pts',(5.82360913382284,7.6,4.32659027751157));
#10027=CARTESIAN_POINT('Ctrl Pts',(5.74465365170031,7.6,4.31890991383728));
#10028=CARTESIAN_POINT('Ctrl Pts',(5.58595415502525,7.6,4.30347248230465));
#10029=CARTESIAN_POINT('Ctrl Pts',(5.46582679073883,7.6,4.19854875824462));
#10030=CARTESIAN_POINT('Ctrl Pts',(5.40546466933004,7.6,4.14582622821996));
#10031=CARTESIAN_POINT('',(6.09236766920797,7.6,4.26110593255231));
#10032=CARTESIAN_POINT('Ctrl Pts',(6.09236766920797,7.6,4.26110593255231));
#10033=CARTESIAN_POINT('Ctrl Pts',(6.04926033977739,7.6,4.28020527323967));
#10034=CARTESIAN_POINT('Ctrl Pts',(5.96359098556487,7.6,4.3181623493143));
#10035=CARTESIAN_POINT('Ctrl Pts',(5.87007132653717,7.6,4.32379291471624));
#10036=CARTESIAN_POINT('Ctrl Pts',(5.82360913382284,7.6,4.32659027751157));
#10037=CARTESIAN_POINT('',(6.30928446875326,7.6,4.06056029375264));
#10038=CARTESIAN_POINT('Ctrl Pts',(6.30928446875326,7.6,4.06056029375264));
#10039=CARTESIAN_POINT('Ctrl Pts',(6.2787607678494,7.6,4.10232548334845));
#10040=CARTESIAN_POINT('Ctrl Pts',(6.21950566736569,7.6,4.18340347955918));
#10041=CARTESIAN_POINT('Ctrl Pts',(6.13388372706017,7.6,4.23573271934725));
#10042=CARTESIAN_POINT('Ctrl Pts',(6.09236766920797,7.6,4.26110593255231));
#10043=CARTESIAN_POINT('',(6.2397073708605,7.6,4.52304331238935));
#10044=CARTESIAN_POINT('Ctrl Pts',(6.2397073708605,7.6,4.52304331238935));
#10045=CARTESIAN_POINT('Ctrl Pts',(6.2592803060722,7.6,4.45787455299382));
#10046=CARTESIAN_POINT('Ctrl Pts',(6.30450274151213,7.6,4.30730490247446));
#10047=CARTESIAN_POINT('Ctrl Pts',(6.3075538977902,7.6,4.14986046367261));
#10048=CARTESIAN_POINT('Ctrl Pts',(6.30928446875326,7.6,4.06056029375264));
#10049=CARTESIAN_POINT('',(6.05689724312536,7.6,4.76997373278806));
#10050=CARTESIAN_POINT('Ctrl Pts',(6.05689724312536,7.6,4.76997373278806));
#10051=CARTESIAN_POINT('Ctrl Pts',(6.09402592589898,7.6,4.73722940571407));
#10052=CARTESIAN_POINT('Ctrl Pts',(6.17244879489296,7.6,4.66806713329851));
#10053=CARTESIAN_POINT('Ctrl Pts',(6.21650776779687,7.6,4.57306659985068));
#10054=CARTESIAN_POINT('Ctrl Pts',(6.2397073708605,7.6,4.52304331238935));
#10055=CARTESIAN_POINT('',(5.85089435206167,7.6,4.83545792873571));
#10056=CARTESIAN_POINT('Ctrl Pts',(5.85089435206167,7.6,4.83545792873571));
#10057=CARTESIAN_POINT('Ctrl Pts',(5.88855163250165,7.6,4.83291763214628));
#10058=CARTESIAN_POINT('Ctrl Pts',(5.96262094190041,7.6,4.8279210415309));
#10059=CARTESIAN_POINT('Ctrl Pts',(6.02582601008852,7.6,4.78907179147739));
#10060=CARTESIAN_POINT('Ctrl Pts',(6.05689724312536,7.6,4.76997373278806));
#10061=CARTESIAN_POINT('',(5.60532828198187,7.6,4.73041025574872));
#10062=CARTESIAN_POINT('Ctrl Pts',(5.60532828198187,7.6,4.73041025574872));
#10063=CARTESIAN_POINT('Ctrl Pts',(5.6405155445327,7.6,4.76104909221853));
#10064=CARTESIAN_POINT('Ctrl Pts',(5.71105810730015,7.6,4.82247308169968));
#10065=CARTESIAN_POINT('Ctrl Pts',(5.80420830689141,7.6,4.83112277831539));
#10066=CARTESIAN_POINT('Ctrl Pts',(5.85089435206167,7.6,4.83545792873571));
#10067=CARTESIAN_POINT('',(5.51255871878378,7.6,4.52031476076314));
#10068=CARTESIAN_POINT('Ctrl Pts',(5.51255871878378,7.6,4.52031476076314));
#10069=CARTESIAN_POINT('Ctrl Pts',(5.52294038246795,7.6,4.56321969892916));
#10070=CARTESIAN_POINT('Ctrl Pts',(5.54129007628029,7.6,4.63905460384751));
#10071=CARTESIAN_POINT('Ctrl Pts',(5.58593988982693,7.6,4.7027511546664));
#10072=CARTESIAN_POINT('Ctrl Pts',(5.60532828198187,7.6,4.73041025574872));
#10073=CARTESIAN_POINT('',(5.26835670099966,7.6,4.53941432412336));
#10074=CARTESIAN_POINT('',(6.15512361155264,7.6,3.99030102070043));
#10075=CARTESIAN_POINT('',(6.27108534203283,7.6,3.67720422919461));
#10076=CARTESIAN_POINT('Ctrl Pts',(6.15512361155264,7.6,3.99030102070043));
#10077=CARTESIAN_POINT('Ctrl Pts',(6.18892924487917,7.6,3.94614457399537));
#10078=CARTESIAN_POINT('Ctrl Pts',(6.25953232298713,7.6,3.85392381819486));
#10079=CARTESIAN_POINT('Ctrl Pts',(6.26712705981077,7.6,3.73775169342559));
#10080=CARTESIAN_POINT('Ctrl Pts',(6.27108534203283,7.6,3.67720422919461));
#10081=CARTESIAN_POINT('',(5.87272246704809,7.6,4.10967347796628));
#10082=CARTESIAN_POINT('Ctrl Pts',(5.87272246704809,7.6,4.10967347796628));
#10083=CARTESIAN_POINT('Ctrl Pts',(5.92609850219715,7.6,4.10470019148164));
#10084=CARTESIAN_POINT('Ctrl Pts',(6.03284783606899,7.6,4.09475387347756));
#10085=CARTESIAN_POINT('Ctrl Pts',(6.1143657162714,7.6,4.02511804327483));
#10086=CARTESIAN_POINT('Ctrl Pts',(6.15512361155264,7.6,3.99030102070043));
#10087=CARTESIAN_POINT('',(5.59441437350027,7.6,3.99030102070043));
#10088=CARTESIAN_POINT('Ctrl Pts',(5.59441437350027,7.6,3.99030102070043));
#10089=CARTESIAN_POINT('Ctrl Pts',(5.63387974786329,7.6,4.02511719997823));
#10090=CARTESIAN_POINT('Ctrl Pts',(5.7135137030353,7.6,4.09536992416034));
#10091=CARTESIAN_POINT('Ctrl Pts',(5.81934137581842,7.6,4.10487764078133));
#10092=CARTESIAN_POINT('Ctrl Pts',(5.87272246704809,7.6,4.10967347796628));
#10093=CARTESIAN_POINT('',(5.48390944824926,7.6,3.6635616200752));
#10094=CARTESIAN_POINT('Ctrl Pts',(5.48390944824926,7.6,3.6635616200752));
#10095=CARTESIAN_POINT('Ctrl Pts',(5.48714656437724,7.6,3.72745732899898));
#10096=CARTESIAN_POINT('Ctrl Pts',(5.49321417885473,7.6,3.84722273536306));
#10097=CARTESIAN_POINT('Ctrl Pts',(5.56222249310008,7.6,3.94478767889731));
#10098=CARTESIAN_POINT('Ctrl Pts',(5.59441437350027,7.6,3.99030102070043));
#10099=CARTESIAN_POINT('',(5.59577842579595,7.6,3.3224974351711));
#10100=CARTESIAN_POINT('Ctrl Pts',(5.59577842579595,7.6,3.3224974351711));
#10101=CARTESIAN_POINT('Ctrl Pts',(5.5631906500381,7.6,3.3702565838518));
#10102=CARTESIAN_POINT('Ctrl Pts',(5.49324398946298,7.6,3.47276719970198));
#10103=CARTESIAN_POINT('Ctrl Pts',(5.4871593087178,7.6,3.59713572616231));
#10104=CARTESIAN_POINT('Ctrl Pts',(5.48390944824926,7.6,3.6635616200752));
#10105=CARTESIAN_POINT('',(5.86317261086218,7.6,3.19698584850499));
#10106=CARTESIAN_POINT('Ctrl Pts',(5.86317261086218,7.6,3.19698584850499));
#10107=CARTESIAN_POINT('Ctrl Pts',(5.81275456085448,7.6,3.20266596330744));
#10108=CARTESIAN_POINT('Ctrl Pts',(5.70962240429886,7.6,3.21428486742947));
#10109=CARTESIAN_POINT('Ctrl Pts',(5.63428549996721,7.6,3.28589515345988));
#10110=CARTESIAN_POINT('Ctrl Pts',(5.59577842579595,7.6,3.3224974351711));
#10111=CARTESIAN_POINT('',(6.06644680128805,7.6,3.2576952653713));
#10112=CARTESIAN_POINT('Ctrl Pts',(6.06644680128805,7.6,3.2576952653713));
#10113=CARTESIAN_POINT('Ctrl Pts',(6.03411105398065,7.6,3.23999024892927));
#10114=CARTESIAN_POINT('Ctrl Pts',(5.97064457627738,7.6,3.20524000732911));
#10115=CARTESIAN_POINT('Ctrl Pts',(5.89854025910132,7.6,3.19970218652555));
#10116=CARTESIAN_POINT('Ctrl Pts',(5.86317261086218,7.6,3.19698584850499));
#10117=CARTESIAN_POINT('',(6.21719737873785,7.6,3.43436656172941));
#10118=CARTESIAN_POINT('Ctrl Pts',(6.21719737873785,7.6,3.43436656172941));
#10119=CARTESIAN_POINT('Ctrl Pts',(6.19795103929828,7.6,3.39833887066035));
#10120=CARTESIAN_POINT('Ctrl Pts',(6.16057175421726,7.6,3.32836767746229));
#10121=CARTESIAN_POINT('Ctrl Pts',(6.09719250602297,7.6,3.28078025024973));
#10122=CARTESIAN_POINT('Ctrl Pts',(6.06644680128805,7.6,3.2576952653713));
#10123=CARTESIAN_POINT('Ctrl Pts',(6.27108534203283,7.6,3.67720422919461));
#10124=CARTESIAN_POINT('Ctrl Pts',(6.26882181442807,7.6,3.63532805651596));
#10125=CARTESIAN_POINT('Ctrl Pts',(6.2642855787584,7.6,3.55140586894682));
#10126=CARTESIAN_POINT('Ctrl Pts',(6.2329146083289,7.6,3.47343226527958));
#10127=CARTESIAN_POINT('Ctrl Pts',(6.21719737873785,7.6,3.43436656172941));
#10128=CARTESIAN_POINT('Ctrl Pts',(5.44912089930288,8.1,4.90503502662847));
#10129=CARTESIAN_POINT('Ctrl Pts',(5.44912089930288,7.6,4.90503502662847));
#10130=CARTESIAN_POINT('Ctrl Pts',(5.40371926318073,8.1,4.85514205438354));
#10131=CARTESIAN_POINT('Ctrl Pts',(5.40371926318073,7.6,4.85514205438354));
#10132=CARTESIAN_POINT('Ctrl Pts',(5.30875653458852,8.1,4.75078518122576));
#10133=CARTESIAN_POINT('Ctrl Pts',(5.30875653458852,7.6,4.75078518122576));
#10134=CARTESIAN_POINT('Ctrl Pts',(5.2822108869294,8.1,4.61189905720978));
#10135=CARTESIAN_POINT('Ctrl Pts',(5.2822108869294,7.6,4.61189905720978));
#10136=CARTESIAN_POINT('Ctrl Pts',(5.26835670099966,8.1,4.53941432412336));
#10137=CARTESIAN_POINT('Ctrl Pts',(5.26835670099966,7.6,4.53941432412336));
#10138=CARTESIAN_POINT('',(5.44912089930288,8.1,4.90503502662847));
#10139=CARTESIAN_POINT('',(5.26835670099966,8.1,4.53941432412336));
#10140=CARTESIAN_POINT('Origin',(5.26835670099966,8.1,4.53941432412336));
#10141=CARTESIAN_POINT('',(5.51255871878378,8.1,4.52031476076314));
#10142=CARTESIAN_POINT('Ctrl Pts',(5.51255871878378,8.1,4.52031476076314));
#10143=CARTESIAN_POINT('Ctrl Pts',(5.51255871878378,7.6,4.52031476076314));
#10144=CARTESIAN_POINT('Ctrl Pts',(5.52294038246795,8.1,4.56321969892916));
#10145=CARTESIAN_POINT('Ctrl Pts',(5.52294038246795,7.6,4.56321969892916));
#10146=CARTESIAN_POINT('Ctrl Pts',(5.54129007628029,8.1,4.63905460384751));
#10147=CARTESIAN_POINT('Ctrl Pts',(5.54129007628029,7.6,4.63905460384751));
#10148=CARTESIAN_POINT('Ctrl Pts',(5.58593988982693,8.1,4.7027511546664));
#10149=CARTESIAN_POINT('Ctrl Pts',(5.58593988982693,7.6,4.7027511546664));
#10150=CARTESIAN_POINT('Ctrl Pts',(5.60532828198187,8.1,4.73041025574872));
#10151=CARTESIAN_POINT('Ctrl Pts',(5.60532828198187,7.6,4.73041025574872));
#10152=CARTESIAN_POINT('',(5.60532828198187,8.1,4.73041025574872));
#10153=CARTESIAN_POINT('Ctrl Pts',(5.60532828198187,8.1,4.73041025574872));
#10154=CARTESIAN_POINT('Ctrl Pts',(5.60532828198187,7.6,4.73041025574872));
#10155=CARTESIAN_POINT('Ctrl Pts',(5.6405155445327,8.1,4.76104909221853));
#10156=CARTESIAN_POINT('Ctrl Pts',(5.6405155445327,7.6,4.76104909221853));
#10157=CARTESIAN_POINT('Ctrl Pts',(5.71105810730015,8.1,4.82247308169968));
#10158=CARTESIAN_POINT('Ctrl Pts',(5.71105810730015,7.6,4.82247308169968));
#10159=CARTESIAN_POINT('Ctrl Pts',(5.80420830689141,8.1,4.83112277831539));
#10160=CARTESIAN_POINT('Ctrl Pts',(5.80420830689141,7.6,4.83112277831539));
#10161=CARTESIAN_POINT('Ctrl Pts',(5.85089435206167,8.1,4.83545792873571));
#10162=CARTESIAN_POINT('Ctrl Pts',(5.85089435206167,7.6,4.83545792873571));
#10163=CARTESIAN_POINT('',(5.85089435206167,8.1,4.83545792873571));
#10164=CARTESIAN_POINT('Ctrl Pts',(5.85089435206167,8.1,4.83545792873571));
#10165=CARTESIAN_POINT('Ctrl Pts',(5.85089435206167,7.6,4.83545792873571));
#10166=CARTESIAN_POINT('Ctrl Pts',(5.88855163250165,8.1,4.83291763214628));
#10167=CARTESIAN_POINT('Ctrl Pts',(5.88855163250165,7.6,4.83291763214628));
#10168=CARTESIAN_POINT('Ctrl Pts',(5.96262094190041,8.1,4.8279210415309));
#10169=CARTESIAN_POINT('Ctrl Pts',(5.96262094190041,7.6,4.8279210415309));
#10170=CARTESIAN_POINT('Ctrl Pts',(6.02582601008852,8.1,4.78907179147739));
#10171=CARTESIAN_POINT('Ctrl Pts',(6.02582601008852,7.6,4.78907179147739));
#10172=CARTESIAN_POINT('Ctrl Pts',(6.05689724312536,8.1,4.76997373278806));
#10173=CARTESIAN_POINT('Ctrl Pts',(6.05689724312536,7.6,4.76997373278806));
#10174=CARTESIAN_POINT('',(6.05689724312536,8.1,4.76997373278806));
#10175=CARTESIAN_POINT('Ctrl Pts',(6.05689724312536,8.1,4.76997373278806));
#10176=CARTESIAN_POINT('Ctrl Pts',(6.05689724312536,7.6,4.76997373278806));
#10177=CARTESIAN_POINT('Ctrl Pts',(6.09402592589898,8.1,4.73722940571407));
#10178=CARTESIAN_POINT('Ctrl Pts',(6.09402592589898,7.6,4.73722940571407));
#10179=CARTESIAN_POINT('Ctrl Pts',(6.17244879489296,8.1,4.66806713329851));
#10180=CARTESIAN_POINT('Ctrl Pts',(6.17244879489296,7.6,4.66806713329851));
#10181=CARTESIAN_POINT('Ctrl Pts',(6.21650776779687,8.1,4.57306659985068));
#10182=CARTESIAN_POINT('Ctrl Pts',(6.21650776779687,7.6,4.57306659985068));
#10183=CARTESIAN_POINT('Ctrl Pts',(6.2397073708605,8.1,4.52304331238935));
#10184=CARTESIAN_POINT('Ctrl Pts',(6.2397073708605,7.6,4.52304331238935));
#10185=CARTESIAN_POINT('',(6.2397073708605,8.1,4.52304331238935));
#10186=CARTESIAN_POINT('Ctrl Pts',(6.2397073708605,8.1,4.52304331238935));
#10187=CARTESIAN_POINT('Ctrl Pts',(6.2397073708605,7.6,4.52304331238935));
#10188=CARTESIAN_POINT('Ctrl Pts',(6.2592803060722,8.1,4.45787455299382));
#10189=CARTESIAN_POINT('Ctrl Pts',(6.2592803060722,7.6,4.45787455299382));
#10190=CARTESIAN_POINT('Ctrl Pts',(6.30450274151213,8.1,4.30730490247446));
#10191=CARTESIAN_POINT('Ctrl Pts',(6.30450274151213,7.6,4.30730490247446));
#10192=CARTESIAN_POINT('Ctrl Pts',(6.3075538977902,8.1,4.14986046367261));
#10193=CARTESIAN_POINT('Ctrl Pts',(6.3075538977902,7.6,4.14986046367261));
#10194=CARTESIAN_POINT('Ctrl Pts',(6.30928446875326,8.1,4.06056029375264));
#10195=CARTESIAN_POINT('Ctrl Pts',(6.30928446875326,7.6,4.06056029375264));
#10196=CARTESIAN_POINT('',(6.30928446875326,8.1,4.06056029375264));
#10197=CARTESIAN_POINT('Ctrl Pts',(6.30928446875326,8.1,4.06056029375264));
#10198=CARTESIAN_POINT('Ctrl Pts',(6.30928446875326,7.6,4.06056029375264));
#10199=CARTESIAN_POINT('Ctrl Pts',(6.2787607678494,8.1,4.10232548334845));
#10200=CARTESIAN_POINT('Ctrl Pts',(6.2787607678494,7.6,4.10232548334845));
#10201=CARTESIAN_POINT('Ctrl Pts',(6.21950566736569,8.1,4.18340347955918));
#10202=CARTESIAN_POINT('Ctrl Pts',(6.21950566736569,7.6,4.18340347955918));
#10203=CARTESIAN_POINT('Ctrl Pts',(6.13388372706017,8.1,4.23573271934725));
#10204=CARTESIAN_POINT('Ctrl Pts',(6.13388372706017,7.6,4.23573271934725));
#10205=CARTESIAN_POINT('Ctrl Pts',(6.09236766920797,8.1,4.26110593255231));
#10206=CARTESIAN_POINT('Ctrl Pts',(6.09236766920797,7.6,4.26110593255231));
#10207=CARTESIAN_POINT('',(6.09236766920797,8.1,4.26110593255231));
#10208=CARTESIAN_POINT('Ctrl Pts',(6.09236766920797,8.1,4.26110593255231));
#10209=CARTESIAN_POINT('Ctrl Pts',(6.09236766920797,7.6,4.26110593255231));
#10210=CARTESIAN_POINT('Ctrl Pts',(6.04926033977739,8.1,4.28020527323967));
#10211=CARTESIAN_POINT('Ctrl Pts',(6.04926033977739,7.6,4.28020527323967));
#10212=CARTESIAN_POINT('Ctrl Pts',(5.96359098556487,8.1,4.3181623493143));
#10213=CARTESIAN_POINT('Ctrl Pts',(5.96359098556487,7.6,4.3181623493143));
#10214=CARTESIAN_POINT('Ctrl Pts',(5.87007132653717,8.1,4.32379291471624));
#10215=CARTESIAN_POINT('Ctrl Pts',(5.87007132653717,7.6,4.32379291471624));
#10216=CARTESIAN_POINT('Ctrl Pts',(5.82360913382284,8.1,4.32659027751157));
#10217=CARTESIAN_POINT('Ctrl Pts',(5.82360913382284,7.6,4.32659027751157));
#10218=CARTESIAN_POINT('',(5.82360913382284,8.1,4.32659027751157));
#10219=CARTESIAN_POINT('Ctrl Pts',(5.82360913382284,8.1,4.32659027751157));
#10220=CARTESIAN_POINT('Ctrl Pts',(5.82360913382284,7.6,4.32659027751157));
#10221=CARTESIAN_POINT('Ctrl Pts',(5.74465365170031,8.1,4.31890991383728));
#10222=CARTESIAN_POINT('Ctrl Pts',(5.74465365170031,7.6,4.31890991383728));
#10223=CARTESIAN_POINT('Ctrl Pts',(5.58595415502525,8.1,4.30347248230465));
#10224=CARTESIAN_POINT('Ctrl Pts',(5.58595415502525,7.6,4.30347248230465));
#10225=CARTESIAN_POINT('Ctrl Pts',(5.46582679073883,8.1,4.19854875824462));
#10226=CARTESIAN_POINT('Ctrl Pts',(5.46582679073883,7.6,4.19854875824462));
#10227=CARTESIAN_POINT('Ctrl Pts',(5.40546466933004,8.1,4.14582622821996));
#10228=CARTESIAN_POINT('Ctrl Pts',(5.40546466933004,7.6,4.14582622821996));
#10229=CARTESIAN_POINT('',(5.40546466933004,8.1,4.14582622821996));
#10230=CARTESIAN_POINT('Ctrl Pts',(5.40546466933004,8.1,4.14582622821996));
#10231=CARTESIAN_POINT('Ctrl Pts',(5.40546466933004,7.6,4.14582622821996));
#10232=CARTESIAN_POINT('Ctrl Pts',(5.35514930096661,8.1,4.07947121678464));
#10233=CARTESIAN_POINT('Ctrl Pts',(5.35514930096661,7.6,4.07947121678464));
#10234=CARTESIAN_POINT('Ctrl Pts',(5.25054077587968,8.1,3.94151535748858));
#10235=CARTESIAN_POINT('Ctrl Pts',(5.25054077587968,7.6,3.94151535748858));
#10236=CARTESIAN_POINT('Ctrl Pts',(5.2389184237069,8.1,3.76841152438358));
#10237=CARTESIAN_POINT('Ctrl Pts',(5.2389184237069,7.6,3.76841152438358));
#10238=CARTESIAN_POINT('Ctrl Pts',(5.23288627491705,8.1,3.67856843050191));
#10239=CARTESIAN_POINT('Ctrl Pts',(5.23288627491705,7.6,3.67856843050191));
#10240=CARTESIAN_POINT('',(5.23288627491705,8.1,3.67856843050191));
#10241=CARTESIAN_POINT('Ctrl Pts',(5.23288627491705,8.1,3.67856843050191));
#10242=CARTESIAN_POINT('Ctrl Pts',(5.23288627491705,7.6,3.67856843050191));
#10243=CARTESIAN_POINT('Ctrl Pts',(5.23612564948897,8.1,3.6172072551907));
#10244=CARTESIAN_POINT('Ctrl Pts',(5.23612564948897,7.6,3.6172072551907));
#10245=CARTESIAN_POINT('Ctrl Pts',(5.24253774811023,8.1,3.49574741815227));
#10246=CARTESIAN_POINT('Ctrl Pts',(5.24253774811023,7.6,3.49574741815227));
#10247=CARTESIAN_POINT('Ctrl Pts',(5.29038466851782,8.1,3.38395293272549));
#10248=CARTESIAN_POINT('Ctrl Pts',(5.29038466851782,7.6,3.38395293272549));
#10249=CARTESIAN_POINT('Ctrl Pts',(5.31405945645086,8.1,3.32863671358297));
#10250=CARTESIAN_POINT('Ctrl Pts',(5.31405945645086,7.6,3.32863671358297));
#10251=CARTESIAN_POINT('',(5.31405945645086,8.1,3.32863671358297));
#10252=CARTESIAN_POINT('Ctrl Pts',(5.31405945645086,8.1,3.32863671358297));
#10253=CARTESIAN_POINT('Ctrl Pts',(5.31405945645086,7.6,3.32863671358297));
#10254=CARTESIAN_POINT('Ctrl Pts',(5.34308090118584,8.1,3.27825123691555));
#10255=CARTESIAN_POINT('Ctrl Pts',(5.34308090118584,7.6,3.27825123691555));
#10256=CARTESIAN_POINT('Ctrl Pts',(5.39982076174018,8.1,3.17974253253573));
#10257=CARTESIAN_POINT('Ctrl Pts',(5.39982076174018,7.6,3.17974253253573));
#10258=CARTESIAN_POINT('Ctrl Pts',(5.49205667502763,8.1,3.11342257771317));
#10259=CARTESIAN_POINT('Ctrl Pts',(5.49205667502763,7.6,3.11342257771317));
#10260=CARTESIAN_POINT('Ctrl Pts',(5.53711553440801,8.1,3.0810241180248));
#10261=CARTESIAN_POINT('Ctrl Pts',(5.53711553440801,7.6,3.0810241180248));
#10262=CARTESIAN_POINT('',(5.53711553440801,8.1,3.0810241180248));
#10263=CARTESIAN_POINT('Ctrl Pts',(5.53711553440801,8.1,3.0810241180248));
#10264=CARTESIAN_POINT('Ctrl Pts',(5.53711553440801,7.6,3.0810241180248));
#10265=CARTESIAN_POINT('Ctrl Pts',(5.58662629918119,8.1,3.05595914481246));
#10266=CARTESIAN_POINT('Ctrl Pts',(5.58662629918119,7.6,3.05595914481246));
#10267=CARTESIAN_POINT('Ctrl Pts',(5.68784351492987,8.1,3.00471762566019));
#10268=CARTESIAN_POINT('Ctrl Pts',(5.68784351492987,7.6,3.00471762566019));
#10269=CARTESIAN_POINT('Ctrl Pts',(5.80118153673251,8.1,2.99833602577121));
#10270=CARTESIAN_POINT('Ctrl Pts',(5.80118153673251,7.6,2.99833602577121));
#10271=CARTESIAN_POINT('Ctrl Pts',(5.85907985792867,8.1,2.99507600839803));
#10272=CARTESIAN_POINT('Ctrl Pts',(5.85907985792867,7.6,2.99507600839803));
#10273=CARTESIAN_POINT('',(5.85907985792867,8.1,2.99507600839803));
#10274=CARTESIAN_POINT('Ctrl Pts',(5.85907985792867,8.1,2.99507600839803));
#10275=CARTESIAN_POINT('Ctrl Pts',(5.85907985792867,7.6,2.99507600839803));
#10276=CARTESIAN_POINT('Ctrl Pts',(5.95638455888064,8.1,3.00414049621172));
#10277=CARTESIAN_POINT('Ctrl Pts',(5.95638455888064,7.6,3.00414049621172));
#10278=CARTESIAN_POINT('Ctrl Pts',(6.14925836604206,8.1,3.0221077912909));
#10279=CARTESIAN_POINT('Ctrl Pts',(6.14925836604206,7.6,3.0221077912909));
#10280=CARTESIAN_POINT('Ctrl Pts',(6.29001643217892,8.1,3.15500822915203));
#10281=CARTESIAN_POINT('Ctrl Pts',(6.29001643217892,7.6,3.15500822915203));
#10282=CARTESIAN_POINT('Ctrl Pts',(6.35976215229742,8.1,3.22086048896978));
#10283=CARTESIAN_POINT('Ctrl Pts',(6.35976215229742,7.6,3.22086048896978));
#10284=CARTESIAN_POINT('',(6.35976215229742,8.1,3.22086048896978));
#10285=CARTESIAN_POINT('Ctrl Pts',(6.35976215229742,8.1,3.22086048896978));
#10286=CARTESIAN_POINT('Ctrl Pts',(6.35976215229742,7.6,3.22086048896978));
#10287=CARTESIAN_POINT('Ctrl Pts',(6.41595689758524,8.1,3.31827240139736));
#10288=CARTESIAN_POINT('Ctrl Pts',(6.41595689758524,7.6,3.31827240139736));
#10289=CARTESIAN_POINT('Ctrl Pts',(6.54787451577249,8.1,3.54694765216492));
#10290=CARTESIAN_POINT('Ctrl Pts',(6.54787451577249,7.6,3.54694765216492));
#10291=CARTESIAN_POINT('Ctrl Pts',(6.55143989848164,8.1,3.81258318340797));
#10292=CARTESIAN_POINT('Ctrl Pts',(6.55143989848164,7.6,3.81258318340797));
#10293=CARTESIAN_POINT('Ctrl Pts',(6.55348648653738,8.1,3.96506232793996));
#10294=CARTESIAN_POINT('Ctrl Pts',(6.55348648653738,7.6,3.96506232793996));
#10295=CARTESIAN_POINT('',(6.55348648653738,8.1,3.96506232793996));
#10296=CARTESIAN_POINT('Ctrl Pts',(6.55348648653738,8.1,3.96506232793996));
#10297=CARTESIAN_POINT('Ctrl Pts',(6.55348648653738,7.6,3.96506232793996));
#10298=CARTESIAN_POINT('Ctrl Pts',(6.5508950963432,8.1,4.1362216728031));
#10299=CARTESIAN_POINT('Ctrl Pts',(6.5508950963432,7.6,4.1362216728031));
#10300=CARTESIAN_POINT('Ctrl Pts',(6.54635716078021,8.1,4.43594885388733));
#10301=CARTESIAN_POINT('Ctrl Pts',(6.54635716078021,7.6,4.43594885388733));
#10302=CARTESIAN_POINT('Ctrl Pts',(6.40145416351625,8.1,4.6964367125569));
#10303=CARTESIAN_POINT('Ctrl Pts',(6.40145416351625,7.6,4.6964367125569));
#10304=CARTESIAN_POINT('Ctrl Pts',(6.33929808960668,8.1,4.80817285950849));
#10305=CARTESIAN_POINT('Ctrl Pts',(6.33929808960668,7.6,4.80817285950849));
#10306=CARTESIAN_POINT('',(6.33929808960668,8.1,4.80817285950849));
#10307=CARTESIAN_POINT('Ctrl Pts',(6.33929808960668,8.1,4.80817285950849));
#10308=CARTESIAN_POINT('Ctrl Pts',(6.33929808960668,7.6,4.80817285950849));
#10309=CARTESIAN_POINT('Ctrl Pts',(6.27059511155088,8.1,4.87501417047904));
#10310=CARTESIAN_POINT('Ctrl Pts',(6.27059511155088,7.6,4.87501417047904));
#10311=CARTESIAN_POINT('Ctrl Pts',(6.13043205862434,8.1,5.01137917928018));
#10312=CARTESIAN_POINT('Ctrl Pts',(6.13043205862434,7.6,5.01137917928018));
#10313=CARTESIAN_POINT('Ctrl Pts',(5.93534828745151,8.1,5.02859214167315));
#10314=CARTESIAN_POINT('Ctrl Pts',(5.93534828745151,7.6,5.02859214167315));
#10315=CARTESIAN_POINT('Ctrl Pts',(5.83588769064657,8.1,5.03736791785428));
#10316=CARTESIAN_POINT('Ctrl Pts',(5.83588769064657,7.6,5.03736791785428));
#10317=CARTESIAN_POINT('',(5.83588769064657,8.1,5.03736791785428));
#10318=CARTESIAN_POINT('Ctrl Pts',(5.83588769064657,8.1,5.03736791785428));
#10319=CARTESIAN_POINT('Ctrl Pts',(5.83588769064657,7.6,5.03736791785428));
#10320=CARTESIAN_POINT('Ctrl Pts',(5.76201166548475,8.1,5.0329094606746));
#10321=CARTESIAN_POINT('Ctrl Pts',(5.76201166548475,7.6,5.0329094606746));
#10322=CARTESIAN_POINT('Ctrl Pts',(5.62058334988517,8.1,5.02437418704944));
#10323=CARTESIAN_POINT('Ctrl Pts',(5.62058334988517,7.6,5.02437418704944));
#10324=CARTESIAN_POINT('Ctrl Pts',(5.50454556994833,8.1,4.94361101594259));
#10325=CARTESIAN_POINT('Ctrl Pts',(5.50454556994833,7.6,4.94361101594259));
#10326=CARTESIAN_POINT('Ctrl Pts',(5.44912089930288,8.1,4.90503502662847));
#10327=CARTESIAN_POINT('Ctrl Pts',(5.44912089930288,7.6,4.90503502662847));
#10328=CARTESIAN_POINT('Ctrl Pts',(6.15512361155264,8.1,3.99030102070043));
#10329=CARTESIAN_POINT('Ctrl Pts',(6.15512361155264,7.6,3.99030102070043));
#10330=CARTESIAN_POINT('Ctrl Pts',(6.18892924487917,8.1,3.94614457399537));
#10331=CARTESIAN_POINT('Ctrl Pts',(6.18892924487917,7.6,3.94614457399537));
#10332=CARTESIAN_POINT('Ctrl Pts',(6.25953232298713,8.1,3.85392381819486));
#10333=CARTESIAN_POINT('Ctrl Pts',(6.25953232298713,7.6,3.85392381819486));
#10334=CARTESIAN_POINT('Ctrl Pts',(6.26712705981077,8.1,3.73775169342559));
#10335=CARTESIAN_POINT('Ctrl Pts',(6.26712705981077,7.6,3.73775169342559));
#10336=CARTESIAN_POINT('Ctrl Pts',(6.27108534203283,8.1,3.67720422919461));
#10337=CARTESIAN_POINT('Ctrl Pts',(6.27108534203283,7.6,3.67720422919461));
#10338=CARTESIAN_POINT('',(6.15512361155264,8.1,3.99030102070043));
#10339=CARTESIAN_POINT('',(6.27108534203283,8.1,3.67720422919461));
#10340=CARTESIAN_POINT('Ctrl Pts',(6.27108534203283,8.1,3.67720422919461));
#10341=CARTESIAN_POINT('Ctrl Pts',(6.27108534203283,7.6,3.67720422919461));
#10342=CARTESIAN_POINT('Ctrl Pts',(6.26882181442807,8.1,3.63532805651596));
#10343=CARTESIAN_POINT('Ctrl Pts',(6.26882181442807,7.6,3.63532805651596));
#10344=CARTESIAN_POINT('Ctrl Pts',(6.2642855787584,8.1,3.55140586894682));
#10345=CARTESIAN_POINT('Ctrl Pts',(6.2642855787584,7.6,3.55140586894682));
#10346=CARTESIAN_POINT('Ctrl Pts',(6.2329146083289,8.1,3.47343226527958));
#10347=CARTESIAN_POINT('Ctrl Pts',(6.2329146083289,7.6,3.47343226527958));
#10348=CARTESIAN_POINT('Ctrl Pts',(6.21719737873785,8.1,3.43436656172941));
#10349=CARTESIAN_POINT('Ctrl Pts',(6.21719737873785,7.6,3.43436656172941));
#10350=CARTESIAN_POINT('',(6.21719737873785,8.1,3.43436656172941));
#10351=CARTESIAN_POINT('Ctrl Pts',(6.21719737873785,8.1,3.43436656172941));
#10352=CARTESIAN_POINT('Ctrl Pts',(6.21719737873785,7.6,3.43436656172941));
#10353=CARTESIAN_POINT('Ctrl Pts',(6.19795103929828,8.1,3.39833887066035));
#10354=CARTESIAN_POINT('Ctrl Pts',(6.19795103929828,7.6,3.39833887066035));
#10355=CARTESIAN_POINT('Ctrl Pts',(6.16057175421726,8.1,3.32836767746229));
#10356=CARTESIAN_POINT('Ctrl Pts',(6.16057175421726,7.6,3.32836767746229));
#10357=CARTESIAN_POINT('Ctrl Pts',(6.09719250602297,8.1,3.28078025024973));
#10358=CARTESIAN_POINT('Ctrl Pts',(6.09719250602297,7.6,3.28078025024973));
#10359=CARTESIAN_POINT('Ctrl Pts',(6.06644680128805,8.1,3.2576952653713));
#10360=CARTESIAN_POINT('Ctrl Pts',(6.06644680128805,7.6,3.2576952653713));
#10361=CARTESIAN_POINT('',(6.06644680128805,8.1,3.2576952653713));
#10362=CARTESIAN_POINT('Ctrl Pts',(6.06644680128805,8.1,3.2576952653713));
#10363=CARTESIAN_POINT('Ctrl Pts',(6.06644680128805,7.6,3.2576952653713));
#10364=CARTESIAN_POINT('Ctrl Pts',(6.03411105398065,8.1,3.23999024892927));
#10365=CARTESIAN_POINT('Ctrl Pts',(6.03411105398065,7.6,3.23999024892927));
#10366=CARTESIAN_POINT('Ctrl Pts',(5.97064457627738,8.1,3.20524000732911));
#10367=CARTESIAN_POINT('Ctrl Pts',(5.97064457627738,7.6,3.20524000732911));
#10368=CARTESIAN_POINT('Ctrl Pts',(5.89854025910132,8.1,3.19970218652555));
#10369=CARTESIAN_POINT('Ctrl Pts',(5.89854025910132,7.6,3.19970218652555));
#10370=CARTESIAN_POINT('Ctrl Pts',(5.86317261086218,8.1,3.19698584850499));
#10371=CARTESIAN_POINT('Ctrl Pts',(5.86317261086218,7.6,3.19698584850499));
#10372=CARTESIAN_POINT('',(5.86317261086218,8.1,3.19698584850499));
#10373=CARTESIAN_POINT('Ctrl Pts',(5.86317261086218,8.1,3.19698584850499));
#10374=CARTESIAN_POINT('Ctrl Pts',(5.86317261086218,7.6,3.19698584850499));
#10375=CARTESIAN_POINT('Ctrl Pts',(5.81275456085448,8.1,3.20266596330744));
#10376=CARTESIAN_POINT('Ctrl Pts',(5.81275456085448,7.6,3.20266596330744));
#10377=CARTESIAN_POINT('Ctrl Pts',(5.70962240429886,8.1,3.21428486742947));
#10378=CARTESIAN_POINT('Ctrl Pts',(5.70962240429886,7.6,3.21428486742947));
#10379=CARTESIAN_POINT('Ctrl Pts',(5.63428549996721,8.1,3.28589515345988));
#10380=CARTESIAN_POINT('Ctrl Pts',(5.63428549996721,7.6,3.28589515345988));
#10381=CARTESIAN_POINT('Ctrl Pts',(5.59577842579595,8.1,3.3224974351711));
#10382=CARTESIAN_POINT('Ctrl Pts',(5.59577842579595,7.6,3.3224974351711));
#10383=CARTESIAN_POINT('',(5.59577842579595,8.1,3.3224974351711));
#10384=CARTESIAN_POINT('Ctrl Pts',(5.59577842579595,8.1,3.3224974351711));
#10385=CARTESIAN_POINT('Ctrl Pts',(5.59577842579595,7.6,3.3224974351711));
#10386=CARTESIAN_POINT('Ctrl Pts',(5.5631906500381,8.1,3.3702565838518));
#10387=CARTESIAN_POINT('Ctrl Pts',(5.5631906500381,7.6,3.3702565838518));
#10388=CARTESIAN_POINT('Ctrl Pts',(5.49324398946298,8.1,3.47276719970198));
#10389=CARTESIAN_POINT('Ctrl Pts',(5.49324398946298,7.6,3.47276719970198));
#10390=CARTESIAN_POINT('Ctrl Pts',(5.4871593087178,8.1,3.59713572616231));
#10391=CARTESIAN_POINT('Ctrl Pts',(5.4871593087178,7.6,3.59713572616231));
#10392=CARTESIAN_POINT('Ctrl Pts',(5.48390944824926,8.1,3.6635616200752));
#10393=CARTESIAN_POINT('Ctrl Pts',(5.48390944824926,7.6,3.6635616200752));
#10394=CARTESIAN_POINT('',(5.48390944824926,8.1,3.6635616200752));
#10395=CARTESIAN_POINT('Ctrl Pts',(5.48390944824926,8.1,3.6635616200752));
#10396=CARTESIAN_POINT('Ctrl Pts',(5.48390944824926,7.6,3.6635616200752));
#10397=CARTESIAN_POINT('Ctrl Pts',(5.48714656437724,8.1,3.72745732899898));
#10398=CARTESIAN_POINT('Ctrl Pts',(5.48714656437724,7.6,3.72745732899898));
#10399=CARTESIAN_POINT('Ctrl Pts',(5.49321417885473,8.1,3.84722273536306));
#10400=CARTESIAN_POINT('Ctrl Pts',(5.49321417885473,7.6,3.84722273536306));
#10401=CARTESIAN_POINT('Ctrl Pts',(5.56222249310008,8.1,3.94478767889731));
#10402=CARTESIAN_POINT('Ctrl Pts',(5.56222249310008,7.6,3.94478767889731));
#10403=CARTESIAN_POINT('Ctrl Pts',(5.59441437350027,8.1,3.99030102070043));
#10404=CARTESIAN_POINT('Ctrl Pts',(5.59441437350027,7.6,3.99030102070043));
#10405=CARTESIAN_POINT('',(5.59441437350027,8.1,3.99030102070043));
#10406=CARTESIAN_POINT('Ctrl Pts',(5.59441437350027,8.1,3.99030102070043));
#10407=CARTESIAN_POINT('Ctrl Pts',(5.59441437350027,7.6,3.99030102070043));
#10408=CARTESIAN_POINT('Ctrl Pts',(5.63387974786329,8.1,4.02511719997823));
#10409=CARTESIAN_POINT('Ctrl Pts',(5.63387974786329,7.6,4.02511719997823));
#10410=CARTESIAN_POINT('Ctrl Pts',(5.7135137030353,8.1,4.09536992416034));
#10411=CARTESIAN_POINT('Ctrl Pts',(5.7135137030353,7.6,4.09536992416034));
#10412=CARTESIAN_POINT('Ctrl Pts',(5.81934137581842,8.1,4.10487764078133));
#10413=CARTESIAN_POINT('Ctrl Pts',(5.81934137581842,7.6,4.10487764078133));
#10414=CARTESIAN_POINT('Ctrl Pts',(5.87272246704809,8.1,4.10967347796628));
#10415=CARTESIAN_POINT('Ctrl Pts',(5.87272246704809,7.6,4.10967347796628));
#10416=CARTESIAN_POINT('',(5.87272246704809,8.1,4.10967347796628));
#10417=CARTESIAN_POINT('Ctrl Pts',(5.87272246704809,8.1,4.10967347796628));
#10418=CARTESIAN_POINT('Ctrl Pts',(5.87272246704809,7.6,4.10967347796628));
#10419=CARTESIAN_POINT('Ctrl Pts',(5.92609850219715,8.1,4.10470019148164));
#10420=CARTESIAN_POINT('Ctrl Pts',(5.92609850219715,7.6,4.10470019148164));
#10421=CARTESIAN_POINT('Ctrl Pts',(6.03284783606899,8.1,4.09475387347756));
#10422=CARTESIAN_POINT('Ctrl Pts',(6.03284783606899,7.6,4.09475387347756));
#10423=CARTESIAN_POINT('Ctrl Pts',(6.1143657162714,8.1,4.02511804327483));
#10424=CARTESIAN_POINT('Ctrl Pts',(6.1143657162714,7.6,4.02511804327483));
#10425=CARTESIAN_POINT('Ctrl Pts',(6.15512361155264,8.1,3.99030102070043));
#10426=CARTESIAN_POINT('Ctrl Pts',(6.15512361155264,7.6,3.99030102070043));
#10427=CARTESIAN_POINT('Origin',(6.9504851357676,7.6,4.01622196312616));
#10428=CARTESIAN_POINT('',(7.37613310442678,7.6,3.02918238218495));
#10429=CARTESIAN_POINT('',(7.64079888687841,7.6,3.02918238218495));
#10430=CARTESIAN_POINT('',(7.37613310442678,7.6,3.02918238218495));
#10431=CARTESIAN_POINT('',(7.37613310442678,7.6,4.79316604908177));
#10432=CARTESIAN_POINT('',(7.37613310442678,7.6,4.79316604908177));
#10433=CARTESIAN_POINT('',(6.71446879730932,7.6,4.79316604908178));
#10434=CARTESIAN_POINT('',(6.71446879730932,7.6,4.79316604908178));
#10435=CARTESIAN_POINT('',(6.71446879730932,7.6,5.02918241198728));
#10436=CARTESIAN_POINT('',(6.71446879730932,7.6,5.02918241198728));
#10437=CARTESIAN_POINT('',(8.29973479138128,7.6,5.02918241198728));
#10438=CARTESIAN_POINT('',(8.29973479138128,7.6,5.02918241198728));
#10439=CARTESIAN_POINT('',(8.29973479138128,7.6,4.79316604908177));
#10440=CARTESIAN_POINT('',(8.29973479138128,7.6,4.79316604908177));
#10441=CARTESIAN_POINT('',(7.64079888687841,7.6,4.79316604908177));
#10442=CARTESIAN_POINT('',(7.64079888687841,7.6,4.79316604908177));
#10443=CARTESIAN_POINT('',(7.64079888687841,7.6,3.02918238218495));
#10444=CARTESIAN_POINT('Origin',(7.37613310442678,8.1,3.02918238218495));
#10445=CARTESIAN_POINT('',(7.37613310442678,8.1,3.02918238218495));
#10446=CARTESIAN_POINT('',(7.64079888687841,8.1,3.02918238218495));
#10447=CARTESIAN_POINT('Origin',(7.64079888687841,8.1,3.02918238218495));
#10448=CARTESIAN_POINT('',(7.64079888687841,8.1,4.79316604908177));
#10449=CARTESIAN_POINT('Origin',(7.64079888687841,8.1,4.79316604908177));
#10450=CARTESIAN_POINT('',(8.29973479138128,8.1,4.79316604908177));
#10451=CARTESIAN_POINT('Origin',(8.29973479138128,8.1,4.79316604908177));
#10452=CARTESIAN_POINT('',(8.29973479138128,8.1,5.02918241198728));
#10453=CARTESIAN_POINT('Origin',(8.29973479138128,8.1,5.02918241198728));
#10454=CARTESIAN_POINT('',(6.71446879730932,8.1,5.02918241198728));
#10455=CARTESIAN_POINT('Origin',(6.71446879730932,8.1,5.02918241198728));
#10456=CARTESIAN_POINT('',(6.71446879730932,8.1,4.79316604908178));
#10457=CARTESIAN_POINT('Origin',(6.71446879730932,8.1,4.79316604908178));
#10458=CARTESIAN_POINT('',(7.37613310442678,8.1,4.79316604908177));
#10459=CARTESIAN_POINT('Origin',(7.37613310442678,8.1,4.79316604908177));
#10460=CARTESIAN_POINT('Origin',(0.,0.,0.));
#10461=CARTESIAN_POINT('',(9.17206797338172,0.,4.46397396110381));
#10462=CARTESIAN_POINT('',(8.90194508767768,0.,4.32072701238479));
#10463=CARTESIAN_POINT('Ctrl Pts',(9.17206797338172,0.,4.46397396110381));
#10464=CARTESIAN_POINT('Ctrl Pts',(9.11834862119033,0.,4.45775871042565));
#10465=CARTESIAN_POINT('Ctrl Pts',(9.00977053745068,0.,4.44519638453996));
#10466=CARTESIAN_POINT('Ctrl Pts',(8.93813746815663,0.,4.36250604400023));
#10467=CARTESIAN_POINT('Ctrl Pts',(8.90194508767768,0.,4.32072701238479));
#10468=CARTESIAN_POINT('',(8.77506944871588,0.,3.64542009614791));
#10469=CARTESIAN_POINT('Ctrl Pts',(8.90194508767768,0.,4.32072701238479));
#10470=CARTESIAN_POINT('Ctrl Pts',(8.86529445350085,0.,4.23505178362722));
#10471=CARTESIAN_POINT('Ctrl Pts',(8.77358067692334,0.,4.02065989205478));
#10472=CARTESIAN_POINT('Ctrl Pts',(8.77451093819676,0.,3.78619074633095));
#10473=CARTESIAN_POINT('Ctrl Pts',(8.77506944871588,0.,3.64542009614791));
#10474=CARTESIAN_POINT('',(8.89034900403662,0.,2.98989476941909));
#10475=CARTESIAN_POINT('Ctrl Pts',(8.77506944871588,0.,3.64542009614791));
#10476=CARTESIAN_POINT('Ctrl Pts',(8.77367228714381,0.,3.50642856341694));
#10477=CARTESIAN_POINT('Ctrl Pts',(8.77139096397302,0.,3.27947943276555));
#10478=CARTESIAN_POINT('Ctrl Pts',(8.8571224562751,0.,3.07077958092524));
#10479=CARTESIAN_POINT('Ctrl Pts',(8.89034900403662,0.,2.98989476941909));
#10480=CARTESIAN_POINT('',(9.17479667401953,0.,2.82686608218039));
#10481=CARTESIAN_POINT('Ctrl Pts',(8.89034900403662,0.,2.98989476941909));
#10482=CARTESIAN_POINT('Ctrl Pts',(8.92950535861401,0.,2.94237911040572));
#10483=CARTESIAN_POINT('Ctrl Pts',(9.004153429582,0.,2.85179477679239));
#10484=CARTESIAN_POINT('Ctrl Pts',(9.119808174579,0.,2.83489916614011));
#10485=CARTESIAN_POINT('Ctrl Pts',(9.17479667401953,0.,2.82686608218039));
#10486=CARTESIAN_POINT('',(9.459243747956,0.,2.99057694457854));
#10487=CARTESIAN_POINT('Ctrl Pts',(9.17479667401953,0.,2.82686608218039));
#10488=CARTESIAN_POINT('Ctrl Pts',(9.22979825174698,0.,2.8349529038387));
#10489=CARTESIAN_POINT('Ctrl Pts',(9.34558452533514,0.,2.85197683267267));
#10490=CARTESIAN_POINT('Ctrl Pts',(9.42011647068987,0.,2.94286374645342));
#10491=CARTESIAN_POINT('Ctrl Pts',(9.459243747956,0.,2.99057694457854));
#10492=CARTESIAN_POINT('',(9.57452389932318,0.,3.64542009614791));
#10493=CARTESIAN_POINT('Ctrl Pts',(9.459243747956,0.,2.99057694457854));
#10494=CARTESIAN_POINT('Ctrl Pts',(9.49247461560928,0.,3.07151788511126));
#10495=CARTESIAN_POINT('Ctrl Pts',(9.57807621694645,0.,3.28001903517539));
#10496=CARTESIAN_POINT('Ctrl Pts',(9.57587226731435,0.,3.50672329400216));
#10497=CARTESIAN_POINT('Ctrl Pts',(9.57452389932318,0.,3.64542009614791));
#10498=CARTESIAN_POINT('',(9.459243747956,0.,4.30162744902457));
#10499=CARTESIAN_POINT('Ctrl Pts',(9.57452389932318,0.,3.64542009614791));
#10500=CARTESIAN_POINT('Ctrl Pts',(9.57597012098328,0.,3.78470642400341));
#10501=CARTESIAN_POINT('Ctrl Pts',(9.57832909759612,0.,4.01190063562842));
#10502=CARTESIAN_POINT('Ctrl Pts',(9.4924664437991,0.,4.22079881789455));
#10503=CARTESIAN_POINT('Ctrl Pts',(9.459243747956,0.,4.30162744902457));
#10504=CARTESIAN_POINT('Ctrl Pts',(9.459243747956,0.,4.30162744902457));
#10505=CARTESIAN_POINT('Ctrl Pts',(9.4198094547726,0.,4.34895174166725));
#10506=CARTESIAN_POINT('Ctrl Pts',(9.34423026296322,0.,4.43965279149335));
#10507=CARTESIAN_POINT('Ctrl Pts',(9.22776579539926,0.,4.45610559353322));
#10508=CARTESIAN_POINT('Ctrl Pts',(9.17206797338172,0.,4.46397396110381));
#10509=CARTESIAN_POINT('Origin',(0.,0.,0.));
#10510=CARTESIAN_POINT('',(6.13523277974768,0.,4.42304628275718));
#10511=CARTESIAN_POINT('',(6.13523277974768,0.,2.65906261586036));
#10512=CARTESIAN_POINT('',(6.13523277974768,-6.37754499716705E-17,2.21152314137859));
#10513=CARTESIAN_POINT('',(5.87056699729605,0.,2.65906261586036));
#10514=CARTESIAN_POINT('',(3.06761638987384,-3.18877249858353E-17,2.65906261586036));
#10515=CARTESIAN_POINT('',(5.87056699729605,0.,4.42304628275718));
#10516=CARTESIAN_POINT('',(5.87056699729605,-6.10242618792358E-17,1.32953130793018));
#10517=CARTESIAN_POINT('',(5.21163109279319,0.,4.42304628275718));
#10518=CARTESIAN_POINT('',(2.93528349864803,-3.05121309396179E-17,4.42304628275718));
#10519=CARTESIAN_POINT('',(5.21163109279319,0.,4.65906264566268));
#10520=CARTESIAN_POINT('',(5.21163109279319,-5.41746548112073E-17,2.21152314137859));
#10521=CARTESIAN_POINT('',(6.79689708686515,0.,4.65906264566268));
#10522=CARTESIAN_POINT('',(2.60581554639659,-2.70873274056036E-17,4.65906264566268));
#10523=CARTESIAN_POINT('',(6.79689708686515,0.,4.42304628275718));
#10524=CARTESIAN_POINT('',(6.79689708686515,-7.06534186537887E-17,2.32953132283134));
#10525=CARTESIAN_POINT('',(3.39844854343257,-3.53267093268944E-17,4.42304628275718));
#10526=CARTESIAN_POINT('',(7.6754781935279,0.,4.66724815152968));
#10527=CARTESIAN_POINT('',(8.06224498487159,0.,4.53491526030387));
#10528=CARTESIAN_POINT('Ctrl Pts',(7.6754781935279,0.,4.66724815152968));
#10529=CARTESIAN_POINT('Ctrl Pts',(7.74935421868972,0.,4.66278969435));
#10530=CARTESIAN_POINT('Ctrl Pts',(7.8907825342893,0.,4.65425442072483));
#10531=CARTESIAN_POINT('Ctrl Pts',(8.00682031422614,0.,4.57349124961799));
#10532=CARTESIAN_POINT('Ctrl Pts',(8.06224498487159,0.,4.53491526030387));
#10533=CARTESIAN_POINT('',(8.24300918317481,0.,4.16929455779876));
#10534=CARTESIAN_POINT('Ctrl Pts',(8.06224498487159,0.,4.53491526030387));
#10535=CARTESIAN_POINT('Ctrl Pts',(8.10764662099373,0.,4.48502228805894));
#10536=CARTESIAN_POINT('Ctrl Pts',(8.20260934958594,0.,4.38066541490116));
#10537=CARTESIAN_POINT('Ctrl Pts',(8.22915499724507,0.,4.24177929088518));
#10538=CARTESIAN_POINT('Ctrl Pts',(8.24300918317481,0.,4.16929455779876));
#10539=CARTESIAN_POINT('',(7.99880716539069,0.,4.15019499443854));
#10540=CARTESIAN_POINT('',(3.98450969384122,-4.14187868274588E-17,3.83622818286049));
#10541=CARTESIAN_POINT('',(7.9060376021926,0.,4.36029048942412));
#10542=CARTESIAN_POINT('Ctrl Pts',(7.99880716539069,0.,4.15019499443854));
#10543=CARTESIAN_POINT('Ctrl Pts',(7.98842550170652,0.,4.19309993260455));
#10544=CARTESIAN_POINT('Ctrl Pts',(7.97007580789418,0.,4.26893483752291));
#10545=CARTESIAN_POINT('Ctrl Pts',(7.92542599434754,0.,4.3326313883418));
#10546=CARTESIAN_POINT('Ctrl Pts',(7.9060376021926,0.,4.36029048942412));
#10547=CARTESIAN_POINT('',(7.6604715321128,0.,4.46533816241111));
#10548=CARTESIAN_POINT('Ctrl Pts',(7.9060376021926,0.,4.36029048942412));
#10549=CARTESIAN_POINT('Ctrl Pts',(7.87085033964177,0.,4.39092932589393));
#10550=CARTESIAN_POINT('Ctrl Pts',(7.80030777687432,0.,4.45235331537508));
#10551=CARTESIAN_POINT('Ctrl Pts',(7.70715757728305,0.,4.46100301199079));
#10552=CARTESIAN_POINT('Ctrl Pts',(7.6604715321128,0.,4.46533816241111));
#10553=CARTESIAN_POINT('',(7.45446864104911,0.,4.39985396646346));
#10554=CARTESIAN_POINT('Ctrl Pts',(7.6604715321128,0.,4.46533816241111));
#10555=CARTESIAN_POINT('Ctrl Pts',(7.62281425167282,0.,4.46279786582168));
#10556=CARTESIAN_POINT('Ctrl Pts',(7.54874494227406,0.,4.4578012752063));
#10557=CARTESIAN_POINT('Ctrl Pts',(7.48553987408595,0.,4.41895202515279));
#10558=CARTESIAN_POINT('Ctrl Pts',(7.45446864104911,0.,4.39985396646346));
#10559=CARTESIAN_POINT('',(7.27165851331397,0.,4.15292354606475));
#10560=CARTESIAN_POINT('Ctrl Pts',(7.45446864104911,0.,4.39985396646346));
#10561=CARTESIAN_POINT('Ctrl Pts',(7.41733995827548,0.,4.36710963938947));
#10562=CARTESIAN_POINT('Ctrl Pts',(7.33891708928151,0.,4.29794736697391));
#10563=CARTESIAN_POINT('Ctrl Pts',(7.2948581163776,0.,4.20294683352608));
#10564=CARTESIAN_POINT('Ctrl Pts',(7.27165851331397,0.,4.15292354606475));
#10565=CARTESIAN_POINT('',(7.20208141542121,0.,3.69044052742804));
#10566=CARTESIAN_POINT('Ctrl Pts',(7.27165851331397,0.,4.15292354606475));
#10567=CARTESIAN_POINT('Ctrl Pts',(7.25208557810226,0.,4.08775478666922));
#10568=CARTESIAN_POINT('Ctrl Pts',(7.20686314266234,0.,3.93718513614986));
#10569=CARTESIAN_POINT('Ctrl Pts',(7.20381198638426,0.,3.77974069734801));
#10570=CARTESIAN_POINT('Ctrl Pts',(7.20208141542121,0.,3.69044052742804));
#10571=CARTESIAN_POINT('',(7.41899821496649,0.,3.89098616622771));
#10572=CARTESIAN_POINT('Ctrl Pts',(7.20208141542121,0.,3.69044052742804));
#10573=CARTESIAN_POINT('Ctrl Pts',(7.23260511632507,0.,3.73220571702385));
#10574=CARTESIAN_POINT('Ctrl Pts',(7.29186021680878,0.,3.81328371323458));
#10575=CARTESIAN_POINT('Ctrl Pts',(7.37748215711429,0.,3.86561295302265));
#10576=CARTESIAN_POINT('Ctrl Pts',(7.41899821496649,0.,3.89098616622771));
#10577=CARTESIAN_POINT('',(7.68775675035163,0.,3.95647051118697));
#10578=CARTESIAN_POINT('Ctrl Pts',(7.41899821496649,0.,3.89098616622771));
#10579=CARTESIAN_POINT('Ctrl Pts',(7.46210554439708,0.,3.91008550691507));
#10580=CARTESIAN_POINT('Ctrl Pts',(7.54777489860959,0.,3.9480425829897));
#10581=CARTESIAN_POINT('Ctrl Pts',(7.64129455763729,0.,3.95367314839164));
#10582=CARTESIAN_POINT('Ctrl Pts',(7.68775675035163,0.,3.95647051118697));
#10583=CARTESIAN_POINT('',(8.10590121484442,0.,3.77570646189536));
#10584=CARTESIAN_POINT('Ctrl Pts',(7.68775675035163,0.,3.95647051118697));
#10585=CARTESIAN_POINT('Ctrl Pts',(7.76671223247416,0.,3.94879014751268));
#10586=CARTESIAN_POINT('Ctrl Pts',(7.92541172914922,0.,3.93335271598005));
#10587=CARTESIAN_POINT('Ctrl Pts',(8.04553909343564,0.,3.82842899192002));
#10588=CARTESIAN_POINT('Ctrl Pts',(8.10590121484442,0.,3.77570646189536));
#10589=CARTESIAN_POINT('',(8.27847960925742,0.,3.30844866417731));
#10590=CARTESIAN_POINT('Ctrl Pts',(8.10590121484442,0.,3.77570646189536));
#10591=CARTESIAN_POINT('Ctrl Pts',(8.15621658320786,0.,3.70935145046004));
#10592=CARTESIAN_POINT('Ctrl Pts',(8.26082510829479,0.,3.57139559116398));
#10593=CARTESIAN_POINT('Ctrl Pts',(8.27244746046756,0.,3.39829175805898));
#10594=CARTESIAN_POINT('Ctrl Pts',(8.27847960925742,0.,3.30844866417731));
#10595=CARTESIAN_POINT('',(8.19730642772361,0.,2.95851694725837));
#10596=CARTESIAN_POINT('Ctrl Pts',(8.27847960925742,0.,3.30844866417731));
#10597=CARTESIAN_POINT('Ctrl Pts',(8.2752402346855,0.,3.2470874888661));
#10598=CARTESIAN_POINT('Ctrl Pts',(8.26882813606424,0.,3.12562765182767));
#10599=CARTESIAN_POINT('Ctrl Pts',(8.22098121565664,0.,3.01383316640089));
#10600=CARTESIAN_POINT('Ctrl Pts',(8.19730642772361,0.,2.95851694725837));
#10601=CARTESIAN_POINT('',(7.97425034976645,0.,2.7109043517002));
#10602=CARTESIAN_POINT('Ctrl Pts',(8.19730642772361,0.,2.95851694725837));
#10603=CARTESIAN_POINT('Ctrl Pts',(8.16828498298863,0.,2.90813147059095));
#10604=CARTESIAN_POINT('Ctrl Pts',(8.11154512243429,0.,2.80962276621113));
#10605=CARTESIAN_POINT('Ctrl Pts',(8.01930920914683,0.,2.74330281138857));
#10606=CARTESIAN_POINT('Ctrl Pts',(7.97425034976645,0.,2.7109043517002));
#10607=CARTESIAN_POINT('',(7.65228602624579,0.,2.62495624207343));
#10608=CARTESIAN_POINT('Ctrl Pts',(7.97425034976645,0.,2.7109043517002));
#10609=CARTESIAN_POINT('Ctrl Pts',(7.92473958499327,0.,2.68583937848786));
#10610=CARTESIAN_POINT('Ctrl Pts',(7.8235223692446,0.,2.63459785933559));
#10611=CARTESIAN_POINT('Ctrl Pts',(7.71018434744195,0.,2.62821625944661));
#10612=CARTESIAN_POINT('Ctrl Pts',(7.65228602624579,0.,2.62495624207343));
#10613=CARTESIAN_POINT('',(7.15160373187705,0.,2.85074072264518));
#10614=CARTESIAN_POINT('Ctrl Pts',(7.65228602624579,0.,2.62495624207343));
#10615=CARTESIAN_POINT('Ctrl Pts',(7.55498132529382,0.,2.63402072988712));
#10616=CARTESIAN_POINT('Ctrl Pts',(7.3621075181324,0.,2.6519880249663));
#10617=CARTESIAN_POINT('Ctrl Pts',(7.22134945199555,0.,2.78488846282743));
#10618=CARTESIAN_POINT('Ctrl Pts',(7.15160373187705,0.,2.85074072264518));
#10619=CARTESIAN_POINT('',(6.95787939763709,0.,3.59494256161536));
#10620=CARTESIAN_POINT('Ctrl Pts',(7.15160373187705,0.,2.85074072264518));
#10621=CARTESIAN_POINT('Ctrl Pts',(7.09540898658923,0.,2.94815263507276));
#10622=CARTESIAN_POINT('Ctrl Pts',(6.96349136840198,0.,3.17682788584032));
#10623=CARTESIAN_POINT('Ctrl Pts',(6.95992598569282,0.,3.44246341708337));
#10624=CARTESIAN_POINT('Ctrl Pts',(6.95787939763709,0.,3.59494256161536));
#10625=CARTESIAN_POINT('',(7.17206779456778,0.,4.43805309318389));
#10626=CARTESIAN_POINT('Ctrl Pts',(6.95787939763709,0.,3.59494256161536));
#10627=CARTESIAN_POINT('Ctrl Pts',(6.96047078783127,0.,3.7661019064785));
#10628=CARTESIAN_POINT('Ctrl Pts',(6.96500872339425,0.,4.06582908756273));
#10629=CARTESIAN_POINT('Ctrl Pts',(7.10991172065821,0.,4.3263169462323));
#10630=CARTESIAN_POINT('Ctrl Pts',(7.17206779456778,0.,4.43805309318389));
#10631=CARTESIAN_POINT('Ctrl Pts',(7.17206779456778,0.,4.43805309318389));
#10632=CARTESIAN_POINT('Ctrl Pts',(7.24077077262359,0.,4.50489440415444));
#10633=CARTESIAN_POINT('Ctrl Pts',(7.38093382555013,0.,4.64125941295558));
#10634=CARTESIAN_POINT('Ctrl Pts',(7.57601759672296,0.,4.65847237534855));
#10635=CARTESIAN_POINT('Ctrl Pts',(7.6754781935279,0.,4.66724815152968));
#10636=CARTESIAN_POINT('',(9.17479667401953,0.,2.62495624207343));
#10637=CARTESIAN_POINT('',(8.72049901223822,0.,2.8323231854328));
#10638=CARTESIAN_POINT('Ctrl Pts',(9.17479667401953,0.,2.62495624207343));
#10639=CARTESIAN_POINT('Ctrl Pts',(9.08430379854615,0.,2.6326845677211));
#10640=CARTESIAN_POINT('Ctrl Pts',(8.90780025508439,0.,2.64775842690289));
#10641=CARTESIAN_POINT('Ctrl Pts',(8.78186675657199,0.,2.77185202815496));
#10642=CARTESIAN_POINT('Ctrl Pts',(8.72049901223822,0.,2.8323231854328));
#10643=CARTESIAN_POINT('',(8.52268192506476,0.,3.64542009614791));
#10644=CARTESIAN_POINT('Ctrl Pts',(8.72049901223822,0.,2.8323231854328));
#10645=CARTESIAN_POINT('Ctrl Pts',(8.66312608327559,0.,2.93955792613013));
#10646=CARTESIAN_POINT('Ctrl Pts',(8.52807845181476,0.,3.19197309829122));
#10647=CARTESIAN_POINT('Ctrl Pts',(8.52465244504744,0.,3.47984575328647));
#10648=CARTESIAN_POINT('Ctrl Pts',(8.52268192506476,0.,3.64542009614791));
#10649=CARTESIAN_POINT('',(8.59566960073157,0.,4.21636136554564));
#10650=CARTESIAN_POINT('Ctrl Pts',(8.52268192506476,0.,3.64542009614791));
#10651=CARTESIAN_POINT('Ctrl Pts',(8.5241267491969,0.,3.75275045836243));
#10652=CARTESIAN_POINT('Ctrl Pts',(8.5267286456044,0.,3.94603521714347));
#10653=CARTESIAN_POINT('Ctrl Pts',(8.57444844287031,0.,4.13315053885073));
#10654=CARTESIAN_POINT('Ctrl Pts',(8.59566960073157,0.,4.21636136554564));
#10655=CARTESIAN_POINT('',(8.81258640027686,0.,4.54992207073058));
#10656=CARTESIAN_POINT('Ctrl Pts',(8.59566960073157,0.,4.21636136554564));
#10657=CARTESIAN_POINT('Ctrl Pts',(8.62151559982498,0.,4.28310425157988));
#10658=CARTESIAN_POINT('Ctrl Pts',(8.67053659752056,0.,4.40969262027307));
#10659=CARTESIAN_POINT('Ctrl Pts',(8.76698824872925,0.,4.50490825438358));
#10660=CARTESIAN_POINT('Ctrl Pts',(8.81258640027686,0.,4.54992207073058));
#10661=CARTESIAN_POINT('',(9.17479667401954,0.,4.66724815152968));
#10662=CARTESIAN_POINT('Ctrl Pts',(8.81258640027686,0.,4.54992207073058));
#10663=CARTESIAN_POINT('Ctrl Pts',(8.86513900761546,0.,4.58412401841726));
#10664=CARTESIAN_POINT('Ctrl Pts',(8.97508574249791,0.,4.65567884062697));
#10665=CARTESIAN_POINT('Ctrl Pts',(9.10630034557076,0.,4.66328013979652));
#10666=CARTESIAN_POINT('Ctrl Pts',(9.17479667401954,0.,4.66724815152968));
#10667=CARTESIAN_POINT('',(9.45719752050086,0.,4.60244598172988));
#10668=CARTESIAN_POINT('Ctrl Pts',(9.17479667401954,0.,4.66724815152968));
#10669=CARTESIAN_POINT('Ctrl Pts',(9.22590485794331,0.,4.66501805630624));
#10670=CARTESIAN_POINT('Ctrl Pts',(9.32410481312551,0.,4.66073312121012));
#10671=CARTESIAN_POINT('Ctrl Pts',(9.41405967992708,0.,4.62133793591719));
#10672=CARTESIAN_POINT('Ctrl Pts',(9.45719752050086,0.,4.60244598172988));
#10673=CARTESIAN_POINT('',(9.65774330831214,0.,4.41554280303801));
#10674=CARTESIAN_POINT('Ctrl Pts',(9.45719752050086,0.,4.60244598172988));
#10675=CARTESIAN_POINT('Ctrl Pts',(9.49609418596036,0.,4.57816860298355));
#10676=CARTESIAN_POINT('Ctrl Pts',(9.57503863127682,0.,4.52889537669987));
#10677=CARTESIAN_POINT('Ctrl Pts',(9.62990839141547,0.,4.45369251332046));
#10678=CARTESIAN_POINT('Ctrl Pts',(9.65774330831214,0.,4.41554280303801));
#10679=CARTESIAN_POINT('',(9.78189084268256,0.,4.11813499711837));
#10680=CARTESIAN_POINT('Ctrl Pts',(9.65774330831214,0.,4.41554280303801));
#10681=CARTESIAN_POINT('Ctrl Pts',(9.68306189123603,0.,4.37116324035152));
#10682=CARTESIAN_POINT('Ctrl Pts',(9.7366706293032,0.,4.27719540815698));
#10683=CARTESIAN_POINT('Ctrl Pts',(9.76627052350649,0.,4.17307888621187));
#10684=CARTESIAN_POINT('Ctrl Pts',(9.78189084268256,0.,4.11813499711837));
#10685=CARTESIAN_POINT('',(9.82691082692786,0.,3.64542009614791));
#10686=CARTESIAN_POINT('Ctrl Pts',(9.78189084268256,0.,4.11813499711837));
#10687=CARTESIAN_POINT('Ctrl Pts',(9.79497129561952,0.,4.04971175242605));
#10688=CARTESIAN_POINT('Ctrl Pts',(9.82480307466793,0.,3.89366309514541));
#10689=CARTESIAN_POINT('Ctrl Pts',(9.82615287733761,0.,3.73468849972083));
#10690=CARTESIAN_POINT('Ctrl Pts',(9.82691082692786,0.,3.64542009614791));
#10691=CARTESIAN_POINT('',(9.75460562444373,0.,3.07720722936477));
#10692=CARTESIAN_POINT('Ctrl Pts',(9.82691082692786,0.,3.64542009614791));
#10693=CARTESIAN_POINT('Ctrl Pts',(9.82545125192151,0.,3.53878526193341));
#10694=CARTESIAN_POINT('Ctrl Pts',(9.8228188114411,0.,3.34646225490248));
#10695=CARTESIAN_POINT('Ctrl Pts',(9.77563018668975,0.,3.16019659393865));
#10696=CARTESIAN_POINT('Ctrl Pts',(9.75460562444373,0.,3.07720722936477));
#10697=CARTESIAN_POINT('',(9.53837070203467,0.,2.74296434902038));
#10698=CARTESIAN_POINT('Ctrl Pts',(9.75460562444373,0.,3.07720722936477));
#10699=CARTESIAN_POINT('Ctrl Pts',(9.72893348653617,0.,3.01042100056466));
#10700=CARTESIAN_POINT('Ctrl Pts',(9.68020255771571,0.,2.88364718166556));
#10701=CARTESIAN_POINT('Ctrl Pts',(9.5839269615811,0.,2.78815154344109));
#10702=CARTESIAN_POINT('Ctrl Pts',(9.53837070203467,0.,2.74296434902038));
#10703=CARTESIAN_POINT('Ctrl Pts',(9.53837070203467,0.,2.74296434902038));
#10704=CARTESIAN_POINT('Ctrl Pts',(9.48571805987407,0.,2.70856442442153));
#10705=CARTESIAN_POINT('Ctrl Pts',(9.37543619933198,0.,2.63651319334188));
#10706=CARTESIAN_POINT('Ctrl Pts',(9.24365871155936,0.,2.62892273477149));
#10707=CARTESIAN_POINT('Ctrl Pts',(9.17479667401953,0.,2.62495624207343));
#10708=CARTESIAN_POINT('',(4.11476883626624,0.,3.35619764708365));
#10709=CARTESIAN_POINT('',(3.612722415096,0.,2.65906261586036));
#10710=CARTESIAN_POINT('',(2.61637039694385,-2.71970445699233E-17,1.27554135966884));
#10711=CARTESIAN_POINT('',(3.29485066988586,0.,2.65906261586036));
#10712=CARTESIAN_POINT('',(1.806361207548,-1.87770379639094E-17,2.65906261586036));
#10713=CARTESIAN_POINT('',(4.068384129173,0.,3.70135458492125));
#10714=CARTESIAN_POINT('',(2.07348028110986,-2.1553727899564E-17,1.01333607076276));
#10715=CARTESIAN_POINT('',(3.38625585249706,0.,4.65906264566268));
#10716=CARTESIAN_POINT('',(4.25825883950255,-4.42643960440385E-17,3.43477050267253));
#10717=CARTESIAN_POINT('',(3.70139907634898,0.,4.65906264566268));
#10718=CARTESIAN_POINT('',(1.69312792624853,-1.75999834452153E-17,4.65906264566268));
#10719=CARTESIAN_POINT('',(4.06429130173369,0.,4.14610209249343));
#10720=CARTESIAN_POINT('',(4.18243131036513,-4.34761725218695E-17,3.9791071558707));
#10721=CARTESIAN_POINT('',(4.22527361250563,0.,3.90053602241363));
#10722=CARTESIAN_POINT('Ctrl Pts',(4.06429130173369,0.,4.14610209249343));
#10723=CARTESIAN_POINT('Ctrl Pts',(4.09728089355511,0.,4.09949143546091));
#10724=CARTESIAN_POINT('Ctrl Pts',(4.15386948625441,0.,4.01953799134015));
#10725=CARTESIAN_POINT('Ctrl Pts',(4.20425956328784,0.,3.93555799331819));
#10726=CARTESIAN_POINT('Ctrl Pts',(4.22527361250563,0.,3.90053602241363));
#10727=CARTESIAN_POINT('',(4.38352737165137,0.,4.12836687945212));
#10728=CARTESIAN_POINT('Ctrl Pts',(4.22527361250563,0.,3.90053602241363));
#10729=CARTESIAN_POINT('Ctrl Pts',(4.24913689958732,0.,3.93803493422433));
#10730=CARTESIAN_POINT('Ctrl Pts',(4.29881899135196,0.,4.016105669881));
#10731=CARTESIAN_POINT('Ctrl Pts',(4.35455991260302,0.,4.0899772658215));
#10732=CARTESIAN_POINT('Ctrl Pts',(4.38352737165137,0.,4.12836687945212));
#10733=CARTESIAN_POINT('',(4.78598299956961,0.,4.65906264566268));
#10734=CARTESIAN_POINT('',(2.58943985867135,-2.69171029184871E-17,1.76260384546334));
#10735=CARTESIAN_POINT('',(5.07384109831496,0.,4.65906264566268));
#10736=CARTESIAN_POINT('',(2.39299149978481,-2.48750316664326E-17,4.65906264566268));
#10737=CARTESIAN_POINT('',(4.37124903834506,0.,3.71636139534797));
#10738=CARTESIAN_POINT('',(3.05170401085882,-3.17223165705013E-17,1.94586494636856));
#10739=CARTESIAN_POINT('',(5.1284112367694,0.,2.65906261586036));
#10740=CARTESIAN_POINT('',(4.50994172330622,-4.68806275288049E-17,3.52269139064032));
#10741=CARTESIAN_POINT('',(4.80098980999633,0.,2.65906261586036));
#10742=CARTESIAN_POINT('',(2.5642056183847,-2.66547942031134E-17,2.65906261586036));
#10743=CARTESIAN_POINT('',(4.29757918751879,0.,3.37256865881766));
#10744=CARTESIAN_POINT('',(4.62946606656309,-4.81230773342854E-17,2.90217077048762));
#10745=CARTESIAN_POINT('',(4.21026680207892,0.,3.50626590036239));
#10746=CARTESIAN_POINT('Ctrl Pts',(4.29757918751879,0.,3.37256865881766));
#10747=CARTESIAN_POINT('Ctrl Pts',(4.28313432109424,0.,3.39386348836774));
#10748=CARTESIAN_POINT('Ctrl Pts',(4.25325004177383,0.,3.43791932216024));
#10749=CARTESIAN_POINT('Ctrl Pts',(4.2249089451348,0.,3.48298379360359));
#10750=CARTESIAN_POINT('Ctrl Pts',(4.21026680207892,0.,3.50626590036239));
#10751=CARTESIAN_POINT('Ctrl Pts',(4.21026680207892,0.,3.50626590036239));
#10752=CARTESIAN_POINT('Ctrl Pts',(4.19140803842308,0.,3.47541592123116));
#10753=CARTESIAN_POINT('Ctrl Pts',(4.16047621238702,0.,3.42481630584185));
#10754=CARTESIAN_POINT('Ctrl Pts',(4.12760058687563,0.,3.3754614419252));
#10755=CARTESIAN_POINT('Ctrl Pts',(4.11476883626624,0.,3.35619764708365));
#10756=CARTESIAN_POINT('Origin',(6.56088074840686,0.5,3.64610219680156));
#10757=CARTESIAN_POINT('',(3.612722415096,0.5,2.65906261586036));
#10758=CARTESIAN_POINT('',(3.29485066988586,0.5,2.65906261586036));
#10759=CARTESIAN_POINT('',(3.612722415096,0.5,2.65906261586036));
#10760=CARTESIAN_POINT('',(4.11476883626624,0.5,3.35619764708365));
#10761=CARTESIAN_POINT('',(4.11476883626624,0.5,3.35619764708365));
#10762=CARTESIAN_POINT('',(4.21026680207892,0.5,3.50626590036239));
#10763=CARTESIAN_POINT('Ctrl Pts',(4.21026680207892,0.5,3.50626590036239));
#10764=CARTESIAN_POINT('Ctrl Pts',(4.19140803842308,0.5,3.47541592123116));
#10765=CARTESIAN_POINT('Ctrl Pts',(4.16047621238702,0.5,3.42481630584185));
#10766=CARTESIAN_POINT('Ctrl Pts',(4.12760058687563,0.5,3.3754614419252));
#10767=CARTESIAN_POINT('Ctrl Pts',(4.11476883626624,0.5,3.35619764708365));
#10768=CARTESIAN_POINT('',(4.29757918751879,0.5,3.37256865881766));
#10769=CARTESIAN_POINT('Ctrl Pts',(4.29757918751879,0.5,3.37256865881766));
#10770=CARTESIAN_POINT('Ctrl Pts',(4.28313432109424,0.5,3.39386348836774));
#10771=CARTESIAN_POINT('Ctrl Pts',(4.25325004177383,0.5,3.43791932216024));
#10772=CARTESIAN_POINT('Ctrl Pts',(4.2249089451348,0.5,3.48298379360359));
#10773=CARTESIAN_POINT('Ctrl Pts',(4.21026680207892,0.5,3.50626590036239));
#10774=CARTESIAN_POINT('',(4.80098980999633,0.5,2.65906261586036));
#10775=CARTESIAN_POINT('',(4.80098980999633,0.5,2.65906261586036));
#10776=CARTESIAN_POINT('',(5.1284112367694,0.5,2.65906261586036));
#10777=CARTESIAN_POINT('',(5.1284112367694,0.5,2.65906261586036));
#10778=CARTESIAN_POINT('',(4.37124903834506,0.5,3.71636139534797));
#10779=CARTESIAN_POINT('',(4.37124903834506,0.5,3.71636139534797));
#10780=CARTESIAN_POINT('',(5.07384109831496,0.5,4.65906264566268));
#10781=CARTESIAN_POINT('',(5.07384109831496,0.5,4.65906264566268));
#10782=CARTESIAN_POINT('',(4.78598299956961,0.5,4.65906264566268));
#10783=CARTESIAN_POINT('',(4.78598299956961,0.5,4.65906264566268));
#10784=CARTESIAN_POINT('',(4.38352737165137,0.5,4.12836687945212));
#10785=CARTESIAN_POINT('',(4.38352737165137,0.5,4.12836687945212));
#10786=CARTESIAN_POINT('',(4.22527361250563,0.5,3.90053602241363));
#10787=CARTESIAN_POINT('Ctrl Pts',(4.22527361250563,0.5,3.90053602241363));
#10788=CARTESIAN_POINT('Ctrl Pts',(4.24913689958732,0.5,3.93803493422433));
#10789=CARTESIAN_POINT('Ctrl Pts',(4.29881899135196,0.5,4.016105669881));
#10790=CARTESIAN_POINT('Ctrl Pts',(4.35455991260302,0.5,4.0899772658215));
#10791=CARTESIAN_POINT('Ctrl Pts',(4.38352737165137,0.5,4.12836687945212));
#10792=CARTESIAN_POINT('',(4.06429130173369,0.5,4.14610209249343));
#10793=CARTESIAN_POINT('Ctrl Pts',(4.06429130173369,0.5,4.14610209249343));
#10794=CARTESIAN_POINT('Ctrl Pts',(4.09728089355511,0.5,4.09949143546091));
#10795=CARTESIAN_POINT('Ctrl Pts',(4.15386948625441,0.5,4.01953799134015));
#10796=CARTESIAN_POINT('Ctrl Pts',(4.20425956328784,0.5,3.93555799331819));
#10797=CARTESIAN_POINT('Ctrl Pts',(4.22527361250563,0.5,3.90053602241363));
#10798=CARTESIAN_POINT('',(3.70139907634898,0.5,4.65906264566268));
#10799=CARTESIAN_POINT('',(3.70139907634898,0.5,4.65906264566268));
#10800=CARTESIAN_POINT('',(3.38625585249706,0.5,4.65906264566268));
#10801=CARTESIAN_POINT('',(3.38625585249706,0.5,4.65906264566268));
#10802=CARTESIAN_POINT('',(4.068384129173,0.5,3.70135458492125));
#10803=CARTESIAN_POINT('',(4.068384129173,0.5,3.70135458492125));
#10804=CARTESIAN_POINT('',(3.29485066988586,0.5,2.65906261586036));
#10805=CARTESIAN_POINT('Origin',(3.612722415096,0.,2.65906261586036));
#10806=CARTESIAN_POINT('',(3.612722415096,0.,2.65906261586036));
#10807=CARTESIAN_POINT('',(3.29485066988586,0.,2.65906261586036));
#10808=CARTESIAN_POINT('Origin',(3.29485066988586,0.,2.65906261586036));
#10809=CARTESIAN_POINT('',(4.068384129173,0.,3.70135458492125));
#10810=CARTESIAN_POINT('Origin',(4.068384129173,0.,3.70135458492125));
#10811=CARTESIAN_POINT('',(3.38625585249706,0.,4.65906264566268));
#10812=CARTESIAN_POINT('Origin',(3.38625585249706,0.,4.65906264566268));
#10813=CARTESIAN_POINT('',(3.70139907634898,0.,4.65906264566268));
#10814=CARTESIAN_POINT('Origin',(3.70139907634898,0.,4.65906264566268));
#10815=CARTESIAN_POINT('',(4.06429130173369,0.,4.14610209249343));
#10816=CARTESIAN_POINT('Ctrl Pts',(4.06429130173369,0.,4.14610209249343));
#10817=CARTESIAN_POINT('Ctrl Pts',(4.06429130173369,0.5,4.14610209249343));
#10818=CARTESIAN_POINT('Ctrl Pts',(4.09728089355511,0.,4.09949143546091));
#10819=CARTESIAN_POINT('Ctrl Pts',(4.09728089355511,0.5,4.09949143546091));
#10820=CARTESIAN_POINT('Ctrl Pts',(4.15386948625441,0.,4.01953799134015));
#10821=CARTESIAN_POINT('Ctrl Pts',(4.15386948625441,0.5,4.01953799134015));
#10822=CARTESIAN_POINT('Ctrl Pts',(4.20425956328784,0.,3.93555799331819));
#10823=CARTESIAN_POINT('Ctrl Pts',(4.20425956328784,0.5,3.93555799331819));
#10824=CARTESIAN_POINT('Ctrl Pts',(4.22527361250563,0.,3.90053602241363));
#10825=CARTESIAN_POINT('Ctrl Pts',(4.22527361250563,0.5,3.90053602241363));
#10826=CARTESIAN_POINT('',(4.22527361250563,0.,3.90053602241363));
#10827=CARTESIAN_POINT('Ctrl Pts',(4.22527361250563,0.,3.90053602241363));
#10828=CARTESIAN_POINT('Ctrl Pts',(4.22527361250563,0.5,3.90053602241363));
#10829=CARTESIAN_POINT('Ctrl Pts',(4.24913689958732,0.,3.93803493422433));
#10830=CARTESIAN_POINT('Ctrl Pts',(4.24913689958732,0.5,3.93803493422433));
#10831=CARTESIAN_POINT('Ctrl Pts',(4.29881899135196,0.,4.016105669881));
#10832=CARTESIAN_POINT('Ctrl Pts',(4.29881899135196,0.5,4.016105669881));
#10833=CARTESIAN_POINT('Ctrl Pts',(4.35455991260302,0.,4.0899772658215));
#10834=CARTESIAN_POINT('Ctrl Pts',(4.35455991260302,0.5,4.0899772658215));
#10835=CARTESIAN_POINT('Ctrl Pts',(4.38352737165137,0.,4.12836687945212));
#10836=CARTESIAN_POINT('Ctrl Pts',(4.38352737165137,0.5,4.12836687945212));
#10837=CARTESIAN_POINT('',(4.38352737165137,0.,4.12836687945212));
#10838=CARTESIAN_POINT('Origin',(4.38352737165137,0.,4.12836687945212));
#10839=CARTESIAN_POINT('',(4.78598299956961,0.,4.65906264566268));
#10840=CARTESIAN_POINT('Origin',(4.78598299956961,0.,4.65906264566268));
#10841=CARTESIAN_POINT('',(5.07384109831496,0.,4.65906264566268));
#10842=CARTESIAN_POINT('Origin',(5.07384109831496,0.,4.65906264566268));
#10843=CARTESIAN_POINT('',(4.37124903834506,0.,3.71636139534797));
#10844=CARTESIAN_POINT('Origin',(4.37124903834506,0.,3.71636139534797));
#10845=CARTESIAN_POINT('',(5.1284112367694,0.,2.65906261586036));
#10846=CARTESIAN_POINT('Origin',(5.1284112367694,0.,2.65906261586036));
#10847=CARTESIAN_POINT('',(4.80098980999633,0.,2.65906261586036));
#10848=CARTESIAN_POINT('Origin',(4.80098980999633,0.,2.65906261586036));
#10849=CARTESIAN_POINT('',(4.29757918751879,0.,3.37256865881766));
#10850=CARTESIAN_POINT('Ctrl Pts',(4.29757918751879,0.,3.37256865881766));
#10851=CARTESIAN_POINT('Ctrl Pts',(4.29757918751879,0.5,3.37256865881766));
#10852=CARTESIAN_POINT('Ctrl Pts',(4.28313432109424,0.,3.39386348836774));
#10853=CARTESIAN_POINT('Ctrl Pts',(4.28313432109424,0.5,3.39386348836774));
#10854=CARTESIAN_POINT('Ctrl Pts',(4.25325004177383,0.,3.43791932216024));
#10855=CARTESIAN_POINT('Ctrl Pts',(4.25325004177383,0.5,3.43791932216024));
#10856=CARTESIAN_POINT('Ctrl Pts',(4.2249089451348,0.,3.48298379360359));
#10857=CARTESIAN_POINT('Ctrl Pts',(4.2249089451348,0.5,3.48298379360359));
#10858=CARTESIAN_POINT('Ctrl Pts',(4.21026680207892,0.,3.50626590036239));
#10859=CARTESIAN_POINT('Ctrl Pts',(4.21026680207892,0.5,3.50626590036239));
#10860=CARTESIAN_POINT('',(4.21026680207892,0.,3.50626590036239));
#10861=CARTESIAN_POINT('Ctrl Pts',(4.21026680207892,0.,3.50626590036239));
#10862=CARTESIAN_POINT('Ctrl Pts',(4.21026680207892,0.5,3.50626590036239));
#10863=CARTESIAN_POINT('Ctrl Pts',(4.19140803842308,0.,3.47541592123116));
#10864=CARTESIAN_POINT('Ctrl Pts',(4.19140803842308,0.5,3.47541592123116));
#10865=CARTESIAN_POINT('Ctrl Pts',(4.16047621238702,0.,3.42481630584185));
#10866=CARTESIAN_POINT('Ctrl Pts',(4.16047621238702,0.5,3.42481630584185));
#10867=CARTESIAN_POINT('Ctrl Pts',(4.12760058687563,0.,3.3754614419252));
#10868=CARTESIAN_POINT('Ctrl Pts',(4.12760058687563,0.5,3.3754614419252));
#10869=CARTESIAN_POINT('Ctrl Pts',(4.11476883626624,0.,3.35619764708365));
#10870=CARTESIAN_POINT('Ctrl Pts',(4.11476883626624,0.5,3.35619764708365));
#10871=CARTESIAN_POINT('',(4.11476883626624,0.,3.35619764708365));
#10872=CARTESIAN_POINT('Origin',(4.11476883626624,0.,3.35619764708365));
#10873=CARTESIAN_POINT('Origin',(6.56088074840686,0.5,3.64610219680156));
#10874=CARTESIAN_POINT('',(8.72049901223822,0.5,2.8323231854328));
#10875=CARTESIAN_POINT('',(8.52268192506476,0.5,3.64542009614791));
#10876=CARTESIAN_POINT('Ctrl Pts',(8.72049901223822,0.5,2.8323231854328));
#10877=CARTESIAN_POINT('Ctrl Pts',(8.66312608327559,0.5,2.93955792613013));
#10878=CARTESIAN_POINT('Ctrl Pts',(8.52807845181476,0.5,3.19197309829122));
#10879=CARTESIAN_POINT('Ctrl Pts',(8.52465244504744,0.5,3.47984575328647));
#10880=CARTESIAN_POINT('Ctrl Pts',(8.52268192506476,0.5,3.64542009614791));
#10881=CARTESIAN_POINT('',(9.17479667401953,0.5,2.62495624207343));
#10882=CARTESIAN_POINT('Ctrl Pts',(9.17479667401953,0.5,2.62495624207343));
#10883=CARTESIAN_POINT('Ctrl Pts',(9.08430379854615,0.5,2.6326845677211));
#10884=CARTESIAN_POINT('Ctrl Pts',(8.90780025508439,0.5,2.64775842690289));
#10885=CARTESIAN_POINT('Ctrl Pts',(8.78186675657199,0.5,2.77185202815496));
#10886=CARTESIAN_POINT('Ctrl Pts',(8.72049901223822,0.5,2.8323231854328));
#10887=CARTESIAN_POINT('',(9.53837070203467,0.5,2.74296434902038));
#10888=CARTESIAN_POINT('Ctrl Pts',(9.53837070203467,0.5,2.74296434902038));
#10889=CARTESIAN_POINT('Ctrl Pts',(9.48571805987407,0.5,2.70856442442153));
#10890=CARTESIAN_POINT('Ctrl Pts',(9.37543619933198,0.5,2.63651319334188));
#10891=CARTESIAN_POINT('Ctrl Pts',(9.24365871155936,0.5,2.62892273477149));
#10892=CARTESIAN_POINT('Ctrl Pts',(9.17479667401953,0.5,2.62495624207343));
#10893=CARTESIAN_POINT('',(9.75460562444373,0.5,3.07720722936477));
#10894=CARTESIAN_POINT('Ctrl Pts',(9.75460562444373,0.5,3.07720722936477));
#10895=CARTESIAN_POINT('Ctrl Pts',(9.72893348653617,0.5,3.01042100056466));
#10896=CARTESIAN_POINT('Ctrl Pts',(9.68020255771571,0.5,2.88364718166556));
#10897=CARTESIAN_POINT('Ctrl Pts',(9.5839269615811,0.5,2.78815154344109));
#10898=CARTESIAN_POINT('Ctrl Pts',(9.53837070203467,0.5,2.74296434902038));
#10899=CARTESIAN_POINT('',(9.82691082692786,0.5,3.64542009614791));
#10900=CARTESIAN_POINT('Ctrl Pts',(9.82691082692786,0.5,3.64542009614791));
#10901=CARTESIAN_POINT('Ctrl Pts',(9.82545125192151,0.5,3.53878526193341));
#10902=CARTESIAN_POINT('Ctrl Pts',(9.8228188114411,0.5,3.34646225490248));
#10903=CARTESIAN_POINT('Ctrl Pts',(9.77563018668975,0.5,3.16019659393865));
#10904=CARTESIAN_POINT('Ctrl Pts',(9.75460562444373,0.5,3.07720722936477));
#10905=CARTESIAN_POINT('',(9.78189084268256,0.5,4.11813499711837));
#10906=CARTESIAN_POINT('Ctrl Pts',(9.78189084268256,0.5,4.11813499711837));
#10907=CARTESIAN_POINT('Ctrl Pts',(9.79497129561952,0.5,4.04971175242605));
#10908=CARTESIAN_POINT('Ctrl Pts',(9.82480307466793,0.5,3.89366309514541));
#10909=CARTESIAN_POINT('Ctrl Pts',(9.82615287733761,0.5,3.73468849972083));
#10910=CARTESIAN_POINT('Ctrl Pts',(9.82691082692786,0.5,3.64542009614791));
#10911=CARTESIAN_POINT('',(9.65774330831214,0.5,4.41554280303801));
#10912=CARTESIAN_POINT('Ctrl Pts',(9.65774330831214,0.5,4.41554280303801));
#10913=CARTESIAN_POINT('Ctrl Pts',(9.68306189123603,0.5,4.37116324035152));
#10914=CARTESIAN_POINT('Ctrl Pts',(9.7366706293032,0.5,4.27719540815698));
#10915=CARTESIAN_POINT('Ctrl Pts',(9.76627052350649,0.5,4.17307888621187));
#10916=CARTESIAN_POINT('Ctrl Pts',(9.78189084268256,0.5,4.11813499711837));
#10917=CARTESIAN_POINT('',(9.45719752050086,0.5,4.60244598172988));
#10918=CARTESIAN_POINT('Ctrl Pts',(9.45719752050086,0.5,4.60244598172988));
#10919=CARTESIAN_POINT('Ctrl Pts',(9.49609418596036,0.5,4.57816860298355));
#10920=CARTESIAN_POINT('Ctrl Pts',(9.57503863127682,0.5,4.52889537669987));
#10921=CARTESIAN_POINT('Ctrl Pts',(9.62990839141547,0.5,4.45369251332046));
#10922=CARTESIAN_POINT('Ctrl Pts',(9.65774330831214,0.5,4.41554280303801));
#10923=CARTESIAN_POINT('',(9.17479667401954,0.5,4.66724815152968));
#10924=CARTESIAN_POINT('Ctrl Pts',(9.17479667401954,0.5,4.66724815152968));
#10925=CARTESIAN_POINT('Ctrl Pts',(9.22590485794331,0.5,4.66501805630624));
#10926=CARTESIAN_POINT('Ctrl Pts',(9.32410481312551,0.5,4.66073312121012));
#10927=CARTESIAN_POINT('Ctrl Pts',(9.41405967992708,0.5,4.62133793591719));
#10928=CARTESIAN_POINT('Ctrl Pts',(9.45719752050086,0.5,4.60244598172988));
#10929=CARTESIAN_POINT('',(8.81258640027686,0.5,4.54992207073058));
#10930=CARTESIAN_POINT('Ctrl Pts',(8.81258640027686,0.5,4.54992207073058));
#10931=CARTESIAN_POINT('Ctrl Pts',(8.86513900761546,0.5,4.58412401841726));
#10932=CARTESIAN_POINT('Ctrl Pts',(8.97508574249791,0.5,4.65567884062697));
#10933=CARTESIAN_POINT('Ctrl Pts',(9.10630034557076,0.5,4.66328013979652));
#10934=CARTESIAN_POINT('Ctrl Pts',(9.17479667401954,0.5,4.66724815152968));
#10935=CARTESIAN_POINT('',(8.59566960073157,0.5,4.21636136554564));
#10936=CARTESIAN_POINT('Ctrl Pts',(8.59566960073157,0.5,4.21636136554564));
#10937=CARTESIAN_POINT('Ctrl Pts',(8.62151559982498,0.5,4.28310425157988));
#10938=CARTESIAN_POINT('Ctrl Pts',(8.67053659752056,0.5,4.40969262027307));
#10939=CARTESIAN_POINT('Ctrl Pts',(8.76698824872925,0.5,4.50490825438358));
#10940=CARTESIAN_POINT('Ctrl Pts',(8.81258640027686,0.5,4.54992207073058));
#10941=CARTESIAN_POINT('Ctrl Pts',(8.52268192506476,0.5,3.64542009614791));
#10942=CARTESIAN_POINT('Ctrl Pts',(8.5241267491969,0.5,3.75275045836243));
#10943=CARTESIAN_POINT('Ctrl Pts',(8.5267286456044,0.5,3.94603521714347));
#10944=CARTESIAN_POINT('Ctrl Pts',(8.57444844287031,0.5,4.13315053885073));
#10945=CARTESIAN_POINT('Ctrl Pts',(8.59566960073157,0.5,4.21636136554564));
#10946=CARTESIAN_POINT('',(8.90194508767768,0.5,4.32072701238479));
#10947=CARTESIAN_POINT('',(8.77506944871588,0.5,3.64542009614791));
#10948=CARTESIAN_POINT('Ctrl Pts',(8.90194508767768,0.5,4.32072701238479));
#10949=CARTESIAN_POINT('Ctrl Pts',(8.86529445350085,0.5,4.23505178362722));
#10950=CARTESIAN_POINT('Ctrl Pts',(8.77358067692334,0.5,4.02065989205478));
#10951=CARTESIAN_POINT('Ctrl Pts',(8.77451093819676,0.5,3.78619074633095));
#10952=CARTESIAN_POINT('Ctrl Pts',(8.77506944871588,0.5,3.64542009614791));
#10953=CARTESIAN_POINT('',(9.17206797338172,0.5,4.46397396110381));
#10954=CARTESIAN_POINT('Ctrl Pts',(9.17206797338172,0.5,4.46397396110381));
#10955=CARTESIAN_POINT('Ctrl Pts',(9.11834862119033,0.5,4.45775871042565));
#10956=CARTESIAN_POINT('Ctrl Pts',(9.00977053745068,0.5,4.44519638453996));
#10957=CARTESIAN_POINT('Ctrl Pts',(8.93813746815663,0.5,4.36250604400023));
#10958=CARTESIAN_POINT('Ctrl Pts',(8.90194508767768,0.5,4.32072701238479));
#10959=CARTESIAN_POINT('',(9.459243747956,0.5,4.30162744902457));
#10960=CARTESIAN_POINT('Ctrl Pts',(9.459243747956,0.5,4.30162744902457));
#10961=CARTESIAN_POINT('Ctrl Pts',(9.4198094547726,0.5,4.34895174166725));
#10962=CARTESIAN_POINT('Ctrl Pts',(9.34423026296322,0.5,4.43965279149335));
#10963=CARTESIAN_POINT('Ctrl Pts',(9.22776579539926,0.5,4.45610559353322));
#10964=CARTESIAN_POINT('Ctrl Pts',(9.17206797338172,0.5,4.46397396110381));
#10965=CARTESIAN_POINT('',(9.57452389932318,0.5,3.64542009614791));
#10966=CARTESIAN_POINT('Ctrl Pts',(9.57452389932318,0.5,3.64542009614791));
#10967=CARTESIAN_POINT('Ctrl Pts',(9.57597012098328,0.5,3.78470642400341));
#10968=CARTESIAN_POINT('Ctrl Pts',(9.57832909759612,0.5,4.01190063562842));
#10969=CARTESIAN_POINT('Ctrl Pts',(9.4924664437991,0.5,4.22079881789455));
#10970=CARTESIAN_POINT('Ctrl Pts',(9.459243747956,0.5,4.30162744902457));
#10971=CARTESIAN_POINT('',(9.459243747956,0.5,2.99057694457854));
#10972=CARTESIAN_POINT('Ctrl Pts',(9.459243747956,0.5,2.99057694457854));
#10973=CARTESIAN_POINT('Ctrl Pts',(9.49247461560928,0.5,3.07151788511126));
#10974=CARTESIAN_POINT('Ctrl Pts',(9.57807621694645,0.5,3.28001903517539));
#10975=CARTESIAN_POINT('Ctrl Pts',(9.57587226731435,0.5,3.50672329400216));
#10976=CARTESIAN_POINT('Ctrl Pts',(9.57452389932318,0.5,3.64542009614791));
#10977=CARTESIAN_POINT('',(9.17479667401953,0.5,2.82686608218039));
#10978=CARTESIAN_POINT('Ctrl Pts',(9.17479667401953,0.5,2.82686608218039));
#10979=CARTESIAN_POINT('Ctrl Pts',(9.22979825174698,0.5,2.8349529038387));
#10980=CARTESIAN_POINT('Ctrl Pts',(9.34558452533514,0.5,2.85197683267267));
#10981=CARTESIAN_POINT('Ctrl Pts',(9.42011647068987,0.5,2.94286374645342));
#10982=CARTESIAN_POINT('Ctrl Pts',(9.459243747956,0.5,2.99057694457854));
#10983=CARTESIAN_POINT('',(8.89034900403662,0.5,2.98989476941909));
#10984=CARTESIAN_POINT('Ctrl Pts',(8.89034900403662,0.5,2.98989476941909));
#10985=CARTESIAN_POINT('Ctrl Pts',(8.92950535861401,0.5,2.94237911040572));
#10986=CARTESIAN_POINT('Ctrl Pts',(9.004153429582,0.5,2.85179477679239));
#10987=CARTESIAN_POINT('Ctrl Pts',(9.119808174579,0.5,2.83489916614011));
#10988=CARTESIAN_POINT('Ctrl Pts',(9.17479667401953,0.5,2.82686608218039));
#10989=CARTESIAN_POINT('Ctrl Pts',(8.77506944871588,0.5,3.64542009614791));
#10990=CARTESIAN_POINT('Ctrl Pts',(8.77367228714381,0.5,3.50642856341694));
#10991=CARTESIAN_POINT('Ctrl Pts',(8.77139096397302,0.5,3.27947943276555));
#10992=CARTESIAN_POINT('Ctrl Pts',(8.8571224562751,0.5,3.07077958092524));
#10993=CARTESIAN_POINT('Ctrl Pts',(8.89034900403662,0.5,2.98989476941909));
#10994=CARTESIAN_POINT('Ctrl Pts',(8.72049901223822,0.,2.8323231854328));
#10995=CARTESIAN_POINT('Ctrl Pts',(8.72049901223822,0.5,2.8323231854328));
#10996=CARTESIAN_POINT('Ctrl Pts',(8.66312608327559,0.,2.93955792613013));
#10997=CARTESIAN_POINT('Ctrl Pts',(8.66312608327559,0.5,2.93955792613013));
#10998=CARTESIAN_POINT('Ctrl Pts',(8.52807845181476,0.,3.19197309829122));
#10999=CARTESIAN_POINT('Ctrl Pts',(8.52807845181476,0.5,3.19197309829122));
#11000=CARTESIAN_POINT('Ctrl Pts',(8.52465244504744,0.,3.47984575328647));
#11001=CARTESIAN_POINT('Ctrl Pts',(8.52465244504744,0.5,3.47984575328647));
#11002=CARTESIAN_POINT('Ctrl Pts',(8.52268192506476,0.,3.64542009614791));
#11003=CARTESIAN_POINT('Ctrl Pts',(8.52268192506476,0.5,3.64542009614791));
#11004=CARTESIAN_POINT('',(8.72049901223822,0.,2.8323231854328));
#11005=CARTESIAN_POINT('',(8.52268192506476,0.,3.64542009614791));
#11006=CARTESIAN_POINT('Ctrl Pts',(8.52268192506476,0.,3.64542009614791));
#11007=CARTESIAN_POINT('Ctrl Pts',(8.52268192506476,0.5,3.64542009614791));
#11008=CARTESIAN_POINT('Ctrl Pts',(8.5241267491969,0.,3.75275045836243));
#11009=CARTESIAN_POINT('Ctrl Pts',(8.5241267491969,0.5,3.75275045836243));
#11010=CARTESIAN_POINT('Ctrl Pts',(8.5267286456044,0.,3.94603521714347));
#11011=CARTESIAN_POINT('Ctrl Pts',(8.5267286456044,0.5,3.94603521714347));
#11012=CARTESIAN_POINT('Ctrl Pts',(8.57444844287031,0.,4.13315053885073));
#11013=CARTESIAN_POINT('Ctrl Pts',(8.57444844287031,0.5,4.13315053885073));
#11014=CARTESIAN_POINT('Ctrl Pts',(8.59566960073157,0.,4.21636136554564));
#11015=CARTESIAN_POINT('Ctrl Pts',(8.59566960073157,0.5,4.21636136554564));
#11016=CARTESIAN_POINT('',(8.59566960073157,0.,4.21636136554564));
#11017=CARTESIAN_POINT('Ctrl Pts',(8.59566960073157,0.,4.21636136554564));
#11018=CARTESIAN_POINT('Ctrl Pts',(8.59566960073157,0.5,4.21636136554564));
#11019=CARTESIAN_POINT('Ctrl Pts',(8.62151559982498,0.,4.28310425157988));
#11020=CARTESIAN_POINT('Ctrl Pts',(8.62151559982498,0.5,4.28310425157988));
#11021=CARTESIAN_POINT('Ctrl Pts',(8.67053659752056,0.,4.40969262027307));
#11022=CARTESIAN_POINT('Ctrl Pts',(8.67053659752056,0.5,4.40969262027307));
#11023=CARTESIAN_POINT('Ctrl Pts',(8.76698824872925,0.,4.50490825438358));
#11024=CARTESIAN_POINT('Ctrl Pts',(8.76698824872925,0.5,4.50490825438358));
#11025=CARTESIAN_POINT('Ctrl Pts',(8.81258640027686,0.,4.54992207073058));
#11026=CARTESIAN_POINT('Ctrl Pts',(8.81258640027686,0.5,4.54992207073058));
#11027=CARTESIAN_POINT('',(8.81258640027686,0.,4.54992207073058));
#11028=CARTESIAN_POINT('Ctrl Pts',(8.81258640027686,0.,4.54992207073058));
#11029=CARTESIAN_POINT('Ctrl Pts',(8.81258640027686,0.5,4.54992207073058));
#11030=CARTESIAN_POINT('Ctrl Pts',(8.86513900761546,0.,4.58412401841726));
#11031=CARTESIAN_POINT('Ctrl Pts',(8.86513900761546,0.5,4.58412401841726));
#11032=CARTESIAN_POINT('Ctrl Pts',(8.97508574249791,0.,4.65567884062697));
#11033=CARTESIAN_POINT('Ctrl Pts',(8.97508574249791,0.5,4.65567884062697));
#11034=CARTESIAN_POINT('Ctrl Pts',(9.10630034557076,0.,4.66328013979652));
#11035=CARTESIAN_POINT('Ctrl Pts',(9.10630034557076,0.5,4.66328013979652));
#11036=CARTESIAN_POINT('Ctrl Pts',(9.17479667401954,0.,4.66724815152968));
#11037=CARTESIAN_POINT('Ctrl Pts',(9.17479667401954,0.5,4.66724815152968));
#11038=CARTESIAN_POINT('',(9.17479667401954,0.,4.66724815152968));
#11039=CARTESIAN_POINT('Ctrl Pts',(9.17479667401954,0.,4.66724815152968));
#11040=CARTESIAN_POINT('Ctrl Pts',(9.17479667401954,0.5,4.66724815152968));
#11041=CARTESIAN_POINT('Ctrl Pts',(9.22590485794331,0.,4.66501805630624));
#11042=CARTESIAN_POINT('Ctrl Pts',(9.22590485794331,0.5,4.66501805630624));
#11043=CARTESIAN_POINT('Ctrl Pts',(9.32410481312551,0.,4.66073312121012));
#11044=CARTESIAN_POINT('Ctrl Pts',(9.32410481312551,0.5,4.66073312121012));
#11045=CARTESIAN_POINT('Ctrl Pts',(9.41405967992708,0.,4.62133793591719));
#11046=CARTESIAN_POINT('Ctrl Pts',(9.41405967992708,0.5,4.62133793591719));
#11047=CARTESIAN_POINT('Ctrl Pts',(9.45719752050086,0.,4.60244598172988));
#11048=CARTESIAN_POINT('Ctrl Pts',(9.45719752050086,0.5,4.60244598172988));
#11049=CARTESIAN_POINT('',(9.45719752050086,0.,4.60244598172988));
#11050=CARTESIAN_POINT('Ctrl Pts',(9.45719752050086,0.,4.60244598172988));
#11051=CARTESIAN_POINT('Ctrl Pts',(9.45719752050086,0.5,4.60244598172988));
#11052=CARTESIAN_POINT('Ctrl Pts',(9.49609418596036,0.,4.57816860298355));
#11053=CARTESIAN_POINT('Ctrl Pts',(9.49609418596036,0.5,4.57816860298355));
#11054=CARTESIAN_POINT('Ctrl Pts',(9.57503863127682,0.,4.52889537669987));
#11055=CARTESIAN_POINT('Ctrl Pts',(9.57503863127682,0.5,4.52889537669987));
#11056=CARTESIAN_POINT('Ctrl Pts',(9.62990839141547,0.,4.45369251332046));
#11057=CARTESIAN_POINT('Ctrl Pts',(9.62990839141547,0.5,4.45369251332046));
#11058=CARTESIAN_POINT('Ctrl Pts',(9.65774330831214,0.,4.41554280303801));
#11059=CARTESIAN_POINT('Ctrl Pts',(9.65774330831214,0.5,4.41554280303801));
#11060=CARTESIAN_POINT('',(9.65774330831214,0.,4.41554280303801));
#11061=CARTESIAN_POINT('Ctrl Pts',(9.65774330831214,0.,4.41554280303801));
#11062=CARTESIAN_POINT('Ctrl Pts',(9.65774330831214,0.5,4.41554280303801));
#11063=CARTESIAN_POINT('Ctrl Pts',(9.68306189123603,0.,4.37116324035152));
#11064=CARTESIAN_POINT('Ctrl Pts',(9.68306189123603,0.5,4.37116324035152));
#11065=CARTESIAN_POINT('Ctrl Pts',(9.7366706293032,0.,4.27719540815698));
#11066=CARTESIAN_POINT('Ctrl Pts',(9.7366706293032,0.5,4.27719540815698));
#11067=CARTESIAN_POINT('Ctrl Pts',(9.76627052350649,0.,4.17307888621187));
#11068=CARTESIAN_POINT('Ctrl Pts',(9.76627052350649,0.5,4.17307888621187));
#11069=CARTESIAN_POINT('Ctrl Pts',(9.78189084268256,0.,4.11813499711837));
#11070=CARTESIAN_POINT('Ctrl Pts',(9.78189084268256,0.5,4.11813499711837));
#11071=CARTESIAN_POINT('',(9.78189084268256,0.,4.11813499711837));
#11072=CARTESIAN_POINT('Ctrl Pts',(9.78189084268256,0.,4.11813499711837));
#11073=CARTESIAN_POINT('Ctrl Pts',(9.78189084268256,0.5,4.11813499711837));
#11074=CARTESIAN_POINT('Ctrl Pts',(9.79497129561952,0.,4.04971175242605));
#11075=CARTESIAN_POINT('Ctrl Pts',(9.79497129561952,0.5,4.04971175242605));
#11076=CARTESIAN_POINT('Ctrl Pts',(9.82480307466793,0.,3.89366309514541));
#11077=CARTESIAN_POINT('Ctrl Pts',(9.82480307466793,0.5,3.89366309514541));
#11078=CARTESIAN_POINT('Ctrl Pts',(9.82615287733761,0.,3.73468849972083));
#11079=CARTESIAN_POINT('Ctrl Pts',(9.82615287733761,0.5,3.73468849972083));
#11080=CARTESIAN_POINT('Ctrl Pts',(9.82691082692786,0.,3.64542009614791));
#11081=CARTESIAN_POINT('Ctrl Pts',(9.82691082692786,0.5,3.64542009614791));
#11082=CARTESIAN_POINT('',(9.82691082692786,0.,3.64542009614791));
#11083=CARTESIAN_POINT('Ctrl Pts',(9.82691082692786,0.,3.64542009614791));
#11084=CARTESIAN_POINT('Ctrl Pts',(9.82691082692786,0.5,3.64542009614791));
#11085=CARTESIAN_POINT('Ctrl Pts',(9.82545125192151,0.,3.53878526193341));
#11086=CARTESIAN_POINT('Ctrl Pts',(9.82545125192151,0.5,3.53878526193341));
#11087=CARTESIAN_POINT('Ctrl Pts',(9.8228188114411,0.,3.34646225490248));
#11088=CARTESIAN_POINT('Ctrl Pts',(9.8228188114411,0.5,3.34646225490248));
#11089=CARTESIAN_POINT('Ctrl Pts',(9.77563018668975,0.,3.16019659393865));
#11090=CARTESIAN_POINT('Ctrl Pts',(9.77563018668975,0.5,3.16019659393865));
#11091=CARTESIAN_POINT('Ctrl Pts',(9.75460562444373,0.,3.07720722936477));
#11092=CARTESIAN_POINT('Ctrl Pts',(9.75460562444373,0.5,3.07720722936477));
#11093=CARTESIAN_POINT('',(9.75460562444373,0.,3.07720722936477));
#11094=CARTESIAN_POINT('Ctrl Pts',(9.75460562444373,0.,3.07720722936477));
#11095=CARTESIAN_POINT('Ctrl Pts',(9.75460562444373,0.5,3.07720722936477));
#11096=CARTESIAN_POINT('Ctrl Pts',(9.72893348653617,0.,3.01042100056466));
#11097=CARTESIAN_POINT('Ctrl Pts',(9.72893348653617,0.5,3.01042100056466));
#11098=CARTESIAN_POINT('Ctrl Pts',(9.68020255771571,0.,2.88364718166556));
#11099=CARTESIAN_POINT('Ctrl Pts',(9.68020255771571,0.5,2.88364718166556));
#11100=CARTESIAN_POINT('Ctrl Pts',(9.5839269615811,0.,2.78815154344109));
#11101=CARTESIAN_POINT('Ctrl Pts',(9.5839269615811,0.5,2.78815154344109));
#11102=CARTESIAN_POINT('Ctrl Pts',(9.53837070203467,0.,2.74296434902038));
#11103=CARTESIAN_POINT('Ctrl Pts',(9.53837070203467,0.5,2.74296434902038));
#11104=CARTESIAN_POINT('',(9.53837070203467,0.,2.74296434902038));
#11105=CARTESIAN_POINT('Ctrl Pts',(9.53837070203467,0.,2.74296434902038));
#11106=CARTESIAN_POINT('Ctrl Pts',(9.53837070203467,0.5,2.74296434902038));
#11107=CARTESIAN_POINT('Ctrl Pts',(9.48571805987407,0.,2.70856442442153));
#11108=CARTESIAN_POINT('Ctrl Pts',(9.48571805987407,0.5,2.70856442442153));
#11109=CARTESIAN_POINT('Ctrl Pts',(9.37543619933198,0.,2.63651319334188));
#11110=CARTESIAN_POINT('Ctrl Pts',(9.37543619933198,0.5,2.63651319334188));
#11111=CARTESIAN_POINT('Ctrl Pts',(9.24365871155936,0.,2.62892273477149));
#11112=CARTESIAN_POINT('Ctrl Pts',(9.24365871155936,0.5,2.62892273477149));
#11113=CARTESIAN_POINT('Ctrl Pts',(9.17479667401953,0.,2.62495624207343));
#11114=CARTESIAN_POINT('Ctrl Pts',(9.17479667401953,0.5,2.62495624207343));
#11115=CARTESIAN_POINT('',(9.17479667401953,0.,2.62495624207343));
#11116=CARTESIAN_POINT('Ctrl Pts',(9.17479667401953,0.,2.62495624207343));
#11117=CARTESIAN_POINT('Ctrl Pts',(9.17479667401953,0.5,2.62495624207343));
#11118=CARTESIAN_POINT('Ctrl Pts',(9.08430379854615,0.,2.6326845677211));
#11119=CARTESIAN_POINT('Ctrl Pts',(9.08430379854615,0.5,2.6326845677211));
#11120=CARTESIAN_POINT('Ctrl Pts',(8.90780025508439,0.,2.64775842690289));
#11121=CARTESIAN_POINT('Ctrl Pts',(8.90780025508439,0.5,2.64775842690289));
#11122=CARTESIAN_POINT('Ctrl Pts',(8.78186675657199,0.,2.77185202815496));
#11123=CARTESIAN_POINT('Ctrl Pts',(8.78186675657199,0.5,2.77185202815496));
#11124=CARTESIAN_POINT('Ctrl Pts',(8.72049901223822,0.,2.8323231854328));
#11125=CARTESIAN_POINT('Ctrl Pts',(8.72049901223822,0.5,2.8323231854328));
#11126=CARTESIAN_POINT('Ctrl Pts',(8.90194508767768,0.,4.32072701238479));
#11127=CARTESIAN_POINT('Ctrl Pts',(8.90194508767768,0.5,4.32072701238479));
#11128=CARTESIAN_POINT('Ctrl Pts',(8.86529445350085,0.,4.23505178362722));
#11129=CARTESIAN_POINT('Ctrl Pts',(8.86529445350085,0.5,4.23505178362722));
#11130=CARTESIAN_POINT('Ctrl Pts',(8.77358067692334,0.,4.02065989205478));
#11131=CARTESIAN_POINT('Ctrl Pts',(8.77358067692334,0.5,4.02065989205478));
#11132=CARTESIAN_POINT('Ctrl Pts',(8.77451093819676,0.,3.78619074633095));
#11133=CARTESIAN_POINT('Ctrl Pts',(8.77451093819676,0.5,3.78619074633095));
#11134=CARTESIAN_POINT('Ctrl Pts',(8.77506944871588,0.,3.64542009614791));
#11135=CARTESIAN_POINT('Ctrl Pts',(8.77506944871588,0.5,3.64542009614791));
#11136=CARTESIAN_POINT('',(8.90194508767768,0.,4.32072701238479));
#11137=CARTESIAN_POINT('',(8.77506944871588,0.,3.64542009614791));
#11138=CARTESIAN_POINT('Ctrl Pts',(8.77506944871588,0.,3.64542009614791));
#11139=CARTESIAN_POINT('Ctrl Pts',(8.77506944871588,0.5,3.64542009614791));
#11140=CARTESIAN_POINT('Ctrl Pts',(8.77367228714381,0.,3.50642856341694));
#11141=CARTESIAN_POINT('Ctrl Pts',(8.77367228714381,0.5,3.50642856341694));
#11142=CARTESIAN_POINT('Ctrl Pts',(8.77139096397302,0.,3.27947943276555));
#11143=CARTESIAN_POINT('Ctrl Pts',(8.77139096397302,0.5,3.27947943276555));
#11144=CARTESIAN_POINT('Ctrl Pts',(8.8571224562751,0.,3.07077958092524));
#11145=CARTESIAN_POINT('Ctrl Pts',(8.8571224562751,0.5,3.07077958092524));
#11146=CARTESIAN_POINT('Ctrl Pts',(8.89034900403662,0.,2.98989476941909));
#11147=CARTESIAN_POINT('Ctrl Pts',(8.89034900403662,0.5,2.98989476941909));
#11148=CARTESIAN_POINT('',(8.89034900403662,0.,2.98989476941909));
#11149=CARTESIAN_POINT('Ctrl Pts',(8.89034900403662,0.,2.98989476941909));
#11150=CARTESIAN_POINT('Ctrl Pts',(8.89034900403662,0.5,2.98989476941909));
#11151=CARTESIAN_POINT('Ctrl Pts',(8.92950535861401,0.,2.94237911040572));
#11152=CARTESIAN_POINT('Ctrl Pts',(8.92950535861401,0.5,2.94237911040572));
#11153=CARTESIAN_POINT('Ctrl Pts',(9.004153429582,0.,2.85179477679239));
#11154=CARTESIAN_POINT('Ctrl Pts',(9.004153429582,0.5,2.85179477679239));
#11155=CARTESIAN_POINT('Ctrl Pts',(9.119808174579,0.,2.83489916614011));
#11156=CARTESIAN_POINT('Ctrl Pts',(9.119808174579,0.5,2.83489916614011));
#11157=CARTESIAN_POINT('Ctrl Pts',(9.17479667401953,0.,2.82686608218039));
#11158=CARTESIAN_POINT('Ctrl Pts',(9.17479667401953,0.5,2.82686608218039));
#11159=CARTESIAN_POINT('',(9.17479667401953,0.,2.82686608218039));
#11160=CARTESIAN_POINT('Ctrl Pts',(9.17479667401953,0.,2.82686608218039));
#11161=CARTESIAN_POINT('Ctrl Pts',(9.17479667401953,0.5,2.82686608218039));
#11162=CARTESIAN_POINT('Ctrl Pts',(9.22979825174698,0.,2.8349529038387));
#11163=CARTESIAN_POINT('Ctrl Pts',(9.22979825174698,0.5,2.8349529038387));
#11164=CARTESIAN_POINT('Ctrl Pts',(9.34558452533514,0.,2.85197683267267));
#11165=CARTESIAN_POINT('Ctrl Pts',(9.34558452533514,0.5,2.85197683267267));
#11166=CARTESIAN_POINT('Ctrl Pts',(9.42011647068987,0.,2.94286374645342));
#11167=CARTESIAN_POINT('Ctrl Pts',(9.42011647068987,0.5,2.94286374645342));
#11168=CARTESIAN_POINT('Ctrl Pts',(9.459243747956,0.,2.99057694457854));
#11169=CARTESIAN_POINT('Ctrl Pts',(9.459243747956,0.5,2.99057694457854));
#11170=CARTESIAN_POINT('',(9.459243747956,0.,2.99057694457854));
#11171=CARTESIAN_POINT('Ctrl Pts',(9.459243747956,0.,2.99057694457854));
#11172=CARTESIAN_POINT('Ctrl Pts',(9.459243747956,0.5,2.99057694457854));
#11173=CARTESIAN_POINT('Ctrl Pts',(9.49247461560928,0.,3.07151788511126));
#11174=CARTESIAN_POINT('Ctrl Pts',(9.49247461560928,0.5,3.07151788511126));
#11175=CARTESIAN_POINT('Ctrl Pts',(9.57807621694645,0.,3.28001903517539));
#11176=CARTESIAN_POINT('Ctrl Pts',(9.57807621694645,0.5,3.28001903517539));
#11177=CARTESIAN_POINT('Ctrl Pts',(9.57587226731435,0.,3.50672329400216));
#11178=CARTESIAN_POINT('Ctrl Pts',(9.57587226731435,0.5,3.50672329400216));
#11179=CARTESIAN_POINT('Ctrl Pts',(9.57452389932318,0.,3.64542009614791));
#11180=CARTESIAN_POINT('Ctrl Pts',(9.57452389932318,0.5,3.64542009614791));
#11181=CARTESIAN_POINT('',(9.57452389932318,0.,3.64542009614791));
#11182=CARTESIAN_POINT('Ctrl Pts',(9.57452389932318,0.,3.64542009614791));
#11183=CARTESIAN_POINT('Ctrl Pts',(9.57452389932318,0.5,3.64542009614791));
#11184=CARTESIAN_POINT('Ctrl Pts',(9.57597012098328,0.,3.78470642400341));
#11185=CARTESIAN_POINT('Ctrl Pts',(9.57597012098328,0.5,3.78470642400341));
#11186=CARTESIAN_POINT('Ctrl Pts',(9.57832909759612,0.,4.01190063562842));
#11187=CARTESIAN_POINT('Ctrl Pts',(9.57832909759612,0.5,4.01190063562842));
#11188=CARTESIAN_POINT('Ctrl Pts',(9.4924664437991,0.,4.22079881789455));
#11189=CARTESIAN_POINT('Ctrl Pts',(9.4924664437991,0.5,4.22079881789455));
#11190=CARTESIAN_POINT('Ctrl Pts',(9.459243747956,0.,4.30162744902457));
#11191=CARTESIAN_POINT('Ctrl Pts',(9.459243747956,0.5,4.30162744902457));
#11192=CARTESIAN_POINT('',(9.459243747956,0.,4.30162744902457));
#11193=CARTESIAN_POINT('Ctrl Pts',(9.459243747956,0.,4.30162744902457));
#11194=CARTESIAN_POINT('Ctrl Pts',(9.459243747956,0.5,4.30162744902457));
#11195=CARTESIAN_POINT('Ctrl Pts',(9.4198094547726,0.,4.34895174166725));
#11196=CARTESIAN_POINT('Ctrl Pts',(9.4198094547726,0.5,4.34895174166725));
#11197=CARTESIAN_POINT('Ctrl Pts',(9.34423026296322,0.,4.43965279149335));
#11198=CARTESIAN_POINT('Ctrl Pts',(9.34423026296322,0.5,4.43965279149335));
#11199=CARTESIAN_POINT('Ctrl Pts',(9.22776579539926,0.,4.45610559353322));
#11200=CARTESIAN_POINT('Ctrl Pts',(9.22776579539926,0.5,4.45610559353322));
#11201=CARTESIAN_POINT('Ctrl Pts',(9.17206797338172,0.,4.46397396110381));
#11202=CARTESIAN_POINT('Ctrl Pts',(9.17206797338172,0.5,4.46397396110381));
#11203=CARTESIAN_POINT('',(9.17206797338172,0.,4.46397396110381));
#11204=CARTESIAN_POINT('Ctrl Pts',(9.17206797338172,0.,4.46397396110381));
#11205=CARTESIAN_POINT('Ctrl Pts',(9.17206797338172,0.5,4.46397396110381));
#11206=CARTESIAN_POINT('Ctrl Pts',(9.11834862119033,0.,4.45775871042565));
#11207=CARTESIAN_POINT('Ctrl Pts',(9.11834862119033,0.5,4.45775871042565));
#11208=CARTESIAN_POINT('Ctrl Pts',(9.00977053745068,0.,4.44519638453996));
#11209=CARTESIAN_POINT('Ctrl Pts',(9.00977053745068,0.5,4.44519638453996));
#11210=CARTESIAN_POINT('Ctrl Pts',(8.93813746815663,0.,4.36250604400023));
#11211=CARTESIAN_POINT('Ctrl Pts',(8.93813746815663,0.5,4.36250604400023));
#11212=CARTESIAN_POINT('Ctrl Pts',(8.90194508767768,0.,4.32072701238479));
#11213=CARTESIAN_POINT('Ctrl Pts',(8.90194508767768,0.5,4.32072701238479));
#11214=CARTESIAN_POINT('Origin',(6.56088074840686,0.5,3.64610219680156));
#11215=CARTESIAN_POINT('',(8.06224498487159,0.5,4.53491526030387));
#11216=CARTESIAN_POINT('',(8.24300918317481,0.5,4.16929455779876));
#11217=CARTESIAN_POINT('Ctrl Pts',(8.06224498487159,0.5,4.53491526030387));
#11218=CARTESIAN_POINT('Ctrl Pts',(8.10764662099373,0.5,4.48502228805894));
#11219=CARTESIAN_POINT('Ctrl Pts',(8.20260934958594,0.5,4.38066541490116));
#11220=CARTESIAN_POINT('Ctrl Pts',(8.22915499724507,0.5,4.24177929088518));
#11221=CARTESIAN_POINT('Ctrl Pts',(8.24300918317481,0.5,4.16929455779876));
#11222=CARTESIAN_POINT('',(7.6754781935279,0.5,4.66724815152968));
#11223=CARTESIAN_POINT('Ctrl Pts',(7.6754781935279,0.5,4.66724815152968));
#11224=CARTESIAN_POINT('Ctrl Pts',(7.74935421868972,0.5,4.66278969435));
#11225=CARTESIAN_POINT('Ctrl Pts',(7.8907825342893,0.5,4.65425442072483));
#11226=CARTESIAN_POINT('Ctrl Pts',(8.00682031422614,0.5,4.57349124961799));
#11227=CARTESIAN_POINT('Ctrl Pts',(8.06224498487159,0.5,4.53491526030387));
#11228=CARTESIAN_POINT('',(7.17206779456778,0.5,4.43805309318389));
#11229=CARTESIAN_POINT('Ctrl Pts',(7.17206779456778,0.5,4.43805309318389));
#11230=CARTESIAN_POINT('Ctrl Pts',(7.24077077262359,0.5,4.50489440415444));
#11231=CARTESIAN_POINT('Ctrl Pts',(7.38093382555013,0.5,4.64125941295558));
#11232=CARTESIAN_POINT('Ctrl Pts',(7.57601759672296,0.5,4.65847237534855));
#11233=CARTESIAN_POINT('Ctrl Pts',(7.6754781935279,0.5,4.66724815152968));
#11234=CARTESIAN_POINT('',(6.95787939763709,0.5,3.59494256161536));
#11235=CARTESIAN_POINT('Ctrl Pts',(6.95787939763709,0.5,3.59494256161536));
#11236=CARTESIAN_POINT('Ctrl Pts',(6.96047078783127,0.5,3.7661019064785));
#11237=CARTESIAN_POINT('Ctrl Pts',(6.96500872339425,0.5,4.06582908756273));
#11238=CARTESIAN_POINT('Ctrl Pts',(7.10991172065821,0.5,4.3263169462323));
#11239=CARTESIAN_POINT('Ctrl Pts',(7.17206779456778,0.5,4.43805309318389));
#11240=CARTESIAN_POINT('',(7.15160373187705,0.5,2.85074072264518));
#11241=CARTESIAN_POINT('Ctrl Pts',(7.15160373187705,0.5,2.85074072264518));
#11242=CARTESIAN_POINT('Ctrl Pts',(7.09540898658923,0.5,2.94815263507276));
#11243=CARTESIAN_POINT('Ctrl Pts',(6.96349136840198,0.5,3.17682788584032));
#11244=CARTESIAN_POINT('Ctrl Pts',(6.95992598569282,0.5,3.44246341708337));
#11245=CARTESIAN_POINT('Ctrl Pts',(6.95787939763709,0.5,3.59494256161536));
#11246=CARTESIAN_POINT('',(7.65228602624579,0.5,2.62495624207343));
#11247=CARTESIAN_POINT('Ctrl Pts',(7.65228602624579,0.5,2.62495624207343));
#11248=CARTESIAN_POINT('Ctrl Pts',(7.55498132529382,0.5,2.63402072988712));
#11249=CARTESIAN_POINT('Ctrl Pts',(7.3621075181324,0.5,2.6519880249663));
#11250=CARTESIAN_POINT('Ctrl Pts',(7.22134945199555,0.5,2.78488846282743));
#11251=CARTESIAN_POINT('Ctrl Pts',(7.15160373187705,0.5,2.85074072264518));
#11252=CARTESIAN_POINT('',(7.97425034976645,0.5,2.7109043517002));
#11253=CARTESIAN_POINT('Ctrl Pts',(7.97425034976645,0.5,2.7109043517002));
#11254=CARTESIAN_POINT('Ctrl Pts',(7.92473958499327,0.5,2.68583937848786));
#11255=CARTESIAN_POINT('Ctrl Pts',(7.8235223692446,0.5,2.63459785933559));
#11256=CARTESIAN_POINT('Ctrl Pts',(7.71018434744195,0.5,2.62821625944661));
#11257=CARTESIAN_POINT('Ctrl Pts',(7.65228602624579,0.5,2.62495624207343));
#11258=CARTESIAN_POINT('',(8.19730642772361,0.5,2.95851694725837));
#11259=CARTESIAN_POINT('Ctrl Pts',(8.19730642772361,0.5,2.95851694725837));
#11260=CARTESIAN_POINT('Ctrl Pts',(8.16828498298863,0.5,2.90813147059095));
#11261=CARTESIAN_POINT('Ctrl Pts',(8.11154512243429,0.5,2.80962276621113));
#11262=CARTESIAN_POINT('Ctrl Pts',(8.01930920914683,0.5,2.74330281138857));
#11263=CARTESIAN_POINT('Ctrl Pts',(7.97425034976645,0.5,2.7109043517002));
#11264=CARTESIAN_POINT('',(8.27847960925742,0.5,3.30844866417731));
#11265=CARTESIAN_POINT('Ctrl Pts',(8.27847960925742,0.5,3.30844866417731));
#11266=CARTESIAN_POINT('Ctrl Pts',(8.2752402346855,0.5,3.2470874888661));
#11267=CARTESIAN_POINT('Ctrl Pts',(8.26882813606424,0.5,3.12562765182767));
#11268=CARTESIAN_POINT('Ctrl Pts',(8.22098121565664,0.5,3.01383316640089));
#11269=CARTESIAN_POINT('Ctrl Pts',(8.19730642772361,0.5,2.95851694725837));
#11270=CARTESIAN_POINT('',(8.10590121484442,0.5,3.77570646189536));
#11271=CARTESIAN_POINT('Ctrl Pts',(8.10590121484442,0.5,3.77570646189536));
#11272=CARTESIAN_POINT('Ctrl Pts',(8.15621658320786,0.5,3.70935145046004));
#11273=CARTESIAN_POINT('Ctrl Pts',(8.26082510829479,0.5,3.57139559116398));
#11274=CARTESIAN_POINT('Ctrl Pts',(8.27244746046756,0.5,3.39829175805898));
#11275=CARTESIAN_POINT('Ctrl Pts',(8.27847960925742,0.5,3.30844866417731));
#11276=CARTESIAN_POINT('',(7.68775675035163,0.5,3.95647051118697));
#11277=CARTESIAN_POINT('Ctrl Pts',(7.68775675035163,0.5,3.95647051118697));
#11278=CARTESIAN_POINT('Ctrl Pts',(7.76671223247416,0.5,3.94879014751268));
#11279=CARTESIAN_POINT('Ctrl Pts',(7.92541172914922,0.5,3.93335271598005));
#11280=CARTESIAN_POINT('Ctrl Pts',(8.04553909343564,0.5,3.82842899192002));
#11281=CARTESIAN_POINT('Ctrl Pts',(8.10590121484442,0.5,3.77570646189536));
#11282=CARTESIAN_POINT('',(7.41899821496649,0.5,3.89098616622771));
#11283=CARTESIAN_POINT('Ctrl Pts',(7.41899821496649,0.5,3.89098616622771));
#11284=CARTESIAN_POINT('Ctrl Pts',(7.46210554439708,0.5,3.91008550691507));
#11285=CARTESIAN_POINT('Ctrl Pts',(7.54777489860959,0.5,3.9480425829897));
#11286=CARTESIAN_POINT('Ctrl Pts',(7.64129455763729,0.5,3.95367314839164));
#11287=CARTESIAN_POINT('Ctrl Pts',(7.68775675035163,0.5,3.95647051118697));
#11288=CARTESIAN_POINT('',(7.20208141542121,0.5,3.69044052742804));
#11289=CARTESIAN_POINT('Ctrl Pts',(7.20208141542121,0.5,3.69044052742804));
#11290=CARTESIAN_POINT('Ctrl Pts',(7.23260511632507,0.5,3.73220571702385));
#11291=CARTESIAN_POINT('Ctrl Pts',(7.29186021680878,0.5,3.81328371323458));
#11292=CARTESIAN_POINT('Ctrl Pts',(7.37748215711429,0.5,3.86561295302265));
#11293=CARTESIAN_POINT('Ctrl Pts',(7.41899821496649,0.5,3.89098616622771));
#11294=CARTESIAN_POINT('',(7.27165851331397,0.5,4.15292354606475));
#11295=CARTESIAN_POINT('Ctrl Pts',(7.27165851331397,0.5,4.15292354606475));
#11296=CARTESIAN_POINT('Ctrl Pts',(7.25208557810226,0.5,4.08775478666922));
#11297=CARTESIAN_POINT('Ctrl Pts',(7.20686314266234,0.5,3.93718513614986));
#11298=CARTESIAN_POINT('Ctrl Pts',(7.20381198638426,0.5,3.77974069734801));
#11299=CARTESIAN_POINT('Ctrl Pts',(7.20208141542121,0.5,3.69044052742804));
#11300=CARTESIAN_POINT('',(7.45446864104911,0.5,4.39985396646346));
#11301=CARTESIAN_POINT('Ctrl Pts',(7.45446864104911,0.5,4.39985396646346));
#11302=CARTESIAN_POINT('Ctrl Pts',(7.41733995827548,0.5,4.36710963938947));
#11303=CARTESIAN_POINT('Ctrl Pts',(7.33891708928151,0.5,4.29794736697391));
#11304=CARTESIAN_POINT('Ctrl Pts',(7.2948581163776,0.5,4.20294683352608));
#11305=CARTESIAN_POINT('Ctrl Pts',(7.27165851331397,0.5,4.15292354606475));
#11306=CARTESIAN_POINT('',(7.6604715321128,0.5,4.46533816241111));
#11307=CARTESIAN_POINT('Ctrl Pts',(7.6604715321128,0.5,4.46533816241111));
#11308=CARTESIAN_POINT('Ctrl Pts',(7.62281425167282,0.5,4.46279786582168));
#11309=CARTESIAN_POINT('Ctrl Pts',(7.54874494227406,0.5,4.4578012752063));
#11310=CARTESIAN_POINT('Ctrl Pts',(7.48553987408595,0.5,4.41895202515279));
#11311=CARTESIAN_POINT('Ctrl Pts',(7.45446864104911,0.5,4.39985396646346));
#11312=CARTESIAN_POINT('',(7.9060376021926,0.5,4.36029048942412));
#11313=CARTESIAN_POINT('Ctrl Pts',(7.9060376021926,0.5,4.36029048942412));
#11314=CARTESIAN_POINT('Ctrl Pts',(7.87085033964177,0.5,4.39092932589393));
#11315=CARTESIAN_POINT('Ctrl Pts',(7.80030777687432,0.5,4.45235331537508));
#11316=CARTESIAN_POINT('Ctrl Pts',(7.70715757728305,0.5,4.46100301199079));
#11317=CARTESIAN_POINT('Ctrl Pts',(7.6604715321128,0.5,4.46533816241111));
#11318=CARTESIAN_POINT('',(7.99880716539069,0.5,4.15019499443854));
#11319=CARTESIAN_POINT('Ctrl Pts',(7.99880716539069,0.5,4.15019499443854));
#11320=CARTESIAN_POINT('Ctrl Pts',(7.98842550170652,0.5,4.19309993260455));
#11321=CARTESIAN_POINT('Ctrl Pts',(7.97007580789418,0.5,4.26893483752291));
#11322=CARTESIAN_POINT('Ctrl Pts',(7.92542599434754,0.5,4.3326313883418));
#11323=CARTESIAN_POINT('Ctrl Pts',(7.9060376021926,0.5,4.36029048942412));
#11324=CARTESIAN_POINT('',(8.24300918317481,0.5,4.16929455779876));
#11325=CARTESIAN_POINT('',(7.35624227262183,0.5,3.62018125437583));
#11326=CARTESIAN_POINT('',(7.24028054214163,0.5,3.30708446287002));
#11327=CARTESIAN_POINT('Ctrl Pts',(7.35624227262183,0.5,3.62018125437583));
#11328=CARTESIAN_POINT('Ctrl Pts',(7.3224366392953,0.5,3.57602480767077));
#11329=CARTESIAN_POINT('Ctrl Pts',(7.25183356118734,0.5,3.48380405187026));
#11330=CARTESIAN_POINT('Ctrl Pts',(7.2442388243637,0.5,3.36763192710099));
#11331=CARTESIAN_POINT('Ctrl Pts',(7.24028054214163,0.5,3.30708446287002));
#11332=CARTESIAN_POINT('',(7.63864341712638,0.5,3.73955371164168));
#11333=CARTESIAN_POINT('Ctrl Pts',(7.63864341712638,0.5,3.73955371164168));
#11334=CARTESIAN_POINT('Ctrl Pts',(7.58526738197731,0.5,3.73458042515704));
#11335=CARTESIAN_POINT('Ctrl Pts',(7.47851804810548,0.5,3.72463410715296));
#11336=CARTESIAN_POINT('Ctrl Pts',(7.39700016790307,0.5,3.65499827695023));
#11337=CARTESIAN_POINT('Ctrl Pts',(7.35624227262183,0.5,3.62018125437583));
#11338=CARTESIAN_POINT('',(7.9169515106742,0.5,3.62018125437583));
#11339=CARTESIAN_POINT('Ctrl Pts',(7.9169515106742,0.5,3.62018125437583));
#11340=CARTESIAN_POINT('Ctrl Pts',(7.87748613631118,0.5,3.65499743365363));
#11341=CARTESIAN_POINT('Ctrl Pts',(7.79785218113917,0.5,3.72525015783574));
#11342=CARTESIAN_POINT('Ctrl Pts',(7.69202450835604,0.5,3.73475787445673));
#11343=CARTESIAN_POINT('Ctrl Pts',(7.63864341712638,0.5,3.73955371164168));
#11344=CARTESIAN_POINT('',(8.0274564359252,0.5,3.2934418537506));
#11345=CARTESIAN_POINT('Ctrl Pts',(8.0274564359252,0.5,3.2934418537506));
#11346=CARTESIAN_POINT('Ctrl Pts',(8.02421931979722,0.5,3.35733756267438));
#11347=CARTESIAN_POINT('Ctrl Pts',(8.01815170531973,0.5,3.47710296903846));
#11348=CARTESIAN_POINT('Ctrl Pts',(7.94914339107439,0.5,3.57466791257271));
#11349=CARTESIAN_POINT('Ctrl Pts',(7.9169515106742,0.5,3.62018125437583));
#11350=CARTESIAN_POINT('',(7.91558745837851,0.5,2.9523776688465));
#11351=CARTESIAN_POINT('Ctrl Pts',(7.91558745837851,0.5,2.9523776688465));
#11352=CARTESIAN_POINT('Ctrl Pts',(7.94817523413637,0.5,3.0001368175272));
#11353=CARTESIAN_POINT('Ctrl Pts',(8.01812189471148,0.5,3.10264743337738));
#11354=CARTESIAN_POINT('Ctrl Pts',(8.02420657545667,0.5,3.22701595983771));
#11355=CARTESIAN_POINT('Ctrl Pts',(8.0274564359252,0.5,3.2934418537506));
#11356=CARTESIAN_POINT('',(7.64819327331229,0.5,2.82686608218039));
#11357=CARTESIAN_POINT('Ctrl Pts',(7.64819327331229,0.5,2.82686608218039));
#11358=CARTESIAN_POINT('Ctrl Pts',(7.69861132331999,0.5,2.83254619698284));
#11359=CARTESIAN_POINT('Ctrl Pts',(7.8017434798756,0.5,2.84416510110487));
#11360=CARTESIAN_POINT('Ctrl Pts',(7.87708038420725,0.5,2.91577538713528));
#11361=CARTESIAN_POINT('Ctrl Pts',(7.91558745837851,0.5,2.9523776688465));
#11362=CARTESIAN_POINT('',(7.44491908288642,0.5,2.8875754990467));
#11363=CARTESIAN_POINT('Ctrl Pts',(7.44491908288642,0.5,2.8875754990467));
#11364=CARTESIAN_POINT('Ctrl Pts',(7.47725483019381,0.5,2.86987048260468));
#11365=CARTESIAN_POINT('Ctrl Pts',(7.54072130789709,0.5,2.83512024100451));
#11366=CARTESIAN_POINT('Ctrl Pts',(7.61282562507314,0.5,2.82958242020095));
#11367=CARTESIAN_POINT('Ctrl Pts',(7.64819327331229,0.5,2.82686608218039));
#11368=CARTESIAN_POINT('',(7.29416850543662,0.5,3.06424679540481));
#11369=CARTESIAN_POINT('Ctrl Pts',(7.29416850543662,0.5,3.06424679540481));
#11370=CARTESIAN_POINT('Ctrl Pts',(7.31341484487618,0.5,3.02821910433575));
#11371=CARTESIAN_POINT('Ctrl Pts',(7.35079412995721,0.5,2.95824791113769));
#11372=CARTESIAN_POINT('Ctrl Pts',(7.41417337815149,0.5,2.91066048392513));
#11373=CARTESIAN_POINT('Ctrl Pts',(7.44491908288642,0.5,2.8875754990467));
#11374=CARTESIAN_POINT('Ctrl Pts',(7.24028054214163,0.5,3.30708446287002));
#11375=CARTESIAN_POINT('Ctrl Pts',(7.24254406974639,0.5,3.26520829019136));
#11376=CARTESIAN_POINT('Ctrl Pts',(7.24708030541606,0.5,3.18128610262222));
#11377=CARTESIAN_POINT('Ctrl Pts',(7.27845127584556,0.5,3.10331249895498));
#11378=CARTESIAN_POINT('Ctrl Pts',(7.29416850543662,0.5,3.06424679540481));
#11379=CARTESIAN_POINT('Ctrl Pts',(8.06224498487159,0.,4.53491526030387));
#11380=CARTESIAN_POINT('Ctrl Pts',(8.06224498487159,0.5,4.53491526030387));
#11381=CARTESIAN_POINT('Ctrl Pts',(8.10764662099373,0.,4.48502228805894));
#11382=CARTESIAN_POINT('Ctrl Pts',(8.10764662099373,0.5,4.48502228805894));
#11383=CARTESIAN_POINT('Ctrl Pts',(8.20260934958594,0.,4.38066541490116));
#11384=CARTESIAN_POINT('Ctrl Pts',(8.20260934958594,0.5,4.38066541490116));
#11385=CARTESIAN_POINT('Ctrl Pts',(8.22915499724507,0.,4.24177929088518));
#11386=CARTESIAN_POINT('Ctrl Pts',(8.22915499724507,0.5,4.24177929088518));
#11387=CARTESIAN_POINT('Ctrl Pts',(8.24300918317481,0.,4.16929455779876));
#11388=CARTESIAN_POINT('Ctrl Pts',(8.24300918317481,0.5,4.16929455779876));
#11389=CARTESIAN_POINT('',(8.06224498487159,0.,4.53491526030387));
#11390=CARTESIAN_POINT('',(8.24300918317481,0.,4.16929455779876));
#11391=CARTESIAN_POINT('Origin',(8.24300918317481,0.,4.16929455779876));
#11392=CARTESIAN_POINT('',(7.99880716539069,0.,4.15019499443854));
#11393=CARTESIAN_POINT('Ctrl Pts',(7.99880716539069,0.,4.15019499443854));
#11394=CARTESIAN_POINT('Ctrl Pts',(7.99880716539069,0.5,4.15019499443854));
#11395=CARTESIAN_POINT('Ctrl Pts',(7.98842550170652,0.,4.19309993260455));
#11396=CARTESIAN_POINT('Ctrl Pts',(7.98842550170652,0.5,4.19309993260455));
#11397=CARTESIAN_POINT('Ctrl Pts',(7.97007580789418,0.,4.26893483752291));
#11398=CARTESIAN_POINT('Ctrl Pts',(7.97007580789418,0.5,4.26893483752291));
#11399=CARTESIAN_POINT('Ctrl Pts',(7.92542599434754,0.,4.3326313883418));
#11400=CARTESIAN_POINT('Ctrl Pts',(7.92542599434754,0.5,4.3326313883418));
#11401=CARTESIAN_POINT('Ctrl Pts',(7.9060376021926,0.,4.36029048942412));
#11402=CARTESIAN_POINT('Ctrl Pts',(7.9060376021926,0.5,4.36029048942412));
#11403=CARTESIAN_POINT('',(7.9060376021926,0.,4.36029048942412));
#11404=CARTESIAN_POINT('Ctrl Pts',(7.9060376021926,0.,4.36029048942412));
#11405=CARTESIAN_POINT('Ctrl Pts',(7.9060376021926,0.5,4.36029048942412));
#11406=CARTESIAN_POINT('Ctrl Pts',(7.87085033964177,0.,4.39092932589393));
#11407=CARTESIAN_POINT('Ctrl Pts',(7.87085033964177,0.5,4.39092932589393));
#11408=CARTESIAN_POINT('Ctrl Pts',(7.80030777687432,0.,4.45235331537508));
#11409=CARTESIAN_POINT('Ctrl Pts',(7.80030777687432,0.5,4.45235331537508));
#11410=CARTESIAN_POINT('Ctrl Pts',(7.70715757728305,0.,4.46100301199079));
#11411=CARTESIAN_POINT('Ctrl Pts',(7.70715757728305,0.5,4.46100301199079));
#11412=CARTESIAN_POINT('Ctrl Pts',(7.6604715321128,0.,4.46533816241111));
#11413=CARTESIAN_POINT('Ctrl Pts',(7.6604715321128,0.5,4.46533816241111));
#11414=CARTESIAN_POINT('',(7.6604715321128,0.,4.46533816241111));
#11415=CARTESIAN_POINT('Ctrl Pts',(7.6604715321128,0.,4.46533816241111));
#11416=CARTESIAN_POINT('Ctrl Pts',(7.6604715321128,0.5,4.46533816241111));
#11417=CARTESIAN_POINT('Ctrl Pts',(7.62281425167282,0.,4.46279786582168));
#11418=CARTESIAN_POINT('Ctrl Pts',(7.62281425167282,0.5,4.46279786582168));
#11419=CARTESIAN_POINT('Ctrl Pts',(7.54874494227406,0.,4.4578012752063));
#11420=CARTESIAN_POINT('Ctrl Pts',(7.54874494227406,0.5,4.4578012752063));
#11421=CARTESIAN_POINT('Ctrl Pts',(7.48553987408595,0.,4.41895202515279));
#11422=CARTESIAN_POINT('Ctrl Pts',(7.48553987408595,0.5,4.41895202515279));
#11423=CARTESIAN_POINT('Ctrl Pts',(7.45446864104911,0.,4.39985396646346));
#11424=CARTESIAN_POINT('Ctrl Pts',(7.45446864104911,0.5,4.39985396646346));
#11425=CARTESIAN_POINT('',(7.45446864104911,0.,4.39985396646346));
#11426=CARTESIAN_POINT('Ctrl Pts',(7.45446864104911,0.,4.39985396646346));
#11427=CARTESIAN_POINT('Ctrl Pts',(7.45446864104911,0.5,4.39985396646346));
#11428=CARTESIAN_POINT('Ctrl Pts',(7.41733995827548,0.,4.36710963938947));
#11429=CARTESIAN_POINT('Ctrl Pts',(7.41733995827548,0.5,4.36710963938947));
#11430=CARTESIAN_POINT('Ctrl Pts',(7.33891708928151,0.,4.29794736697391));
#11431=CARTESIAN_POINT('Ctrl Pts',(7.33891708928151,0.5,4.29794736697391));
#11432=CARTESIAN_POINT('Ctrl Pts',(7.2948581163776,0.,4.20294683352608));
#11433=CARTESIAN_POINT('Ctrl Pts',(7.2948581163776,0.5,4.20294683352608));
#11434=CARTESIAN_POINT('Ctrl Pts',(7.27165851331397,0.,4.15292354606475));
#11435=CARTESIAN_POINT('Ctrl Pts',(7.27165851331397,0.5,4.15292354606475));
#11436=CARTESIAN_POINT('',(7.27165851331397,0.,4.15292354606475));
#11437=CARTESIAN_POINT('Ctrl Pts',(7.27165851331397,0.,4.15292354606475));
#11438=CARTESIAN_POINT('Ctrl Pts',(7.27165851331397,0.5,4.15292354606475));
#11439=CARTESIAN_POINT('Ctrl Pts',(7.25208557810226,0.,4.08775478666922));
#11440=CARTESIAN_POINT('Ctrl Pts',(7.25208557810226,0.5,4.08775478666922));
#11441=CARTESIAN_POINT('Ctrl Pts',(7.20686314266234,0.,3.93718513614986));
#11442=CARTESIAN_POINT('Ctrl Pts',(7.20686314266234,0.5,3.93718513614986));
#11443=CARTESIAN_POINT('Ctrl Pts',(7.20381198638426,0.,3.77974069734801));
#11444=CARTESIAN_POINT('Ctrl Pts',(7.20381198638426,0.5,3.77974069734801));
#11445=CARTESIAN_POINT('Ctrl Pts',(7.20208141542121,0.,3.69044052742804));
#11446=CARTESIAN_POINT('Ctrl Pts',(7.20208141542121,0.5,3.69044052742804));
#11447=CARTESIAN_POINT('',(7.20208141542121,0.,3.69044052742804));
#11448=CARTESIAN_POINT('Ctrl Pts',(7.20208141542121,0.,3.69044052742804));
#11449=CARTESIAN_POINT('Ctrl Pts',(7.20208141542121,0.5,3.69044052742804));
#11450=CARTESIAN_POINT('Ctrl Pts',(7.23260511632507,0.,3.73220571702385));
#11451=CARTESIAN_POINT('Ctrl Pts',(7.23260511632507,0.5,3.73220571702385));
#11452=CARTESIAN_POINT('Ctrl Pts',(7.29186021680878,0.,3.81328371323458));
#11453=CARTESIAN_POINT('Ctrl Pts',(7.29186021680878,0.5,3.81328371323458));
#11454=CARTESIAN_POINT('Ctrl Pts',(7.37748215711429,0.,3.86561295302265));
#11455=CARTESIAN_POINT('Ctrl Pts',(7.37748215711429,0.5,3.86561295302265));
#11456=CARTESIAN_POINT('Ctrl Pts',(7.41899821496649,0.,3.89098616622771));
#11457=CARTESIAN_POINT('Ctrl Pts',(7.41899821496649,0.5,3.89098616622771));
#11458=CARTESIAN_POINT('',(7.41899821496649,0.,3.89098616622771));
#11459=CARTESIAN_POINT('Ctrl Pts',(7.41899821496649,0.,3.89098616622771));
#11460=CARTESIAN_POINT('Ctrl Pts',(7.41899821496649,0.5,3.89098616622771));
#11461=CARTESIAN_POINT('Ctrl Pts',(7.46210554439708,0.,3.91008550691507));
#11462=CARTESIAN_POINT('Ctrl Pts',(7.46210554439708,0.5,3.91008550691507));
#11463=CARTESIAN_POINT('Ctrl Pts',(7.54777489860959,0.,3.9480425829897));
#11464=CARTESIAN_POINT('Ctrl Pts',(7.54777489860959,0.5,3.9480425829897));
#11465=CARTESIAN_POINT('Ctrl Pts',(7.64129455763729,0.,3.95367314839164));
#11466=CARTESIAN_POINT('Ctrl Pts',(7.64129455763729,0.5,3.95367314839164));
#11467=CARTESIAN_POINT('Ctrl Pts',(7.68775675035163,0.,3.95647051118697));
#11468=CARTESIAN_POINT('Ctrl Pts',(7.68775675035163,0.5,3.95647051118697));
#11469=CARTESIAN_POINT('',(7.68775675035163,0.,3.95647051118697));
#11470=CARTESIAN_POINT('Ctrl Pts',(7.68775675035163,0.,3.95647051118697));
#11471=CARTESIAN_POINT('Ctrl Pts',(7.68775675035163,0.5,3.95647051118697));
#11472=CARTESIAN_POINT('Ctrl Pts',(7.76671223247416,0.,3.94879014751268));
#11473=CARTESIAN_POINT('Ctrl Pts',(7.76671223247416,0.5,3.94879014751268));
#11474=CARTESIAN_POINT('Ctrl Pts',(7.92541172914922,0.,3.93335271598005));
#11475=CARTESIAN_POINT('Ctrl Pts',(7.92541172914922,0.5,3.93335271598005));
#11476=CARTESIAN_POINT('Ctrl Pts',(8.04553909343564,0.,3.82842899192002));
#11477=CARTESIAN_POINT('Ctrl Pts',(8.04553909343564,0.5,3.82842899192002));
#11478=CARTESIAN_POINT('Ctrl Pts',(8.10590121484442,0.,3.77570646189536));
#11479=CARTESIAN_POINT('Ctrl Pts',(8.10590121484442,0.5,3.77570646189536));
#11480=CARTESIAN_POINT('',(8.10590121484442,0.,3.77570646189536));
#11481=CARTESIAN_POINT('Ctrl Pts',(8.10590121484442,0.,3.77570646189536));
#11482=CARTESIAN_POINT('Ctrl Pts',(8.10590121484442,0.5,3.77570646189536));
#11483=CARTESIAN_POINT('Ctrl Pts',(8.15621658320786,0.,3.70935145046004));
#11484=CARTESIAN_POINT('Ctrl Pts',(8.15621658320786,0.5,3.70935145046004));
#11485=CARTESIAN_POINT('Ctrl Pts',(8.26082510829479,0.,3.57139559116398));
#11486=CARTESIAN_POINT('Ctrl Pts',(8.26082510829479,0.5,3.57139559116398));
#11487=CARTESIAN_POINT('Ctrl Pts',(8.27244746046756,0.,3.39829175805898));
#11488=CARTESIAN_POINT('Ctrl Pts',(8.27244746046756,0.5,3.39829175805898));
#11489=CARTESIAN_POINT('Ctrl Pts',(8.27847960925742,0.,3.30844866417731));
#11490=CARTESIAN_POINT('Ctrl Pts',(8.27847960925742,0.5,3.30844866417731));
#11491=CARTESIAN_POINT('',(8.27847960925742,0.,3.30844866417731));
#11492=CARTESIAN_POINT('Ctrl Pts',(8.27847960925742,0.,3.30844866417731));
#11493=CARTESIAN_POINT('Ctrl Pts',(8.27847960925742,0.5,3.30844866417731));
#11494=CARTESIAN_POINT('Ctrl Pts',(8.2752402346855,0.,3.2470874888661));
#11495=CARTESIAN_POINT('Ctrl Pts',(8.2752402346855,0.5,3.2470874888661));
#11496=CARTESIAN_POINT('Ctrl Pts',(8.26882813606424,0.,3.12562765182767));
#11497=CARTESIAN_POINT('Ctrl Pts',(8.26882813606424,0.5,3.12562765182767));
#11498=CARTESIAN_POINT('Ctrl Pts',(8.22098121565664,0.,3.01383316640089));
#11499=CARTESIAN_POINT('Ctrl Pts',(8.22098121565664,0.5,3.01383316640089));
#11500=CARTESIAN_POINT('Ctrl Pts',(8.19730642772361,0.,2.95851694725837));
#11501=CARTESIAN_POINT('Ctrl Pts',(8.19730642772361,0.5,2.95851694725837));
#11502=CARTESIAN_POINT('',(8.19730642772361,0.,2.95851694725837));
#11503=CARTESIAN_POINT('Ctrl Pts',(8.19730642772361,0.,2.95851694725837));
#11504=CARTESIAN_POINT('Ctrl Pts',(8.19730642772361,0.5,2.95851694725837));
#11505=CARTESIAN_POINT('Ctrl Pts',(8.16828498298863,0.,2.90813147059095));
#11506=CARTESIAN_POINT('Ctrl Pts',(8.16828498298863,0.5,2.90813147059095));
#11507=CARTESIAN_POINT('Ctrl Pts',(8.11154512243429,0.,2.80962276621113));
#11508=CARTESIAN_POINT('Ctrl Pts',(8.11154512243429,0.5,2.80962276621113));
#11509=CARTESIAN_POINT('Ctrl Pts',(8.01930920914683,0.,2.74330281138857));
#11510=CARTESIAN_POINT('Ctrl Pts',(8.01930920914683,0.5,2.74330281138857));
#11511=CARTESIAN_POINT('Ctrl Pts',(7.97425034976645,0.,2.7109043517002));
#11512=CARTESIAN_POINT('Ctrl Pts',(7.97425034976645,0.5,2.7109043517002));
#11513=CARTESIAN_POINT('',(7.97425034976645,0.,2.7109043517002));
#11514=CARTESIAN_POINT('Ctrl Pts',(7.97425034976645,0.,2.7109043517002));
#11515=CARTESIAN_POINT('Ctrl Pts',(7.97425034976645,0.5,2.7109043517002));
#11516=CARTESIAN_POINT('Ctrl Pts',(7.92473958499327,0.,2.68583937848786));
#11517=CARTESIAN_POINT('Ctrl Pts',(7.92473958499327,0.5,2.68583937848786));
#11518=CARTESIAN_POINT('Ctrl Pts',(7.8235223692446,0.,2.63459785933559));
#11519=CARTESIAN_POINT('Ctrl Pts',(7.8235223692446,0.5,2.63459785933559));
#11520=CARTESIAN_POINT('Ctrl Pts',(7.71018434744195,0.,2.62821625944661));
#11521=CARTESIAN_POINT('Ctrl Pts',(7.71018434744195,0.5,2.62821625944661));
#11522=CARTESIAN_POINT('Ctrl Pts',(7.65228602624579,0.,2.62495624207343));
#11523=CARTESIAN_POINT('Ctrl Pts',(7.65228602624579,0.5,2.62495624207343));
#11524=CARTESIAN_POINT('',(7.65228602624579,0.,2.62495624207343));
#11525=CARTESIAN_POINT('Ctrl Pts',(7.65228602624579,0.,2.62495624207343));
#11526=CARTESIAN_POINT('Ctrl Pts',(7.65228602624579,0.5,2.62495624207343));
#11527=CARTESIAN_POINT('Ctrl Pts',(7.55498132529382,0.,2.63402072988712));
#11528=CARTESIAN_POINT('Ctrl Pts',(7.55498132529382,0.5,2.63402072988712));
#11529=CARTESIAN_POINT('Ctrl Pts',(7.3621075181324,0.,2.6519880249663));
#11530=CARTESIAN_POINT('Ctrl Pts',(7.3621075181324,0.5,2.6519880249663));
#11531=CARTESIAN_POINT('Ctrl Pts',(7.22134945199555,0.,2.78488846282743));
#11532=CARTESIAN_POINT('Ctrl Pts',(7.22134945199555,0.5,2.78488846282743));
#11533=CARTESIAN_POINT('Ctrl Pts',(7.15160373187705,0.,2.85074072264518));
#11534=CARTESIAN_POINT('Ctrl Pts',(7.15160373187705,0.5,2.85074072264518));
#11535=CARTESIAN_POINT('',(7.15160373187705,0.,2.85074072264518));
#11536=CARTESIAN_POINT('Ctrl Pts',(7.15160373187705,0.,2.85074072264518));
#11537=CARTESIAN_POINT('Ctrl Pts',(7.15160373187705,0.5,2.85074072264518));
#11538=CARTESIAN_POINT('Ctrl Pts',(7.09540898658923,0.,2.94815263507276));
#11539=CARTESIAN_POINT('Ctrl Pts',(7.09540898658923,0.5,2.94815263507276));
#11540=CARTESIAN_POINT('Ctrl Pts',(6.96349136840198,0.,3.17682788584032));
#11541=CARTESIAN_POINT('Ctrl Pts',(6.96349136840198,0.5,3.17682788584032));
#11542=CARTESIAN_POINT('Ctrl Pts',(6.95992598569282,0.,3.44246341708337));
#11543=CARTESIAN_POINT('Ctrl Pts',(6.95992598569282,0.5,3.44246341708337));
#11544=CARTESIAN_POINT('Ctrl Pts',(6.95787939763709,0.,3.59494256161536));
#11545=CARTESIAN_POINT('Ctrl Pts',(6.95787939763709,0.5,3.59494256161536));
#11546=CARTESIAN_POINT('',(6.95787939763709,0.,3.59494256161536));
#11547=CARTESIAN_POINT('Ctrl Pts',(6.95787939763709,0.,3.59494256161536));
#11548=CARTESIAN_POINT('Ctrl Pts',(6.95787939763709,0.5,3.59494256161536));
#11549=CARTESIAN_POINT('Ctrl Pts',(6.96047078783127,0.,3.7661019064785));
#11550=CARTESIAN_POINT('Ctrl Pts',(6.96047078783127,0.5,3.7661019064785));
#11551=CARTESIAN_POINT('Ctrl Pts',(6.96500872339425,0.,4.06582908756273));
#11552=CARTESIAN_POINT('Ctrl Pts',(6.96500872339425,0.5,4.06582908756273));
#11553=CARTESIAN_POINT('Ctrl Pts',(7.10991172065821,0.,4.3263169462323));
#11554=CARTESIAN_POINT('Ctrl Pts',(7.10991172065821,0.5,4.3263169462323));
#11555=CARTESIAN_POINT('Ctrl Pts',(7.17206779456778,0.,4.43805309318389));
#11556=CARTESIAN_POINT('Ctrl Pts',(7.17206779456778,0.5,4.43805309318389));
#11557=CARTESIAN_POINT('',(7.17206779456778,0.,4.43805309318389));
#11558=CARTESIAN_POINT('Ctrl Pts',(7.17206779456778,0.,4.43805309318389));
#11559=CARTESIAN_POINT('Ctrl Pts',(7.17206779456778,0.5,4.43805309318389));
#11560=CARTESIAN_POINT('Ctrl Pts',(7.24077077262359,0.,4.50489440415444));
#11561=CARTESIAN_POINT('Ctrl Pts',(7.24077077262359,0.5,4.50489440415444));
#11562=CARTESIAN_POINT('Ctrl Pts',(7.38093382555013,0.,4.64125941295558));
#11563=CARTESIAN_POINT('Ctrl Pts',(7.38093382555013,0.5,4.64125941295558));
#11564=CARTESIAN_POINT('Ctrl Pts',(7.57601759672296,0.,4.65847237534855));
#11565=CARTESIAN_POINT('Ctrl Pts',(7.57601759672296,0.5,4.65847237534855));
#11566=CARTESIAN_POINT('Ctrl Pts',(7.6754781935279,0.,4.66724815152968));
#11567=CARTESIAN_POINT('Ctrl Pts',(7.6754781935279,0.5,4.66724815152968));
#11568=CARTESIAN_POINT('',(7.6754781935279,0.,4.66724815152968));
#11569=CARTESIAN_POINT('Ctrl Pts',(7.6754781935279,0.,4.66724815152968));
#11570=CARTESIAN_POINT('Ctrl Pts',(7.6754781935279,0.5,4.66724815152968));
#11571=CARTESIAN_POINT('Ctrl Pts',(7.74935421868972,0.,4.66278969435));
#11572=CARTESIAN_POINT('Ctrl Pts',(7.74935421868972,0.5,4.66278969435));
#11573=CARTESIAN_POINT('Ctrl Pts',(7.8907825342893,0.,4.65425442072483));
#11574=CARTESIAN_POINT('Ctrl Pts',(7.8907825342893,0.5,4.65425442072483));
#11575=CARTESIAN_POINT('Ctrl Pts',(8.00682031422614,0.,4.57349124961799));
#11576=CARTESIAN_POINT('Ctrl Pts',(8.00682031422614,0.5,4.57349124961799));
#11577=CARTESIAN_POINT('Ctrl Pts',(8.06224498487159,0.,4.53491526030387));
#11578=CARTESIAN_POINT('Ctrl Pts',(8.06224498487159,0.5,4.53491526030387));
#11579=CARTESIAN_POINT('Ctrl Pts',(7.35624227262183,0.,3.62018125437583));
#11580=CARTESIAN_POINT('Ctrl Pts',(7.35624227262183,0.5,3.62018125437583));
#11581=CARTESIAN_POINT('Ctrl Pts',(7.3224366392953,0.,3.57602480767077));
#11582=CARTESIAN_POINT('Ctrl Pts',(7.3224366392953,0.5,3.57602480767077));
#11583=CARTESIAN_POINT('Ctrl Pts',(7.25183356118734,0.,3.48380405187026));
#11584=CARTESIAN_POINT('Ctrl Pts',(7.25183356118734,0.5,3.48380405187026));
#11585=CARTESIAN_POINT('Ctrl Pts',(7.2442388243637,0.,3.36763192710099));
#11586=CARTESIAN_POINT('Ctrl Pts',(7.2442388243637,0.5,3.36763192710099));
#11587=CARTESIAN_POINT('Ctrl Pts',(7.24028054214163,0.,3.30708446287002));
#11588=CARTESIAN_POINT('Ctrl Pts',(7.24028054214163,0.5,3.30708446287002));
#11589=CARTESIAN_POINT('',(7.35624227262183,0.,3.62018125437583));
#11590=CARTESIAN_POINT('',(7.24028054214163,0.,3.30708446287002));
#11591=CARTESIAN_POINT('Ctrl Pts',(7.24028054214163,0.,3.30708446287002));
#11592=CARTESIAN_POINT('Ctrl Pts',(7.24028054214163,0.5,3.30708446287002));
#11593=CARTESIAN_POINT('Ctrl Pts',(7.24254406974639,0.,3.26520829019136));
#11594=CARTESIAN_POINT('Ctrl Pts',(7.24254406974639,0.5,3.26520829019136));
#11595=CARTESIAN_POINT('Ctrl Pts',(7.24708030541606,0.,3.18128610262222));
#11596=CARTESIAN_POINT('Ctrl Pts',(7.24708030541606,0.5,3.18128610262222));
#11597=CARTESIAN_POINT('Ctrl Pts',(7.27845127584556,0.,3.10331249895498));
#11598=CARTESIAN_POINT('Ctrl Pts',(7.27845127584556,0.5,3.10331249895498));
#11599=CARTESIAN_POINT('Ctrl Pts',(7.29416850543662,0.,3.06424679540481));
#11600=CARTESIAN_POINT('Ctrl Pts',(7.29416850543662,0.5,3.06424679540481));
#11601=CARTESIAN_POINT('',(7.29416850543662,0.,3.06424679540481));
#11602=CARTESIAN_POINT('Ctrl Pts',(7.29416850543662,0.,3.06424679540481));
#11603=CARTESIAN_POINT('Ctrl Pts',(7.29416850543662,0.5,3.06424679540481));
#11604=CARTESIAN_POINT('Ctrl Pts',(7.31341484487618,0.,3.02821910433575));
#11605=CARTESIAN_POINT('Ctrl Pts',(7.31341484487618,0.5,3.02821910433575));
#11606=CARTESIAN_POINT('Ctrl Pts',(7.35079412995721,0.,2.95824791113769));
#11607=CARTESIAN_POINT('Ctrl Pts',(7.35079412995721,0.5,2.95824791113769));
#11608=CARTESIAN_POINT('Ctrl Pts',(7.41417337815149,0.,2.91066048392513));
#11609=CARTESIAN_POINT('Ctrl Pts',(7.41417337815149,0.5,2.91066048392513));
#11610=CARTESIAN_POINT('Ctrl Pts',(7.44491908288642,0.,2.8875754990467));
#11611=CARTESIAN_POINT('Ctrl Pts',(7.44491908288642,0.5,2.8875754990467));
#11612=CARTESIAN_POINT('',(7.44491908288642,0.,2.8875754990467));
#11613=CARTESIAN_POINT('Ctrl Pts',(7.44491908288642,0.,2.8875754990467));
#11614=CARTESIAN_POINT('Ctrl Pts',(7.44491908288642,0.5,2.8875754990467));
#11615=CARTESIAN_POINT('Ctrl Pts',(7.47725483019381,0.,2.86987048260468));
#11616=CARTESIAN_POINT('Ctrl Pts',(7.47725483019381,0.5,2.86987048260468));
#11617=CARTESIAN_POINT('Ctrl Pts',(7.54072130789709,0.,2.83512024100451));
#11618=CARTESIAN_POINT('Ctrl Pts',(7.54072130789709,0.5,2.83512024100451));
#11619=CARTESIAN_POINT('Ctrl Pts',(7.61282562507314,0.,2.82958242020095));
#11620=CARTESIAN_POINT('Ctrl Pts',(7.61282562507314,0.5,2.82958242020095));
#11621=CARTESIAN_POINT('Ctrl Pts',(7.64819327331229,0.,2.82686608218039));
#11622=CARTESIAN_POINT('Ctrl Pts',(7.64819327331229,0.5,2.82686608218039));
#11623=CARTESIAN_POINT('',(7.64819327331229,0.,2.82686608218039));
#11624=CARTESIAN_POINT('Ctrl Pts',(7.64819327331229,0.,2.82686608218039));
#11625=CARTESIAN_POINT('Ctrl Pts',(7.64819327331229,0.5,2.82686608218039));
#11626=CARTESIAN_POINT('Ctrl Pts',(7.69861132331999,0.,2.83254619698284));
#11627=CARTESIAN_POINT('Ctrl Pts',(7.69861132331999,0.5,2.83254619698284));
#11628=CARTESIAN_POINT('Ctrl Pts',(7.8017434798756,0.,2.84416510110487));
#11629=CARTESIAN_POINT('Ctrl Pts',(7.8017434798756,0.5,2.84416510110487));
#11630=CARTESIAN_POINT('Ctrl Pts',(7.87708038420725,0.,2.91577538713528));
#11631=CARTESIAN_POINT('Ctrl Pts',(7.87708038420725,0.5,2.91577538713528));
#11632=CARTESIAN_POINT('Ctrl Pts',(7.91558745837851,0.,2.9523776688465));
#11633=CARTESIAN_POINT('Ctrl Pts',(7.91558745837851,0.5,2.9523776688465));
#11634=CARTESIAN_POINT('',(7.91558745837851,0.,2.9523776688465));
#11635=CARTESIAN_POINT('Ctrl Pts',(7.91558745837851,0.,2.9523776688465));
#11636=CARTESIAN_POINT('Ctrl Pts',(7.91558745837851,0.5,2.9523776688465));
#11637=CARTESIAN_POINT('Ctrl Pts',(7.94817523413637,0.,3.0001368175272));
#11638=CARTESIAN_POINT('Ctrl Pts',(7.94817523413637,0.5,3.0001368175272));
#11639=CARTESIAN_POINT('Ctrl Pts',(8.01812189471148,0.,3.10264743337738));
#11640=CARTESIAN_POINT('Ctrl Pts',(8.01812189471148,0.5,3.10264743337738));
#11641=CARTESIAN_POINT('Ctrl Pts',(8.02420657545667,0.,3.22701595983771));
#11642=CARTESIAN_POINT('Ctrl Pts',(8.02420657545667,0.5,3.22701595983771));
#11643=CARTESIAN_POINT('Ctrl Pts',(8.0274564359252,0.,3.2934418537506));
#11644=CARTESIAN_POINT('Ctrl Pts',(8.0274564359252,0.5,3.2934418537506));
#11645=CARTESIAN_POINT('',(8.0274564359252,0.,3.2934418537506));
#11646=CARTESIAN_POINT('Ctrl Pts',(8.0274564359252,0.,3.2934418537506));
#11647=CARTESIAN_POINT('Ctrl Pts',(8.0274564359252,0.5,3.2934418537506));
#11648=CARTESIAN_POINT('Ctrl Pts',(8.02421931979722,0.,3.35733756267438));
#11649=CARTESIAN_POINT('Ctrl Pts',(8.02421931979722,0.5,3.35733756267438));
#11650=CARTESIAN_POINT('Ctrl Pts',(8.01815170531973,0.,3.47710296903846));
#11651=CARTESIAN_POINT('Ctrl Pts',(8.01815170531973,0.5,3.47710296903846));
#11652=CARTESIAN_POINT('Ctrl Pts',(7.94914339107439,0.,3.57466791257271));
#11653=CARTESIAN_POINT('Ctrl Pts',(7.94914339107439,0.5,3.57466791257271));
#11654=CARTESIAN_POINT('Ctrl Pts',(7.9169515106742,0.,3.62018125437583));
#11655=CARTESIAN_POINT('Ctrl Pts',(7.9169515106742,0.5,3.62018125437583));
#11656=CARTESIAN_POINT('',(7.9169515106742,0.,3.62018125437583));
#11657=CARTESIAN_POINT('Ctrl Pts',(7.9169515106742,0.,3.62018125437583));
#11658=CARTESIAN_POINT('Ctrl Pts',(7.9169515106742,0.5,3.62018125437583));
#11659=CARTESIAN_POINT('Ctrl Pts',(7.87748613631118,0.,3.65499743365363));
#11660=CARTESIAN_POINT('Ctrl Pts',(7.87748613631118,0.5,3.65499743365363));
#11661=CARTESIAN_POINT('Ctrl Pts',(7.79785218113917,0.,3.72525015783574));
#11662=CARTESIAN_POINT('Ctrl Pts',(7.79785218113917,0.5,3.72525015783574));
#11663=CARTESIAN_POINT('Ctrl Pts',(7.69202450835604,0.,3.73475787445673));
#11664=CARTESIAN_POINT('Ctrl Pts',(7.69202450835604,0.5,3.73475787445673));
#11665=CARTESIAN_POINT('Ctrl Pts',(7.63864341712638,0.,3.73955371164168));
#11666=CARTESIAN_POINT('Ctrl Pts',(7.63864341712638,0.5,3.73955371164168));
#11667=CARTESIAN_POINT('',(7.63864341712638,0.,3.73955371164168));
#11668=CARTESIAN_POINT('Ctrl Pts',(7.63864341712638,0.,3.73955371164168));
#11669=CARTESIAN_POINT('Ctrl Pts',(7.63864341712638,0.5,3.73955371164168));
#11670=CARTESIAN_POINT('Ctrl Pts',(7.58526738197731,0.,3.73458042515704));
#11671=CARTESIAN_POINT('Ctrl Pts',(7.58526738197731,0.5,3.73458042515704));
#11672=CARTESIAN_POINT('Ctrl Pts',(7.47851804810548,0.,3.72463410715296));
#11673=CARTESIAN_POINT('Ctrl Pts',(7.47851804810548,0.5,3.72463410715296));
#11674=CARTESIAN_POINT('Ctrl Pts',(7.39700016790307,0.,3.65499827695023));
#11675=CARTESIAN_POINT('Ctrl Pts',(7.39700016790307,0.5,3.65499827695023));
#11676=CARTESIAN_POINT('Ctrl Pts',(7.35624227262183,0.,3.62018125437583));
#11677=CARTESIAN_POINT('Ctrl Pts',(7.35624227262183,0.5,3.62018125437583));
#11678=CARTESIAN_POINT('Origin',(6.56088074840686,0.5,3.64610219680156));
#11679=CARTESIAN_POINT('',(6.13523277974768,0.5,2.65906261586036));
#11680=CARTESIAN_POINT('',(5.87056699729605,0.5,2.65906261586036));
#11681=CARTESIAN_POINT('',(6.13523277974768,0.5,2.65906261586036));
#11682=CARTESIAN_POINT('',(6.13523277974768,0.5,4.42304628275718));
#11683=CARTESIAN_POINT('',(6.13523277974768,0.5,4.42304628275718));
#11684=CARTESIAN_POINT('',(6.79689708686515,0.5,4.42304628275718));
#11685=CARTESIAN_POINT('',(6.79689708686515,0.5,4.42304628275718));
#11686=CARTESIAN_POINT('',(6.79689708686515,0.5,4.65906264566268));
#11687=CARTESIAN_POINT('',(6.79689708686515,0.5,4.65906264566268));
#11688=CARTESIAN_POINT('',(5.21163109279319,0.5,4.65906264566268));
#11689=CARTESIAN_POINT('',(5.21163109279319,0.5,4.65906264566268));
#11690=CARTESIAN_POINT('',(5.21163109279319,0.5,4.42304628275718));
#11691=CARTESIAN_POINT('',(5.21163109279319,0.5,4.42304628275718));
#11692=CARTESIAN_POINT('',(5.87056699729605,0.5,4.42304628275718));
#11693=CARTESIAN_POINT('',(5.87056699729605,0.5,4.42304628275718));
#11694=CARTESIAN_POINT('',(5.87056699729605,0.5,2.65906261586036));
#11695=CARTESIAN_POINT('Origin',(6.13523277974768,0.,2.65906261586036));
#11696=CARTESIAN_POINT('',(6.13523277974768,0.,2.65906261586036));
#11697=CARTESIAN_POINT('',(5.87056699729605,0.,2.65906261586036));
#11698=CARTESIAN_POINT('Origin',(5.87056699729605,0.,2.65906261586036));
#11699=CARTESIAN_POINT('',(5.87056699729605,0.,4.42304628275718));
#11700=CARTESIAN_POINT('Origin',(5.87056699729605,0.,4.42304628275718));
#11701=CARTESIAN_POINT('',(5.21163109279319,0.,4.42304628275718));
#11702=CARTESIAN_POINT('Origin',(5.21163109279319,0.,4.42304628275718));
#11703=CARTESIAN_POINT('',(5.21163109279319,0.,4.65906264566268));
#11704=CARTESIAN_POINT('Origin',(5.21163109279319,0.,4.65906264566268));
#11705=CARTESIAN_POINT('',(6.79689708686515,0.,4.65906264566268));
#11706=CARTESIAN_POINT('Origin',(6.79689708686515,0.,4.65906264566268));
#11707=CARTESIAN_POINT('',(6.79689708686515,0.,4.42304628275718));
#11708=CARTESIAN_POINT('Origin',(6.79689708686515,0.,4.42304628275718));
#11709=CARTESIAN_POINT('',(6.13523277974768,0.,4.42304628275718));
#11710=CARTESIAN_POINT('Origin',(6.13523277974768,0.,4.42304628275718));
#11711=CARTESIAN_POINT('Origin',(7.75,4.05,15.7));
#11712=CARTESIAN_POINT('',(0.75,7.35,15.7));
#11713=CARTESIAN_POINT('',(12.2417542900325,7.35,15.7));
#11714=CARTESIAN_POINT('',(9.99587714501623,7.35,15.7));
#11715=CARTESIAN_POINT('',(0.75,0.75,15.7));
#11716=CARTESIAN_POINT('',(0.749999999999999,5.7,15.7));
#11717=CARTESIAN_POINT('',(12.2417542900328,0.750000000000001,15.7));
#11718=CARTESIAN_POINT('',(4.25,0.75,15.7));
#11719=CARTESIAN_POINT('',(14.75,2.70965632094455,15.7));
#11720=CARTESIAN_POINT('',(11.6476462635991,0.285831938355112,15.7));
#11721=CARTESIAN_POINT('',(14.75,5.3903436790525,15.7));
#11722=CARTESIAN_POINT('',(14.75,3.37982816047228,15.7));
#11723=CARTESIAN_POINT('',(12.9017691185844,6.83433990117035,15.7));
#11724=CARTESIAN_POINT('',(8.1,1.91335534236763,15.7));
#11725=CARTESIAN_POINT('',(8.1,5.75,15.7));
#11726=CARTESIAN_POINT('',(8.1,2.98167767118382,15.7));
#11727=CARTESIAN_POINT('',(7.5,1.91335534236763,15.7));
#11728=CARTESIAN_POINT('',(7.625,1.91335534236763,15.7));
#11729=CARTESIAN_POINT('',(7.5,5.75,15.7));
#11730=CARTESIAN_POINT('',(7.5,4.9,15.7));
#11731=CARTESIAN_POINT('',(7.925,5.75,15.7));
#11732=CARTESIAN_POINT('',(2.14963183539796,4.04999999999888,15.7));
#11733=CARTESIAN_POINT('Origin',(4.14963183539796,4.04999999999888,15.7));
#11734=CARTESIAN_POINT('',(13.350368164602,4.04999999999888,15.7));
#11735=CARTESIAN_POINT('Origin',(11.350368164602,4.04999999999888,15.7));
#11736=CARTESIAN_POINT('Origin',(0.75,0.75,7.9));
#11737=CARTESIAN_POINT('',(0.75,0.75,7.9));
#11738=CARTESIAN_POINT('',(0.75,0.75,7.9));
#11739=CARTESIAN_POINT('',(12.2417542900328,0.750000000000001,7.9));
#11740=CARTESIAN_POINT('',(0.75,0.75,7.9));
#11741=CARTESIAN_POINT('',(12.2417542900328,0.750000000000001,7.9));
#11742=CARTESIAN_POINT('Origin',(0.749999999999999,7.35,7.9));
#11743=CARTESIAN_POINT('',(0.749999999999999,7.35,7.9));
#11744=CARTESIAN_POINT('',(0.749999999999999,7.35,7.9));
#11745=CARTESIAN_POINT('',(0.749999999999999,7.35,7.9));
#11746=CARTESIAN_POINT('Origin',(12.2417542900325,7.35,7.9));
#11747=CARTESIAN_POINT('',(12.2417542900325,7.35,7.9));
#11748=CARTESIAN_POINT('',(12.2417542900325,7.35,7.9));
#11749=CARTESIAN_POINT('',(12.2417542900325,7.35,7.9));
#11750=CARTESIAN_POINT('Origin',(8.1,1.91335534236763,15.8));
#11751=CARTESIAN_POINT('',(8.1,5.75,16.6));
#11752=CARTESIAN_POINT('',(8.1,5.75,15.8));
#11753=CARTESIAN_POINT('',(8.1,1.91335534236763,16.6));
#11754=CARTESIAN_POINT('',(8.1,5.75,16.6));
#11755=CARTESIAN_POINT('',(8.1,1.91335534236763,15.8));
#11756=CARTESIAN_POINT('Origin',(7.5,1.91335534236763,15.8));
#11757=CARTESIAN_POINT('',(7.5,1.91335534236763,16.6));
#11758=CARTESIAN_POINT('',(8.1,1.91335534236763,16.6));
#11759=CARTESIAN_POINT('',(7.5,1.91335534236763,15.8));
#11760=CARTESIAN_POINT('Origin',(7.5,5.75,15.8));
#11761=CARTESIAN_POINT('',(7.5,5.75,16.6));
#11762=CARTESIAN_POINT('',(7.5,1.91335534236763,16.6));
#11763=CARTESIAN_POINT('',(7.5,5.75,15.8));
#11764=CARTESIAN_POINT('Origin',(8.1,5.75,15.8));
#11765=CARTESIAN_POINT('',(7.5,5.75,16.6));
#11766=CARTESIAN_POINT('Origin',(7.8,3.83167767118382,16.6));
#11767=CARTESIAN_POINT('Origin',(4.14963183539796,4.04999999999888,10.8));
#11768=CARTESIAN_POINT('',(5.99963183539796,4.04999999999888,15.3));
#11769=CARTESIAN_POINT('Origin',(4.14963183539796,4.04999999999888,15.3));
#11770=CARTESIAN_POINT('',(5.99963183539796,4.04999999999888,7.9));
#11771=CARTESIAN_POINT('',(5.99963183539796,4.04999999999888,10.8));
#11772=CARTESIAN_POINT('Origin',(4.14963183539796,4.04999999999888,7.9));
#11773=CARTESIAN_POINT('Origin',(4.14963183539796,4.04999999999888,15.8));
#11774=CARTESIAN_POINT('',(2.14963183539796,4.04999999999888,15.3));
#11775=CARTESIAN_POINT('',(2.14963183539796,4.04999999999888,15.8));
#11776=CARTESIAN_POINT('Origin',(4.14963183539796,4.04999999999888,15.3));
#11777=CARTESIAN_POINT('Origin',(4.14963183539796,4.04999999999888,15.3));
#11778=CARTESIAN_POINT('Origin',(11.350368164602,4.04999999999888,10.8));
#11779=CARTESIAN_POINT('',(9.50036816460205,4.04999999999888,15.3));
#11780=CARTESIAN_POINT('Origin',(11.350368164602,4.04999999999888,15.3));
#11781=CARTESIAN_POINT('',(9.50036816460205,4.04999999999888,7.9));
#11782=CARTESIAN_POINT('',(9.50036816460205,4.04999999999888,10.8));
#11783=CARTESIAN_POINT('Origin',(11.350368164602,4.04999999999888,7.9));
#11784=CARTESIAN_POINT('Origin',(11.350368164602,4.04999999999888,15.8));
#11785=CARTESIAN_POINT('',(13.350368164602,4.04999999999888,15.3));
#11786=CARTESIAN_POINT('',(13.350368164602,4.04999999999888,15.8));
#11787=CARTESIAN_POINT('Origin',(11.350368164602,4.04999999999888,15.3));
#11788=CARTESIAN_POINT('Origin',(11.350368164602,4.04999999999888,15.3));
#11789=CARTESIAN_POINT('Origin',(14.75,5.3903436790525,7.9));
#11790=CARTESIAN_POINT('',(14.75,5.3903436790525,7.9));
#11791=CARTESIAN_POINT('',(14.75,5.3903436790525,7.9));
#11792=CARTESIAN_POINT('',(14.75,5.3903436790525,7.9));
#11793=CARTESIAN_POINT('Origin',(14.75,2.70965632094455,7.9));
#11794=CARTESIAN_POINT('',(14.75,2.70965632094455,7.9));
#11795=CARTESIAN_POINT('',(14.75,2.70965632094455,7.9));
#11796=CARTESIAN_POINT('',(14.75,2.70965632094455,7.9));
#11797=CARTESIAN_POINT('Origin',(12.2417542900328,0.750000000000001,7.9));
#11798=CARTESIAN_POINT('',(12.2417542900328,0.750000000000001,7.9));
#11799=CARTESIAN_POINT('Origin',(7.75,4.05,7.9));
#11800=UNCERTAINTY_MEASURE_WITH_UNIT(LENGTH_MEASURE(0.01),#11804,
'DISTANCE_ACCURACY_VALUE',
'Maximum model space distance between geometric entities at asserted c
onnectivities');
#11801=UNCERTAINTY_MEASURE_WITH_UNIT(LENGTH_MEASURE(0.01),#11804,
'DISTANCE_ACCURACY_VALUE',
'Maximum model space distance between geometric entities at asserted c
onnectivities');
#11802=(
GEOMETRIC_REPRESENTATION_CONTEXT(3)
GLOBAL_UNCERTAINTY_ASSIGNED_CONTEXT((#11800))
GLOBAL_UNIT_ASSIGNED_CONTEXT((#11804,#11806,#11807))
REPRESENTATION_CONTEXT('','3D')
);
#11803=(
GEOMETRIC_REPRESENTATION_CONTEXT(3)
GLOBAL_UNCERTAINTY_ASSIGNED_CONTEXT((#11801))
GLOBAL_UNIT_ASSIGNED_CONTEXT((#11804,#11806,#11807))
REPRESENTATION_CONTEXT('','3D')
);
#11804=(
LENGTH_UNIT()
NAMED_UNIT(*)
SI_UNIT(.MILLI.,.METRE.)
);
#11805=(
LENGTH_UNIT()
NAMED_UNIT(*)
SI_UNIT($,.METRE.)
);
#11806=(
NAMED_UNIT(*)
PLANE_ANGLE_UNIT()
SI_UNIT($,.RADIAN.)
);
#11807=(
NAMED_UNIT(*)
SI_UNIT($,.STERADIAN.)
SOLID_ANGLE_UNIT()
);
#11808=SHAPE_DEFINITION_REPRESENTATION(#11809,#11810);
#11809=PRODUCT_DEFINITION_SHAPE('',$,#11812);
#11810=SHAPE_REPRESENTATION('',(#5073),#11802);
#11811=PRODUCT_DEFINITION_CONTEXT('part definition',#11816,'design');
#11812=PRODUCT_DEFINITION('XT60_Female v7','XT60_Female v7 v2',#11813,#11811);
#11813=PRODUCT_DEFINITION_FORMATION('',$,#11818);
#11814=PRODUCT_RELATED_PRODUCT_CATEGORY('XT60_Female v7 v2',
'XT60_Female v7 v2',(#11818));
#11815=APPLICATION_PROTOCOL_DEFINITION('international standard',
'ap242_managed_model_based_3d_engineering',2011,#11816);
#11816=APPLICATION_CONTEXT('Managed model based 3d engineering');
#11817=PRODUCT_CONTEXT('part definition',#11816,'mechanical');
#11818=PRODUCT('XT60_Female v7','XT60_Female v7 v2',$,(#11817));
#11819=PRESENTATION_STYLE_ASSIGNMENT((#11824));
#11820=PRESENTATION_STYLE_ASSIGNMENT((#11825));
#11821=PRESENTATION_STYLE_ASSIGNMENT((#11826));
#11822=PRESENTATION_STYLE_ASSIGNMENT((#11827));
#11823=PRESENTATION_STYLE_ASSIGNMENT((#11828));
#11824=SURFACE_STYLE_USAGE(.BOTH.,#11829);
#11825=SURFACE_STYLE_USAGE(.BOTH.,#11830);
#11826=SURFACE_STYLE_USAGE(.BOTH.,#11831);
#11827=SURFACE_STYLE_USAGE(.BOTH.,#11832);
#11828=SURFACE_STYLE_USAGE(.BOTH.,#11833);
#11829=SURFACE_SIDE_STYLE('',(#11834));
#11830=SURFACE_SIDE_STYLE('',(#11835));
#11831=SURFACE_SIDE_STYLE('',(#11836));
#11832=SURFACE_SIDE_STYLE('',(#11837));
#11833=SURFACE_SIDE_STYLE('',(#11838));
#11834=SURFACE_STYLE_FILL_AREA(#11839);
#11835=SURFACE_STYLE_FILL_AREA(#11840);
#11836=SURFACE_STYLE_FILL_AREA(#11841);
#11837=SURFACE_STYLE_FILL_AREA(#11842);
#11838=SURFACE_STYLE_FILL_AREA(#11843);
#11839=FILL_AREA_STYLE('Steel - Satin',(#11844));
#11840=FILL_AREA_STYLE('Plastic - Glossy (Yellow)',(#11845));
#11841=FILL_AREA_STYLE('Gold - Polished',(#11846));
#11842=FILL_AREA_STYLE('Plastic - Translucent Glossy (Yellow)',(#11847));
#11843=FILL_AREA_STYLE('Plastic - Translucent Matte (Yellow)',(#11848));
#11844=FILL_AREA_STYLE_COLOUR('Steel - Satin',#11849);
#11845=FILL_AREA_STYLE_COLOUR('Plastic - Glossy (Yellow)',#11850);
#11846=FILL_AREA_STYLE_COLOUR('Gold - Polished',#11851);
#11847=FILL_AREA_STYLE_COLOUR('Plastic - Translucent Glossy (Yellow)',#11852);
#11848=FILL_AREA_STYLE_COLOUR('Plastic - Translucent Matte (Yellow)',#11853);
#11849=COLOUR_RGB('Steel - Satin',0.627450980392157,0.627450980392157,0.627450980392157);
#11850=COLOUR_RGB('Plastic - Glossy (Yellow)',0.909803921568627,0.67843137254902,
0.137254901960784);
#11851=COLOUR_RGB('Gold - Polished',0.956862745098039,0.898039215686275,
0.654901960784314);
#11852=COLOUR_RGB('Plastic - Translucent Glossy (Yellow)',0.909803921568627,
0.67843137254902,0.137254901960784);
#11853=COLOUR_RGB('Plastic - Translucent Matte (Yellow)',0.909803921568627,
0.67843137254902,0.137254901960784);
ENDSEC;
END-ISO-10303-21;
