ISO-10303-21;
HEADER;
FILE_DESCRIPTION (( 'STEP AP214' ),
    '1' );
FILE_NAME ('FD333757-42DB-429D-8BC4-868C1F9220FF.STEP',
    '2026-08-03T10:07:07',
    ( '' ),
    ( '' ),
    'SwSTEP 2.0',
    'SolidWorks 2022',
    '' );
FILE_SCHEMA (( 'AUTOMOTIVE_DESIGN' ));
ENDSEC;

DATA;
#1 = CARTESIAN_POINT ( 'NONE',  ( 14.09999999999999964, -6.486286700774975272E-14, -40.19521439518898376 ) ) ;
#2 = LINE ( 'NONE', #752, #9103 ) ;
#3 = ORIENTED_EDGE ( 'NONE', *, *, #4013, .F. ) ;
#4 = ORIENTED_EDGE ( 'NONE', *, *, #9867, .T. ) ;
#5 = CARTESIAN_POINT ( 'NONE',  ( -1.490623833077393545, 56.66881412676252694, -0.01565965582893989738 ) ) ;
#6 = ORIENTED_EDGE ( 'NONE', *, *, #9555, .T. ) ;
#7 = DIRECTION ( 'NONE',  ( 0.0000000000000000000, 0.0000000000000000000, 1.000000000000000000 ) ) ;
#8 = CARTESIAN_POINT ( 'NONE',  ( 9.860705691608371737, 56.29639450833322201, -0.3685364120818597766 ) ) ;
#9 = VERTEX_POINT ( 'NONE', #5726 ) ;
#10 = CARTESIAN_POINT ( 'NONE',  ( 0.9990895922871018131, 55.50280290518858806, -0.01345756636718527764 ) ) ;
#11 = CARTESIAN_POINT ( 'NONE',  ( 9.269992378430492508, 55.26586612284178557, -0.3037559157698060952 ) ) ;
#12 = AXIS2_PLACEMENT_3D ( 'NONE', #1377, #14, #3032 ) ;
#13 = EDGE_CURVE ( 'NONE', #9178, #247, #6579, .T. ) ;
#14 = DIRECTION ( 'NONE',  ( 0.0000000000000000000, 1.000000000000000000, 0.0000000000000000000 ) ) ;
#15 = CARTESIAN_POINT ( 'NONE',  ( 7.607047188913720781, 56.28794583025646148, -0.1076853805596527380 ) ) ;
#16 = CARTESIAN_POINT ( 'NONE',  ( 10.52165805839232426, 56.04930395174071123, -0.4819980305162213652 ) ) ;
#17 = DIRECTION ( 'NONE',  ( -1.000000000000000000, -0.0000000000000000000, -0.0000000000000000000 ) ) ;
#18 = CARTESIAN_POINT ( 'NONE',  ( 10.55539111374417161, 54.60293604012184687, -0.8009555158831997979 ) ) ;
#19 = ORIENTED_EDGE ( 'NONE', *, *, #7383, .T. ) ;
#20 = CARTESIAN_POINT ( 'NONE',  ( 8.178022173544562179, 56.27108056671653458, -0.1713814972634337408 ) ) ;
#21 = LINE ( 'NONE', #168, #1536 ) ;
#22 = CARTESIAN_POINT ( 'NONE',  ( 10.09965397924440111, 56.37170430018856138, -0.4202167376168106649 ) ) ;
#23 = CARTESIAN_POINT ( 'NONE',  ( 1.648592690196054367, 54.66557178713640752, 0.2903803895346372399 ) ) ;
#24 = ADVANCED_FACE ( 'NONE', ( #8130 ), #8037, .F. ) ;
#25 = DIRECTION ( 'NONE',  ( -0.0000000000000000000, -1.000000000000000000, -0.0000000000000000000 ) ) ;
#26 = LINE ( 'NONE', #4531, #1019 ) ;
#27 = LINE ( 'NONE', #9150, #6222 ) ;
#28 = ORIENTED_EDGE ( 'NONE', *, *, #9400, .T. ) ;
#29 = CARTESIAN_POINT ( 'NONE',  ( 1.408621629175319967, 56.27568005737404633, -0.01861215123666109736 ) ) ;
#30 = CARTESIAN_POINT ( 'NONE',  ( -2.429028502896303010, 56.37170430018856138, 0.7023928024058537778 ) ) ;
#31 = CARTESIAN_POINT ( 'NONE',  ( 14.09999999999999964, 20.53462967740379952, -50.54876778578210406 ) ) ;
#32 = CARTESIAN_POINT ( 'NONE',  ( -0.7078830429363786036, 55.81999400323434912, 0.2964864324853951350 ) ) ;
#33 = EDGE_CURVE ( 'NONE', #5282, #2343, #5814, .T. ) ;
#34 = ORIENTED_EDGE ( 'NONE', *, *, #2429, .F. ) ;
#35 = EDGE_LOOP ( 'NONE', ( #3796, #8991 ) ) ;
#36 = CARTESIAN_POINT ( 'NONE',  ( 1.649329860067773934, 54.68747993182417844, 0.2948127524685536516 ) ) ;
#37 = ORIENTED_EDGE ( 'NONE', *, *, #1719, .F. ) ;
#38 = FACE_OUTER_BOUND ( 'NONE', #103, .T. ) ;
#39 = EDGE_LOOP ( 'NONE', ( #3961, #186, #6938, #3469 ) ) ;
#40 = VERTEX_POINT ( 'NONE', #6963 ) ;
#41 = CARTESIAN_POINT ( 'NONE',  ( -1.600279882967844181, 56.36731920643618565, -0.01793679327041437441 ) ) ;
#42 = AXIS2_PLACEMENT_3D ( 'NONE', #5386, #825, #3872 ) ;
#43 = FACE_OUTER_BOUND ( 'NONE', #7932, .T. ) ;
#44 = CARTESIAN_POINT ( 'NONE',  ( 8.014358866576797524, 55.37220510393142803, -0.4992202662322275386 ) ) ;
#45 = CARTESIAN_POINT ( 'NONE',  ( -13.50000000000000000, 54.09999999999998721, -2.797607197594146555 ) ) ;
#46 = DIRECTION ( 'NONE',  ( -0.0000000000000000000, 1.000000000000000000, -0.0000000000000000000 ) ) ;
#47 = PLANE ( 'NONE',  #3342 ) ;
#48 = ORIENTED_EDGE ( 'NONE', *, *, #7009, .T. ) ;
#49 = CIRCLE ( 'NONE', #2931, 5.000000000000007994 ) ;
#50 = CARTESIAN_POINT ( 'NONE',  ( 1.902869012294670537, 55.96536253389634652, -0.02745724643013827682 ) ) ;
#51 = ORIENTED_EDGE ( 'NONE', *, *, #1754, .T. ) ;
#52 = DIRECTION ( 'NONE',  ( -1.000000000000000000, -0.0000000000000000000, -0.0000000000000000000 ) ) ;
#53 = CARTESIAN_POINT ( 'NONE',  ( 10.09965397924439934, 56.37170430018856138, -0.3685364120818595546 ) ) ;
#54 = DIRECTION ( 'NONE',  ( 0.0000000000000000000, -0.0000000000000000000, -1.000000000000000000 ) ) ;
#55 = DIRECTION ( 'NONE',  ( 0.0000000000000000000, 1.000000000000000000, 0.0000000000000000000 ) ) ;
#56 = AXIS2_PLACEMENT_3D ( 'NONE', #2296, #9170, #3798 ) ;
#57 = CYLINDRICAL_SURFACE ( 'NONE', #2390, 6.200000000000003730 ) ;
#58 = FACE_OUTER_BOUND ( 'NONE', #5525, .T. ) ;
#59 = CARTESIAN_POINT ( 'NONE',  ( 0.05565518892728234246, 53.87253265680915604, 0.7023928024058537778 ) ) ;
#60 = CARTESIAN_POINT ( 'NONE',  ( 1.721474882195130895, 55.50339780177792903, 0.2791944706803024534 ) ) ;
#61 = CARTESIAN_POINT ( 'NONE',  ( 10.50142942798088264, 54.43683944697960442, -0.4184356817180828747 ) ) ;
#62 = VECTOR ( 'NONE', #155, 1000.000000000000000 ) ;
#63 = CARTESIAN_POINT ( 'NONE',  ( 8.130849730158203670, 56.30991522761228651, -0.1659315032604933016 ) ) ;
#64 = EDGE_CURVE ( 'NONE', #3415, #7186, #5802, .T. ) ;
#65 = CARTESIAN_POINT ( 'NONE',  ( -1.530514590591644630, 56.67568814250224563, -0.02736481479098814423 ) ) ;
#66 = DIRECTION ( 'NONE',  ( 0.0000000000000000000, -0.0000000000000000000, 1.000000000000000000 ) ) ;
#67 = CARTESIAN_POINT ( 'NONE',  ( 8.378983357747397775, 54.79161208363164803, -0.1949286474922078960 ) ) ;
#68 = AXIS2_PLACEMENT_3D ( 'NONE', #2021, #5783, #9643 ) ;
#69 = VECTOR ( 'NONE', #4332, 1000.000000000000000 ) ;
#70 = FACE_OUTER_BOUND ( 'NONE', #9811, .T. ) ;
#71 = B_SPLINE_CURVE_WITH_KNOTS ( 'NONE', 3,
 ( #3422, #7895, #930, #3328, #4123, #6390, #9451, #6287, #9342, #7201, #2582, #5534, #8702, #1832 ),
 .UNSPECIFIED., .F., .F.,
 ( 4, 2, 2, 2, 2, 2, 4 ),
 ( 1.764953265579307567E-18, 8.434879339536711788E-05, 0.0001686975867907324739, 0.0003373951735814717783, 0.0005060927603722109201, 0.0006747903471629501703, 0.001349580694325885812 ),
 .UNSPECIFIED. ) ;
#72 = DIRECTION ( 'NONE',  ( -0.0000000000000000000, -0.0000000000000000000, 1.000000000000000000 ) ) ;
#73 = DIRECTION ( 'NONE',  ( 0.0000000000000000000, -1.000000000000000000, 3.362642065588203259E-15 ) ) ;
#74 = ORIENTED_EDGE ( 'NONE', *, *, #9705, .T. ) ;
#75 = AXIS2_PLACEMENT_3D ( 'NONE', #9614, #5795, #4851 ) ;
#76 = CARTESIAN_POINT ( 'NONE',  ( 0.9451177179338354772, 56.37158812672596753, 0.2958764490941490077 ) ) ;
#77 = DIRECTION ( 'NONE',  ( 0.0000000000000000000, -0.0000000000000000000, -1.000000000000000000 ) ) ;
#78 = CARTESIAN_POINT ( 'NONE',  ( -1.662965293528849919, 54.20443096133767824, 0.2806523828739541648 ) ) ;
#79 = CARTESIAN_POINT ( 'NONE',  ( -13.41913967653886353, 57.65129316114312275, -1.281796109495879854 ) ) ;
#80 = VERTEX_POINT ( 'NONE', #6303 ) ;
#81 = CARTESIAN_POINT ( 'NONE',  ( 1.430166579334968269, 55.61966725173483894, -0.01442316202641585193 ) ) ;
#82 = CARTESIAN_POINT ( 'NONE',  ( 14.09999999999999964, 22.72749660573235886, -46.52121048489971145 ) ) ;
#83 = CARTESIAN_POINT ( 'NONE',  ( 8.233575873280205570, 56.20985169905455336, -0.4946340216350788022 ) ) ;
#84 = EDGE_CURVE ( 'NONE', #1668, #8064, #3248, .T. ) ;
#85 = VERTEX_POINT ( 'NONE', #9362 ) ;
#86 = EDGE_CURVE ( 'NONE', #6756, #5639, #26, .T. ) ;
#87 = CARTESIAN_POINT ( 'NONE',  ( -14.09999999999999964, 72.50000000000000000, -50.70000000000000995 ) ) ;
#88 = VERTEX_POINT ( 'NONE', #8416 ) ;
#89 = PRESENTATION_LAYER_ASSIGNMENT (  '', '', ( #5055 ) ) ;
#90 = CARTESIAN_POINT ( 'NONE',  ( 4.333781329145700134, 36.09533680887011542, -1.297607197594146777 ) ) ;
#91 = DIRECTION ( 'NONE',  ( 0.0000000000000000000, 0.0000000000000000000, -1.000000000000000000 ) ) ;
#92 = CARTESIAN_POINT ( 'NONE',  ( 8.270243251305785748, 55.19125089886791358, -0.4992202662322275386 ) ) ;
#93 = CARTESIAN_POINT ( 'NONE',  ( 1.628804810047603358, 53.98087753813518930, -0.01869735964881090798 ) ) ;
#94 = CARTESIAN_POINT ( 'NONE',  ( -4.724999999999997868, 52.00000000000004263, -27.19999999999992468 ) ) ;
#95 = CARTESIAN_POINT ( 'NONE',  ( 7.400743762879353760, 56.01824182910933558, -0.3874412905815670105 ) ) ;
#96 = ORIENTED_EDGE ( 'NONE', *, *, #6657, .T. ) ;
#97 = DIRECTION ( 'NONE',  ( 0.0000000000000000000, 1.000000000000000000, -2.154182201811218676E-17 ) ) ;
#98 = AXIS2_PLACEMENT_3D ( 'NONE', #357, #4220, #6492 ) ;
#99 = DIRECTION ( 'NONE',  ( -0.0000000000000000000, 0.0000000000000000000, -1.000000000000000000 ) ) ;
#100 = VERTEX_POINT ( 'NONE', #3829 ) ;
#101 = EDGE_CURVE ( 'NONE', #2504, #3450, #1540, .T. ) ;
#102 = CARTESIAN_POINT ( 'NONE',  ( 1.902869012294670537, 55.96536253389634652, 0.2943615570823886474 ) ) ;
#103 = EDGE_LOOP ( 'NONE', ( #6559, #2539, #836, #5096 ) ) ;
#104 = DIRECTION ( 'NONE',  ( 0.0000000000000000000, -0.02617694830786611998, 0.9996573249755574819 ) ) ;
#105 = CARTESIAN_POINT ( 'NONE',  ( 10.50465201507848256, 56.08839895870458747, -0.8009584369727306141 ) ) ;
#106 = DIRECTION ( 'NONE',  ( 0.0000000000000000000, -1.000000000000000000, 3.362642065588203259E-15 ) ) ;
#107 = B_SPLINE_CURVE_WITH_KNOTS ( 'NONE', 3,
 ( #8379, #7514, #9119, #6883, #3901, #643, #6984, #3163, #6008, #2243 ),
 .UNSPECIFIED., .F., .F.,
 ( 4, 2, 2, 2, 4 ),
 ( 0.0000000000000000000, 0.0001908593493155508875, 0.0003817186986311017750, 0.0005725780479466526353, 0.0007634373972622035499 ),
 .UNSPECIFIED. ) ;
#108 = CARTESIAN_POINT ( 'NONE',  ( 13.50000000000000000, 54.09999999999998010, -2.797607197594146555 ) ) ;
#109 = CARTESIAN_POINT ( 'NONE',  ( 6.649999999999999467, 7.749999999999998224, -50.69816221708081372 ) ) ;
#110 = CARTESIAN_POINT ( 'NONE',  ( 10.60933650454130017, 55.37996610596908909, -0.4951637040885810137 ) ) ;
#111 = DIRECTION ( 'NONE',  ( 0.0000000000000000000, 3.362642065588203259E-15, 1.000000000000000000 ) ) ;
#112 = CARTESIAN_POINT ( 'NONE',  ( 10.57494833584607008, 54.70776166365689619, -0.4184356817180832078 ) ) ;
#113 = VECTOR ( 'NONE', #1512, 1000.000000000000000 ) ;
#114 = ORIENTED_EDGE ( 'NONE', *, *, #8177, .F. ) ;
#115 = CARTESIAN_POINT ( 'NONE',  ( -1.302004111741367431, 56.61435637915116104, 0.2881188099477065556 ) ) ;
#116 = CARTESIAN_POINT ( 'NONE',  ( 9.929550531883736042, 56.33810022885055702, -0.3960351187634868486 ) ) ;
#117 = EDGE_LOOP ( 'NONE', ( #9008, #8726, #750, #6413 ) ) ;
#118 = DIRECTION ( 'NONE',  ( 0.0000000000000000000, 1.000000000000000000, 0.0000000000000000000 ) ) ;
#119 = VECTOR ( 'NONE', #6833, 1000.000000000000000 ) ;
#120 = CARTESIAN_POINT ( 'NONE',  ( 1.538846377929198539, 55.85955195378404170, 0.2902530130439313627 ) ) ;
#121 = DIRECTION ( 'NONE',  ( 0.0000000000000000000, 0.0000000000000000000, -1.000000000000000000 ) ) ;
#122 = EDGE_CURVE ( 'NONE', #4377, #5192, #782, .T. ) ;
#123 = CYLINDRICAL_SURFACE ( 'NONE', #2440, 70.87421554853963812 ) ;
#124 = ORIENTED_EDGE ( 'NONE', *, *, #4374, .T. ) ;
#125 = AXIS2_PLACEMENT_3D ( 'NONE', #2742, #7444, #5793 ) ;
#126 = ORIENTED_EDGE ( 'NONE', *, *, #1570, .T. ) ;
#127 = LINE ( 'NONE', #1638, #3295 ) ;
#128 = DIRECTION ( 'NONE',  ( 0.6691306063588626785, 0.0000000000000000000, 0.7431448254773902473 ) ) ;
#129 = CARTESIAN_POINT ( 'NONE',  ( 1.883807322700046694, 55.10455777643296926, 0.2857201262141788600 ) ) ;
#130 = B_SPLINE_SURFACE_WITH_KNOTS ( 'NONE', 3, 1, ( 
 ( #156, #984 ),
 ( #6339, #3971 ),
 ( #1877, #308 ),
 ( #9397, #1783 ),
 ( #4024, #7105 ),
 ( #3381, #257 ),
 ( #3228, #6445 ),
 ( #4925, #8598 ),
 ( #9552, #8795 ),
 ( #1731, #4780 ),
 ( #7991, #7248 ) ),
 .UNSPECIFIED., .F., .F., .F.,
 ( 4, 1, 1, 1, 1, 1, 1, 1, 4 ),
 ( 2, 2 ),
 ( 0.0000000000000000000, 0.1195439519186944632, 0.2373674878339745165, 0.3569021439554593278, 0.4789095661506000967, 0.6029940902052082219, 0.7289914963758118427, 0.8606578778832495447, 1.000000000000000000 ),
 ( 0.0000000000000000000, 1.000000000000000000 ),
 .UNSPECIFIED. ) ;
#131 = PLANE ( 'NONE',  #1048 ) ;
#132 = CONICAL_SURFACE ( 'NONE', #4613, 3.421800737654745461, 0.1221730476387383191 ) ;
#133 = EDGE_CURVE ( 'NONE', #3828, #5166, #5551, .T. ) ;
#134 = CARTESIAN_POINT ( 'NONE',  ( 8.156443271444157261, 54.25671123506624127, -0.1326601476622898956 ) ) ;
#135 = CARTESIAN_POINT ( 'NONE',  ( -14.09999999999999964, 7.800000000000001599, -5.458128122775026014 ) ) ;
#136 = CARTESIAN_POINT ( 'NONE',  ( 2.685218396309094313, 56.69768321019457602, 0.7023928024058537778 ) ) ;
#137 = ORIENTED_EDGE ( 'NONE', *, *, #8930, .F. ) ;
#138 = CARTESIAN_POINT ( 'NONE',  ( 8.500000000000000000, 14.00000000001000444, -25.20200572722880139 ) ) ;
#139 = DIRECTION ( 'NONE',  ( 0.0000000000000000000, 1.000000000000000000, -2.154182201811218676E-17 ) ) ;
#140 = ORIENTED_EDGE ( 'NONE', *, *, #8352, .F. ) ;
#141 = CARTESIAN_POINT ( 'NONE',  ( 8.704962267753410643, 54.80293079578463278, -0.2343359417129277367 ) ) ;
#142 = CIRCLE ( 'NONE', #1423, 6.200000000000001066 ) ;
#143 = LINE ( 'NONE', #7188, #9700 ) ;
#144 = CARTESIAN_POINT ( 'NONE',  ( 7.959891325150024954, 55.38449050461130696, -0.1312072312784050010 ) ) ;
#145 = FACE_OUTER_BOUND ( 'NONE', #8173, .T. ) ;
#146 = VERTEX_POINT ( 'NONE', #1485 ) ;
#147 = LINE ( 'NONE', #1721, #3522 ) ;
#148 = ORIENTED_EDGE ( 'NONE', *, *, #759, .T. ) ;
#149 = CARTESIAN_POINT ( 'NONE',  ( -1.171437768117840728, 54.03031604589710923, -0.009647775876847813903 ) ) ;
#150 = CYLINDRICAL_SURFACE ( 'NONE', #5753, 2.750000000000000000 ) ;
#151 = ORIENTED_EDGE ( 'NONE', *, *, #8366, .F. ) ;
#152 = LINE ( 'NONE', #3223, #7420 ) ;
#153 = ORIENTED_EDGE ( 'NONE', *, *, #160, .F. ) ;
#154 = AXIS2_PLACEMENT_3D ( 'NONE', #6716, #6495, #8798 ) ;
#155 = DIRECTION ( 'NONE',  ( 0.0000000000000000000, 0.0000000000000000000, -1.000000000000000000 ) ) ;
#156 = CARTESIAN_POINT ( 'NONE',  ( 1.902869012294670537, 55.96536253389634652, 0.2857021154571451893 ) ) ;
#157 = CARTESIAN_POINT ( 'NONE',  ( 0.0000000000000000000, 53.87253265680915604, -70.87421554853963812 ) ) ;
#158 = CARTESIAN_POINT ( 'NONE',  ( -13.50000000000000000, 54.09999999999998721, -6.348128122775007043 ) ) ;
#159 = B_SPLINE_CURVE_WITH_KNOTS ( 'NONE', 3,
 ( #4546, #8321, #3158, #798, #3895, #8373, #4650, #6976, #2948, #1498, #7613, #740 ),
 .UNSPECIFIED., .F., .F.,
 ( 4, 2, 2, 2, 2, 4 ),
 ( 6.952435750266832928E-18, 0.0002906761509892933000, 0.0005813523019785796610, 0.0008720284529678659679, 0.001017366528462500990, 0.001162704603957136120 ),
 .UNSPECIFIED. ) ;
#160 = EDGE_CURVE ( 'NONE', #4041, #2062, #3583, .T. ) ;
#161 = CARTESIAN_POINT ( 'NONE',  ( 9.790447215474500808, 56.23373200713710673, -0.6794706070866964875 ) ) ;
#162 = CARTESIAN_POINT ( 'NONE',  ( 1.658643866112853749, 55.30377161679958675, 0.2806980302237424563 ) ) ;
#163 = VECTOR ( 'NONE', #4124, 1000.000000000000000 ) ;
#164 = CARTESIAN_POINT ( 'NONE',  ( 8.220521387605586483, 56.22682478463033107, -0.4783530441510952524 ) ) ;
#165 = CARTESIAN_POINT ( 'NONE',  ( 7.988958338455569574, 56.36341867034105491, -0.1373998474905827050 ) ) ;
#166 = DIRECTION ( 'NONE',  ( 1.000000000000000000, 0.0000000000000000000, 0.0000000000000000000 ) ) ;
#167 = ORIENTED_EDGE ( 'NONE', *, *, #6182, .F. ) ;
#168 = CARTESIAN_POINT ( 'NONE',  ( 14.09999999999999964, 57.00000000000012079, -3.618128122774999511 ) ) ;
#169 = VECTOR ( 'NONE', #918, 1000.000000000000000 ) ;
#170 = PLANE ( 'NONE',  #5700 ) ;
#171 = ORIENTED_EDGE ( 'NONE', *, *, #6406, .F. ) ;
#172 = CARTESIAN_POINT ( 'NONE',  ( 1.471405468530734284, 54.28876310115068549, -0.02103992808024637493 ) ) ;
#173 = EDGE_CURVE ( 'NONE', #7716, #5722, #2329, .T. ) ;
#174 = CARTESIAN_POINT ( 'NONE',  ( 1.958827210693546261, 54.97797745528236391, -0.02707099152645964582 ) ) ;
#175 = DIRECTION ( 'NONE',  ( -0.0000000000000000000, -1.000000000000000000, -0.0000000000000000000 ) ) ;
#176 = AXIS2_PLACEMENT_3D ( 'NONE', #9085, #4621, #9245 ) ;
#177 = ORIENTED_EDGE ( 'NONE', *, *, #6431, .F. ) ;
#178 = ORIENTED_EDGE ( 'NONE', *, *, #4457, .F. ) ;
#179 = LINE ( 'NONE', #5502, #9538 ) ;
#180 = CARTESIAN_POINT ( 'NONE',  ( 6.002959302592481450, 56.69768321019457602, 0.04639808784537291508 ) ) ;
#181 = CARTESIAN_POINT ( 'NONE',  ( 2.010998901704809327, 54.70182609246614902, 0.2857201262141790821 ) ) ;
#182 = LINE ( 'NONE', #3256, #2790 ) ;
#183 = CARTESIAN_POINT ( 'NONE',  ( 8.359648660418237398, 54.59126811832460646, -0.1326601476622890075 ) ) ;
#184 = CARTESIAN_POINT ( 'NONE',  ( -8.500000000000000000, 9.999999999990905053, -28.62380646487849845 ) ) ;
#185 = CARTESIAN_POINT ( 'NONE',  ( -0.6553297280676732006, 55.36175153115685532, -0.009782707134597468449 ) ) ;
#186 = ORIENTED_EDGE ( 'NONE', *, *, #4197, .T. ) ;
#187 = DIRECTION ( 'NONE',  ( -0.0000000000000000000, -0.0000000000000000000, 1.000000000000000000 ) ) ;
#188 = CARTESIAN_POINT ( 'NONE',  ( 14.09999999999999964, 54.91745697782608460, -48.13981301903218224 ) ) ;
#189 = EDGE_LOOP ( 'NONE', ( #6819, #5738, #2734, #5406 ) ) ;
#190 = CARTESIAN_POINT ( 'NONE',  ( 8.686988180944952731, 55.02696697464520526, -0.2321229112445282461 ) ) ;
#191 = ADVANCED_FACE ( 'NONE', ( #7019 ), #123, .T. ) ;
#192 = ADVANCED_FACE ( 'NONE', ( #2380 ), #8515, .T. ) ;
#193 = CARTESIAN_POINT ( 'NONE',  ( -1.460912703473988161, 7.749999999999999112, -50.69816221708080661 ) ) ;
#194 = DIRECTION ( 'NONE',  ( 0.0000000000000000000, -1.000000000000000000, 3.362642065588203259E-15 ) ) ;
#195 = ORIENTED_EDGE ( 'NONE', *, *, #9496, .T. ) ;
#196 = ORIENTED_EDGE ( 'NONE', *, *, #6090, .F. ) ;
#197 = CARTESIAN_POINT ( 'NONE',  ( 5.328207043710780688, 56.17279928768532216, -0.2005282194811428831 ) ) ;
#198 = ORIENTED_EDGE ( 'NONE', *, *, #7095, .T. ) ;
#199 = CARTESIAN_POINT ( 'NONE',  ( -4.724999999999997868, 57.00000000000006395, -19.94999999999994245 ) ) ;
#200 = ORIENTED_EDGE ( 'NONE', *, *, #2211, .F. ) ;
#201 = VECTOR ( 'NONE', #7487, 1000.000000000000000 ) ;
#202 = CARTESIAN_POINT ( 'NONE',  ( 0.0000000000000000000, 59.85600527474578314, -70.87421554853963812 ) ) ;
#203 = ORIENTED_EDGE ( 'NONE', *, *, #6527, .T. ) ;
#205 = ADVANCED_FACE ( 'NONE', ( #2645 ), #4142, .F. ) ;
#204 = CARTESIAN_POINT ( 'NONE',  ( 8.332392508136718945, 54.48892315559298538, -0.4915042180616620571 ) ) ;
#206 = LINE ( 'NONE', #8751, #5188 ) ;
#207 = DIRECTION ( 'NONE',  ( -1.000000000000000000, -0.0000000000000000000, -0.0000000000000000000 ) ) ;
#208 = CARTESIAN_POINT ( 'NONE',  ( 9.514109553980349077, 56.40351574255722511, -0.7262907717472798508 ) ) ;
#209 = CIRCLE ( 'NONE', #520, 3.000000000000000888 ) ;
#210 = CARTESIAN_POINT ( 'NONE',  ( 9.269992378430492508, 55.26586612284178557, -0.6088494644957999080 ) ) ;
#211 = CARTESIAN_POINT ( 'NONE',  ( 1.648160971733738434, 54.72658545095563198, 0.2809144543510292968 ) ) ;
#212 = ORIENTED_EDGE ( 'NONE', *, *, #2235, .T. ) ;
#213 = EDGE_CURVE ( 'NONE', #9676, #4542, #5705, .T. ) ;
#215 = EDGE_CURVE ( 'NONE', #3550, #8042, #2546, .T. ) ;
#214 = CARTESIAN_POINT ( 'NONE',  ( -14.09999999999999964, 18.58128306799196139, -40.19521439518901218 ) ) ;
#216 = CARTESIAN_POINT ( 'NONE',  ( 1.125596152853465703, 54.19926872834921028, -0.008928483534986217732 ) ) ;
#217 = ORIENTED_EDGE ( 'NONE', *, *, #3623, .F. ) ;
#218 = CARTESIAN_POINT ( 'NONE',  ( 10.91368899352385924, 54.81990011039728472, -0.8513888723903019207 ) ) ;
#219 = FACE_OUTER_BOUND ( 'NONE', #4749, .T. ) ;
#220 = CARTESIAN_POINT ( 'NONE',  ( 7.698350598191103344, 54.18162291740880221, -0.1175488617739068875 ) ) ;
#221 = PLANE ( 'NONE',  #6080 ) ;
#222 = AXIS2_PLACEMENT_3D ( 'NONE', #9225, #3743, #91 ) ;
#223 = CARTESIAN_POINT ( 'NONE',  ( 7.317857088156652701, 54.61154422566514199, -0.3788004374649442396 ) ) ;
#224 = ORIENTED_EDGE ( 'NONE', *, *, #3527, .F. ) ;
#225 = EDGE_CURVE ( 'NONE', #8118, #8253, #3556, .T. ) ;
#226 = LINE ( 'NONE', #2551, #9385 ) ;
#227 = CARTESIAN_POINT ( 'NONE',  ( 7.063109698197470365, 54.45001374133654082, -0.03936411257272963427 ) ) ;
#228 = CARTESIAN_POINT ( 'NONE',  ( 2.009957317993780634, 54.74116073744850297, 0.2857201262141788600 ) ) ;
#229 = CIRCLE ( 'NONE', #1207, 2.749999999999998668 ) ;
#230 = CARTESIAN_POINT ( 'NONE',  ( 8.156443271444157261, 54.25671123506624127, -0.4992116007269608580 ) ) ;
#231 = CARTESIAN_POINT ( 'NONE',  ( 14.09999999999999964, 22.56241556437915108, -46.33294912980714741 ) ) ;
#232 = CARTESIAN_POINT ( 'NONE',  ( 0.0000000000000000000, 56.69768321019457602, -70.87421554853963812 ) ) ;
#233 = VECTOR ( 'NONE', #9275, 1000.000000000000000 ) ;
#234 = AXIS2_PLACEMENT_3D ( 'NONE', #7269, #1855, #2697 ) ;
#235 = VERTEX_POINT ( 'NONE', #8010 ) ;
#236 = CARTESIAN_POINT ( 'NONE',  ( 7.985585756726818474, 55.71817531882977903, -0.4512929989513058682 ) ) ;
#237 = PLANE ( 'NONE',  #3284 ) ;
#238 = ORIENTED_EDGE ( 'NONE', *, *, #5834, .F. ) ;
#239 = DIRECTION ( 'NONE',  ( -1.000000000000000000, -0.0000000000000000000, 0.0000000000000000000 ) ) ;
#240 = CARTESIAN_POINT ( 'NONE',  ( -1.588871630397463708, 56.34997806560716782, 0.2868131980923047664 ) ) ;
#241 = CARTESIAN_POINT ( 'NONE',  ( 9.269992378430492508, 55.26586612284178557, -0.6088494644957999080 ) ) ;
#242 = DIRECTION ( 'NONE',  ( 0.0000000000000000000, 0.0000000000000000000, 1.000000000000000000 ) ) ;
#243 = CARTESIAN_POINT ( 'NONE',  ( 1.993766753814008252, 54.49258968705331085, 0.2942797456913122112 ) ) ;
#244 = CIRCLE ( 'NONE', #75, 2.750000000000000000 ) ;
#245 = B_SPLINE_CURVE_WITH_KNOTS ( 'NONE', 3,
 ( #8048, #3004, #3105, #6052, #9113, #7610, #6155, #845, #7768, #8523, #1641, #737, #9157, #9212, #2338, #4647, #3146, #3043 ),
 .UNSPECIFIED., .F., .F.,
 ( 4, 2, 2, 2, 2, 2, 2, 2, 4 ),
 ( 1.734723475976807094E-18, 0.0005899622302812493379, 0.001179924460562496941, 0.001769886690843744653, 0.002359848921124992147, 0.002949811151406239642, 0.003539773381687487570, 0.004129735611968735065, 0.004719697842249982560 ),
 .UNSPECIFIED. ) ;
#246 = ORIENTED_EDGE ( 'NONE', *, *, #7608, .F. ) ;
#247 = VERTEX_POINT ( 'NONE', #4237 ) ;
#248 = CARTESIAN_POINT ( 'NONE',  ( -8.673617379884035472E-16, 14.00000000001000444, -33.70200572722875876 ) ) ;
#249 = ORIENTED_EDGE ( 'NONE', *, *, #2751, .T. ) ;
#250 = EDGE_CURVE ( 'NONE', #4562, #7396, #3396, .T. ) ;
#251 = CARTESIAN_POINT ( 'NONE',  ( 1.900964388167672325, 56.01893809693801529, 0.2746094380691853631 ) ) ;
#252 = AXIS2_PLACEMENT_3D ( 'NONE', #6185, #4513, #104 ) ;
#253 = ORIENTED_EDGE ( 'NONE', *, *, #7908, .T. ) ;
#254 = DIRECTION ( 'NONE',  ( -0.0000000000000000000, -1.000000000000000000, -0.0000000000000000000 ) ) ;
#255 = VERTEX_POINT ( 'NONE', #3347 ) ;
#256 = CARTESIAN_POINT ( 'NONE',  ( -14.09999999999999964, 9.999999999999994671, -3.618128122775018163 ) ) ;
#257 = CARTESIAN_POINT ( 'NONE',  ( 1.808438099770836249, 55.61736558343952908, -0.02740559966098383288 ) ) ;
#258 = CARTESIAN_POINT ( 'NONE',  ( 9.885038029338243604, 53.86150871784497696, -0.3897638925666895848 ) ) ;
#259 = DIRECTION ( 'NONE',  ( 0.0000000000000000000, 0.0000000000000000000, -1.000000000000000000 ) ) ;
#260 = CARTESIAN_POINT ( 'NONE',  ( 10.03004012586522542, 56.36826885101739038, -0.7133012353779597525 ) ) ;
#261 = EDGE_CURVE ( 'NONE', #3968, #2094, #7268, .T. ) ;
#262 = CARTESIAN_POINT ( 'NONE',  ( 14.09999999999999964, 20.18107628681179833, -50.19521439519009931 ) ) ;
#263 = ORIENTED_EDGE ( 'NONE', *, *, #6572, .F. ) ;
#264 = LINE ( 'NONE', #2536, #5844 ) ;
#265 = CIRCLE ( 'NONE', #3775, 6.200000000000003730 ) ;
#266 = CARTESIAN_POINT ( 'NONE',  ( 7.794763519534359197, 56.36461856056565267, -0.4299217572998060288 ) ) ;
#267 = LINE ( 'NONE', #4936, #1673 ) ;
#268 = EDGE_LOOP ( 'NONE', ( #3711, #2548, #8882, #1115, #6733 ) ) ;
#269 = CARTESIAN_POINT ( 'NONE',  ( 8.147547935179957790, 54.24386127073727693, -0.1678423650713656845 ) ) ;
#270 = CARTESIAN_POINT ( 'NONE',  ( 1.587659240365482116, 55.33331017724045608, -0.01774896125251268150 ) ) ;
#271 = CARTESIAN_POINT ( 'NONE',  ( 7.354935043505227199, 54.49719801184056678, -0.08103432991976247668 ) ) ;
#272 = EDGE_CURVE ( 'NONE', #8050, #8983, #4351, .T. ) ;
#273 = VECTOR ( 'NONE', #1282, 1000.000000000000000 ) ;
#274 = CARTESIAN_POINT ( 'NONE',  ( -1.888559997591199968, 54.19851156681517068, 0.1317662519251389386 ) ) ;
#275 = EDGE_CURVE ( 'NONE', #7161, #1403, #1052, .T. ) ;
#276 = DIRECTION ( 'NONE',  ( 0.0000000000000000000, -3.828355257328126355E-15, -1.000000000000000000 ) ) ;
#277 = DIRECTION ( 'NONE',  ( 1.000000000000000000, 0.0000000000000000000, 0.0000000000000000000 ) ) ;
#278 = DIRECTION ( 'NONE',  ( -1.000000000000000000, 0.0000000000000000000, 0.0000000000000000000 ) ) ;
#279 = VERTEX_POINT ( 'NONE', #6461 ) ;
#280 = FACE_BOUND ( 'NONE', #9747, .T. ) ;
#281 = CARTESIAN_POINT ( 'NONE',  ( 7.917179901905550210, 56.69768321019456891, -0.1417108470175432733 ) ) ;
#282 = CARTESIAN_POINT ( 'NONE',  ( 8.479838717445773000, 55.46448845507433134, -0.1407445101694958789 ) ) ;
#283 = EDGE_CURVE ( 'NONE', #5927, #8527, #4074, .T. ) ;
#284 = CARTESIAN_POINT ( 'NONE',  ( 8.297714230248358191, 54.42371375068655937, -0.4992116007269606359 ) ) ;
#285 = CARTESIAN_POINT ( 'NONE',  ( 1.283735457526311574, 55.53581740769051578, -0.01162702048805597417 ) ) ;
#286 = AXIS2_PLACEMENT_3D ( 'NONE', #4820, #9389, #7934 ) ;
#287 = DIRECTION ( 'NONE',  ( 0.0000000000000000000, 1.000000000000000000, 0.0000000000000000000 ) ) ;
#288 = ORIENTED_EDGE ( 'NONE', *, *, #7033, .T. ) ;
#289 = CARTESIAN_POINT ( 'NONE',  ( -3.349999999999997868, 64.99999999999998579, -48.70000000000000995 ) ) ;
#290 = EDGE_LOOP ( 'NONE', ( #9112, #584, #2215, #3150 ) ) ;
#291 = DIRECTION ( 'NONE',  ( -1.000000000000000000, -0.0000000000000000000, -0.0000000000000000000 ) ) ;
#292 = CARTESIAN_POINT ( 'NONE',  ( 7.065110016223941081, 56.01165102650916339, -0.3530128474787682658 ) ) ;
#293 = CARTESIAN_POINT ( 'NONE',  ( 9.462282085703428436, 56.32478257982894121, -0.6344721789225648001 ) ) ;
#294 = CARTESIAN_POINT ( 'NONE',  ( -14.09999999999999964, 51.98648271382908348, -2.797128122774994452 ) ) ;
#295 = CARTESIAN_POINT ( 'NONE',  ( 2.010782291288161439, 54.64968721113616112, -0.03047645466538009135 ) ) ;
#296 = VECTOR ( 'NONE', #8546, 1000.000000000000000 ) ;
#297 = ORIENTED_EDGE ( 'NONE', *, *, #7576, .T. ) ;
#298 = EDGE_CURVE ( 'NONE', #4443, #1075, #6301, .T. ) ;
#299 = DIRECTION ( 'NONE',  ( 1.000000000000000000, 0.0000000000000000000, 0.0000000000000000000 ) ) ;
#300 = ORIENTED_EDGE ( 'NONE', *, *, #133, .F. ) ;
#301 = CARTESIAN_POINT ( 'NONE',  ( 9.643022888405855753, 55.88763926762007372, -0.6590681540890608314 ) ) ;
#302 = ORIENTED_EDGE ( 'NONE', *, *, #6418, .T. ) ;
#303 = CARTESIAN_POINT ( 'NONE',  ( -1.061728074815540435, 56.45489683451302199, 0.2920804942159606066 ) ) ;
#304 = CIRCLE ( 'NONE', #5600, 71.17421554853964949 ) ;
#305 = ORIENTED_EDGE ( 'NONE', *, *, #3529, .F. ) ;
#306 = DIRECTION ( 'NONE',  ( 3.312905505481466612E-13, 0.0000000000000000000, 1.000000000000000000 ) ) ;
#307 = ORIENTED_EDGE ( 'NONE', *, *, #9796, .F. ) ;
#308 = CARTESIAN_POINT ( 'NONE',  ( 1.899021430714913139, 55.87502401892588466, -0.02740559966098383288 ) ) ;
#309 = DIRECTION ( 'NONE',  ( 0.0000000000000000000, 0.9387150918570411617, 0.3446940329042943452 ) ) ;
#310 = CARTESIAN_POINT ( 'NONE',  ( 10.08020298925789859, 56.69731097061897884, -0.3037559157698060952 ) ) ;
#311 = EDGE_CURVE ( 'NONE', #7914, #9356, #2693, .T. ) ;
#312 = AXIS2_PLACEMENT_3D ( 'NONE', #2611, #5519, #1121 ) ;
#313 = CARTESIAN_POINT ( 'NONE',  ( 1.649329860067773934, 54.68747993182417133, 0.2808873602656609125 ) ) ;
#314 = EDGE_LOOP ( 'NONE', ( #7498, #2277, #4937, #8682, #6927 ) ) ;
#315 = CARTESIAN_POINT ( 'NONE',  ( 8.209425728421859247, 56.23837904712169689, -0.1373998474905824552 ) ) ;
#316 = DIRECTION ( 'NONE',  ( 0.0000000000000000000, -3.362642065588203259E-15, -1.000000000000000000 ) ) ;
#317 = VERTEX_POINT ( 'NONE', #1193 ) ;
#318 = CARTESIAN_POINT ( 'NONE',  ( 14.09999999999999964, 56.33128306799007845, -46.72521209058222524 ) ) ;
#319 = DIRECTION ( 'NONE',  ( -0.0000000000000000000, -1.000000000000000000, -0.0000000000000000000 ) ) ;
#320 = CARTESIAN_POINT ( 'NONE',  ( 7.214561721871097788, 56.32896580475458137, -0.3737647796839235759 ) ) ;
#321 = CARTESIAN_POINT ( 'NONE',  ( 10.73010057196453104, 54.18792849601950934, -0.8513888723903014766 ) ) ;
#322 = CIRCLE ( 'NONE', #2878, 0.5000000000000281997 ) ;
#323 = FACE_OUTER_BOUND ( 'NONE', #8889, .T. ) ;
#324 = FACE_OUTER_BOUND ( 'NONE', #1517, .T. ) ;
#325 = ORIENTED_EDGE ( 'NONE', *, *, #4216, .F. ) ;
#326 = VERTEX_POINT ( 'NONE', #2741 ) ;
#327 = CARTESIAN_POINT ( 'NONE',  ( -0.6690401402690704380, 54.99940565735195008, 0.2989210827142310123 ) ) ;
#328 = CARTESIAN_POINT ( 'NONE',  ( -14.09999999999999964, 54.33128306799007845, -46.51521209058223860 ) ) ;
#329 = CARTESIAN_POINT ( 'NONE',  ( 8.296231204195223086, 55.62030086367722248, -0.5389759807138333469 ) ) ;
#330 = EDGE_CURVE ( 'NONE', #8287, #6164, #7116, .T. ) ;
#331 = EDGE_CURVE ( 'NONE', #3415, #5303, #6411, .T. ) ;
#332 = VECTOR ( 'NONE', #7554, 1000.000000000000000 ) ;
#333 = CARTESIAN_POINT ( 'NONE',  ( 8.377745071499507645, 54.72185078536064395, -0.4992116007269599698 ) ) ;
#334 = DIRECTION ( 'NONE',  ( -1.000000000000000000, -0.0000000000000000000, -0.0000000000000000000 ) ) ;
#335 = DIRECTION ( 'NONE',  ( 0.0000000000000000000, 0.0000000000000000000, 1.000000000000000000 ) ) ;
#336 = EDGE_LOOP ( 'NONE', ( #5459, #7089, #9395, #8144 ) ) ;
#337 = CARTESIAN_POINT ( 'NONE',  ( 8.202607733242770038, 55.66990441636515641, -0.4762460245153544713 ) ) ;
#338 = VERTEX_POINT ( 'NONE', #9739 ) ;
#339 = CARTESIAN_POINT ( 'NONE',  ( 0.0000000000000000000, 52.87253265680915604, 0.0000000000000000000 ) ) ;
#340 = ADVANCED_FACE ( 'NONE', ( #2122 ), #5162, .T. ) ;
#341 = ADVANCED_FACE ( 'NONE', ( #8108 ), #1242, .T. ) ;
#342 = EDGE_CURVE ( 'NONE', #7103, #4293, #1815, .T. ) ;
#343 = CARTESIAN_POINT ( 'NONE',  ( 9.946369569029995361, 56.68800625638858293, -0.7013587796432453336 ) ) ;
#344 = LINE ( 'NONE', #4111, #5027 ) ;
#345 = VERTEX_POINT ( 'NONE', #8939 ) ;
#346 = ORIENTED_EDGE ( 'NONE', *, *, #4986, .T. ) ;
#347 = CARTESIAN_POINT ( 'NONE',  ( 7.064867095763430527, 56.01111940066230233, -0.05149304192457596074 ) ) ;
#348 = EDGE_LOOP ( 'NONE', ( #1874, #1838, #9287, #4145 ) ) ;
#349 = CARTESIAN_POINT ( 'NONE',  ( 9.540696162282683801, 54.08668181036706812, -0.7260886155308459156 ) ) ;
#350 = ORIENTED_EDGE ( 'NONE', *, *, #1326, .F. ) ;
#351 = CARTESIAN_POINT ( 'NONE',  ( 14.09999999999999964, -2.820156308864571841E-14, -48.69521209059480782 ) ) ;
#352 = VERTEX_POINT ( 'NONE', #7398 ) ;
#353 = EDGE_CURVE ( 'NONE', #1280, #423, #4537, .T. ) ;
#354 = CARTESIAN_POINT ( 'NONE',  ( 5.752181129171849427, 56.61877119495132149, 0.06718251053353317681 ) ) ;
#355 = CARTESIAN_POINT ( 'NONE',  ( 12.09999999999999964, 57.50000000000000000, -38.69804268566760896 ) ) ;
#356 = CARTESIAN_POINT ( 'NONE',  ( 9.729905356755127244, 53.92352731860361104, -0.3681833348230809655 ) ) ;
#357 = CARTESIAN_POINT ( 'NONE',  ( 14.09999999999999964, 10.49999999999999467, -3.618128122775018163 ) ) ;
#358 = FACE_OUTER_BOUND ( 'NONE', #5761, .T. ) ;
#359 = CARTESIAN_POINT ( 'NONE',  ( 8.032650659122481329, 56.35224890046748669, -0.4803865622226343723 ) ) ;
#360 = CARTESIAN_POINT ( 'NONE',  ( 7.270841661210673657, 56.40244688474329138, -0.4458325920447150925 ) ) ;
#361 = EDGE_LOOP ( 'NONE', ( #5924, #9390, #4979, #7350 ) ) ;
#362 = CARTESIAN_POINT ( 'NONE',  ( -14.09999999999999964, 29.40639392675472052, -2.797128122774994896 ) ) ;
#363 = CARTESIAN_POINT ( 'NONE',  ( 6.966626636163955055, 55.22832808262435123, -0.3737647796839232983 ) ) ;
#364 = ORIENTED_EDGE ( 'NONE', *, *, #6406, .T. ) ;
#365 = CARTESIAN_POINT ( 'NONE',  ( 8.300214002108656786, 54.41796738608864104, -0.1856195173334309056 ) ) ;
#366 = CARTESIAN_POINT ( 'NONE',  ( 14.09999999999999964, 10.49999999999999467, -3.618128122775018163 ) ) ;
#367 = CARTESIAN_POINT ( 'NONE',  ( -1.048263142615590393, 55.69921540714963015, 0.2945886685900929725 ) ) ;
#368 = CARTESIAN_POINT ( 'NONE',  ( 10.61012789734409090, 55.26699799405709257, -0.6096955988006417249 ) ) ;
#369 = PLANE ( 'NONE',  #7356 ) ;
#370 = EDGE_CURVE ( 'NONE', #1269, #5672, #1489, .T. ) ;
#371 = AXIS2_PLACEMENT_3D ( 'NONE', #4264, #5098, #2808 ) ;
#372 = EDGE_LOOP ( 'NONE', ( #2658, #2876, #9907, #6280 ) ) ;
#373 = CARTESIAN_POINT ( 'NONE',  ( 9.269992378430492508, 55.26586612284178557, -0.3062610631372481018 ) ) ;
#374 = CARTESIAN_POINT ( 'NONE',  ( 7.063109698197470365, 54.45001374133654082, -0.4418531884689681499 ) ) ;
#375 = DIRECTION ( 'NONE',  ( 0.0000000000000000000, -0.0000000000000000000, 1.000000000000000000 ) ) ;
#376 = AXIS2_PLACEMENT_3D ( 'NONE', #4321, #8186, #1420 ) ;
#377 = AXIS2_PLACEMENT_3D ( 'NONE', #8421, #7662, #9153 ) ;
#378 = ORIENTED_EDGE ( 'NONE', *, *, #8916, .F. ) ;
#379 = CARTESIAN_POINT ( 'NONE',  ( 14.09999999999999964, 51.98648271382908348, -2.797128122774994452 ) ) ;
#380 = CARTESIAN_POINT ( 'NONE',  ( 7.696633265554270409, 56.33592101406240715, -0.1173555875473575733 ) ) ;
#381 = ADVANCED_FACE ( 'NONE', ( #6600 ), #5121, .T. ) ;
#382 = ORIENTED_EDGE ( 'NONE', *, *, #1224, .T. ) ;
#383 = CIRCLE ( 'NONE', #3745, 70.87421554853963812 ) ;
#384 = AXIS2_PLACEMENT_3D ( 'NONE', #9120, #3693, #7566 ) ;
#385 = DIRECTION ( 'NONE',  ( -0.0000000000000000000, -1.000000000000000000, -0.0000000000000000000 ) ) ;
#386 = CARTESIAN_POINT ( 'NONE',  ( 1.305415155658294246, 56.67710958942671340, 0.2943615570823884253 ) ) ;
#387 = LINE ( 'NONE', #7190, #8948 ) ;
#388 = CARTESIAN_POINT ( 'NONE',  ( 1.616241376060001844, 53.97578835847396306, 0.2942797456913125442 ) ) ;
#389 = CIRCLE ( 'NONE', #2484, 0.5000000000000004441 ) ;
#390 = ORIENTED_EDGE ( 'NONE', *, *, #8802, .T. ) ;
#391 = VECTOR ( 'NONE', #6467, 1000.000000000000000 ) ;
#392 = CARTESIAN_POINT ( 'NONE',  ( 9.832426137210163120, 53.87754512973224763, -0.6853239471521003212 ) ) ;
#393 = ORIENTED_EDGE ( 'NONE', *, *, #5624, .T. ) ;
#394 = EDGE_CURVE ( 'NONE', #8361, #3379, #6793, .T. ) ;
#395 = CARTESIAN_POINT ( 'NONE',  ( 7.306430060949121064, 55.62822145975309240, -0.07255918057899243823 ) ) ;
#396 = EDGE_CURVE ( 'NONE', #9203, #3570, #1980, .T. ) ;
#397 = DIRECTION ( 'NONE',  ( 0.0000000000000000000, 0.0000000000000000000, -1.000000000000000000 ) ) ;
#398 = ADVANCED_FACE ( 'NONE', ( #3626 ), #2781, .F. ) ;
#399 = CARTESIAN_POINT ( 'NONE',  ( 10.89262408588711750, 54.64951132753599694, -0.5384490582031580264 ) ) ;
#400 = VERTEX_POINT ( 'NONE', #5930 ) ;
#401 = ORIENTED_EDGE ( 'NONE', *, *, #122, .T. ) ;
#402 = VECTOR ( 'NONE', #1941, 1000.000000000000000 ) ;
#403 = CARTESIAN_POINT ( 'NONE',  ( 7.275000000000002132, 62.00000000000004263, -27.19999999999996021 ) ) ;
#404 = CIRCLE ( 'NONE', #7754, 70.87421554853963812 ) ;
#405 = CARTESIAN_POINT ( 'NONE',  ( 10.44000552434394535, 54.33670068863095537, -0.7731295118809772271 ) ) ;
#406 = LINE ( 'NONE', #5588, #6256 ) ;
#407 = CIRCLE ( 'NONE', #5548, 8.450000000000002842 ) ;
#408 = DIRECTION ( 'NONE',  ( -1.000000000000000000, -0.0000000000000000000, -0.0000000000000000000 ) ) ;
#409 = EDGE_CURVE ( 'NONE', #8942, #5651, #6359, .T. ) ;
#410 = ORIENTED_EDGE ( 'NONE', *, *, #1251, .T. ) ;
#411 = ORIENTED_EDGE ( 'NONE', *, *, #4766, .F. ) ;
#412 = CARTESIAN_POINT ( 'NONE',  ( -14.59999999999999964, 30.21025154585982264, -33.49521209058222126 ) ) ;
#413 = DIRECTION ( 'NONE',  ( 0.0000000000000000000, 0.0000000000000000000, 1.000000000000000000 ) ) ;
#414 = DIRECTION ( 'NONE',  ( 0.0000000000000000000, 0.0000000000000000000, 1.000000000000000000 ) ) ;
#415 = CARTESIAN_POINT ( 'NONE',  ( 7.152876850630603300, 56.22255685972473316, -0.3737647796839235759 ) ) ;
#416 = ORIENTED_EDGE ( 'NONE', *, *, #9146, .F. ) ;
#417 = CARTESIAN_POINT ( 'NONE',  ( 10.93610680735009666, 55.26586612284178557, -0.4181348863512487912 ) ) ;
#418 = DIRECTION ( 'NONE',  ( 0.0000000000000000000, 1.000000000000000000, -3.362642065588203259E-15 ) ) ;
#419 = CARTESIAN_POINT ( 'NONE',  ( -1.017966232004039684, 55.41269609065810897, 0.2945886685900924173 ) ) ;
#420 = DIRECTION ( 'NONE',  ( -0.0000000000000000000, 1.000000000000000000, -3.362642065588203259E-15 ) ) ;
#421 = CARTESIAN_POINT ( 'NONE',  ( -7.295006188712703121, 35.93013281871203901, -1.297607197594146777 ) ) ;
#422 = VECTOR ( 'NONE', #6569, 1000.000000000000000 ) ;
#423 = VERTEX_POINT ( 'NONE', #3138 ) ;
#424 = B_SPLINE_CURVE_WITH_KNOTS ( 'NONE', 3,
 ( #7889, #4062, #7098, #197, #1662, #4919, #7983, #7787, #6330, #921, #3963, #3220 ),
 .UNSPECIFIED., .F., .F.,
 ( 4, 2, 2, 2, 2, 4 ),
 ( 2.710505431213761085E-20, 0.0002654939786277580411, 0.0005309879572555160823, 0.0007964819358832741234, 0.0009292289251971530897, 0.001061975914511032165 ),
 .UNSPECIFIED. ) ;
#425 = LINE ( 'NONE', #3443, #2656 ) ;
#426 = DIRECTION ( 'NONE',  ( -0.0000000000000000000, 1.000000000000000000, -0.0000000000000000000 ) ) ;
#427 = DIRECTION ( 'NONE',  ( 0.0000000000000000000, 0.0000000000000000000, 1.000000000000000000 ) ) ;
#428 = AXIS2_PLACEMENT_3D ( 'NONE', #6424, #5665, #5513 ) ;
#429 = EDGE_CURVE ( 'NONE', #8049, #8993, #9467, .T. ) ;
#430 = CARTESIAN_POINT ( 'NONE',  ( 14.09999999999999964, 23.38128306798724054, 2.317717750656940221E-14 ) ) ;
#431 = DIRECTION ( 'NONE',  ( 0.0000000000000000000, 0.0000000000000000000, 1.000000000000000000 ) ) ;
#432 = ORIENTED_EDGE ( 'NONE', *, *, #3007, .F. ) ;
#433 = CARTESIAN_POINT ( 'NONE',  ( 7.292386991060698875, 55.34736085034327857, -0.3761622307815153943 ) ) ;
#434 = CARTESIAN_POINT ( 'NONE',  ( 10.89275882926239980, 55.86300375448984568, -0.4181348863512490133 ) ) ;
#435 = EDGE_LOOP ( 'NONE', ( #7239, #9105, #3261, #1222, #4017, #1543 ) ) ;
#436 = ORIENTED_EDGE ( 'NONE', *, *, #5355, .F. ) ;
#437 = LINE ( 'NONE', #6573, #1215 ) ;
#438 = CARTESIAN_POINT ( 'NONE',  ( 8.342763478857840198, 55.93706575351387755, -0.1906442148427391903 ) ) ;
#439 = LINE ( 'NONE', #1259, #705 ) ;
#440 = EDGE_CURVE ( 'NONE', #8692, #5970, #6618, .T. ) ;
#441 = VECTOR ( 'NONE', #97, 1000.000000000000000 ) ;
#442 = ORIENTED_EDGE ( 'NONE', *, *, #6358, .F. ) ;
#443 = CARTESIAN_POINT ( 'NONE',  ( 8.500000000000000000, 9.999999999990905053, -21.78020498957910434 ) ) ;
#444 = ORIENTED_EDGE ( 'NONE', *, *, #1570, .F. ) ;
#445 = CARTESIAN_POINT ( 'NONE',  ( 7.539319192143639548, 56.22820376942193121, -0.4114301739047735440 ) ) ;
#446 = CARTESIAN_POINT ( 'NONE',  ( 7.555258308220818897, 55.32127245194245546, -0.4038157672118486974 ) ) ;
#447 = ORIENTED_EDGE ( 'NONE', *, *, #8737, .T. ) ;
#448 = EDGE_LOOP ( 'NONE', ( #5206, #7786, #9276, #6435 ) ) ;
#449 = PLANE ( 'NONE',  #6494 ) ;
#450 = EDGE_LOOP ( 'NONE', ( #2705, #8835, #3008, #1890 ) ) ;
#451 = VECTOR ( 'NONE', #8502, 1000.000000000000000 ) ;
#452 = DIRECTION ( 'NONE',  ( -0.0000000000000000000, 0.7069130450820070299, 0.7073004642249886009 ) ) ;
#453 = CARTESIAN_POINT ( 'NONE',  ( 10.59125036018890320, 54.81570547959836404, -0.7958315012430706714 ) ) ;
#454 = DIRECTION ( 'NONE',  ( 0.0000000000000000000, 0.0000000000000000000, -1.000000000000000000 ) ) ;
#455 = CARTESIAN_POINT ( 'NONE',  ( 8.430209114122074965, 56.50581542223466869, -0.1393682611193155785 ) ) ;
#456 = EDGE_CURVE ( 'NONE', #7161, #3493, #3035, .T. ) ;
#457 = EDGE_CURVE ( 'NONE', #5339, #4646, #7408, .T. ) ;
#458 = AXIS2_PLACEMENT_3D ( 'NONE', #1113, #2603, #9376 ) ;
#459 = CARTESIAN_POINT ( 'NONE',  ( 1.524728264037565451, 54.33045319117230321, 0.2836736683627173461 ) ) ;
#460 = ORIENTED_EDGE ( 'NONE', *, *, #6286, .T. ) ;
#461 = DIRECTION ( 'NONE',  ( 0.0000000000000000000, 5.782411586589357639E-16, 1.000000000000000000 ) ) ;
#462 = DIRECTION ( 'NONE',  ( 0.0000000000000000000, 0.0000000000000000000, 1.000000000000000000 ) ) ;
#463 = DIRECTION ( 'NONE',  ( -1.000000000000000000, -0.0000000000000000000, -0.0000000000000000000 ) ) ;
#464 = LINE ( 'NONE', #2776, #1507 ) ;
#465 = VECTOR ( 'NONE', #9738, 1000.000000000000000 ) ;
#466 = SURFACE_STYLE_USAGE ( .BOTH. , #8890 ) ;
#467 = EDGE_CURVE ( 'NONE', #5999, #2242, #9159, .T. ) ;
#468 = CARTESIAN_POINT ( 'NONE',  ( 14.09999999999999964, 10.88143856499339890, -3.181917176975207706 ) ) ;
#469 = B_SPLINE_CURVE_WITH_KNOTS ( 'NONE', 3,
 ( #6246, #3982, #4679, #115, #4736, #6955 ),
 .UNSPECIFIED., .F., .F.,
 ( 4, 2, 4 ),
 ( 3.469870442581001870E-18, 0.0002168224920937581899, 0.0004336449841875129104 ),
 .UNSPECIFIED. ) ;
#470 = DIRECTION ( 'NONE',  ( 0.0000000000000000000, -0.0000000000000000000, -1.000000000000000000 ) ) ;
#471 = DIRECTION ( 'NONE',  ( 1.000000000000000000, -0.0000000000000000000, 0.0000000000000000000 ) ) ;
#472 = EDGE_LOOP ( 'NONE', ( #7892, #4346, #1012, #3792 ) ) ;
#473 = FACE_OUTER_BOUND ( 'NONE', #5825, .T. ) ;
#474 = VECTOR ( 'NONE', #9466, 1000.000000000000000 ) ;
#475 = CARTESIAN_POINT ( 'NONE',  ( -1.888559997591199968, 54.19851156681517068, -0.02516636115565438342 ) ) ;
#476 = CARTESIAN_POINT ( 'NONE',  ( 5.478683110636900722, 55.90760065223601316, -0.2120535924931564731 ) ) ;
#477 = EDGE_CURVE ( 'NONE', #326, #4653, #3818, .T. ) ;
#478 = ORIENTED_EDGE ( 'NONE', *, *, #3527, .T. ) ;
#479 = CARTESIAN_POINT ( 'NONE',  ( 14.09999999999999964, 0.0000000000000000000, -48.69521439518879902 ) ) ;
#480 = CARTESIAN_POINT ( 'NONE',  ( 10.29801955575767636, 56.67739565039207150, -0.4181348863512481806 ) ) ;
#481 = ORIENTED_EDGE ( 'NONE', *, *, #8292, .T. ) ;
#482 = ORIENTED_EDGE ( 'NONE', *, *, #4510, .F. ) ;
#483 = FACE_OUTER_BOUND ( 'NONE', #6161, .T. ) ;
#484 = CARTESIAN_POINT ( 'NONE',  ( 1.850600415802798437, 54.16838714646280550, 0.2942797456913123222 ) ) ;
#485 = ORIENTED_EDGE ( 'NONE', *, *, #3854, .T. ) ;
#486 = B_SPLINE_CURVE_WITH_KNOTS ( 'NONE', 3,
 ( #5012, #3558, #5868, #3518, #8135, #1273, #1229, #597, #4353, #6587, #9637, #2769, #5821, #2015 ),
 .UNSPECIFIED., .F., .F.,
 ( 4, 2, 2, 2, 2, 2, 4 ),
 ( 7.153269818152686536E-18, 0.0001768078476547458363, 0.0003536156953094845169, 0.0007072313906189618780, 0.001060847085928439239, 0.001237654933583173366, 0.001414462781237907493 ),
 .UNSPECIFIED. ) ;
#487 = FACE_BOUND ( 'NONE', #4774, .T. ) ;
#488 = VERTEX_POINT ( 'NONE', #4732 ) ;
#489 = DIRECTION ( 'NONE',  ( 0.0000000000000000000, -3.284683504808154273E-15, -1.000000000000000000 ) ) ;
#490 = ORIENTED_EDGE ( 'NONE', *, *, #8999, .F. ) ;
#491 = CARTESIAN_POINT ( 'NONE',  ( 10.60410937039068813, 54.01961074553317843, -0.4943484174461330038 ) ) ;
#492 = ADVANCED_FACE ( 'NONE', ( #6028, #4520 ), #7694, .T. ) ;
#493 = VERTEX_POINT ( 'NONE', #9891 ) ;
#494 = EDGE_CURVE ( 'NONE', #2068, #1614, #8995, .T. ) ;
#495 = LINE ( 'NONE', #8875, #879 ) ;
#496 = ORIENTED_EDGE ( 'NONE', *, *, #8033, .T. ) ;
#497 = CARTESIAN_POINT ( 'NONE',  ( 8.540623940041573547, 54.20071397144820224, -0.5390089958205921405 ) ) ;
#498 = CARTESIAN_POINT ( 'NONE',  ( 14.09999999999999964, 55.93128306799009408, -45.50521209058222638 ) ) ;
#499 = CARTESIAN_POINT ( 'NONE',  ( 10.93516815750764337, 55.36585500397143988, -0.4181348863512486802 ) ) ;
#500 = CARTESIAN_POINT ( 'NONE',  ( 7.661788112337085899, 56.66628672363645336, -0.1135629858665974101 ) ) ;
#501 = CARTESIAN_POINT ( 'NONE',  ( 7.454772107833067984, 55.54603318977785165, -0.09146796488068285880 ) ) ;
#502 = CARTESIAN_POINT ( 'NONE',  ( 5.478362573316471362, 55.90736499973199614, 0.08886774152316953557 ) ) ;
#503 = ADVANCED_FACE ( 'NONE', ( #9301 ), #2422, .T. ) ;
#504 = DIRECTION ( 'NONE',  ( -1.000000000000000000, -0.0000000000000000000, -0.0000000000000000000 ) ) ;
#505 = VERTEX_POINT ( 'NONE', #7065 ) ;
#506 = CARTESIAN_POINT ( 'NONE',  ( -11.59999999999999964, 75.00000000000000000, -50.70000000000000284 ) ) ;
#507 = DIRECTION ( 'NONE',  ( 0.0000000000000000000, 0.0000000000000000000, 1.000000000000000000 ) ) ;
#508 = VERTEX_POINT ( 'NONE', #717 ) ;
#509 = CARTESIAN_POINT ( 'NONE',  ( 10.29945298989031954, 53.85741096872384048, -0.8513888723903012545 ) ) ;
#510 = AXIS2_PLACEMENT_3D ( 'NONE', #6130, #3978, #8400 ) ;
#511 = DIRECTION ( 'NONE',  ( 0.0000000000000000000, -1.000000000000000000, 3.362642065588203259E-15 ) ) ;
#512 = ADVANCED_FACE ( 'NONE', ( #5434 ), #5486, .F. ) ;
#513 = CARTESIAN_POINT ( 'NONE',  ( -11.46569711607495812, 5.887126436356539649, -0.9333448527056876776 ) ) ;
#514 = CARTESIAN_POINT ( 'NONE',  ( 10.10304959289029547, 54.16229168792561666, -0.8009555158831997979 ) ) ;
#515 = DIRECTION ( 'NONE',  ( 0.0000000000000000000, 1.000000000000000000, 0.0000000000000000000 ) ) ;
#516 = ADVANCED_FACE ( 'NONE', ( #2319 ), #8549, .T. ) ;
#517 = EDGE_CURVE ( 'NONE', #8040, #7165, #5592, .T. ) ;
#518 = ORIENTED_EDGE ( 'NONE', *, *, #101, .F. ) ;
#519 = CARTESIAN_POINT ( 'NONE',  ( -1.639517434693108067, 53.88309003310951084, -0.02630137221458158855 ) ) ;
#520 = AXIS2_PLACEMENT_3D ( 'NONE', #9505, #1787, #5739 ) ;
#521 = DIRECTION ( 'NONE',  ( 0.0000000000000000000, -1.000000000000000000, 0.0000000000000000000 ) ) ;
#522 = FACE_OUTER_BOUND ( 'NONE', #4809, .T. ) ;
#523 = DIRECTION ( 'NONE',  ( -1.000000000000000000, -0.0000000000000000000, -0.0000000000000000000 ) ) ;
#524 = B_SPLINE_CURVE_WITH_KNOTS ( 'NONE', 3,
 ( #3236, #988, #4832, #8841, #5917, #1277, #2199, #5258, #8332, #8385, #9124, #1462, #6887, #6779, #1563, #3855 ),
 .UNSPECIFIED., .F., .F.,
 ( 4, 2, 2, 2, 2, 2, 2, 4 ),
 ( 0.0000000000000000000, 0.0003387535072842805684, 0.0006775070145685611368, 0.0008468837682107019631, 0.001016260521852842789, 0.001185637275494983833, 0.001270325652316049801, 0.001355014029137116202 ),
 .UNSPECIFIED. ) ;
#525 = VERTEX_POINT ( 'NONE', #2474 ) ;
#526 = CARTESIAN_POINT ( 'NONE',  ( 0.4178539778228486656, 54.19851156681517068, 0.2987734079682932697 ) ) ;
#527 = EDGE_CURVE ( 'NONE', #7611, #3786, #7740, .T. ) ;
#528 = ORIENTED_EDGE ( 'NONE', *, *, #4431, .T. ) ;
#529 = ORIENTED_EDGE ( 'NONE', *, *, #6710, .F. ) ;
#530 = CARTESIAN_POINT ( 'NONE',  ( 5.457727566138602882, 55.89298735868353418, 0.1244914657889750059 ) ) ;
#531 = VECTOR ( 'NONE', #5302, 1000.000000000000000 ) ;
#532 = CARTESIAN_POINT ( 'NONE',  ( 1.970425221383006686, 54.40221031077319935, -0.03047645466538009135 ) ) ;
#533 = ORIENTED_EDGE ( 'NONE', *, *, #8695, .F. ) ;
#534 = CARTESIAN_POINT ( 'NONE',  ( 14.09999999999999964, 1.035533905932781051, -50.69975444044843016 ) ) ;
#535 = CARTESIAN_POINT ( 'NONE',  ( -14.09999999999999964, 57.00000000000000000, 0.0000000000000000000 ) ) ;
#536 = ORIENTED_EDGE ( 'NONE', *, *, #5082, .F. ) ;
#537 = CARTESIAN_POINT ( 'NONE',  ( 7.361658419468954939, 55.91468007218070113, -0.4114301739047733220 ) ) ;
#538 = VECTOR ( 'NONE', #2981, 1000.000000000000000 ) ;
#539 = AXIS2_PLACEMENT_3D ( 'NONE', #9703, #6651, #4243 ) ;
#540 = DIRECTION ( 'NONE',  ( 0.0000000000000000000, 0.0000000000000000000, 1.000000000000000000 ) ) ;
#541 = ORIENTED_EDGE ( 'NONE', *, *, #7009, .F. ) ;
#542 = ORIENTED_EDGE ( 'NONE', *, *, #3888, .F. ) ;
#543 = CARTESIAN_POINT ( 'NONE',  ( 7.995554454598031491, 53.84298502537802733, -0.5390089958205914744 ) ) ;
#544 = DIRECTION ( 'NONE',  ( 0.0000000000000000000, 0.0000000000000000000, -1.000000000000000000 ) ) ;
#545 = FACE_OUTER_BOUND ( 'NONE', #3548, .T. ) ;
#546 = CARTESIAN_POINT ( 'NONE',  ( 14.09999999999999964, 10.52999999999999758, -4.118128122775018163 ) ) ;
#547 = AXIS2_PLACEMENT_3D ( 'NONE', #1348, #5852, #8906 ) ;
#548 = CARTESIAN_POINT ( 'NONE',  ( -8.500000000000000000, 13.99999999999999467, -25.20200572722880139 ) ) ;
#549 = CARTESIAN_POINT ( 'NONE',  ( 1.540670223399103866, 55.93027452622209239, -0.01674759431770089443 ) ) ;
#550 = ORIENTED_EDGE ( 'NONE', *, *, #3186, .T. ) ;
#551 = CARTESIAN_POINT ( 'NONE',  ( -1.428476201798476009, 54.27758532422372895, -0.02704955251262356267 ) ) ;
#552 = CIRCLE ( 'NONE', #7609, 3.421800737640590118 ) ;
#553 = VECTOR ( 'NONE', #8299, 1000.000000000000000 ) ;
#554 = CARTESIAN_POINT ( 'NONE',  ( 7.060080479706696721, 54.42871205107099541, -0.05098893169451306634 ) ) ;
#555 = FACE_OUTER_BOUND ( 'NONE', #6835, .T. ) ;
#556 = FACE_OUTER_BOUND ( 'NONE', #950, .T. ) ;
#557 = ORIENTED_EDGE ( 'NONE', *, *, #330, .T. ) ;
#558 = DIRECTION ( 'NONE',  ( 0.0000000000000000000, 0.0000000000000000000, 1.000000000000000000 ) ) ;
#559 = AXIS2_PLACEMENT_3D ( 'NONE', #9240, #4617, #2413 ) ;
#560 = ADVANCED_FACE ( 'NONE', ( #5646 ), #2925, .T. ) ;
#561 = DIRECTION ( 'NONE',  ( 0.0000000000000000000, 0.0000000000000000000, 1.000000000000000000 ) ) ;
#562 = CARTESIAN_POINT ( 'NONE',  ( 14.09999999999999964, 37.59360607324528303, -2.797128122774994452 ) ) ;
#563 = CARTESIAN_POINT ( 'NONE',  ( 10.20634643703437305, 54.17395144127736728, -0.4184356817180840959 ) ) ;
#564 = CARTESIAN_POINT ( 'NONE',  ( -14.09999999999999964, 54.63128306799008982, -46.51521209058223860 ) ) ;
#565 = ORIENTED_EDGE ( 'NONE', *, *, #4986, .F. ) ;
#566 = AXIS2_PLACEMENT_3D ( 'NONE', #7449, #2929, #2220 ) ;
#567 = DIRECTION ( 'NONE',  ( 0.0000000000000000000, 0.0000000000000000000, -1.000000000000000000 ) ) ;
#568 = CARTESIAN_POINT ( 'NONE',  ( -1.287915275754445643, 54.37804201808035032, -0.01170014752745224089 ) ) ;
#569 = CARTESIAN_POINT ( 'NONE',  ( -5.503499385153697077, 41.33504442748403562, -3.297607197594146111 ) ) ;
#570 = ADVANCED_FACE ( 'NONE', ( #2682 ), #8655, .T. ) ;
#571 = EDGE_CURVE ( 'NONE', #2573, #5137, #209, .T. ) ;
#572 = CIRCLE ( 'NONE', #98, 0.5000000000000004441 ) ;
#573 = DIRECTION ( 'NONE',  ( 0.0000000000000000000, 0.0000000000000000000, 1.000000000000000000 ) ) ;
#574 = ORIENTED_EDGE ( 'NONE', *, *, #8188, .F. ) ;
#575 = CARTESIAN_POINT ( 'NONE',  ( 7.381331968524197151, 55.14664575570228067, -0.07240429746787312160 ) ) ;
#576 = CARTESIAN_POINT ( 'NONE',  ( 10.84968212640439589, 56.04462315334636457, -0.8513888723903121347 ) ) ;
#577 = ORIENTED_EDGE ( 'NONE', *, *, #2489, .F. ) ;
#578 = CARTESIAN_POINT ( 'NONE',  ( 1.459337669183004005, 55.65183933743835354, 0.2850408376526199494 ) ) ;
#579 = FACE_OUTER_BOUND ( 'NONE', #5681, .T. ) ;
#580 = VECTOR ( 'NONE', #7254, 1000.000000000000000 ) ;
#581 = CARTESIAN_POINT ( 'NONE',  ( 8.668742388863851289, 55.97328563240343158, -0.2298819870607156368 ) ) ;
#582 = CARTESIAN_POINT ( 'NONE',  ( -1.440904931940586220, 56.65693584644382241, 0.2854131177700985900 ) ) ;
#583 = EDGE_CURVE ( 'NONE', #2793, #6194, #7853, .T. ) ;
#584 = ORIENTED_EDGE ( 'NONE', *, *, #4882, .T. ) ;
#585 = FACE_BOUND ( 'NONE', #1958, .T. ) ;
#586 = CARTESIAN_POINT ( 'NONE',  ( 9.885042807407687704, 53.86150749248910330, -0.6927129867505599226 ) ) ;
#587 = ORIENTED_EDGE ( 'NONE', *, *, #8158, .T. ) ;
#588 = CARTESIAN_POINT ( 'NONE',  ( 1.211553342744301931, 55.16620075391136879, 0.2948127524685540957 ) ) ;
#589 = AXIS2_PLACEMENT_3D ( 'NONE', #262, #5782, #462 ) ;
#590 = ORIENTED_EDGE ( 'NONE', *, *, #4487, .T. ) ;
#591 = CARTESIAN_POINT ( 'NONE',  ( 10.26010076174604890, 53.84577288204982892, -0.4433630775707388394 ) ) ;
#592 = VERTEX_POINT ( 'NONE', #1839 ) ;
#593 = LINE ( 'NONE', #30, #5985 ) ;
#594 = VERTEX_POINT ( 'NONE', #5691 ) ;
#595 = CARTESIAN_POINT ( 'NONE',  ( 8.393368981407601126, 54.02489341864558980, -0.1352089772695212189 ) ) ;
#596 = CYLINDRICAL_SURFACE ( 'NONE', #8084, 0.2000000000000196065 ) ;
#597 = CARTESIAN_POINT ( 'NONE',  ( 8.423047030005603730, 54.04018940246965741, -0.5022617046640492910 ) ) ;
#598 = DIRECTION ( 'NONE',  ( -1.000000000000000000, -0.0000000000000000000, -0.0000000000000000000 ) ) ;
#599 = CARTESIAN_POINT ( 'NONE',  ( 14.09999999999999964, 10.52999999999999758, -3.118128122775018163 ) ) ;
#600 = B_SPLINE_SURFACE_WITH_KNOTS ( 'NONE', 3, 1, ( 
 ( #7501, #5183 ),
 ( #3886, #8261 ),
 ( #6047, #9107 ),
 ( #732, #6149 ),
 ( #3783, #6871 ),
 ( #2335, #5402 ),
 ( #629, #3154 ),
 ( #6758, #6208 ),
 ( #2134, #3944 ),
 ( #129, #7025 ),
 ( #4100, #7966 ),
 ( #5615, #4854 ),
 ( #9370, #7227 ),
 ( #2497, #9266 ),
 ( #9474, #3204 ),
 ( #5558, #1110 ),
 ( #228, #3308 ),
 ( #181, #6259 ),
 ( #6366, #3354 ) ),
 .UNSPECIFIED., .F., .F., .F.,
 ( 4, 1, 1, 1, 1, 1, 1, 1, 1, 1, 1, 1, 1, 1, 1, 1, 4 ),
 ( 2, 2 ),
 ( 0.0000000000000000000, 0.06781964949844548896, 0.1338476860689374326, 0.1975083084038959380, 0.2597829382583644597, 0.3211033549359162964, 0.3819216644328746191, 0.4422760395814850920, 0.5029876019699416334, 0.5636797356217366772, 0.6237271944579383387, 0.6840783127533451857, 0.7445595683821777389, 0.8067583998965321967, 0.8692315628397621063, 0.9334914511868177556, 1.000000000000000000 ),
 ( 0.0000000000000000000, 1.000000000000000000 ),
 .UNSPECIFIED. ) ;
#601 = CARTESIAN_POINT ( 'NONE',  ( 1.647472199264381043, 54.63227162336929155, 0.2809304196571571488 ) ) ;
#602 = ORIENTED_EDGE ( 'NONE', *, *, #5499, .T. ) ;
#603 = CARTESIAN_POINT ( 'NONE',  ( 10.49999999999999822, 8.734092485736937306, -2.797607197594148332 ) ) ;
#604 = CARTESIAN_POINT ( 'NONE',  ( 8.500000000000000000, 9.999999999990905053, -30.28020498958827744 ) ) ;
#605 = CIRCLE ( 'NONE', #2368, 8.450000000000002842 ) ;
#606 = VERTEX_POINT ( 'NONE', #1926 ) ;
#607 = ADVANCED_FACE ( 'NONE', ( #4886 ), #4834, .T. ) ;
#608 = DIRECTION ( 'NONE',  ( -0.0000000000000000000, -0.0000000000000000000, 1.000000000000000000 ) ) ;
#609 = FACE_OUTER_BOUND ( 'NONE', #3464, .T. ) ;
#610 = VERTEX_POINT ( 'NONE', #1037 ) ;
#611 = CARTESIAN_POINT ( 'NONE',  ( -13.50000000000000178, 56.85600527474578314, -1.297607197594145667 ) ) ;
#612 = VECTOR ( 'NONE', #9048, 1000.000000000000000 ) ;
#613 = PLANE ( 'NONE',  #5126 ) ;
#614 = DIRECTION ( 'NONE',  ( -1.000000000000000000, -0.0000000000000000000, -0.0000000000000000000 ) ) ;
#615 = VERTEX_POINT ( 'NONE', #8051 ) ;
#616 = CIRCLE ( 'NONE', #4953, 3.421800737640590118 ) ;
#617 = EDGE_CURVE ( 'NONE', #2406, #5978, #9795, .T. ) ;
#618 = EDGE_CURVE ( 'NONE', #4571, #9676, #1233, .T. ) ;
#619 = CARTESIAN_POINT ( 'NONE',  ( -1.070312720522692995, 54.11347064932061812, 0.2989210827142307902 ) ) ;
#620 = CARTESIAN_POINT ( 'NONE',  ( 14.09999999999999964, 55.93128306799009408, -45.50521209058222638 ) ) ;
#621 = FACE_OUTER_BOUND ( 'NONE', #9912, .T. ) ;
#622 = CARTESIAN_POINT ( 'NONE',  ( 9.596970906920500255, 55.42233810366586511, -0.6754602429355873738 ) ) ;
#623 = DIRECTION ( 'NONE',  ( 0.0000000000000000000, 0.0000000000000000000, 1.000000000000000000 ) ) ;
#624 = DIRECTION ( 'NONE',  ( 0.0000000000000000000, -0.0000000000000000000, -1.000000000000000000 ) ) ;
#625 = EDGE_LOOP ( 'NONE', ( #5529, #7132, #2715, #7987 ) ) ;
#626 = VECTOR ( 'NONE', #9696, 1000.000000000000000 ) ;
#627 = ADVANCED_FACE ( 'NONE', ( #9597 ), #6546, .F. ) ;
#628 = CARTESIAN_POINT ( 'NONE',  ( 5.051373269088154316, 55.66833275853865359, -0.2298278560399709403 ) ) ;
#629 = CARTESIAN_POINT ( 'NONE',  ( 1.771926777438444622, 55.22466553778040321, 0.2857201262141790821 ) ) ;
#630 = B_SPLINE_CURVE_WITH_KNOTS ( 'NONE', 3,
 ( #6116, #9177, #2304, #3858, #9233, #1960, #446, #6104, #2342, #9162 ),
 .UNSPECIFIED., .F., .F.,
 ( 4, 2, 2, 2, 4 ),
 ( 0.0000000000000000000, 0.0002223619124567353803, 0.0004447238249134707606, 0.0006670857373702061138, 0.0008894476498269415212 ),
 .UNSPECIFIED. ) ;
#631 = CARTESIAN_POINT ( 'NONE',  ( 14.09999999999999964, 13.28128306799197489, 0.0000000000000000000 ) ) ;
#632 = CIRCLE ( 'NONE', #1607, 2.534890514885638879 ) ;
#633 = ORIENTED_EDGE ( 'NONE', *, *, #6776, .F. ) ;
#634 = FACE_OUTER_BOUND ( 'NONE', #4471, .T. ) ;
#635 = VERTEX_POINT ( 'NONE', #412 ) ;
#636 = CARTESIAN_POINT ( 'NONE',  ( 1.576873863021069244, 54.96409764466076098, 0.2948127524685536516 ) ) ;
#637 = ORIENTED_EDGE ( 'NONE', *, *, #3478, .T. ) ;
#638 = DIRECTION ( 'NONE',  ( 2.168404344971006896E-16, -1.000000000000000000, 0.0000000000000000000 ) ) ;
#639 = EDGE_CURVE ( 'NONE', #4602, #4515, #5160, .T. ) ;
#640 = ORIENTED_EDGE ( 'NONE', *, *, #5576, .T. ) ;
#641 = ADVANCED_FACE ( 'NONE', ( #7299 ), #3523, .F. ) ;
#642 = VERTEX_POINT ( 'NONE', #5017 ) ;
#643 = CARTESIAN_POINT ( 'NONE',  ( 7.601407014148843011, 56.64586696452059300, -0.4087881461783151038 ) ) ;
#644 = DIRECTION ( 'NONE',  ( -1.000000000000000000, -0.0000000000000000000, -0.0000000000000000000 ) ) ;
#645 = DIRECTION ( 'NONE',  ( -0.0000000000000000000, -0.0000000000000000000, -1.000000000000000000 ) ) ;
#646 = DIRECTION ( 'NONE',  ( 0.0000000000000000000, -0.1736481776610538375, -0.9848077530132441915 ) ) ;
#647 = AXIS2_PLACEMENT_3D ( 'NONE', #7154, #2419, #4884 ) ;
#648 = DIRECTION ( 'NONE',  ( 0.0000000000000000000, -0.0000000000000000000, -1.000000000000000000 ) ) ;
#649 = ORIENTED_EDGE ( 'NONE', *, *, #6602, .T. ) ;
#650 = LINE ( 'NONE', #9079, #2685 ) ;
#651 = EDGE_CURVE ( 'NONE', #2898, #4315, #7081, .T. ) ;
#652 = ORIENTED_EDGE ( 'NONE', *, *, #5154, .F. ) ;
#653 = FACE_OUTER_BOUND ( 'NONE', #9576, .T. ) ;
#654 = CARTESIAN_POINT ( 'NONE',  ( 14.09999999999999964, 13.99999999999999822, 0.0000000000000000000 ) ) ;
#655 = EDGE_LOOP ( 'NONE', ( #7710, #9409, #1398, #2036 ) ) ;
#656 = SURFACE_STYLE_FILL_AREA ( #2164 ) ;
#657 = FACE_OUTER_BOUND ( 'NONE', #655, .T. ) ;
#658 = CARTESIAN_POINT ( 'NONE',  ( -13.50000000000000000, 8.534581552531143700, -1.297607197594141004 ) ) ;
#659 = CARTESIAN_POINT ( 'NONE',  ( 10.25480284290615529, 54.19151900061007154, -0.8009555158831991317 ) ) ;
#660 = ORIENTED_EDGE ( 'NONE', *, *, #342, .F. ) ;
#661 = DIRECTION ( 'NONE',  ( 0.0000000000000000000, -1.734723475976805517E-15, 1.000000000000000000 ) ) ;
#662 = DIRECTION ( 'NONE',  ( -0.0000000000000000000, -0.0000000000000000000, 1.000000000000000000 ) ) ;
#663 = CARTESIAN_POINT ( 'NONE',  ( 14.09999999999999964, 12.48128306799198484, -48.19521209059478650 ) ) ;
#664 = CARTESIAN_POINT ( 'NONE',  ( 8.684269413650779867, 54.56732818513261662, -0.2317885365397009401 ) ) ;
#665 = DIRECTION ( 'NONE',  ( 0.0000000000000000000, 3.416052647483371876E-15, 1.000000000000000000 ) ) ;
#666 = LINE ( 'NONE', #6607, #7995 ) ;
#667 = CARTESIAN_POINT ( 'NONE',  ( -1.505195604411712518, 53.90336388682318614, 0.2841362669042613587 ) ) ;
#668 = EDGE_CURVE ( 'NONE', #5862, #1598, #5248, .T. ) ;
#669 = ORIENTED_EDGE ( 'NONE', *, *, #101, .T. ) ;
#670 = ORIENTED_EDGE ( 'NONE', *, *, #6643, .F. ) ;
#671 = CARTESIAN_POINT ( 'NONE',  ( 7.582055985059093395, 55.33153158852994125, -0.4373989088692310512 ) ) ;
#672 = DIRECTION ( 'NONE',  ( 0.0000000000000000000, 0.0000000000000000000, -1.000000000000000000 ) ) ;
#673 = ORIENTED_EDGE ( 'NONE', *, *, #6553, .T. ) ;
#674 = ORIENTED_EDGE ( 'NONE', *, *, #4808, .F. ) ;
#675 = CARTESIAN_POINT ( 'NONE',  ( 5.457727566138602882, 55.89298735868353418, -0.2298278560399709403 ) ) ;
#676 = CARTESIAN_POINT ( 'NONE',  ( 4.315112946339142219, 53.87253265680915604, 0.7023928024058537778 ) ) ;
#677 = B_SPLINE_SURFACE_WITH_KNOTS ( 'NONE', 3, 1, ( 
 ( #2179, #2934 ),
 ( #4483, #783 ),
 ( #9051, #8307 ),
 ( #9852, #9102 ),
 ( #7544, #8464 ),
 ( #1696, #4687 ),
 ( #6144, #1800 ),
 ( #6361, #6919 ),
 ( #4745, #3936 ),
 ( #7074, #8668 ),
 ( #2547, #3249 ),
 ( #3095, #6304 ),
 ( #8618, #1749 ),
 ( #5397, #4796 ),
 ( #1001, #1588 ),
 ( #4039, #7705 ),
 ( #9090, #3036 ),
 ( #8940, #2830 ),
 ( #5122, #1289 ) ),
 .UNSPECIFIED., .F., .F., .F.,
 ( 4, 1, 1, 1, 1, 1, 1, 1, 1, 1, 1, 1, 1, 1, 1, 1, 4 ),
 ( 2, 2 ),
 ( 0.0000000000000000000, 0.1206060018096772463, 0.2308466852417553061, 0.3300212940281538887, 0.4192040000778650133, 0.4977112145889102113, 0.5663881154476145818, 0.6263382680849868267, 0.6773409438412559824, 0.7233212849240985287, 0.7665864964496211797, 0.8075536598181255465, 0.8470410739891379714, 0.8854297741933546684, 0.9230363384167965535, 0.9609771072623283228, 1.000000000000000000 ),
 ( 0.0000000000000000000, 1.000000000000000000 ),
 .UNSPECIFIED. ) ;
#678 = LINE ( 'NONE', #4539, #8653 ) ;
#679 = DIRECTION ( 'NONE',  ( -0.0000000000000000000, -1.000000000000000000, -0.0000000000000000000 ) ) ;
#680 = CARTESIAN_POINT ( 'NONE',  ( 9.747642031286519071, 56.17815432237249951, -0.3706522784475504428 ) ) ;
#681 = ORIENTED_EDGE ( 'NONE', *, *, #7533, .T. ) ;
#682 = LINE ( 'NONE', #3733, #9775 ) ;
#683 = ADVANCED_FACE ( 'NONE', ( #8491 ), #8552, .T. ) ;
#684 = ORIENTED_EDGE ( 'NONE', *, *, #1836, .T. ) ;
#685 = CARTESIAN_POINT ( 'NONE',  ( -1.858565410385785821, 53.87253265680915604, 0.7023928024058537778 ) ) ;
#686 = VERTEX_POINT ( 'NONE', #199 ) ;
#687 = CARTESIAN_POINT ( 'NONE',  ( 7.275000000000002132, 57.00000000000004263, -27.19999999999994245 ) ) ;
#688 = VERTEX_POINT ( 'NONE', #3325 ) ;
#689 = CARTESIAN_POINT ( 'NONE',  ( -1.157435384443592286, 54.56385311605934163, 0.2905901487762787005 ) ) ;
#690 = CARTESIAN_POINT ( 'NONE',  ( -14.09999999999999964, 18.00000000000000355, -5.458128122775026014 ) ) ;
#691 = CARTESIAN_POINT ( 'NONE',  ( 8.378983357747397775, 54.79161208363164803, -0.4992202662322273166 ) ) ;
#692 = DIRECTION ( 'NONE',  ( 0.0000000000000000000, 0.0000000000000000000, -1.000000000000000000 ) ) ;
#693 = EDGE_CURVE ( 'NONE', #5303, #2936, #6956, .T. ) ;
#694 = VECTOR ( 'NONE', #9784, 1000.000000000000000 ) ;
#695 = CARTESIAN_POINT ( 'NONE',  ( 14.09999999999999964, 75.00000000000000000, -50.70000000000000284 ) ) ;
#696 = CIRCLE ( 'NONE', #56, 2.500000000000000444 ) ;
#697 = CARTESIAN_POINT ( 'NONE',  ( 7.302658835446243835, 55.69010672023735964, -0.3772122954004014650 ) ) ;
#698 = ORIENTED_EDGE ( 'NONE', *, *, #2597, .F. ) ;
#699 = CARTESIAN_POINT ( 'NONE',  ( 13.60000000000000142, 37.59360607324528303, -2.797128122774994452 ) ) ;
#700 = CARTESIAN_POINT ( 'NONE',  ( 4.315112946339142219, 54.19851156681517068, 0.7023928024058537778 ) ) ;
#701 = VERTEX_POINT ( 'NONE', #6486 ) ;
#702 = DIRECTION ( 'NONE',  ( 1.000000000000000000, 0.0000000000000000000, 0.0000000000000000000 ) ) ;
#703 = CARTESIAN_POINT ( 'NONE',  ( -14.09999999999999964, 54.33128306799007845, 0.0000000000000000000 ) ) ;
#704 = VERTEX_POINT ( 'NONE', #4168 ) ;
#705 = VECTOR ( 'NONE', #5856, 1000.000000000000000 ) ;
#706 = LINE ( 'NONE', #3756, #2499 ) ;
#707 = VECTOR ( 'NONE', #6148, 1000.000000000000000 ) ;
#708 = CARTESIAN_POINT ( 'NONE',  ( 10.04759983088388076, 56.37029218228933303, -0.3685364120818597766 ) ) ;
#709 = ORIENTED_EDGE ( 'NONE', *, *, #8897, .F. ) ;
#710 = CARTESIAN_POINT ( 'NONE',  ( 9.797287355211208748, 56.64420186976585114, -0.3774937517838810597 ) ) ;
#711 = CARTESIAN_POINT ( 'NONE',  ( -14.09999999999999964, 0.0000000000000000000, -40.19521439518901218 ) ) ;
#712 = EDGE_CURVE ( 'NONE', #7974, #8287, #3892, .T. ) ;
#713 = CARTESIAN_POINT ( 'NONE',  ( -10.50000000000000000, 56.85600527474578314, -1.588821672652679595 ) ) ;
#714 = CARTESIAN_POINT ( 'NONE',  ( 7.295488034854892057, 55.51863908401944059, -0.07488770567262466316 ) ) ;
#715 = ADVANCED_BREP_SHAPE_REPRESENTATION ( 'FD333757-42DB-429D-8BC4-868C1F9220FF', ( #5494, #7867 ), #5452 ) ;
#716 = VECTOR ( 'NONE', #8931, 1000.000000000000000 ) ;
#717 = CARTESIAN_POINT ( 'NONE',  ( 6.002959302592481450, 53.87253265680915604, -0.2546792343420187232 ) ) ;
#718 = EDGE_LOOP ( 'NONE', ( #1601, #74, #4432, #2614 ) ) ;
#719 = CARTESIAN_POINT ( 'NONE',  ( -8.500000000000000000, 9.999999999990905053, -21.78020498957910434 ) ) ;
#720 = CARTESIAN_POINT ( 'NONE',  ( 14.09999999999999964, 0.0000000000000000000, 0.0000000000000000000 ) ) ;
#721 = CARTESIAN_POINT ( 'NONE',  ( 4.315112946339142219, 53.87253265680915604, 0.1690723765720367200 ) ) ;
#722 = VECTOR ( 'NONE', #4098, 1000.000000000000000 ) ;
#723 = LINE ( 'NONE', #5393, #2871 ) ;
#724 = CARTESIAN_POINT ( 'NONE',  ( 8.500000000000000000, 9.999999999990905053, -28.62380646487849845 ) ) ;
#725 = EDGE_LOOP ( 'NONE', ( #1603, #9785, #3140, #4665 ) ) ;
#726 = CARTESIAN_POINT ( 'NONE',  ( 1.157511816693840512, 55.17312186609868974, -0.009411266583138514635 ) ) ;
#727 = CARTESIAN_POINT ( 'NONE',  ( 7.582055985059093395, 55.33153158852994125, -0.07240429746787224730 ) ) ;
#728 = CARTESIAN_POINT ( 'NONE',  ( 1.902869012294670537, 55.96536253389634652, -0.02554922980850337158 ) ) ;
#729 = VECTOR ( 'NONE', #5877, 1000.000000000000000 ) ;
#730 = VERTEX_POINT ( 'NONE', #2668 ) ;
#731 = CARTESIAN_POINT ( 'NONE',  ( 1.540670223399103866, 55.93027452622209239, -0.01861215123666109736 ) ) ;
#732 = CARTESIAN_POINT ( 'NONE',  ( 1.628664476073159673, 55.31502285313487022, 0.2857201262141786380 ) ) ;
#733 = EDGE_CURVE ( 'NONE', #688, #7751, #9354, .T. ) ;
#734 = LINE ( 'NONE', #2282, #2564 ) ;
#735 = CARTESIAN_POINT ( 'NONE',  ( -11.99566174759785397, 59.46389145324617687, -1.022331023324476229 ) ) ;
#736 = ORIENTED_EDGE ( 'NONE', *, *, #4369, .F. ) ;
#737 = CARTESIAN_POINT ( 'NONE',  ( 11.99806991194858696, 6.127452355507494453, -1.022741366972913735 ) ) ;
#738 = ORIENTED_EDGE ( 'NONE', *, *, #898, .F. ) ;
#739 = DIRECTION ( 'NONE',  ( 0.0000000000000000000, 0.0000000000000000000, -1.000000000000000000 ) ) ;
#740 = CARTESIAN_POINT ( 'NONE',  ( -1.463542356246558818, 56.31341293260068426, -0.01511258080280696893 ) ) ;
#741 = ORIENTED_EDGE ( 'NONE', *, *, #757, .F. ) ;
#742 = CARTESIAN_POINT ( 'NONE',  ( 8.500000000000000000, 9.999999999990905053, -28.62380646487849845 ) ) ;
#743 = AXIS2_PLACEMENT_3D ( 'NONE', #1136, #7897, #5686 ) ;
#744 = VERTEX_POINT ( 'NONE', #303 ) ;
#745 = CARTESIAN_POINT ( 'NONE',  ( -7.295006188712703121, 41.48906902151181697, -1.297607197594145223 ) ) ;
#746 = CARTESIAN_POINT ( 'NONE',  ( 7.929630485273834850, 55.71974648017653919, -0.3398602454416644325 ) ) ;
#747 = CARTESIAN_POINT ( 'NONE',  ( 8.270243251305785748, 55.19125089886791358, -0.1312072312784056671 ) ) ;
#748 = PLANE ( 'NONE',  #8880 ) ;
#749 = FACE_OUTER_BOUND ( 'NONE', #35, .T. ) ;
#750 = ORIENTED_EDGE ( 'NONE', *, *, #5563, .T. ) ;
#751 = LINE ( 'NONE', #6889, #9257 ) ;
#752 = CARTESIAN_POINT ( 'NONE',  ( 1.002465460524598395, 55.17644829683319330, 0.1368731944120446797 ) ) ;
#753 = ORIENTED_EDGE ( 'NONE', *, *, #9693, .F. ) ;
#754 = CARTESIAN_POINT ( 'NONE',  ( 1.901712179469286390, 55.99790332191139441, 0.2943615570823886474 ) ) ;
#755 = ORIENTED_EDGE ( 'NONE', *, *, #8670, .F. ) ;
#756 = AXIS2_PLACEMENT_3D ( 'NONE', #4459, #1613, #4563 ) ;
#757 = EDGE_CURVE ( 'NONE', #5779, #9322, #3965, .T. ) ;
#759 = EDGE_CURVE ( 'NONE', #5137, #4602, #4921, .T. ) ;
#758 = FACE_OUTER_BOUND ( 'NONE', #5263, .T. ) ;
#760 = CARTESIAN_POINT ( 'NONE',  ( 9.781884352579783837, 56.22337230818440190, -0.3685364120818593325 ) ) ;
#761 = ORIENTED_EDGE ( 'NONE', *, *, #3653, .F. ) ;
#762 = CARTESIAN_POINT ( 'NONE',  ( 9.726131689056554563, 56.60832476985012818, -0.3676538108284580497 ) ) ;
#763 = FACE_OUTER_BOUND ( 'NONE', #1177, .T. ) ;
#764 = CARTESIAN_POINT ( 'NONE',  ( 1.516334992270183202, 55.35754769128098474, 0.2838457456046812877 ) ) ;
#765 = DIRECTION ( 'NONE',  ( 0.0000000000000000000, -1.000000000000000000, 0.0000000000000000000 ) ) ;
#766 = CIRCLE ( 'NONE', #944, 3.499999999999999556 ) ;
#767 = CARTESIAN_POINT ( 'NONE',  ( 10.47254416724531012, 56.15129949944054744, -0.4746743989870287894 ) ) ;
#768 = DIRECTION ( 'NONE',  ( 0.0000000000000000000, 8.652902722719878956E-16, -1.000000000000000000 ) ) ;
#769 = CARTESIAN_POINT ( 'NONE',  ( 10.38753940369597117, 54.28123944689141922, -0.4184356817180829857 ) ) ;
#770 = DIRECTION ( 'NONE',  ( 0.0000000000000000000, 0.0000000000000000000, 1.000000000000000000 ) ) ;
#771 = EDGE_LOOP ( 'NONE', ( #4104, #8823, #2664, #3590 ) ) ;
#772 = CARTESIAN_POINT ( 'NONE',  ( 7.275000000000002132, 62.00000000000002842, -32.19999999999996732 ) ) ;
#773 = EDGE_CURVE ( 'NONE', #6781, #5631, #9519, .T. ) ;
#775 = ADVANCED_FACE ( 'NONE', ( #9391 ), #2463, .T. ) ;
#774 = CARTESIAN_POINT ( 'NONE',  ( -1.530514590591644630, 56.67568814250224563, 0.2872785925169820120 ) ) ;
#776 = LINE ( 'NONE', #8556, #8750 ) ;
#777 = CIRCLE ( 'NONE', #3194, 0.4999999999999935052 ) ;
#778 = CARTESIAN_POINT ( 'NONE',  ( 14.09999999999999964, 2.031901446435379551E-14, -50.70000000000003126 ) ) ;
#779 = CARTESIAN_POINT ( 'NONE',  ( 14.09999999999999964, 17.28128306799198199, -48.19521439518879191 ) ) ;
#780 = CARTESIAN_POINT ( 'NONE',  ( -18.90721874736048136, 37.61060073634368450, -2.148128122775001980 ) ) ;
#781 = ORIENTED_EDGE ( 'NONE', *, *, #9540, .T. ) ;
#782 = LINE ( 'NONE', #2490, #3081 ) ;
#783 = CARTESIAN_POINT ( 'NONE',  ( 9.596361585299828079, 55.21265981401973022, -0.7260292448453815606 ) ) ;
#784 = VECTOR ( 'NONE', #4623, 1000.000000000000000 ) ;
#785 = DIRECTION ( 'NONE',  ( 1.000000000000000000, 0.0000000000000000000, 0.0000000000000000000 ) ) ;
#786 = VERTEX_POINT ( 'NONE', #2520 ) ;
#787 = VERTEX_POINT ( 'NONE', #7052 ) ;
#788 = ADVANCED_FACE ( 'NONE', ( #7145 ), #3273, .F. ) ;
#789 = LINE ( 'NONE', #4691, #1363 ) ;
#790 = CARTESIAN_POINT ( 'NONE',  ( 7.512782681173651333, 53.91412344895856990, -0.03936411257273028652 ) ) ;
#791 = CARTESIAN_POINT ( 'NONE',  ( -1.374696247296334661, 54.30850870692364651, 0.2867271429970117413 ) ) ;
#792 = B_SPLINE_CURVE_WITH_KNOTS ( 'NONE', 3,
 ( #1820, #9537, #2569, #3267, #2661, #9437, #4815, #8636, #4865, #5721, #8783, #7040, #1908, #7930, #1073, #3370, #2513, #8030 ),
 .UNSPECIFIED., .F., .F.,
 ( 4, 2, 2, 2, 2, 2, 2, 2, 4 ),
 ( 0.0000000000000000000, 0.0005899622302812483621, 0.001179924460562496724, 0.001769886690843745086, 0.002359848921124993448, 0.002949811151406241810, 0.003539773381687490172, 0.004129735611968738535, 0.004719697842249986897 ),
 .UNSPECIFIED. ) ;
#793 = CARTESIAN_POINT ( 'NONE',  ( 8.500000000000000000, 9.999999999990905053, -25.20200572722880139 ) ) ;
#794 = AXIS2_PLACEMENT_3D ( 'NONE', #8166, #5943, #5806 ) ;
#795 = ORIENTED_EDGE ( 'NONE', *, *, #4753, .T. ) ;
#796 = ORIENTED_EDGE ( 'NONE', *, *, #4543, .T. ) ;
#797 = CARTESIAN_POINT ( 'NONE',  ( -14.59999999999999964, 30.21025154585982264, -33.49521209058222126 ) ) ;
#798 = CARTESIAN_POINT ( 'NONE',  ( -1.044712819395692494, 55.69317937417718412, -0.007699104365332284407 ) ) ;
#799 = EDGE_LOOP ( 'NONE', ( #4263, #7290, #2410, #7199, #5714, #4159, #3 ) ) ;
#800 = FACE_OUTER_BOUND ( 'NONE', #6379, .T. ) ;
#801 = ORIENTED_EDGE ( 'NONE', *, *, #8755, .F. ) ;
#802 = ORIENTED_EDGE ( 'NONE', *, *, #1824, .F. ) ;
#803 = LINE ( 'NONE', #2348, #9053 ) ;
#804 = AXIS2_PLACEMENT_3D ( 'NONE', #7849, #5776, #2627 ) ;
#805 = DIRECTION ( 'NONE',  ( 0.0000000000000000000, 0.0000000000000000000, 1.000000000000000000 ) ) ;
#806 = CARTESIAN_POINT ( 'NONE',  ( 7.902346164011298413, 55.39283725575946704, -0.1312072312784056671 ) ) ;
#807 = LINE ( 'NONE', #3851, #4236 ) ;
#808 =( NAMED_UNIT ( * ) PLANE_ANGLE_UNIT ( ) SI_UNIT ( $, .RADIAN. ) );
#809 = CARTESIAN_POINT ( 'NONE',  ( 8.500000000000000000, 9.999999999990905053, -33.70200572722880850 ) ) ;
#810 = CARTESIAN_POINT ( 'NONE',  ( 13.50000000000000000, 12.60844834401830283, -1.297607197594146333 ) ) ;
#811 = EDGE_CURVE ( 'NONE', #2757, #3637, #152, .T. ) ;
#812 = ORIENTED_EDGE ( 'NONE', *, *, #5511, .T. ) ;
#813 = B_SPLINE_CURVE_WITH_KNOTS ( 'NONE', 3,
 ( #3771, #5281, #6298, #942, #8355, #116, #6909, #6138, #9305, #22 ),
 .UNSPECIFIED., .F., .F.,
 ( 4, 2, 2, 2, 4 ),
 ( 8.694091412778573399E-18, 0.0001048221883030058042, 0.0002096443766060029077, 0.0003144665649090000112, 0.0004192887532119970876 ),
 .UNSPECIFIED. ) ;
#814 = CARTESIAN_POINT ( 'NONE',  ( 1.879310261236855739, 56.15934275977351575, 0.2943615570823886474 ) ) ;
#815 = EDGE_LOOP ( 'NONE', ( #5048, #6293, #2766, #5500 ) ) ;
#816 = CARTESIAN_POINT ( 'NONE',  ( -14.10000000000001386, -7.243060875111559938, -41.07743946083785147 ) ) ;
#817 = FACE_OUTER_BOUND ( 'NONE', #4005, .T. ) ;
#818 = DIRECTION ( 'NONE',  ( 0.0000000000000000000, 0.0000000000000000000, 1.000000000000000000 ) ) ;
#819 = CARTESIAN_POINT ( 'NONE',  ( 0.9645477748120938610, 55.50242720683922215, 0.2934639593668059709 ) ) ;
#820 = AXIS2_PLACEMENT_3D ( 'NONE', #6792, #2315, #8450 ) ;
#821 = DIRECTION ( 'NONE',  ( 0.0000000000000000000, -1.000000000000000000, -4.007695160622047496E-16 ) ) ;
#822 = LINE ( 'NONE', #3921, #6231 ) ;
#823 = CARTESIAN_POINT ( 'NONE',  ( 8.178021504690564214, 56.27108126321542159, -0.4733900934314911324 ) ) ;
#824 = ADVANCED_FACE ( 'NONE', ( #6281 ), #5581, .T. ) ;
#825 = DIRECTION ( 'NONE',  ( 0.0000000000000000000, 1.000000000000000000, 0.0000000000000000000 ) ) ;
#826 = CARTESIAN_POINT ( 'NONE',  ( 1.388394291270645509, 55.13082577978175891, 0.2864866680941667854 ) ) ;
#827 = ORIENTED_EDGE ( 'NONE', *, *, #2307, .T. ) ;
#828 = CARTESIAN_POINT ( 'NONE',  ( 7.896806220030174295, 56.37170430018854717, -0.1394333655621031176 ) ) ;
#829 = CARTESIAN_POINT ( 'NONE',  ( -1.829318447014807614, 56.69732829845737854, 0.2872785925169822341 ) ) ;
#830 = CARTESIAN_POINT ( 'NONE',  ( 14.09999999999999964, 11.80000000000000426, 0.0000000000000000000 ) ) ;
#831 = DIRECTION ( 'NONE',  ( -0.0000000000000000000, -1.000000000000000000, -0.0000000000000000000 ) ) ;
#832 = DIRECTION ( 'NONE',  ( 0.0000000000000000000, 0.0000000000000000000, -1.000000000000000000 ) ) ;
#833 = ADVANCED_FACE ( 'NONE', ( #4773 ), #978, .F. ) ;
#834 = CARTESIAN_POINT ( 'NONE',  ( 14.09999999999999964, 11.28555064151142240, -3.495747750507893770 ) ) ;
#835 = EDGE_CURVE ( 'NONE', #5651, #3450, #5016, .T. ) ;
#836 = ORIENTED_EDGE ( 'NONE', *, *, #8241, .F. ) ;
#837 = DIRECTION ( 'NONE',  ( 0.0000000000000000000, -0.0000000000000000000, -1.000000000000000000 ) ) ;
#838 = LINE ( 'NONE', #9104, #2699 ) ;
#839 = EDGE_LOOP ( 'NONE', ( #7616, #9833, #7242, #4603 ) ) ;
#840 = ORIENTED_EDGE ( 'NONE', *, *, #7400, .T. ) ;
#841 = CARTESIAN_POINT ( 'NONE',  ( 0.0000000000000000000, 54.19851156681517068, -70.87421554853963812 ) ) ;
#842 = CARTESIAN_POINT ( 'NONE',  ( 14.09999999999999964, 15.01351728617092718, -2.797128122774994452 ) ) ;
#843 = B_SPLINE_CURVE_WITH_KNOTS ( 'NONE', 3,
 ( #3663, #6594, #2774, #4227, #5019, #1236, #1929, #554, #4319, #5115, #7304, #3619 ),
 .UNSPECIFIED., .F., .F.,
 ( 4, 2, 2, 2, 2, 4 ),
 ( 0.0000000000000000000, 0.0002294133411173709567, 0.0004588266822347419134, 0.0009176533644694838268, 0.001376480046704225794, 0.001835306728938967654 ),
 .UNSPECIFIED. ) ;
#844 = CARTESIAN_POINT ( 'NONE',  ( -12.47533486989962626, 59.12234053395295774, -1.106455649066341307 ) ) ;
#845 = CARTESIAN_POINT ( 'NONE',  ( 12.88097242285193111, 6.898449573419352276, -1.180260300921037953 ) ) ;
#846 = EDGE_CURVE ( 'NONE', #3738, #8370, #4529, .T. ) ;
#847 = VECTOR ( 'NONE', #4943, 1000.000000000000000 ) ;
#848 = ORIENTED_EDGE ( 'NONE', *, *, #5754, .F. ) ;
#849 = CARTESIAN_POINT ( 'NONE',  ( -8.673617379884035472E-16, 9.999999999990905053, -28.62380646486428759 ) ) ;
#850 = ORIENTED_EDGE ( 'NONE', *, *, #9867, .F. ) ;
#851 = CARTESIAN_POINT ( 'NONE',  ( 8.342763478857840198, 55.93706575351387755, -0.1744246936133156123 ) ) ;
#852 = EDGE_LOOP ( 'NONE', ( #9599, #2236, #5800, #178 ) ) ;
#853 = CARTESIAN_POINT ( 'NONE',  ( 8.350312701869874843, 55.59284623115505042, -0.1914661381896677061 ) ) ;
#854 = ORIENTED_EDGE ( 'NONE', *, *, #5296, .F. ) ;
#855 = CARTESIAN_POINT ( 'NONE',  ( 14.09999999999999964, 55.71444935848835911, -3.495747750507582019 ) ) ;
#856 = DIRECTION ( 'NONE',  ( -0.0000000000000000000, -0.0000000000000000000, 1.000000000000000000 ) ) ;
#857 = CARTESIAN_POINT ( 'NONE',  ( 0.0000000000000000000, 56.37170430018856138, -70.87421554853963812 ) ) ;
#858 = LINE ( 'NONE', #1560, #4536 ) ;
#859 = SURFACE_SIDE_STYLE ('',( #7727 ) ) ;
#860 = CARTESIAN_POINT ( 'NONE',  ( -14.09999999999999964, 72.50000000000000000, -48.70000000000000995 ) ) ;
#861 = ORIENTED_EDGE ( 'NONE', *, *, #9167, .F. ) ;
#862 = CARTESIAN_POINT ( 'NONE',  ( 9.595971288436501823, 55.26699799405708546, -0.6526251033470719110 ) ) ;
#863 = CARTESIAN_POINT ( 'NONE',  ( 7.896806220030174295, 56.37170430018855427, -0.1056836625365835114 ) ) ;
#864 = VERTEX_POINT ( 'NONE', #5054 ) ;
#865 = CARTESIAN_POINT ( 'NONE',  ( 1.531673929613589502, 56.60478823094932466, 0.2943615570823884253 ) ) ;
#866 = ORIENTED_EDGE ( 'NONE', *, *, #7218, .F. ) ;
#867 = DIRECTION ( 'NONE',  ( 0.0000000000000000000, 0.0000000000000000000, -1.000000000000000000 ) ) ;
#868 = CARTESIAN_POINT ( 'NONE',  ( 10.43295865333965544, 56.20366199062839030, -0.4179459123721622760 ) ) ;
#869 = CARTESIAN_POINT ( 'NONE',  ( 1.062954718431809109, 55.50349754213097953, -0.01345756636718549448 ) ) ;
#870 = CARTESIAN_POINT ( 'NONE',  ( -0.5999999999999998668, 64.99999999999998579, -50.70000000000000284 ) ) ;
#871 = VECTOR ( 'NONE', #9871, 1000.000000000000000 ) ;
#872 = VECTOR ( 'NONE', #3837, 1000.000000000000000 ) ;
#873 = CARTESIAN_POINT ( 'NONE',  ( -1.268294571607542887, 54.39828683631538553, 0.2945660869772369628 ) ) ;
#874 = CARTESIAN_POINT ( 'NONE',  ( 7.400742181479893489, 56.01823855100224137, -0.08579913849097517420 ) ) ;
#875 = CARTESIAN_POINT ( 'NONE',  ( 7.292386991060698875, 54.81028795868408565, -0.07456829714020223043 ) ) ;
#876 = CARTESIAN_POINT ( 'NONE',  ( 9.272231166788539980, 55.06513274234337274, -0.6091448241042787259 ) ) ;
#877 = CARTESIAN_POINT ( 'NONE',  ( 1.649329860067773934, 54.68747993182417133, 0.2808873602656609125 ) ) ;
#878 = AXIS2_PLACEMENT_3D ( 'NONE', #9352, #7255, #3337 ) ;
#879 = VECTOR ( 'NONE', #8836, 1000.000000000000000 ) ;
#880 = EDGE_LOOP ( 'NONE', ( #1435, #2821, #2764, #297 ) ) ;
#881 = CARTESIAN_POINT ( 'NONE',  ( 9.766276317864354795, 54.33706319652021932, -0.6760974517244959792 ) ) ;
#882 = CARTESIAN_POINT ( 'NONE',  ( -1.829318447014807614, 56.69732829845737854, -0.02736481479098792566 ) ) ;
#883 = CARTESIAN_POINT ( 'NONE',  ( -14.09999999999999964, 0.0000000000000000000, -48.69521209059481492 ) ) ;
#884 = ORIENTED_EDGE ( 'NONE', *, *, #5835, .F. ) ;
#885 = FACE_OUTER_BOUND ( 'NONE', #7802, .T. ) ;
#886 = ADVANCED_FACE ( 'NONE', ( #6720 ), #4367, .F. ) ;
#887 = VECTOR ( 'NONE', #8145, 1000.000000000000000 ) ;
#888 = CARTESIAN_POINT ( 'NONE',  ( 14.09999999999999964, 11.98128306799195464, -48.69521209059481492 ) ) ;
#889 = CARTESIAN_POINT ( 'NONE',  ( -0.9739440641935867005, 54.21139975978084635, 0.2933548427817713744 ) ) ;
#890 = CARTESIAN_POINT ( 'NONE',  ( 1.646213611002326660, 54.76590813412080649, -0.01912066626064611377 ) ) ;
#891 = ORIENTED_EDGE ( 'NONE', *, *, #8574, .T. ) ;
#892 = VECTOR ( 'NONE', #6857, 1000.000000000000000 ) ;
#893 = ORIENTED_EDGE ( 'NONE', *, *, #7275, .T. ) ;
#894 = VECTOR ( 'NONE', #9645, 1000.000000000000000 ) ;
#895 = DIRECTION ( 'NONE',  ( 0.0000000000000000000, 0.0000000000000000000, 1.000000000000000000 ) ) ;
#896 = LINE ( 'NONE', #7024, #9027 ) ;
#897 = LINE ( 'NONE', #9317, #9192 ) ;
#898 = EDGE_CURVE ( 'NONE', #1617, #2924, #7277, .T. ) ;
#899 = EDGE_CURVE ( 'NONE', #4515, #4816, #2763, .T. ) ;
#900 = DIRECTION ( 'NONE',  ( 1.334402673828313339E-16, -1.000000000000000000, 0.0000000000000000000 ) ) ;
#901 = AXIS2_PLACEMENT_3D ( 'NONE', #4721, #9290, #7632 ) ;
#902 = CARTESIAN_POINT ( 'NONE',  ( 5.792997192154583530, 56.69768321019457602, -0.2393030870521564435 ) ) ;
#903 = CARTESIAN_POINT ( 'NONE',  ( 1.517975655529931744, 55.76460449503144901, -0.01625713281240729127 ) ) ;
#904 = DIRECTION ( 'NONE',  ( 1.818661708685362060E-15, -3.357529308342206516E-15, -1.000000000000000000 ) ) ;
#905 = ORIENTED_EDGE ( 'NONE', *, *, #8353, .T. ) ;
#906 = CARTESIAN_POINT ( 'NONE',  ( 14.09999999999999964, 75.00000000000000000, -48.70000000000000995 ) ) ;
#907 = LINE ( 'NONE', #7036, #8403 ) ;
#908 = EDGE_LOOP ( 'NONE', ( #195, #3003, #9037, #2680, #6284, #7547 ) ) ;
#909 = CARTESIAN_POINT ( 'NONE',  ( 7.292386991060698875, 55.34736085034327857, -0.07234574897400469773 ) ) ;
#910 = CIRCLE ( 'NONE', #7461, 0.5000000000000902611 ) ;
#911 = ADVANCED_FACE ( 'NONE', ( #8965 ), #2095, .T. ) ;
#912 = CARTESIAN_POINT ( 'NONE',  ( 14.09999999999999964, 54.52787485811878554, -46.23359756302512125 ) ) ;
#913 = EDGE_CURVE ( 'NONE', #6184, #7758, #2659, .T. ) ;
#914 = DIRECTION ( 'NONE',  ( 1.000000000000000000, 0.0000000000000000000, 0.0000000000000000000 ) ) ;
#915 = CARTESIAN_POINT ( 'NONE',  ( 8.299020510726645483, 55.14470270845191635, -0.4992202662322270945 ) ) ;
#916 = DIRECTION ( 'NONE',  ( 0.0000000000000000000, 0.0000000000000000000, -1.000000000000000000 ) ) ;
#917 = ORIENTED_EDGE ( 'NONE', *, *, #4301, .F. ) ;
#918 = DIRECTION ( 'NONE',  ( -1.000000000000000000, -0.0000000000000000000, -0.0000000000000000000 ) ) ;
#919 = CARTESIAN_POINT ( 'NONE',  ( 13.50000000000000000, 18.00000000000000355, -5.458128122775026014 ) ) ;
#920 = ORIENTED_EDGE ( 'NONE', *, *, #9693, .T. ) ;
#921 = CARTESIAN_POINT ( 'NONE',  ( 5.752158134997628736, 56.61873372455913511, -0.2338043564326837132 ) ) ;
#922 = VECTOR ( 'NONE', #3310, 1000.000000000000000 ) ;
#923 = VERTEX_POINT ( 'NONE', #2899 ) ;
#924 = DIRECTION ( 'NONE',  ( -0.0000000000000000000, -1.000000000000000000, -0.0000000000000000000 ) ) ;
#925 = ORIENTED_EDGE ( 'NONE', *, *, #3332, .F. ) ;
#926 = CARTESIAN_POINT ( 'NONE',  ( -12.10000000000000142, 67.00195731433238677, -48.20000000000000995 ) ) ;
#927 = ORIENTED_EDGE ( 'NONE', *, *, #6417, .F. ) ;
#928 = EDGE_CURVE ( 'NONE', #8529, #3968, #49, .T. ) ;
#929 = CARTESIAN_POINT ( 'NONE',  ( 1.049438115959492102, 54.19851156681517068, 0.2922627863530674608 ) ) ;
#930 = CARTESIAN_POINT ( 'NONE',  ( 10.04697773567373353, 54.16500020652289038, -0.4126802518126117536 ) ) ;
#931 = CARTESIAN_POINT ( 'NONE',  ( 12.09999999999999964, 57.00000000000013500, -1.916705977385280630E-13 ) ) ;
#932 = CARTESIAN_POINT ( 'NONE',  ( 9.282302070174013764, 55.61084853719150090, -0.3037559157698054291 ) ) ;
#933 = CARTESIAN_POINT ( 'NONE',  ( -14.09999999999999964, 2.500000000000042188, -48.69521209059480782 ) ) ;
#934 = CARTESIAN_POINT ( 'NONE',  ( 2.002135780023734046, 54.83165033776099051, 0.2718374357719928747 ) ) ;
#935 = CARTESIAN_POINT ( 'NONE',  ( 7.692206131690291215, 55.38038387713684330, -0.1168578583429061846 ) ) ;
#936 = CARTESIAN_POINT ( 'NONE',  ( 9.407357534663827181, 54.32877492336261582, -0.6271065204779876501 ) ) ;
#937 = CARTESIAN_POINT ( 'NONE',  ( 10.93610680735009666, 55.26586612284178557, -0.5451992974344902487 ) ) ;
#938 = EDGE_CURVE ( 'NONE', #5862, #2130, #5249, .T. ) ;
#939 = VERTEX_POINT ( 'NONE', #742 ) ;
#940 = DIRECTION ( 'NONE',  ( -1.000000000000000000, -0.0000000000000000000, -0.0000000000000000000 ) ) ;
#941 = CARTESIAN_POINT ( 'NONE',  ( -1.901010580959485052, 56.69768321019457602, 0.2872785925169826782 ) ) ;
#942 = CARTESIAN_POINT ( 'NONE',  ( 9.840727457097742104, 56.28180010977032310, -0.3835800968727079430 ) ) ;
#943 = CARTESIAN_POINT ( 'NONE',  ( 14.09999999999999964, 56.13128306799008271, -44.69521209058221700 ) ) ;
#944 = AXIS2_PLACEMENT_3D ( 'NONE', #2227, #8418, #5290 ) ;
#945 = DIRECTION ( 'NONE',  ( 0.0000000000000000000, 0.0000000000000000000, 1.000000000000000000 ) ) ;
#946 = FACE_OUTER_BOUND ( 'NONE', #9863, .T. ) ;
#947 = EDGE_CURVE ( 'NONE', #2932, #2950, #8270, .T. ) ;
#948 = EDGE_CURVE ( 'NONE', #5501, #3738, #3690, .T. ) ;
#949 = ORIENTED_EDGE ( 'NONE', *, *, #5865, .F. ) ;
#950 = EDGE_LOOP ( 'NONE', ( #2132, #8258, #6608, #3966 ) ) ;
#951 = CARTESIAN_POINT ( 'NONE',  ( 0.4178539778228485546, 56.37170430018856138, -0.001231784103175592726 ) ) ;
#952 = CARTESIAN_POINT ( 'NONE',  ( 7.356109068833477593, 54.01322717399037998, -0.4418531884689681499 ) ) ;
#953 = CARTESIAN_POINT ( 'NONE',  ( 8.618190358169531606, 55.25143308334491365, -0.5389759807138325698 ) ) ;
#954 = B_SPLINE_SURFACE_WITH_KNOTS ( 'NONE', 3, 1, ( 
 ( #9403, #8605 ),
 ( #1738, #360 ),
 ( #1141, #3335 ),
 ( #7999, #3386 ),
 ( #3429, #8101 ),
 ( #4180, #6547 ),
 ( #1234, #4130 ),
 ( #4835, #8707 ),
 ( #5593, #8052 ),
 ( #8801, #7902 ),
 ( #8845, #9598 ) ),
 .UNSPECIFIED., .F., .F., .F.,
 ( 4, 1, 1, 1, 1, 1, 1, 1, 4 ),
 ( 2, 2 ),
 ( 0.0000000000000000000, 0.1289556617465793253, 0.2534552627482973275, 0.3750746996253209176, 0.4953431284710070881, 0.6161914491956799189, 0.7392571921689988779, 0.8665888434885800073, 1.000000000000000000 ),
 ( 0.0000000000000000000, 1.000000000000000000 ),
 .UNSPECIFIED. ) ;
#955 = DIRECTION ( 'NONE',  ( -0.0000000000000000000, 1.000000000000000000, -0.0000000000000000000 ) ) ;
#956 = AXIS2_PLACEMENT_3D ( 'NONE', #4978, #408, #6544 ) ;
#957 = CARTESIAN_POINT ( 'NONE',  ( 8.066831655423726488, 54.20381360040819629, -0.4992116007269606359 ) ) ;
#958 = FACE_OUTER_BOUND ( 'NONE', #5667, .T. ) ;
#959 = CARTESIAN_POINT ( 'NONE',  ( -0.6553297280676732006, 55.36175153115685532, 0.2988225618489424029 ) ) ;
#960 = ADVANCED_FACE ( 'NONE', ( #38 ), #3739, .T. ) ;
#961 = EDGE_CURVE ( 'NONE', #610, #6717, #3110, .T. ) ;
#962 = ORIENTED_EDGE ( 'NONE', *, *, #8019, .F. ) ;
#963 = CARTESIAN_POINT ( 'NONE',  ( -11.59999999999999964, 72.50000000000000000, -48.70000000000000995 ) ) ;
#964 = DIRECTION ( 'NONE',  ( 0.0000000000000000000, 0.0000000000000000000, 1.000000000000000000 ) ) ;
#965 = VERTEX_POINT ( 'NONE', #4601 ) ;
#966 = CARTESIAN_POINT ( 'NONE',  ( 8.436484548174700393, 55.51796987737898093, -0.2017343070528971327 ) ) ;
#967 = AXIS2_PLACEMENT_3D ( 'NONE', #2222, #5286, #1483 ) ;
#968 = CARTESIAN_POINT ( 'NONE',  ( -14.09999999999999964, 11.80000000000000426, -5.754411018423118307 ) ) ;
#969 = CARTESIAN_POINT ( 'NONE',  ( 8.317607109996345116, 56.04040362628870753, -0.4897555084475358478 ) ) ;
#970 = EDGE_LOOP ( 'NONE', ( #6382, #669, #6965, #8932 ) ) ;
#971 = CARTESIAN_POINT ( 'NONE',  ( 14.09999999999999964, 13.99999999999999822, -5.458128122775026014 ) ) ;
#972 = ORIENTED_EDGE ( 'NONE', *, *, #2339, .F. ) ;
#973 = ADVANCED_FACE ( 'NONE', ( #6106 ), #9067, .T. ) ;
#974 = CARTESIAN_POINT ( 'NONE',  ( -0.7541525929234531578, 54.60111045291004928, -0.003999980535565906929 ) ) ;
#975 = ADVANCED_FACE ( 'NONE', ( #2951 ), #7510, .T. ) ;
#976 = EDGE_LOOP ( 'NONE', ( #6335, #4106, #8583, #2654, #982, #2784 ) ) ;
#977 = ADVANCED_FACE ( 'NONE', ( #6822 ), #2289, .T. ) ;
#978 = CYLINDRICAL_SURFACE ( 'NONE', #4694, 0.5000000000000281997 ) ;
#979 = ORIENTED_EDGE ( 'NONE', *, *, #2399, .F. ) ;
#980 = VECTOR ( 'NONE', #2526, 1000.000000000000000 ) ;
#981 = DIRECTION ( 'NONE',  ( 0.0000000000000000000, -3.828355257328126355E-15, -1.000000000000000000 ) ) ;
#982 = ORIENTED_EDGE ( 'NONE', *, *, #6680, .F. ) ;
#983 = CARTESIAN_POINT ( 'NONE',  ( 8.371589906477401755, 54.63799020362785086, -0.4961557459505110956 ) ) ;
#984 = CARTESIAN_POINT ( 'NONE',  ( 1.902869012294670537, 55.96536253389634652, -0.02740559966098426656 ) ) ;
#985 = CARTESIAN_POINT ( 'NONE',  ( -2.429028502896303010, 54.19851156681517068, 0.7023928024058537778 ) ) ;
#986 = LINE ( 'NONE', #3281, #7804 ) ;
#987 = CARTESIAN_POINT ( 'NONE',  ( 9.747642031286519071, 56.17815432237249951, -0.6735182268551918039 ) ) ;
#988 = CARTESIAN_POINT ( 'NONE',  ( 10.60932893245425213, 55.15404752097246188, -0.4951625625422465538 ) ) ;
#989 = DIRECTION ( 'NONE',  ( 0.0000000000000000000, 0.0000000000000000000, -1.000000000000000000 ) ) ;
#990 = EDGE_CURVE ( 'NONE', #6788, #9542, #9864, .T. ) ;
#991 = CARTESIAN_POINT ( 'NONE',  ( 1.310980049730272601, 55.15098648041147555, 0.2879666843978391788 ) ) ;
#992 = VERTEX_POINT ( 'NONE', #8375 ) ;
#993 = CARTESIAN_POINT ( 'NONE',  ( 14.09999999999999964, 12.48128306799198484, -48.19521209059478650 ) ) ;
#994 = DIRECTION ( 'NONE',  ( 0.0000000000000000000, -1.000000000000000000, 3.362642065588203259E-15 ) ) ;
#995 = CARTESIAN_POINT ( 'NONE',  ( 1.277510165842169032, 54.21209402139875522, -0.01151451762331658947 ) ) ;
#996 = ORIENTED_EDGE ( 'NONE', *, *, #4821, .T. ) ;
#997 = CARTESIAN_POINT ( 'NONE',  ( -1.016453226203594795, 55.30661348659254628, 0.2945886685900925839 ) ) ;
#998 = DIRECTION ( 'NONE',  ( 0.0000000000000000000, 0.0000000000000000000, 1.000000000000000000 ) ) ;
#999 = VECTOR ( 'NONE', #6818, 1000.000000000000000 ) ;
#1000 = CARTESIAN_POINT ( 'NONE',  ( 9.596973585173030230, 55.42275430249269874, -0.3499852586692475120 ) ) ;
#1001 = CARTESIAN_POINT ( 'NONE',  ( 9.951183708332360212, 54.19080179810965348, -0.3476052596559752739 ) ) ;
#1002 = PLANE ( 'NONE',  #1744 ) ;
#1003 = EDGE_LOOP ( 'NONE', ( #8336, #9101, #6880, #5577 ) ) ;
#1004 = ORIENTED_EDGE ( 'NONE', *, *, #846, .F. ) ;
#1005 = DIRECTION ( 'NONE',  ( 0.0000000000000000000, -0.0000000000000000000, -1.000000000000000000 ) ) ;
#1006 = DIRECTION ( 'NONE',  ( 0.0000000000000000000, 0.0000000000000000000, -1.000000000000000000 ) ) ;
#1007 = CARTESIAN_POINT ( 'NONE',  ( 7.855492920671775181, 54.16229168792561666, -0.4992116007269608580 ) ) ;
#1008 = CARTESIAN_POINT ( 'NONE',  ( -1.440904931940586442, 56.65693584644382241, 0.1387159275742512465 ) ) ;
#1009 = CARTESIAN_POINT ( 'NONE',  ( 1.385211621619544697, 54.23969214931204874, -0.01352125035477933640 ) ) ;
#1010 = EDGE_LOOP ( 'NONE', ( #7580, #1869, #364, #5463, #3651, #2969, #7215 ) ) ;
#1011 = CARTESIAN_POINT ( 'NONE',  ( 7.929630485273836626, 55.71974648017653919, -0.4449929915081349829 ) ) ;
#1012 = ORIENTED_EDGE ( 'NONE', *, *, #6721, .F. ) ;
#1013 = CARTESIAN_POINT ( 'NONE',  ( 14.09999999999999964, 13.99999999999999822, 0.0000000000000000000 ) ) ;
#1014 = CARTESIAN_POINT ( 'NONE',  ( -1.697510401138519809, 56.36444059768648884, -0.02725522043429387531 ) ) ;
#1015 = DIRECTION ( 'NONE',  ( -1.000000000000000000, -0.0000000000000000000, -0.0000000000000000000 ) ) ;
#1016 = EDGE_CURVE ( 'NONE', #9393, #7534, #7671, .T. ) ;
#1017 = CARTESIAN_POINT ( 'NONE',  ( 2.010782291288161439, 54.64968721113616112, 0.2942797456913125442 ) ) ;
#1018 = ADVANCED_FACE ( 'NONE', ( #800 ), #7663, .T. ) ;
#1019 = VECTOR ( 'NONE', #7704, 1000.000000000000000 ) ;
#1020 = ORIENTED_EDGE ( 'NONE', *, *, #6077, .F. ) ;
#1021 = CARTESIAN_POINT ( 'NONE',  ( 5.676980392586473023, 56.07402217056503702, 0.07323579801805250866 ) ) ;
#1022 = VERTEX_POINT ( 'NONE', #1501 ) ;
#1023 = PLANE ( 'NONE',  #286 ) ;
#1024 = EDGE_LOOP ( 'NONE', ( #652, #3510, #2684, #7298 ) ) ;
#1025 = DIRECTION ( 'NONE',  ( 0.0000000000000000000, 0.0000000000000000000, 1.000000000000000000 ) ) ;
#1026 = VERTEX_POINT ( 'NONE', #4550 ) ;
#1027 = CARTESIAN_POINT ( 'NONE',  ( 6.578210169804251883, 35.93013281871203901, -3.297607197594146111 ) ) ;
#1028 = EDGE_LOOP ( 'NONE', ( #196, #9314, #8567, #4466, #7949, #2712 ) ) ;
#1029 = CARTESIAN_POINT ( 'NONE',  ( -14.09999999999999964, 55.93128306799009408, -45.50521209058222638 ) ) ;
#1030 = LINE ( 'NONE', #5641, #8561 ) ;
#1031 = CARTESIAN_POINT ( 'NONE',  ( -14.09999999999999964, 12.48128306799198484, -40.19521439518901929 ) ) ;
#1032 = CARTESIAN_POINT ( 'NONE',  ( 13.50000000000000000, 12.60844834401830283, -1.297607197594146333 ) ) ;
#1033 = EDGE_CURVE ( 'NONE', #7575, #5101, #907, .T. ) ;
#1034 = ADVANCED_FACE ( 'NONE', ( #1067 ), #237, .F. ) ;
#1035 = B_SPLINE_CURVE_WITH_KNOTS ( 'NONE', 3,
 ( #6964, #2180, #3148, #8363, #5177, #1487, #7658, #4533, #6203, #7601, #7545, #728 ),
 .UNSPECIFIED., .F., .F.,
 ( 4, 2, 2, 2, 2, 4 ),
 ( 0.0000000000000000000, 0.0003187634793815276486, 0.0006375269587630552973, 0.0009562904381445829459, 0.001115672177835337446, 0.001275053917526091729 ),
 .UNSPECIFIED. ) ;
#1036 = CARTESIAN_POINT ( 'NONE',  ( -1.248984220653332811, 54.42217189196248484, -0.01317352179555262431 ) ) ;
#1037 = CARTESIAN_POINT ( 'NONE',  ( 5.025022572574452617, 55.99139557184822280, -0.1783629278520812433 ) ) ;
#1038 = CARTESIAN_POINT ( 'NONE',  ( -14.09999999999999964, 0.0000000000000000000, -40.19521439518901218 ) ) ;
#1039 = DIRECTION ( 'NONE',  ( 0.0000000000000000000, 3.784851220313034736E-15, 1.000000000000000000 ) ) ;
#1040 = DIRECTION ( 'NONE',  ( 0.0000000000000000000, 0.0000000000000000000, -1.000000000000000000 ) ) ;
#1041 = AXIS2_PLACEMENT_3D ( 'NONE', #2533, #7901, #4980 ) ;
#1042 = CARTESIAN_POINT ( 'NONE',  ( 6.976326410128449673, 55.48324094146708774, -0.3737647796839237424 ) ) ;
#1043 = ORIENTED_EDGE ( 'NONE', *, *, #133, .T. ) ;
#1044 = CARTESIAN_POINT ( 'NONE',  ( 10.79268773986233043, 54.31534368221859665, -0.4181348863512490133 ) ) ;
#1045 = ADVANCED_FACE ( 'NONE', ( #4910, #4861 ), #3363, .F. ) ;
#1046 = CARTESIAN_POINT ( 'NONE',  ( 1.440568074442861501, 55.63124935200080756, -0.01857861185664163098 ) ) ;
#1047 = CARTESIAN_POINT ( 'NONE',  ( 7.855492920671773405, 54.16229168792560955, -0.1348333776211645407 ) ) ;
#1048 = AXIS2_PLACEMENT_3D ( 'NONE', #8522, #900, #3945 ) ;
#1049 = DIRECTION ( 'NONE',  ( 0.0000000000000000000, -2.737354478688510640E-15, 1.000000000000000000 ) ) ;
#1050 = CARTESIAN_POINT ( 'NONE',  ( -1.268294571607542887, 54.39828683631538553, 0.1317662519251389386 ) ) ;
#1051 = VECTOR ( 'NONE', #2042, 1000.000000000000000 ) ;
#1052 = LINE ( 'NONE', #9610, #847 ) ;
#1053 = CARTESIAN_POINT ( 'NONE',  ( 7.815678862034537211, 54.16369908619423512, -0.4322451159818905819 ) ) ;
#1054 = ORIENTED_EDGE ( 'NONE', *, *, #4808, .T. ) ;
#1055 = ORIENTED_EDGE ( 'NONE', *, *, #3634, .F. ) ;
#1056 = CARTESIAN_POINT ( 'NONE',  ( -8.673617379884035472E-16, 9.999999999990905053, -33.70200572722875876 ) ) ;
#1057 = CARTESIAN_POINT ( 'NONE',  ( 2.685218396309094313, 53.87253265680915604, 0.2493288029204038247 ) ) ;
#1058 = VECTOR ( 'NONE', #2507, 1000.000000000000000 ) ;
#1059 = VECTOR ( 'NONE', #2205, 1000.000000000000000 ) ;
#1060 = CARTESIAN_POINT ( 'NONE',  ( 8.196606733294412805, 54.29176352511498749, -0.4992116007269601918 ) ) ;
#1061 = DIRECTION ( 'NONE',  ( -0.0000000000000000000, 1.000000000000000000, -3.362642065588203259E-15 ) ) ;
#1062 = CARTESIAN_POINT ( 'NONE',  ( 7.275000000000002132, 57.00000000000004263, -27.19999999999994245 ) ) ;
#1063 = VECTOR ( 'NONE', #8674, 1000.000000000000000 ) ;
#1064 = AXIS2_PLACEMENT_3D ( 'NONE', #3538, #5886, #2835 ) ;
#1065 = ORIENTED_EDGE ( 'NONE', *, *, #733, .T. ) ;
#1066 = CYLINDRICAL_SURFACE ( 'NONE', #428, 2.500000000000000000 ) ;
#1067 = FACE_OUTER_BOUND ( 'NONE', #2494, .T. ) ;
#1068 = ORIENTED_EDGE ( 'NONE', *, *, #9056, .F. ) ;
#1069 = ADVANCED_FACE ( 'NONE', ( #8582 ), #7088, .T. ) ;
#1070 = CYLINDRICAL_SURFACE ( 'NONE', #5353, 1.250000000000009770 ) ;
#1071 = CARTESIAN_POINT ( 'NONE',  ( -1.640767451404611554, 56.35740055101333468, -0.02725522043429387531 ) ) ;
#1072 = DIRECTION ( 'NONE',  ( 0.0000000000000000000, -2.081668171179648808E-14, 1.000000000000000000 ) ) ;
#1073 = CARTESIAN_POINT ( 'NONE',  ( 11.27721607060884779, 59.76022227876852355, -0.9026725157468185046 ) ) ;
#1074 = AXIS2_PLACEMENT_3D ( 'NONE', #2480, #1040, #4892 ) ;
#1075 = VERTEX_POINT ( 'NONE', #1861 ) ;
#1076 = ORIENTED_EDGE ( 'NONE', *, *, #7322, .F. ) ;
#1077 = DIRECTION ( 'NONE',  ( -1.000000000000000000, -0.0000000000000000000, -0.0000000000000000000 ) ) ;
#1078 = VERTEX_POINT ( 'NONE', #7828 ) ;
#1079 = CARTESIAN_POINT ( 'NONE',  ( 1.561808399833009453, 56.59728321848940880, 0.2829102929357154572 ) ) ;
#1080 = VECTOR ( 'NONE', #2972, 1000.000000000000000 ) ;
#1081 = ORIENTED_EDGE ( 'NONE', *, *, #3488, .F. ) ;
#1082 = CARTESIAN_POINT ( 'NONE',  ( 13.50000000000000000, 12.90000000000007851, -2.797607197594146555 ) ) ;
#1083 = ORIENTED_EDGE ( 'NONE', *, *, #2719, .F. ) ;
#1084 = DIRECTION ( 'NONE',  ( 0.0000000000000000000, 0.0000000000000000000, 1.000000000000000000 ) ) ;
#1085 = DIRECTION ( 'NONE',  ( -0.0000000000000000000, 1.000000000000000000, -3.362642065588203259E-15 ) ) ;
#1086 = CARTESIAN_POINT ( 'NONE',  ( -12.10000000000000142, 57.50000000000000000, -38.69804268566760896 ) ) ;
#1087 = CARTESIAN_POINT ( 'NONE',  ( 9.687079075526572325, 56.57896178931790132, -0.7262907717472794067 ) ) ;
#1088 = CARTESIAN_POINT ( 'NONE',  ( 9.869105760531153848, 56.30338508563124122, -0.6904844367349803891 ) ) ;
#1089 = CARTESIAN_POINT ( 'NONE',  ( 0.0000000000000000000, 0.0000000000000000000, -3.297607197594146111 ) ) ;
#1090 = VERTEX_POINT ( 'NONE', #7973 ) ;
#1091 = CARTESIAN_POINT ( 'NONE',  ( 10.25752435370722537, 56.68834597090835103, -0.7461669334924450059 ) ) ;
#1092 = EDGE_CURVE ( 'NONE', #2409, #1107, #3584, .T. ) ;
#1093 = ORIENTED_EDGE ( 'NONE', *, *, #283, .F. ) ;
#1094 = CARTESIAN_POINT ( 'NONE',  ( 14.09999999999999964, 20.18107628681016052, -50.69521439518830164 ) ) ;
#1095 = AXIS2_PLACEMENT_3D ( 'NONE', #3207, #4001, #6421 ) ;
#1096 = LINE ( 'NONE', #4133, #6816 ) ;
#1097 = CARTESIAN_POINT ( 'NONE',  ( 9.269992378430492508, 55.26586612284178557, -0.5150233437585428620 ) ) ;
#1098 = VERTEX_POINT ( 'NONE', #188 ) ;
#1099 = CARTESIAN_POINT ( 'NONE',  ( -1.061728074815540435, 56.45489683451302909, -0.007953031626794261622 ) ) ;
#1100 = CARTESIAN_POINT ( 'NONE',  ( 1.440568074442861501, 55.63124935200080756, 0.2902530130439304745 ) ) ;
#1101 = LINE ( 'NONE', #5790, #4948 ) ;
#1102 = AXIS2_PLACEMENT_3D ( 'NONE', #4588, #7657, #2131 ) ;
#1103 = CARTESIAN_POINT ( 'NONE',  ( -1.858565410385785821, 53.87253265680915604, -0.02437317584147715571 ) ) ;
#1104 = DIRECTION ( 'NONE',  ( 0.0000000000000000000, -1.000000000000000000, 0.0000000000000000000 ) ) ;
#1105 = DIRECTION ( 'NONE',  ( -0.0000000000000000000, -0.0000000000000000000, 1.000000000000000000 ) ) ;
#1106 = EDGE_CURVE ( 'NONE', #9043, #2062, #8631, .T. ) ;
#1107 = VERTEX_POINT ( 'NONE', #9623 ) ;
#1108 = FACE_OUTER_BOUND ( 'NONE', #7757, .T. ) ;
#1109 = DIRECTION ( 'NONE',  ( 1.000000000000000000, 0.0000000000000000000, 0.0000000000000000000 ) ) ;
#1110 = CARTESIAN_POINT ( 'NONE',  ( 2.004564845531866091, 54.79913067852968567, -0.03042540325696768688 ) ) ;
#1111 = DIRECTION ( 'NONE',  ( 0.0000000000000000000, 6.832105294966743752E-15, -1.000000000000000000 ) ) ;
#1112 = VECTOR ( 'NONE', #624, 1000.000000000000000 ) ;
#1113 = CARTESIAN_POINT ( 'NONE',  ( 7.275000000000002132, 52.00000000000004263, -27.19999999999992468 ) ) ;
#1114 = EDGE_CURVE ( 'NONE', #1342, #4757, #8998, .T. ) ;
#1115 = ORIENTED_EDGE ( 'NONE', *, *, #3387, .T. ) ;
#1116 = DIRECTION ( 'NONE',  ( 0.0000000000000000000, 0.0000000000000000000, 1.000000000000000000 ) ) ;
#1117 = CARTESIAN_POINT ( 'NONE',  ( -14.09999999999999964, 57.50000000000000000, -38.69804268566760896 ) ) ;
#1118 = ORIENTED_EDGE ( 'NONE', *, *, #6527, .F. ) ;
#1119 = CARTESIAN_POINT ( 'NONE',  ( 14.09999999999999964, 12.90000000000000924, -6.348128122775027471 ) ) ;
#1120 = DIRECTION ( 'NONE',  ( 0.0000000000000000000, -0.0000000000000000000, 1.000000000000000000 ) ) ;
#1121 = DIRECTION ( 'NONE',  ( 0.0000000000000000000, -0.0000000000000000000, -1.000000000000000000 ) ) ;
#1122 = DIRECTION ( 'NONE',  ( -0.0000000000000000000, -1.000000000000000000, -0.0000000000000000000 ) ) ;
#1123 = CIRCLE ( 'NONE', #4295, 5.499999999999998224 ) ;
#1124 = VERTEX_POINT ( 'NONE', #1213 ) ;
#1125 = EDGE_LOOP ( 'NONE', ( #5527, #8364, #5634, #7056 ) ) ;
#1126 = LINE ( 'NONE', #1265, #4291 ) ;
#1127 = ORIENTED_EDGE ( 'NONE', *, *, #3129, .F. ) ;
#1128 = CARTESIAN_POINT ( 'NONE',  ( 14.09999999999999964, 11.98128306799195464, -48.19521209059478650 ) ) ;
#1129 = CIRCLE ( 'NONE', #5757, 71.17421554853964949 ) ;
#1130 = ORIENTED_EDGE ( 'NONE', *, *, #4128, .F. ) ;
#1131 = DIRECTION ( 'NONE',  ( 0.0000000000000000000, 1.000000000000000000, 0.0000000000000000000 ) ) ;
#1132 = VERTEX_POINT ( 'NONE', #2800 ) ;
#1133 = CARTESIAN_POINT ( 'NONE',  ( 5.025022572574453505, 55.99139557184822280, 0.1223907583473139299 ) ) ;
#1134 = DIRECTION ( 'NONE',  ( 0.0000000000000000000, 0.0000000000000000000, 1.000000000000000000 ) ) ;
#1135 = CARTESIAN_POINT ( 'NONE',  ( 0.0000000000000000000, 0.0000000000000000000, 0.0000000000000000000 ) ) ;
#1136 = CARTESIAN_POINT ( 'NONE',  ( -13.50000000000000000, 18.00000000000000355, -5.458128122775026014 ) ) ;
#1137 = VECTOR ( 'NONE', #9665, 1000.000000000000000 ) ;
#1138 = ADVANCED_FACE ( 'NONE', ( #579 ), #5805, .F. ) ;
#1139 = DIRECTION ( 'NONE',  ( 0.0000000000000000000, 0.0000000000000000000, -1.000000000000000000 ) ) ;
#1140 = CARTESIAN_POINT ( 'NONE',  ( 8.114116702926773783, 56.31582446488575044, -0.4803865622226336507 ) ) ;
#1141 = CARTESIAN_POINT ( 'NONE',  ( 7.311919149009749042, 56.45285890647708271, -0.06796898991423519498 ) ) ;
#1142 = VERTEX_POINT ( 'NONE', #5045 ) ;
#1143 = CARTESIAN_POINT ( 'NONE',  ( -8.673617379884035472E-16, 9.999999999990905053, -33.70200572722875876 ) ) ;
#1144 = CARTESIAN_POINT ( 'NONE',  ( 7.055958999959321076, 55.96810257045618187, -0.3737647796839239089 ) ) ;
#1145 = CARTESIAN_POINT ( 'NONE',  ( 8.500000000000000000, 9.999999999990905053, -33.70200572722880850 ) ) ;
#1146 = VECTOR ( 'NONE', #5685, 1000.000000000000000 ) ;
#1147 = CARTESIAN_POINT ( 'NONE',  ( 1.049438115959492102, 54.19851156681517068, 0.2922627863530674608 ) ) ;
#1148 = CARTESIAN_POINT ( 'NONE',  ( -1.088599868616247024, 55.85818896865985295, -0.01695970555067700253 ) ) ;
#1149 = CARTESIAN_POINT ( 'NONE',  ( -14.09999999999999964, 20.18107628681179833, -50.19521439519009931 ) ) ;
#1150 = FACE_OUTER_BOUND ( 'NONE', #7482, .T. ) ;
#1151 = VERTEX_POINT ( 'NONE', #3640 ) ;
#1152 = ORIENTED_EDGE ( 'NONE', *, *, #9836, .F. ) ;
#1153 = CARTESIAN_POINT ( 'NONE',  ( 14.09999999999999964, 51.98648271382908348, -2.797128122774994452 ) ) ;
#1154 = DIRECTION ( 'NONE',  ( -0.0000000000000000000, -1.000000000000000000, -0.0000000000000000000 ) ) ;
#1155 = CARTESIAN_POINT ( 'NONE',  ( 13.50000000000000000, 48.99999999999999289, -5.458128122775004698 ) ) ;
#1156 = EDGE_CURVE ( 'NONE', #9742, #3321, #5942, .T. ) ;
#1157 = ADVANCED_FACE ( 'NONE', ( #8025 ), #2939, .F. ) ;
#1158 = EDGE_CURVE ( 'NONE', #9165, #3049, #5165, .T. ) ;
#1159 = AXIS2_PLACEMENT_3D ( 'NONE', #713, #7741, #2585 ) ;
#1160 = CARTESIAN_POINT ( 'NONE',  ( 7.275000000000003020, 62.00000000000006395, -20.99999999999995737 ) ) ;
#1161 = VERTEX_POINT ( 'NONE', #8312 ) ;
#1162 = FACE_OUTER_BOUND ( 'NONE', #290, .T. ) ;
#1163 = ORIENTED_EDGE ( 'NONE', *, *, #3536, .T. ) ;
#1164 = ORIENTED_EDGE ( 'NONE', *, *, #1106, .F. ) ;
#1165 = CARTESIAN_POINT ( 'NONE',  ( 7.494245822567020987, 55.57756281827366962, -0.4472155396743596190 ) ) ;
#1166 = CARTESIAN_POINT ( 'NONE',  ( 9.708730393197056330, 56.10778261683552870, -0.3479068640411292490 ) ) ;
#1167 = CARTESIAN_POINT ( 'NONE',  ( 1.177447573343205267, 56.69246342029445884, -0.02745724643013849192 ) ) ;
#1168 = CARTESIAN_POINT ( 'NONE',  ( -8.500000000000000000, 9.999999999990905053, -37.12380646488355751 ) ) ;
#1169 = DIRECTION ( 'NONE',  ( 0.0000000000000000000, 1.000000000000000000, 0.0000000000000000000 ) ) ;
#1170 = VERTEX_POINT ( 'NONE', #3000 ) ;
#1171 = DIRECTION ( 'NONE',  ( 0.0000000000000000000, -1.000000000000000000, 0.0000000000000000000 ) ) ;
#1172 = VERTEX_POINT ( 'NONE', #3052 ) ;
#1173 = CARTESIAN_POINT ( 'NONE',  ( 7.389618258908241977, 55.98670822864018248, -0.4114301739047735440 ) ) ;
#1174 = CARTESIAN_POINT ( 'NONE',  ( 14.09999999999999964, 22.88128306798727962, -40.69521439518901218 ) ) ;
#1175 = ORIENTED_EDGE ( 'NONE', *, *, #2985, .T. ) ;
#1176 = CARTESIAN_POINT ( 'NONE',  ( 7.364759777023884624, 54.48172971447365853, -0.07239559482833290982 ) ) ;
#1177 = EDGE_LOOP ( 'NONE', ( #3940, #6666, #3209, #1455 ) ) ;
#1178 = CARTESIAN_POINT ( 'NONE',  ( 8.701088116435558462, 54.67320612969228222, -0.1352089772695214409 ) ) ;
#1179 = CARTESIAN_POINT ( 'NONE',  ( 10.36213689643544988, 54.25571468687867593, -0.7615769032363004509 ) ) ;
#1180 = DIRECTION ( 'NONE',  ( 1.000000000000000000, 0.0000000000000000000, 0.0000000000000000000 ) ) ;
#1181 = CARTESIAN_POINT ( 'NONE',  ( 10.03551630433456587, 56.69658289073027646, -0.7262907717472796287 ) ) ;
#1182 = VERTEX_POINT ( 'NONE', #31 ) ;
#1183 = AXIS2_PLACEMENT_3D ( 'NONE', #8191, #6695, #2874 ) ;
#1184 = CARTESIAN_POINT ( 'NONE',  ( 7.912489657039582625, 56.37128429976257848, -0.4803865622226343723 ) ) ;
#1185 = CARTESIAN_POINT ( 'NONE',  ( 1.983047373115905287, 54.44572752584186048, 0.2723698784815387075 ) ) ;
#1186 = ORIENTED_EDGE ( 'NONE', *, *, #5904, .F. ) ;
#1187 = ADVANCED_FACE ( 'NONE', ( #8469 ), #9058, .F. ) ;
#1188 = LINE ( 'NONE', #4031, #5373 ) ;
#1189 = CARTESIAN_POINT ( 'NONE',  ( -14.59999999999999964, 30.21025154585982264, -33.49521209058222126 ) ) ;
#1190 = FACE_OUTER_BOUND ( 'NONE', #4770, .T. ) ;
#1191 = CARTESIAN_POINT ( 'NONE',  ( 9.522965595049740273, 54.10852780519892491, -0.3042425055354368024 ) ) ;
#1192 = CARTESIAN_POINT ( 'NONE',  ( -1.330592766316531117, 56.23067353828187720, 0.2945886685900927504 ) ) ;
#1193 = CARTESIAN_POINT ( 'NONE',  ( 14.09999999999999964, 57.00000000000012079, -3.618128122774999067 ) ) ;
#1194 = LINE ( 'NONE', #4238, #9898 ) ;
#1195 = AXIS2_PLACEMENT_3D ( 'NONE', #8593, #7244, #9545 ) ;
#1196 = EDGE_LOOP ( 'NONE', ( #5388, #5454, #2647, #7122 ) ) ;
#1197 = EDGE_CURVE ( 'NONE', #338, #5303, #5238, .T. ) ;
#1198 = CARTESIAN_POINT ( 'NONE',  ( -13.50000000000000178, 56.85600527474578314, -2.797607197594146555 ) ) ;
#1199 = CARTESIAN_POINT ( 'NONE',  ( 6.968459369149206495, 55.02420312936552449, -0.03936411257272941222 ) ) ;
#1200 = DIRECTION ( 'NONE',  ( -1.000000000000000000, -0.0000000000000000000, -0.0000000000000000000 ) ) ;
#1201 = B_SPLINE_CURVE_WITH_KNOTS ( 'NONE', 3,
 ( #2999, #2041, #9801, #1301, #7459, #578, #2889, #5941, #2133, #5182 ),
 .UNSPECIFIED., .F., .F.,
 ( 4, 2, 2, 2, 4 ),
 ( 0.0000000000000000000, 0.0001252997607974222071, 0.0002505995215948444142, 0.0003758992823922666484, 0.0005011990431896888283 ),
 .UNSPECIFIED. ) ;
#1202 = AXIS2_PLACEMENT_3D ( 'NONE', #6677, #7292, #9678 ) ;
#1203 = ORIENTED_EDGE ( 'NONE', *, *, #5689, .F. ) ;
#1204 = LINE ( 'NONE', #4249, #8775 ) ;
#1205 = CARTESIAN_POINT ( 'NONE',  ( 10.77522941237675802, 56.25350393201635057, -0.8513888723903116906 ) ) ;
#1206 = VERTEX_POINT ( 'NONE', #3099 ) ;
#1207 = AXIS2_PLACEMENT_3D ( 'NONE', #8383, #916, #2958 ) ;
#1208 = ORIENTED_EDGE ( 'NONE', *, *, #4726, .T. ) ;
#1209 = EDGE_CURVE ( 'NONE', #5089, #2264, #2280, .T. ) ;
#1210 = EDGE_CURVE ( 'NONE', #1078, #730, #6202, .T. ) ;
#1211 = VECTOR ( 'NONE', #1703, 1000.000000000000000 ) ;
#1212 = CARTESIAN_POINT ( 'NONE',  ( 8.377580840514511351, 54.86797371148666969, -0.4968713895246588130 ) ) ;
#1213 = CARTESIAN_POINT ( 'NONE',  ( -1.016453226203594573, 55.30661348659254628, 0.2927415438422247829 ) ) ;
#1214 = CARTESIAN_POINT ( 'NONE',  ( 1.541883226754295899, 53.94281342860194428, 0.2942797456913123222 ) ) ;
#1215 = VECTOR ( 'NONE', #7276, 1000.000000000000000 ) ;
#1216 = ORIENTED_EDGE ( 'NONE', *, *, #6665, .F. ) ;
#1217 = AXIS2_PLACEMENT_3D ( 'NONE', #6034, #2033, #7364 ) ;
#1218 = DIRECTION ( 'NONE',  ( 1.000000000000000000, -0.0000000000000000000, 0.0000000000000000000 ) ) ;
#1219 = VERTEX_POINT ( 'NONE', #7606 ) ;
#1220 = CARTESIAN_POINT ( 'NONE',  ( -0.6597091149497926743, 55.51044404231146956, -0.003069066278297218238 ) ) ;
#1221 = ORIENTED_EDGE ( 'NONE', *, *, #298, .T. ) ;
#1222 = ORIENTED_EDGE ( 'NONE', *, *, #1379, .F. ) ;
#1223 = EDGE_CURVE ( 'NONE', #255, #8536, #7713, .T. ) ;
#1224 = EDGE_CURVE ( 'NONE', #1688, #6215, #9857, .T. ) ;
#1225 = ORIENTED_EDGE ( 'NONE', *, *, #6344, .F. ) ;
#1226 = VECTOR ( 'NONE', #3291, 1000.000000000000000 ) ;
#1227 = CARTESIAN_POINT ( 'NONE',  ( 14.09999999999999964, 3.373781136414991888, 3.375630115445115376 ) ) ;
#1228 = CARTESIAN_POINT ( 'NONE',  ( 8.263840199929729735, 56.62342448193111011, -0.1393682611193155785 ) ) ;
#1229 = CARTESIAN_POINT ( 'NONE',  ( 8.565946319159966293, 54.23176292873455395, -0.5195129855160891541 ) ) ;
#1230 = CARTESIAN_POINT ( 'NONE',  ( 14.09999999999999964, 21.78128306799197489, -44.19521439519115802 ) ) ;
#1231 = FACE_OUTER_BOUND ( 'NONE', #4612, .T. ) ;
#1232 = ORIENTED_EDGE ( 'NONE', *, *, #6926, .T. ) ;
#1233 = LINE ( 'NONE', #3617, #7749 ) ;
#1234 = CARTESIAN_POINT ( 'NONE',  ( 7.626809802217134227, 56.65426674174647559, -0.06796898991423495906 ) ) ;
#1235 = ADVANCED_FACE ( 'NONE', ( #6969 ), #600, .T. ) ;
#1236 = CARTESIAN_POINT ( 'NONE',  ( 7.310750309341221609, 54.03470768567608928, -0.07634007343088142217 ) ) ;
#1237 = CYLINDRICAL_SURFACE ( 'NONE', #4101, 71.17421554853964949 ) ;
#1238 = DIRECTION ( 'NONE',  ( -1.000000000000000000, -0.0000000000000000000, -0.0000000000000000000 ) ) ;
#1239 = VECTOR ( 'NONE', #118, 1000.000000000000000 ) ;
#1240 = CARTESIAN_POINT ( 'NONE',  ( 9.366260820772247087, 54.44651488900137792, -0.3042425055354370800 ) ) ;
#1241 = EDGE_CURVE ( 'NONE', #4302, #5631, #1806, .T. ) ;
#1242 = PLANE ( 'NONE',  #3563 ) ;
#1243 = CARTESIAN_POINT ( 'NONE',  ( -12.09999999999999964, 57.00000000000000000, -18.70000000000000639 ) ) ;
#1244 = AXIS2_PLACEMENT_3D ( 'NONE', #4857, #7920, #3949 ) ;
#1245 = ORIENTED_EDGE ( 'NONE', *, *, #8973, .F. ) ;
#1246 = DIRECTION ( 'NONE',  ( 0.0000000000000000000, -0.0000000000000000000, 1.000000000000000000 ) ) ;
#1247 = DIRECTION ( 'NONE',  ( 0.0000000000000000000, -5.782411586589357639E-16, -1.000000000000000000 ) ) ;
#1248 = CARTESIAN_POINT ( 'NONE',  ( 5.630225406411839550, 56.02893273876193803, -0.2239700313546712784 ) ) ;
#1249 = CIRCLE ( 'NONE', #3001, 2.930662494030136678 ) ;
#1250 = EDGE_CURVE ( 'NONE', #5896, #701, #897, .T. ) ;
#1251 = EDGE_CURVE ( 'NONE', #7035, #1940, #1757, .T. ) ;
#1252 = FACE_OUTER_BOUND ( 'NONE', #9144, .T. ) ;
#1253 = DIRECTION ( 'NONE',  ( -1.000000000000000000, 0.0000000000000000000, -0.0000000000000000000 ) ) ;
#1254 = CARTESIAN_POINT ( 'NONE',  ( 10.89275882926239980, 55.86300375448984568, -0.8513888723903121347 ) ) ;
#1255 = ORIENTED_EDGE ( 'NONE', *, *, #3478, .F. ) ;
#1256 = CARTESIAN_POINT ( 'NONE',  ( 8.686987205481113250, 55.02697270439679045, -0.5343922632335758038 ) ) ;
#1257 = ORIENTED_EDGE ( 'NONE', *, *, #5770, .F. ) ;
#1258 = CARTESIAN_POINT ( 'NONE',  ( 2.149999999999999023, 0.0000000000000000000, -48.70000000000000995 ) ) ;
#1259 = CARTESIAN_POINT ( 'NONE',  ( 14.09999999999999964, 53.00000000000000000, -5.458128122775004698 ) ) ;
#1260 = AXIS2_PLACEMENT_3D ( 'NONE', #4944, #2028, #1981 ) ;
#1261 = ORIENTED_EDGE ( 'NONE', *, *, #1864, .F. ) ;
#1262 = ADVANCED_FACE ( 'NONE', ( #2601 ), #9000, .T. ) ;
#1263 = CARTESIAN_POINT ( 'NONE',  ( 1.180526809893412743, 55.50602791795147084, 0.2902838236364925217 ) ) ;
#1264 = VERTEX_POINT ( 'NONE', #6517 ) ;
#1265 = CARTESIAN_POINT ( 'NONE',  ( 5.676980392586472135, 53.87253265680915604, 0.7023928024058537778 ) ) ;
#1266 = CARTESIAN_POINT ( 'NONE',  ( 10.77782615973679192, 54.27760705879753544, -0.5207632085995572702 ) ) ;
#1267 = ORIENTED_EDGE ( 'NONE', *, *, #8999, .T. ) ;
#1268 = CARTESIAN_POINT ( 'NONE',  ( 7.505330172808787559, 54.28883895797132908, -0.4388580514320236658 ) ) ;
#1269 = VERTEX_POINT ( 'NONE', #9656 ) ;
#1270 = AXIS2_PLACEMENT_3D ( 'NONE', #5540, #3079, #5484 ) ;
#1271 = FACE_OUTER_BOUND ( 'NONE', #839, .T. ) ;
#1272 = FACE_OUTER_BOUND ( 'NONE', #9457, .T. ) ;
#1273 = CARTESIAN_POINT ( 'NONE',  ( 8.619154187517617416, 54.33938663466771857, -0.5260397021255176497 ) ) ;
#1274 = CARTESIAN_POINT ( 'NONE',  ( 1.540670223399103866, 55.93027452622209239, 0.1358372005936450688 ) ) ;
#1275 = EDGE_CURVE ( 'NONE', #6881, #9875, #2136, .T. ) ;
#1276 = ADVANCED_FACE ( 'NONE', ( #2651 ), #1294, .T. ) ;
#1277 = CARTESIAN_POINT ( 'NONE',  ( 10.53834418642343174, 54.53872570582614543, -0.4844972520139674277 ) ) ;
#1278 = CIRCLE ( 'NONE', #2555, 3.999999999999996447 ) ;
#1279 = CARTESIAN_POINT ( 'NONE',  ( 8.500000000000000000, 9.999999999990905053, -25.20200572722880139 ) ) ;
#1280 = VERTEX_POINT ( 'NONE', #7270 ) ;
#1281 = DIRECTION ( 'NONE',  ( -0.0000000000000000000, -1.000000000000000000, -0.0000000000000000000 ) ) ;
#1282 = DIRECTION ( 'NONE',  ( 0.0000000000000000000, 0.0000000000000000000, -1.000000000000000000 ) ) ;
#1283 = CARTESIAN_POINT ( 'NONE',  ( 7.880394087408343573, 53.83631277791959491, -0.4394668896000124003 ) ) ;
#1284 = CARTESIAN_POINT ( 'NONE',  ( 7.842476401695838817, 55.39376757017052455, -0.3152137487553163808 ) ) ;
#1285 = ORIENTED_EDGE ( 'NONE', *, *, #4197, .F. ) ;
#1286 = CARTESIAN_POINT ( 'NONE',  ( 10.61348063888906346, 54.03334535059487109, -0.8513888723903016986 ) ) ;
#1287 = DIRECTION ( 'NONE',  ( -0.0000000000000000000, -1.000000000000000000, -0.0000000000000000000 ) ) ;
#1288 = DIRECTION ( 'NONE',  ( -1.000000000000000000, -0.0000000000000000000, -0.0000000000000000000 ) ) ;
#1289 = CARTESIAN_POINT ( 'NONE',  ( 10.10304959289029547, 54.16229168792561666, -0.7260292448453815606 ) ) ;
#1290 = ORIENTED_EDGE ( 'NONE', *, *, #6601, .T. ) ;
#1291 = CARTESIAN_POINT ( 'NONE',  ( -1.357591251341212057, 53.94644599868037460, -0.02630137221458137345 ) ) ;
#1292 = AXIS2_PLACEMENT_3D ( 'NONE', #548, #8974, #9774 ) ;
#1293 = CARTESIAN_POINT ( 'NONE',  ( 6.002959302592481450, 53.87253265680915604, 0.7023928024058537778 ) ) ;
#1294 = PLANE ( 'NONE',  #6322 ) ;
#1295 = ORIENTED_EDGE ( 'NONE', *, *, #5983, .T. ) ;
#1296 = CARTESIAN_POINT ( 'NONE',  ( 7.677200074383080164, 55.67720553137173312, -0.4170021186570009308 ) ) ;
#1297 = CARTESIAN_POINT ( 'NONE',  ( 10.10304959289029547, 56.69768321019457602, -0.8513888723903116906 ) ) ;
#1298 = ORIENTED_EDGE ( 'NONE', *, *, #8304, .T. ) ;
#1299 = CARTESIAN_POINT ( 'NONE',  ( 8.627411231694821936, 55.24251244864167631, -0.5270531208536468615 ) ) ;
#1300 = ORIENTED_EDGE ( 'NONE', *, *, #7953, .T. ) ;
#1301 = CARTESIAN_POINT ( 'NONE',  ( 1.517975682722976005, 55.76460458447512991, 0.2838114061963430412 ) ) ;
#1302 = EDGE_CURVE ( 'NONE', #688, #100, #4952, .T. ) ;
#1303 = CARTESIAN_POINT ( 'NONE',  ( 7.275000000000003020, 62.00000000000005684, -22.19999999999995666 ) ) ;
#1304 = ORIENTED_EDGE ( 'NONE', *, *, #5404, .T. ) ;
#1305 = PLANE ( 'NONE',  #5241 ) ;
#1306 = ORIENTED_EDGE ( 'NONE', *, *, #9218, .F. ) ;
#1307 = CARTESIAN_POINT ( 'NONE',  ( -7.295006188712704898, 41.48906902151180986, -3.297607197594146111 ) ) ;
#1308 = ORIENTED_EDGE ( 'NONE', *, *, #8281, .T. ) ;
#1309 = ADVANCED_FACE ( 'NONE', ( #5843 ), #9524, .T. ) ;
#1311 = EDGE_CURVE ( 'NONE', #3768, #1614, #8157, .T. ) ;
#1310 = CARTESIAN_POINT ( 'NONE',  ( 8.680592758192309688, 54.54641042207749280, -0.5390089958205916965 ) ) ;
#1312 = LINE ( 'NONE', #3655, #2657 ) ;
#1313 = CYLINDRICAL_SURFACE ( 'NONE', #2061, 1.000000000000000000 ) ;
#1314 = DIRECTION ( 'NONE',  ( 0.0000000000000000000, 0.0000000000000000000, -1.000000000000000000 ) ) ;
#1315 = LINE ( 'NONE', #4504, #4969 ) ;
#1316 = LINE ( 'NONE', #4846, #3331 ) ;
#1317 = ORIENTED_EDGE ( 'NONE', *, *, #1156, .T. ) ;
#1318 = CARTESIAN_POINT ( 'NONE',  ( 7.917179901905550210, 56.69768321019456891, -0.4435922940083655286 ) ) ;
#1319 = CARTESIAN_POINT ( 'NONE',  ( -1.577008260969279929, 54.22546000232702568, -0.02704955251262312899 ) ) ;
#1320 = FACE_OUTER_BOUND ( 'NONE', #7634, .T. ) ;
#1321 = B_SPLINE_CURVE_WITH_KNOTS ( 'NONE', 3,
 ( #5923, #9781, #2065, #2112, #5152, #8230, #1371, #5967, #6269, #1604, #4765, #3212, #5516, #1417 ),
 .UNSPECIFIED., .F., .F.,
 ( 4, 2, 2, 2, 2, 2, 4 ),
 ( 0.0000000000000000000, 0.0004626741623006674757, 0.0009253483246013349513, 0.001156685405751669638, 0.001388022486902004433, 0.001619359568052339228, 0.001850696649202674023 ),
 .UNSPECIFIED. ) ;
#1322 = ORIENTED_EDGE ( 'NONE', *, *, #5419, .T. ) ;
#1323 = ADVANCED_FACE ( 'NONE', ( #522 ), #3580, .T. ) ;
#1324 = ADVANCED_FACE ( 'NONE', ( #2836 ), #1674, .F. ) ;
#1326 = EDGE_CURVE ( 'NONE', #9790, #5015, #5977, .T. ) ;
#1325 = CARTESIAN_POINT ( 'NONE',  ( 8.668742388863851289, 55.97328563240343158, -0.5321418300575274651 ) ) ;
#1327 = DIRECTION ( 'NONE',  ( -0.0000000000000000000, 1.000000000000000000, 8.652902722719878956E-16 ) ) ;
#1328 = DIRECTION ( 'NONE',  ( 0.0000000000000000000, 9.020562075078317729E-14, 1.000000000000000000 ) ) ;
#1329 = VECTOR ( 'NONE', #3925, 1000.000000000000000 ) ;
#1330 = DIRECTION ( 'NONE',  ( -0.0000000000000000000, -3.416052647483371876E-15, -1.000000000000000000 ) ) ;
#1331 = UNCERTAINTY_MEASURE_WITH_UNIT (LENGTH_MEASURE( 1.000000000000000082E-05 ), #7785, 'distance_accuracy_value', 'NONE');
#1332 = CARTESIAN_POINT ( 'NONE',  ( 9.496011353415109824, 54.15090907999818626, -0.3363146221560667781 ) ) ;
#1333 = PLANE ( 'NONE',  #3953 ) ;
#1334 = LINE ( 'NONE', #9651, #8628 ) ;
#1335 = ORIENTED_EDGE ( 'NONE', *, *, #225, .T. ) ;
#1336 = EDGE_CURVE ( 'NONE', #3525, #1777, #5129, .T. ) ;
#1337 = DIRECTION ( 'NONE',  ( 0.0000000000000000000, 0.0000000000000000000, 1.000000000000000000 ) ) ;
#1338 = DIRECTION ( 'NONE',  ( -0.0000000000000000000, 8.652902722719878956E-16, -1.000000000000000000 ) ) ;
#1339 = CARTESIAN_POINT ( 'NONE',  ( 5.025022572574452617, 55.65749356333511599, -0.1783629278520880990 ) ) ;
#1340 = CARTESIAN_POINT ( 'NONE',  ( 9.679072785643850096, 56.02540477192996349, -0.6754602429355869297 ) ) ;
#1341 = CARTESIAN_POINT ( 'NONE',  ( 0.4178539778228486656, 56.37170430018856138, 0.2987734079682932697 ) ) ;
#1342 = VERTEX_POINT ( 'NONE', #8196 ) ;
#1343 = CARTESIAN_POINT ( 'NONE',  ( 7.786541688197756272, 55.39287937626657765, -0.07240429746787246934 ) ) ;
#1344 = ORIENTED_EDGE ( 'NONE', *, *, #4430, .T. ) ;
#1345 = CARTESIAN_POINT ( 'NONE',  ( 8.350304103128960875, 55.59285243202727145, -0.4935599715537124510 ) ) ;
#1346 = VERTEX_POINT ( 'NONE', #1339 ) ;
#1347 = EDGE_CURVE ( 'NONE', #4116, #8356, #7285, .T. ) ;
#1348 = CARTESIAN_POINT ( 'NONE',  ( 7.275000000000002132, 57.00000000000004263, -27.19999999999994245 ) ) ;
#1349 = AXIS2_PLACEMENT_3D ( 'NONE', #7484, #2869, #507 ) ;
#1350 = AXIS2_PLACEMENT_3D ( 'NONE', #3062, #2349, #805 ) ;
#1351 = CARTESIAN_POINT ( 'NONE',  ( 1.159036624799694382, 53.87375243501202959, 0.2942797456913127663 ) ) ;
#1352 = ORIENTED_EDGE ( 'NONE', *, *, #6224, .F. ) ;
#1353 = CARTESIAN_POINT ( 'NONE',  ( 7.275000000000002132, 62.00000000000004263, -27.19999999999996021 ) ) ;
#1354 = LINE ( 'NONE', #535, #7665 ) ;
#1355 = ORIENTED_EDGE ( 'NONE', *, *, #2853, .F. ) ;
#1356 = CARTESIAN_POINT ( 'NONE',  ( 1.371009369563521707, 55.13140220829725990, 0.2948127524685538736 ) ) ;
#1357 = EDGE_CURVE ( 'NONE', #7209, #1346, #1792, .T. ) ;
#1358 = CARTESIAN_POINT ( 'NONE',  ( 13.50000000000000000, 54.09999999999998010, -2.797607197594146555 ) ) ;
#1359 = CARTESIAN_POINT ( 'NONE',  ( 7.899838537161430807, 53.83659389271769413, -0.5390089958205916965 ) ) ;
#1360 = DIRECTION ( 'NONE',  ( 0.0000000000000000000, 1.000000000000000000, 0.0000000000000000000 ) ) ;
#1361 = CARTESIAN_POINT ( 'NONE',  ( 10.93610680735009666, 55.26586612284178557, -0.4181348863512486802 ) ) ;
#1362 = CARTESIAN_POINT ( 'NONE',  ( 8.378852413221686390, 56.55139608975031962, -0.5344844159557691210 ) ) ;
#1363 = VECTOR ( 'NONE', #2439, 1000.000000000000000 ) ;
#1364 = CARTESIAN_POINT ( 'NONE',  ( 7.842476401695838817, 55.39376757017053166, -0.1333891267425460769 ) ) ;
#1365 = CARTESIAN_POINT ( 'NONE',  ( -14.09999999999999964, 2.500000000000042188, -50.69940716680027037 ) ) ;
#1366 = ORIENTED_EDGE ( 'NONE', *, *, #3419, .F. ) ;
#1367 = CARTESIAN_POINT ( 'NONE',  ( 10.89389101786357728, 55.88536769419284411, -0.8422377747426271766 ) ) ;
#1368 = CARTESIAN_POINT ( 'NONE',  ( -1.283172538743396318, 54.38293561659781972, 0.2905820563629015751 ) ) ;
#1369 = AXIS2_PLACEMENT_3D ( 'NONE', #5127, #8194, #1337 ) ;
#1370 = CIRCLE ( 'NONE', #4228, 0.5000000000000004441 ) ;
#1371 = CARTESIAN_POINT ( 'NONE',  ( 10.74437555358595375, 54.20767735417140187, -0.8191317840548957285 ) ) ;
#1372 = ORIENTED_EDGE ( 'NONE', *, *, #4741, .T. ) ;
#1373 = CARTESIAN_POINT ( 'NONE',  ( -13.50000000000000000, 54.09999999999998721, -1.297607197594146777 ) ) ;
#1374 = CARTESIAN_POINT ( 'NONE',  ( 14.09999999999999964, 57.33261707884981462, -50.55365023211249564 ) ) ;
#1375 = FILL_AREA_STYLE_COLOUR ( '', #6673 ) ;
#1376 = AXIS2_PLACEMENT_3D ( 'NONE', #5774, #5010, #3654 ) ;
#1377 = CARTESIAN_POINT ( 'NONE',  ( 0.0000000000000000000, 0.0000000000000000000, -70.87421554853963812 ) ) ;
#1378 = EDGE_CURVE ( 'NONE', #4648, #5637, #9793, .T. ) ;
#1379 = EDGE_CURVE ( 'NONE', #8621, #923, #6035, .T. ) ;
#1380 = CARTESIAN_POINT ( 'NONE',  ( 9.425715356168662851, 54.28265457756207013, -0.3268886328576696698 ) ) ;
#1381 = CARTESIAN_POINT ( 'NONE',  ( 10.10304959289029547, 54.16229168792561666, -0.4184356817180832078 ) ) ;
#1382 = ORIENTED_EDGE ( 'NONE', *, *, #8755, .T. ) ;
#1383 = MECHANICAL_DESIGN_GEOMETRIC_PRESENTATION_REPRESENTATION (  '', ( #5055 ), #7003 ) ;
#1384 = CARTESIAN_POINT ( 'NONE',  ( -0.8450419251047733837, 54.40648084112157790, -0.02630137221458180713 ) ) ;
#1385 = CARTESIAN_POINT ( 'NONE',  ( -1.500981315003012906, 54.24645830908854549, -0.01587527324666865997 ) ) ;
#1386 = CARTESIAN_POINT ( 'NONE',  ( 8.703185714578223653, 54.74344350462386188, -0.2341170168160729981 ) ) ;
#1387 = CARTESIAN_POINT ( 'NONE',  ( 9.616094291341211076, 55.70270534107807947, -0.6754602429355875959 ) ) ;
#1388 = ADVANCED_FACE ( 'NONE', ( #621 ), #6700, .F. ) ;
#1389 = AXIS2_PLACEMENT_3D ( 'NONE', #2584, #7203, #3383 ) ;
#1390 = EDGE_CURVE ( 'NONE', #4811, #2396, #9096, .T. ) ;
#1391 = ORIENTED_EDGE ( 'NONE', *, *, #8110, .F. ) ;
#1392 = CARTESIAN_POINT ( 'NONE',  ( 7.451806366507895518, 55.23318472299109771, -0.4373989088692314953 ) ) ;
#1393 = CARTESIAN_POINT ( 'NONE',  ( 1.540670223399103866, 55.93027452622209239, -0.01674759431770089443 ) ) ;
#1394 = FACE_OUTER_BOUND ( 'NONE', #3543, .T. ) ;
#1395 = DIRECTION ( 'NONE',  ( 0.0000000000000000000, 1.000000000000000000, -3.362642065588203259E-15 ) ) ;
#1396 = AXIS2_PLACEMENT_3D ( 'NONE', #7300, #4277, #413 ) ;
#1397 = CARTESIAN_POINT ( 'NONE',  ( 7.275000000000002132, 52.00000000000003553, -30.69999999999992468 ) ) ;
#1398 = ORIENTED_EDGE ( 'NONE', *, *, #8168, .F. ) ;
#1399 = CARTESIAN_POINT ( 'NONE',  ( 8.500000000000000000, 14.00000000001000444, -22.27134323318955822 ) ) ;
#1400 = ADVANCED_FACE ( 'NONE', ( #8990 ), #2987, .F. ) ;
#1401 = ORIENTED_EDGE ( 'NONE', *, *, #5156, .T. ) ;
#1402 = DIRECTION ( 'NONE',  ( 0.0000000000000000000, -1.000000000000000000, 0.0000000000000000000 ) ) ;
#1403 = VERTEX_POINT ( 'NONE', #8250 ) ;
#1404 = DIRECTION ( 'NONE',  ( -0.0000000000000000000, -0.9387150918570411617, -0.3446940329042943452 ) ) ;
#1405 = ORIENTED_EDGE ( 'NONE', *, *, #5845, .F. ) ;
#1406 = DIRECTION ( 'NONE',  ( -0.0000000000000000000, -1.000000000000000000, -0.0000000000000000000 ) ) ;
#1407 = FACE_OUTER_BOUND ( 'NONE', #2224, .T. ) ;
#1408 = CARTESIAN_POINT ( 'NONE',  ( 10.93329675978131554, 55.46210666541737311, -0.8513888723903116906 ) ) ;
#1409 = CARTESIAN_POINT ( 'NONE',  ( 8.477790450773786901, 56.45561991316390760, -0.1393682611193153564 ) ) ;
#1410 = AXIS2_PLACEMENT_3D ( 'NONE', #3511, #2761, #2666 ) ;
#1411 = LINE ( 'NONE', #8589, #6902 ) ;
#1412 = B_SPLINE_SURFACE_WITH_KNOTS ( 'NONE', 3, 1, ( 
 ( #909, #3957 ),
 ( #5804, #4959 ),
 ( #8685, #5626 ),
 ( #8024, #2755 ),
 ( #2608, #1165 ),
 ( #3504, #6427 ),
 ( #8825, #9622 ),
 ( #9577, #1863 ),
 ( #9534, #1816 ),
 ( #8779, #4863 ),
 ( #4913, #5668 ) ),
 .UNSPECIFIED., .F., .F., .F.,
 ( 4, 1, 1, 1, 1, 1, 1, 1, 4 ),
 ( 2, 2 ),
 ( 0.0000000000000000000, 0.1394925069171925880, 0.2718869944723100729, 0.3986953881447348191, 0.5233307333508502301, 0.6449729975735868370, 0.7638814790650199082, 0.8817621200247354185, 0.9999999999999998890 ),
 ( 0.0000000000000000000, 1.000000000000000000 ),
 .UNSPECIFIED. ) ;
#1413 = FACE_OUTER_BOUND ( 'NONE', #348, .T. ) ;
#1414 = ORIENTED_EDGE ( 'NONE', *, *, #7898, .F. ) ;
#1415 = CARTESIAN_POINT ( 'NONE',  ( -13.50000000000000000, 54.09999999999998721, -6.348128122775007043 ) ) ;
#1416 = VECTOR ( 'NONE', #4505, 1000.000000000000000 ) ;
#1417 = CARTESIAN_POINT ( 'NONE',  ( 10.10304959289029547, 53.83631277791960201, -0.7237856243798258538 ) ) ;
#1418 = CARTESIAN_POINT ( 'NONE',  ( 1.418303973277137198, 56.64912758945833815, 0.2943615570823886474 ) ) ;
#1419 = ORIENTED_EDGE ( 'NONE', *, *, #6723, .F. ) ;
#1420 = DIRECTION ( 'NONE',  ( 0.0000000000000000000, 4.163336342344333240E-14, 1.000000000000000000 ) ) ;
#1421 = EDGE_LOOP ( 'NONE', ( #1955, #5412, #51, #972 ) ) ;
#1422 = CARTESIAN_POINT ( 'NONE',  ( 10.56839167471898477, 53.99205956585143440, -0.8513888723903014766 ) ) ;
#1423 = AXIS2_PLACEMENT_3D ( 'NONE', #1062, #4050, #904 ) ;
#1424 = DIRECTION ( 'NONE',  ( 0.0000000000000000000, 1.000000000000000000, 0.0000000000000000000 ) ) ;
#1425 = DIRECTION ( 'NONE',  ( 0.0000000000000000000, -1.000000000000000000, 0.0000000000000000000 ) ) ;
#1426 = B_SPLINE_CURVE_WITH_KNOTS ( 'NONE', 3,
 ( #1817, #3213, #7927, #4007, #292, #9434, #6272, #9327 ),
 .UNSPECIFIED., .F., .F.,
 ( 4, 2, 2, 4 ),
 ( 0.0000000000000000000, 0.0006192019001194806836, 0.0009288028501792213506, 0.001238403800238962018 ),
 .UNSPECIFIED. ) ;
#1427 = VERTEX_POINT ( 'NONE', #5981 ) ;
#1428 = VECTOR ( 'NONE', #1513, 999.9999999999998863 ) ;
#1429 = CARTESIAN_POINT ( 'NONE',  ( 0.05565518892728234246, 56.69768321019457602, 0.7023928024058537778 ) ) ;
#1430 = DIRECTION ( 'NONE',  ( 0.0000000000000000000, -3.284683504808153090E-15, -1.000000000000000000 ) ) ;
#1431 = CARTESIAN_POINT ( 'NONE',  ( 8.565952276405615962, 54.23177334896308821, -0.2173078950826022315 ) ) ;
#1432 = DIRECTION ( 'NONE',  ( 0.0000000000000000000, 0.0000000000000000000, 1.000000000000000000 ) ) ;
#1433 = EDGE_CURVE ( 'NONE', #4901, #5611, #3092, .T. ) ;
#1434 = DIRECTION ( 'NONE',  ( -1.000000000000000000, -0.0000000000000000000, -0.0000000000000000000 ) ) ;
#1435 = ORIENTED_EDGE ( 'NONE', *, *, #1886, .T. ) ;
#1436 = VERTEX_POINT ( 'NONE', #2195 ) ;
#1437 = CARTESIAN_POINT ( 'NONE',  ( 7.381331968524197151, 55.14664575570228067, -0.4373989088692319394 ) ) ;
#1438 = CARTESIAN_POINT ( 'NONE',  ( 7.275000000000002132, 62.00000000000002842, -32.19999999999996732 ) ) ;
#1439 = VERTEX_POINT ( 'NONE', #3117 ) ;
#1440 = AXIS2_PLACEMENT_3D ( 'NONE', #780, #5443, #6141 ) ;
#1441 = CARTESIAN_POINT ( 'NONE',  ( -8.673617379884035472E-16, 9.999999999990905053, -25.20200572722874810 ) ) ;
#1442 = ADVANCED_FACE ( 'NONE', ( #1407 ), #4454, .T. ) ;
#1443 = EDGE_CURVE ( 'NONE', #1026, #1852, #4538, .T. ) ;
#1444 = CARTESIAN_POINT ( 'NONE',  ( -1.088710469886958965, 56.47808545099027810, -0.01648901386714415190 ) ) ;
#1445 = VECTOR ( 'NONE', #5257, 1000.000000000000000 ) ;
#1446 = ORIENTED_EDGE ( 'NONE', *, *, #6721, .T. ) ;
#1447 = CYLINDRICAL_SURFACE ( 'NONE', #2591, 6.200000000000003730 ) ;
#1448 = VERTEX_POINT ( 'NONE', #5254 ) ;
#1449 = LINE ( 'NONE', #797, #2345 ) ;
#1450 = CARTESIAN_POINT ( 'NONE',  ( -0.9650221891888598469, 56.35398179266049823, 0.2988225618489421809 ) ) ;
#1451 = ORIENTED_EDGE ( 'NONE', *, *, #8330, .T. ) ;
#1452 = CARTESIAN_POINT ( 'NONE',  ( -14.09999999999999964, 53.00000000000000000, 0.0000000000000000000 ) ) ;
#1453 = VERTEX_POINT ( 'NONE', #6061 ) ;
#1454 = PRODUCT_DEFINITION_FORMATION_WITH_SPECIFIED_SOURCE ( 'ANY', '', #8640, .NOT_KNOWN. ) ;
#1455 = ORIENTED_EDGE ( 'NONE', *, *, #7908, .F. ) ;
#1456 = EDGE_CURVE ( 'NONE', #8370, #9180, #8327, .T. ) ;
#1457 = CARTESIAN_POINT ( 'NONE',  ( -1.175602821858881208, 54.52866637411216999, 0.2902935973544107928 ) ) ;
#1458 = CARTESIAN_POINT ( 'NONE',  ( 14.09999999999999964, 51.98648271382908348, -2.797128122774994452 ) ) ;
#1459 = CARTESIAN_POINT ( 'NONE',  ( 8.235916485466745485, 55.23278360908003037, -0.4992202662322270945 ) ) ;
#1460 = CARTESIAN_POINT ( 'NONE',  ( 1.893643655918596291, 54.22223700760024201, -0.02528575019974213522 ) ) ;
#1461 = DIRECTION ( 'NONE',  ( 0.0000000000000000000, -2.775557561562888984E-15, -1.000000000000000000 ) ) ;
#1462 = CARTESIAN_POINT ( 'NONE',  ( 10.24008612041403232, 54.18561913745336511, -0.4404859723028253793 ) ) ;
#1463 = VECTOR ( 'NONE', #4127, 1000.000000000000000 ) ;
#1464 = CARTESIAN_POINT ( 'NONE',  ( 1.216929844676096995, 56.35554457502222903, 0.2896334339772040356 ) ) ;
#1465 = CARTESIAN_POINT ( 'NONE',  ( 7.871434128226367122, 56.37080202552068187, -0.4433067690960482143 ) ) ;
#1466 = ORIENTED_EDGE ( 'NONE', *, *, #5883, .T. ) ;
#1467 = CARTESIAN_POINT ( 'NONE',  ( 9.637240738606593027, 53.98894956605491302, -0.3376507747238654544 ) ) ;
#1468 = CARTESIAN_POINT ( 'NONE',  ( -1.888559997591199968, 54.19851156681517068, -0.02704955251262356267 ) ) ;
#1469 = CARTESIAN_POINT ( 'NONE',  ( 1.418303973277137198, 56.64912758945833815, -0.02745724643013827682 ) ) ;
#1470 = VERTEX_POINT ( 'NONE', #4606 ) ;
#1471 = DIRECTION ( 'NONE',  ( 0.0000000000000000000, 0.9848077530132441915, -0.1736481776610538375 ) ) ;
#1472 = CARTESIAN_POINT ( 'NONE',  ( 10.39353739321262893, 56.24863750660794892, -0.4179459123721622760 ) ) ;
#1473 = ORIENTED_EDGE ( 'NONE', *, *, #3088, .F. ) ;
#1474 = CARTESIAN_POINT ( 'NONE',  ( -4.724999999999997868, 62.00000000000004263, -27.19999999999996021 ) ) ;
#1475 = LINE ( 'NONE', #3869, #6270 ) ;
#1476 = CARTESIAN_POINT ( 'NONE',  ( 7.292386991060698875, 55.34736085034327857, -0.07456829714020818400 ) ) ;
#1477 = CARTESIAN_POINT ( 'NONE',  ( 9.358229648204627438, 54.46973269775195092, -0.6205390658785795432 ) ) ;
#1478 = CARTESIAN_POINT ( 'NONE',  ( 14.09999999999999964, 57.00000000000013500, -1.916705977385280630E-13 ) ) ;
#1479 = EDGE_CURVE ( 'NONE', #4690, #4315, #4501, .T. ) ;
#1480 = ORIENTED_EDGE ( 'NONE', *, *, #225, .F. ) ;
#1481 = CARTESIAN_POINT ( 'NONE',  ( 0.9645477748120938610, 55.50242720683921505, -0.006563709276877694419 ) ) ;
#1482 = CARTESIAN_POINT ( 'NONE',  ( 10.10304959289029547, 56.69768321019457602, -0.7237856243798188594 ) ) ;
#1483 = DIRECTION ( 'NONE',  ( 0.0000000000000000000, 0.0000000000000000000, -1.000000000000000000 ) ) ;
#1484 = CARTESIAN_POINT ( 'NONE',  ( -1.250503300289100839, 53.98719341920148196, 0.2890628088432985465 ) ) ;
#1485 = CARTESIAN_POINT ( 'NONE',  ( -2.600000000000000089, 4.999999999999998224, -50.69881433360053080 ) ) ;
#1486 = CARTESIAN_POINT ( 'NONE',  ( 7.536119116783496885, 55.30399787834487313, -0.07240429746787269139 ) ) ;
#1487 = CARTESIAN_POINT ( 'NONE',  ( 1.725752311287561458, 56.46387897688750712, -0.02096466824695754003 ) ) ;
#1488 = EDGE_CURVE ( 'NONE', #5951, #3379, #696, .T. ) ;
#1489 = CIRCLE ( 'NONE', #2772, 8.450000000000002842 ) ;
#1490 = ORIENTED_EDGE ( 'NONE', *, *, #3301, .T. ) ;
#1491 = CARTESIAN_POINT ( 'NONE',  ( 5.106287786451520816, 55.69092150388359386, 0.1244914657889747839 ) ) ;
#1492 = DIRECTION ( 'NONE',  ( 0.0000000000000000000, -1.000000000000000000, 0.0000000000000000000 ) ) ;
#1493 = B_SPLINE_SURFACE_WITH_KNOTS ( 'NONE', 3, 1, ( 
 ( #2064, #1468 ),
 ( #3662, #8979 ),
 ( #5114, #5265 ),
 ( #7522, #8183 ),
 ( #5922, #1319 ),
 ( #8228, #4359 ),
 ( #7433, #551 ),
 ( #6685, #8883 ),
 ( #9731, #2864 ),
 ( #1368, #6736 ),
 ( #9780, #2914 ) ),
 .UNSPECIFIED., .F., .F., .F.,
 ( 4, 1, 1, 1, 1, 1, 1, 1, 4 ),
 ( 2, 2 ),
 ( 0.0000000000000000000, 0.1769796386774585839, 0.3334832869984598047, 0.4721241453766268359, 0.5923538202607522285, 0.7021947125736870410, 0.8059522388530391268, 0.9046840172358033838, 1.000000000000000000 ),
 ( 0.0000000000000000000, 1.000000000000000000 ),
 .UNSPECIFIED. ) ;
#1494 = DIRECTION ( 'NONE',  ( -0.0000000000000000000, 0.0000000000000000000, 1.000000000000000000 ) ) ;
#1495 = ORIENTED_EDGE ( 'NONE', *, *, #6239, .T. ) ;
#1496 = ORIENTED_EDGE ( 'NONE', *, *, #1573, .T. ) ;
#1497 = CARTESIAN_POINT ( 'NONE',  ( 1.297564457940892924, 55.15229324481963147, 0.2948127524685534295 ) ) ;
#1498 = CARTESIAN_POINT ( 'NONE',  ( -1.377398685999374095, 56.26785755323917471, -0.01337577475810973471 ) ) ;
#1499 = ADVANCED_FACE ( 'NONE', ( #43 ), #5362, .T. ) ;
#1500 = ORIENTED_EDGE ( 'NONE', *, *, #6165, .F. ) ;
#1501 = CARTESIAN_POINT ( 'NONE',  ( 11.59999999999999964, 2.016616040823038247E-14, -48.69521209059480782 ) ) ;
#1502 = EDGE_LOOP ( 'NONE', ( #3649, #2795, #3240, #7955 ) ) ;
#1503 = ORIENTED_EDGE ( 'NONE', *, *, #1956, .F. ) ;
#1504 = CARTESIAN_POINT ( 'NONE',  ( 8.342763478857840198, 55.93706575351387755, -0.3345293576241974431 ) ) ;
#1505 = CARTESIAN_POINT ( 'NONE',  ( 1.049438115959492102, 54.19851156681517068, -0.01333718144718441106 ) ) ;
#1506 = CARTESIAN_POINT ( 'NONE',  ( 7.842476401695838817, 55.39376757017052455, -0.1312072312784054451 ) ) ;
#1507 = VECTOR ( 'NONE', #9691, 1000.000000000000000 ) ;
#1508 = CARTESIAN_POINT ( 'NONE',  ( 13.50000000000000000, 13.99999999999999822, 0.0000000000000000000 ) ) ;
#1509 = AXIS2_PLACEMENT_3D ( 'NONE', #1117, #4156, #964 ) ;
#1510 = CARTESIAN_POINT ( 'NONE',  ( 7.896806220030174295, 56.37170430018855427, -0.2744952158163157518 ) ) ;
#1511 = ORIENTED_EDGE ( 'NONE', *, *, #6737, .T. ) ;
#1512 = DIRECTION ( 'NONE',  ( -0.0000000000000000000, -1.000000000000000000, 1.613696256724364402E-15 ) ) ;
#1513 = DIRECTION ( 'NONE',  ( 0.0000000000000000000, -0.9925461516414275653, -0.1218693434042891904 ) ) ;
#1514 = ORIENTED_EDGE ( 'NONE', *, *, #6472, .T. ) ;
#1515 = EDGE_CURVE ( 'NONE', #235, #1132, #5679, .T. ) ;
#1516 = CARTESIAN_POINT ( 'NONE',  ( -1.743753297034539296, 56.69476699500724948, -0.02145445865733524790 ) ) ;
#1517 = EDGE_LOOP ( 'NONE', ( #9866, #124, #3772, #2993 ) ) ;
#1518 = VECTOR ( 'NONE', #6063, 1000.000000000000000 ) ;
#1519 = FACE_OUTER_BOUND ( 'NONE', #6838, .T. ) ;
#1520 = CIRCLE ( 'NONE', #7141, 0.4999999999982032706 ) ;
#1521 = CARTESIAN_POINT ( 'NONE',  ( 9.819699933610172238, 56.26325044596041636, -0.7254125390959408337 ) ) ;
#1522 = ORIENTED_EDGE ( 'NONE', *, *, #5107, .F. ) ;
#1523 = CARTESIAN_POINT ( 'NONE',  ( 1.150746032343794578, 55.50981378836967650, 0.2952945052459352571 ) ) ;
#1524 = CARTESIAN_POINT ( 'NONE',  ( 9.321910959725927981, 55.90547160737230570, -0.7262907717472796287 ) ) ;
#1525 = CARTESIAN_POINT ( 'NONE',  ( 14.09999999999999964, 55.41031726735194951, -4.178165316334196078 ) ) ;
#1526 = CARTESIAN_POINT ( 'NONE',  ( 7.275000000000003020, 57.00000000000006395, -20.99999999999993960 ) ) ;
#1527 = ADVANCED_FACE ( 'NONE', ( #7724 ), #8433, .T. ) ;
#1528 = CIRCLE ( 'NONE', #4088, 2.534890514885638879 ) ;
#1529 = CARTESIAN_POINT ( 'NONE',  ( -11.60000000000000142, 2.500000000000000000, 2.163225680679969936E-15 ) ) ;
#1530 = FACE_OUTER_BOUND ( 'NONE', #815, .T. ) ;
#1531 = VERTEX_POINT ( 'NONE', #5415 ) ;
#1532 = FACE_OUTER_BOUND ( 'NONE', #448, .T. ) ;
#1533 = DIRECTION ( 'NONE',  ( 1.000000000000000000, 0.0000000000000000000, 0.0000000000000000000 ) ) ;
#1534 = DIRECTION ( 'NONE',  ( 0.0000000000000000000, 1.000000000000000000, 0.0000000000000000000 ) ) ;
#1535 = CARTESIAN_POINT ( 'NONE',  ( 1.573835608130539798, 54.39930676098689588, 0.2903803895346370179 ) ) ;
#1536 = VECTOR ( 'NONE', #1686, 1000.000000000000000 ) ;
#1537 = CARTESIAN_POINT ( 'NONE',  ( -2.429028502896303010, 56.37170430018856138, -0.04163653186839422204 ) ) ;
#1538 = LINE ( 'NONE', #4586, #2076 ) ;
#1539 = ORIENTED_EDGE ( 'NONE', *, *, #5865, .T. ) ;
#1540 = LINE ( 'NONE', #4587, #6457 ) ;
#1541 = CARTESIAN_POINT ( 'NONE',  ( 7.292386991060698875, 54.81028795868408565, -0.07240429746787224730 ) ) ;
#1542 = AXIS2_PLACEMENT_3D ( 'NONE', #4657, #6060, #8432 ) ;
#1543 = ORIENTED_EDGE ( 'NONE', *, *, #2399, .T. ) ;
#1544 = CARTESIAN_POINT ( 'NONE',  ( 1.153837772429999076, 56.36191468249482028, 0.2958764490941485636 ) ) ;
#1545 = CARTESIAN_POINT ( 'NONE',  ( -1.351333146939277752, 54.32368339083959086, 0.2871738082687460558 ) ) ;
#1546 = CARTESIAN_POINT ( 'NONE',  ( -1.440904931940586442, 56.65693584644382241, -0.01648901386714415190 ) ) ;
#1547 = ADVANCED_FACE ( 'NONE', ( #8484 ), #6828, .T. ) ;
#1548 = VECTOR ( 'NONE', #7439, 1000.000000000000000 ) ;
#1549 = ADVANCED_FACE ( 'NONE', ( #1608 ), #6986, .T. ) ;
#1550 = EDGE_LOOP ( 'NONE', ( #4306, #827, #3405, #9674, #602, #4362, #5024, #3162 ) ) ;
#1551 = ORIENTED_EDGE ( 'NONE', *, *, #275, .T. ) ;
#1552 = LINE ( 'NONE', #2947, #3946 ) ;
#1553 = CARTESIAN_POINT ( 'NONE',  ( -1.061728074815540435, 56.45489683451302199, 0.2988225618489429025 ) ) ;
#1554 = AXIS2_PLACEMENT_3D ( 'NONE', #9862, #9115, #4545 ) ;
#1555 = EDGE_LOOP ( 'NONE', ( #1317, #3349, #6692, #3758 ) ) ;
#1556 = ORIENTED_EDGE ( 'NONE', *, *, #517, .F. ) ;
#1557 = CARTESIAN_POINT ( 'NONE',  ( -1.440904931940586442, 56.65693584644382241, -0.01464863906743774785 ) ) ;
#1558 = DIRECTION ( 'NONE',  ( 0.0000000000000000000, 0.0000000000000000000, 1.000000000000000000 ) ) ;
#1559 = CARTESIAN_POINT ( 'NONE',  ( 7.902346164011298413, 55.39283725575946704, -0.4992202662322275386 ) ) ;
#1560 = CARTESIAN_POINT ( 'NONE',  ( 14.09999999999999964, 2.031901446435379551E-14, -50.70000000000003126 ) ) ;
#1561 = ADVANCED_FACE ( 'NONE', ( #2244 ), #7746, .T. ) ;
#1562 = AXIS2_PLACEMENT_3D ( 'NONE', #963, #4700, #9480 ) ;
#1563 = CARTESIAN_POINT ( 'NONE',  ( 10.13104442593542132, 54.16340493332708661, -0.4247180512805485142 ) ) ;
#1564 = DIRECTION ( 'NONE',  ( 0.0000000000000000000, 0.0000000000000000000, 1.000000000000000000 ) ) ;
#1565 = ORIENTED_EDGE ( 'NONE', *, *, #2365, .F. ) ;
#1566 = CARTESIAN_POINT ( 'NONE',  ( -14.10000000000001386, 35.54169873159291626, -35.54169873159302284 ) ) ;
#1567 = ORIENTED_EDGE ( 'NONE', *, *, #3989, .T. ) ;
#1568 = CARTESIAN_POINT ( 'NONE',  ( 9.747642031286519071, 56.17815432237249951, -0.7254125390959409447 ) ) ;
#1569 = CARTESIAN_POINT ( 'NONE',  ( 10.57787865116507575, 55.82997183024676957, -0.7938071829253343648 ) ) ;
#1570 = EDGE_CURVE ( 'NONE', #7720, #5339, #4710, .T. ) ;
#1571 = CARTESIAN_POINT ( 'NONE',  ( 9.414106544279455591, 56.22050776665437866, -0.7262907717472800728 ) ) ;
#1572 = ADVANCED_FACE ( 'NONE', ( #4109, #4706 ), #2610, .F. ) ;
#1573 = EDGE_CURVE ( 'NONE', #146, #2624, #2455, .T. ) ;
#1574 = CYLINDRICAL_SURFACE ( 'NONE', #12, 71.17421554853964949 ) ;
#1575 = AXIS2_PLACEMENT_3D ( 'NONE', #8713, #1693, #3393 ) ;
#1576 = CARTESIAN_POINT ( 'NONE',  ( 7.350711039618364140, 55.10096760301441776, -0.08059578678704770738 ) ) ;
#1577 = CARTESIAN_POINT ( 'NONE',  ( -4.724999999999997868, 62.00000000000004263, -27.19999999999996021 ) ) ;
#1578 = CARTESIAN_POINT ( 'NONE',  ( 10.60215962331741579, 54.96047819081320540, -0.8009555158831995758 ) ) ;
#1579 = ORIENTED_EDGE ( 'NONE', *, *, #4345, .T. ) ;
#1580 = DIRECTION ( 'NONE',  ( 0.0000000000000000000, -0.9999999999999973355, -7.146067566283616273E-08 ) ) ;
#1581 = CARTESIAN_POINT ( 'NONE',  ( 0.1500000000000002998, 2.249999999999998668, -50.69946645012024788 ) ) ;
#1582 = CARTESIAN_POINT ( 'NONE',  ( -11.60000000000000142, 75.00000000000000000, 0.0000000000000000000 ) ) ;
#1583 = AXIS2_PLACEMENT_3D ( 'NONE', #7873, #6315, #7769 ) ;
#1584 = CARTESIAN_POINT ( 'NONE',  ( 1.509849825538377877, 54.31912397917277247, 0.2903803895346376840 ) ) ;
#1585 = EDGE_CURVE ( 'NONE', #2094, #6925, #4009, .T. ) ;
#1586 = DIRECTION ( 'NONE',  ( 0.0000000000000000000, -1.000000000000000000, 3.362642065588203259E-15 ) ) ;
#1587 = CARTESIAN_POINT ( 'NONE',  ( 0.4178539778228485546, 56.37170430018856138, 0.7023928024058537778 ) ) ;
#1588 = CARTESIAN_POINT ( 'NONE',  ( 9.951183708332360212, 54.19080179810965348, -0.7260292448453815606 ) ) ;
#1589 = VECTOR ( 'NONE', #99, 1000.000000000000000 ) ;
#1590 = LINE ( 'NONE', #1438, #7031 ) ;
#1591 = ORIENTED_EDGE ( 'NONE', *, *, #6983, .F. ) ;
#1592 = CARTESIAN_POINT ( 'NONE',  ( 1.508247738488568856, 56.12580393323675310, 0.2958764490941485636 ) ) ;
#1593 = LINE ( 'NONE', #180, #707 ) ;
#1594 = CARTESIAN_POINT ( 'NONE',  ( 8.500000000000000000, 14.00000000001000444, -25.20200572722880139 ) ) ;
#1595 = CARTESIAN_POINT ( 'NONE',  ( -2.429028502896303010, 56.37170430018856138, 0.7023928024058537778 ) ) ;
#1596 = FACE_OUTER_BOUND ( 'NONE', #8789, .T. ) ;
#1597 = VECTOR ( 'NONE', #4682, 1000.000000000000000 ) ;
#1598 = VERTEX_POINT ( 'NONE', #9435 ) ;
#1599 = VERTEX_POINT ( 'NONE', #7137 ) ;
#1600 = DIRECTION ( 'NONE',  ( -0.0000000000000000000, -1.000000000000000000, -0.0000000000000000000 ) ) ;
#1601 = ORIENTED_EDGE ( 'NONE', *, *, #3699, .F. ) ;
#1602 = CARTESIAN_POINT ( 'NONE',  ( 2.149999999999998579, 64.99999999999998579, -20.69999994376783903 ) ) ;
#1603 = ORIENTED_EDGE ( 'NONE', *, *, #3599, .F. ) ;
#1604 = CARTESIAN_POINT ( 'NONE',  ( 10.48098238966371731, 53.92482538655450952, -0.7792277644487293209 ) ) ;
#1605 = ORIENTED_EDGE ( 'NONE', *, *, #8281, .F. ) ;
#1606 = CARTESIAN_POINT ( 'NONE',  ( -1.268294571607542887, 54.39828683631538553, 0.2886988650059424955 ) ) ;
#1607 = AXIS2_PLACEMENT_3D ( 'NONE', #6460, #7863, #1049 ) ;
#1608 = FACE_OUTER_BOUND ( 'NONE', #3741, .T. ) ;
#1609 = CARTESIAN_POINT ( 'NONE',  ( 7.862692177044316111, 55.39345343785381459, -0.4992202662322275386 ) ) ;
#1610 = LINE ( 'NONE', #6111, #5164 ) ;
#1611 = FILL_AREA_STYLE ('',( #8487 ) ) ;
#1612 = CARTESIAN_POINT ( 'NONE',  ( -14.09999999999999964, 2.500000000000043965, -50.69940716680027037 ) ) ;
#1613 = DIRECTION ( 'NONE',  ( 1.000000000000000000, 0.0000000000000000000, 0.0000000000000000000 ) ) ;
#1614 = VERTEX_POINT ( 'NONE', #3368 ) ;
#1615 = EDGE_CURVE ( 'NONE', #3984, #2116, #7779, .T. ) ;
#1616 = FACE_OUTER_BOUND ( 'NONE', #2464, .T. ) ;
#1617 = VERTEX_POINT ( 'NONE', #7834 ) ;
#1618 = CYLINDRICAL_SURFACE ( 'NONE', #901, 0.5000000000000073275 ) ;
#1619 = CARTESIAN_POINT ( 'NONE',  ( 9.601964674682998080, 56.51399485356353836, -0.3506367958083770886 ) ) ;
#1620 = DIRECTION ( 'NONE',  ( -1.000000000000000000, -0.0000000000000000000, -0.0000000000000000000 ) ) ;
#1621 = LINE ( 'NONE', #5538, #1463 ) ;
#1622 = CARTESIAN_POINT ( 'NONE',  ( 7.543408214391350342, 56.23067615386826645, -0.1008683541030340608 ) ) ;
#1623 = CARTESIAN_POINT ( 'NONE',  ( 7.958445433688475568, 56.37005360997454773, -0.4482159244470311776 ) ) ;
#1624 = CARTESIAN_POINT ( 'NONE',  ( 1.626124464319437468, 55.42075132715061869, 0.2814374409439114322 ) ) ;
#1625 = EDGE_CURVE ( 'NONE', #3508, #1182, #1520, .T. ) ;
#1626 = ORIENTED_EDGE ( 'NONE', *, *, #5498, .T. ) ;
#1627 = DIRECTION ( 'NONE',  ( 0.0000000000000000000, 0.3446940329042944007, -0.9387150918570412728 ) ) ;
#1628 = CARTESIAN_POINT ( 'NONE',  ( 1.180526833450557200, 55.50602792475089586, -0.009757309361202219644 ) ) ;
#1629 = LINE ( 'NONE', #9562, #3452 ) ;
#1630 = VERTEX_POINT ( 'NONE', #2452 ) ;
#1631 = LINE ( 'NONE', #7700, #9706 ) ;
#1632 = CARTESIAN_POINT ( 'NONE',  ( 1.277510165842169032, 54.21209402139874811, 0.2885340240152073910 ) ) ;
#1633 = CARTESIAN_POINT ( 'NONE',  ( -1.417640010749726009, 53.92472539630252015, 0.2859294897774362076 ) ) ;
#1634 = EDGE_CURVE ( 'NONE', #8993, #2406, #4046, .T. ) ;
#1635 = EDGE_CURVE ( 'NONE', #7140, #1124, #8943, .T. ) ;
#1636 = VERTEX_POINT ( 'NONE', #8826 ) ;
#1637 = ORIENTED_EDGE ( 'NONE', *, *, #2426, .T. ) ;
#1638 = CARTESIAN_POINT ( 'NONE',  ( 13.50000000000000000, 54.09999999999998010, -2.797607197594146555 ) ) ;
#1639 = CARTESIAN_POINT ( 'NONE',  ( -3.349999999999999201, 68.99999999999998579, -20.69999994376783903 ) ) ;
#1640 = CARTESIAN_POINT ( 'NONE',  ( -1.440904931940586442, 56.65693584644382241, -0.01464863906743774785 ) ) ;
#1641 = CARTESIAN_POINT ( 'NONE',  ( 12.32598292897829317, 6.345667780478665421, -1.079858528902124304 ) ) ;
#1642 = CARTESIAN_POINT ( 'NONE',  ( 5.597184112336179851, 56.41356911880791358, 0.1245479781011755993 ) ) ;
#1643 = CARTESIAN_POINT ( 'NONE',  ( 1.503005094931170182, 55.72398830579765416, -0.01593528274205352480 ) ) ;
#1644 = CARTESIAN_POINT ( 'NONE',  ( -0.7452138838777911944, 55.94693083998806316, 0.2988225618489429025 ) ) ;
#1645 = ADVANCED_FACE ( 'NONE', ( #5763 ), #3981, .T. ) ;
#1646 = DIRECTION ( 'NONE',  ( 0.0000000000000000000, -1.000000000000000000, 0.0000000000000000000 ) ) ;
#1647 = ORIENTED_EDGE ( 'NONE', *, *, #811, .T. ) ;
#1648 = CARTESIAN_POINT ( 'NONE',  ( -8.500000000000000000, 14.00000000001000444, -22.27134323318955822 ) ) ;
#1649 = EDGE_LOOP ( 'NONE', ( #6179, #8163, #587, #4400 ) ) ;
#1650 = CARTESIAN_POINT ( 'NONE',  ( -1.759652328649807806, 56.36885429310367357, -0.02725522043429409041 ) ) ;
#1651 = AXIS2_PLACEMENT_3D ( 'NONE', #3385, #4930, #2587 ) ;
#1652 = CARTESIAN_POINT ( 'NONE',  ( -1.178391366679280683, 56.05657814184362309, 0.2902695658993130201 ) ) ;
#1653 = CARTESIAN_POINT ( 'NONE',  ( 8.344515514365868469, 55.04155305884374627, -0.1312072312784058614 ) ) ;
#1654 = CARTESIAN_POINT ( 'NONE',  ( 1.283620927285852309, 53.87949577086047270, -0.01152628037818765640 ) ) ;
#1655 = ORIENTED_EDGE ( 'NONE', *, *, #668, .T. ) ;
#1656 = CARTESIAN_POINT ( 'NONE',  ( -14.09999999999999964, 18.73128497718732532, -46.69525823665962605 ) ) ;
#1657 = B_SPLINE_CURVE_WITH_KNOTS ( 'NONE', 3,
 ( #67, #6198, #9256, #8006, #365, #9563, #269, #4136, #1977, #4184 ),
 .UNSPECIFIED., .F., .F.,
 ( 4, 2, 2, 2, 4 ),
 ( 7.153269818152686536E-18, 0.0002297043046839748086, 0.0004594086093679424616, 0.0006891129140519100874, 0.0009188172187358777674 ),
 .UNSPECIFIED. ) ;
#1658 = EDGE_CURVE ( 'NONE', #3412, #6307, #2798, .T. ) ;
#1659 = CARTESIAN_POINT ( 'NONE',  ( 8.236665578671425791, 56.20583454852743444, -0.1782003620110802766 ) ) ;
#1660 = B_SPLINE_SURFACE_WITH_KNOTS ( 'NONE', 3, 1, ( 
 ( #3773, #5982 ),
 ( #8026, #9044 ),
 ( #1166, #5890 ),
 ( #2079, #1340 ),
 ( #6751, #4381 ),
 ( #2882, #5936 ),
 ( #3717, #1387 ),
 ( #9846, #4428 ),
 ( #7493, #622 ),
 ( #4479, #2988 ),
 ( #7539, #2324 ) ),
 .UNSPECIFIED., .F., .F., .F.,
 ( 4, 1, 1, 1, 1, 1, 1, 1, 4 ),
 ( 2, 2 ),
 ( 0.0000000000000000000, 0.08275166737460257216, 0.1754744506217167099, 0.2805496885746895930, 0.3974917203792606157, 0.5278899066866572509, 0.6716135330552861493, 0.8289211351462187904, 1.000000000000000000 ),
 ( 0.0000000000000000000, 1.000000000000000000 ),
 .UNSPECIFIED. ) ;
#1661 = EDGE_LOOP ( 'NONE', ( #3813, #2670, #8212, #4287 ) ) ;
#1662 = CARTESIAN_POINT ( 'NONE',  ( 5.398573745340969232, 56.22721086303970850, -0.2058759563642071355 ) ) ;
#1663 = CARTESIAN_POINT ( 'NONE',  ( -4.724999999999997868, 62.00000000000001421, -34.44999999999996021 ) ) ;
#1664 = ORIENTED_EDGE ( 'NONE', *, *, #1241, .T. ) ;
#1665 = DIRECTION ( 'NONE',  ( 1.000000000000000000, 0.0000000000000000000, 0.0000000000000000000 ) ) ;
#1666 = ORIENTED_EDGE ( 'NONE', *, *, #5624, .F. ) ;
#1667 = CARTESIAN_POINT ( 'NONE',  ( 10.10304959289029547, 53.83631277791960201, -0.7237856243798258538 ) ) ;
#1668 = VERTEX_POINT ( 'NONE', #3126 ) ;
#1669 = CARTESIAN_POINT ( 'NONE',  ( 14.09999999999999964, 23.38128306798728673, -44.19521439518901929 ) ) ;
#1670 = CARTESIAN_POINT ( 'NONE',  ( 9.747642031286519071, 56.17815432237249951, -0.3685364120818595546 ) ) ;
#1671 = CARTESIAN_POINT ( 'NONE',  ( 9.548686185316123343, 56.45401916258785491, -0.3434176521673735771 ) ) ;
#1672 = CARTESIAN_POINT ( 'NONE',  ( 9.340073196318819271, 55.99234024257465592, -0.3037559157698060952 ) ) ;
#1673 = VECTOR ( 'NONE', #7906, 1000.000000000000000 ) ;
#1674 = CONICAL_SURFACE ( 'NONE', #9673, 3.421800737649697499, 0.1221730476387383191 ) ;
#1675 = EDGE_CURVE ( 'NONE', #3755, #2178, #7579, .T. ) ;
#1676 = LINE ( 'NONE', #7206, #2890 ) ;
#1677 = CARTESIAN_POINT ( 'NONE',  ( 12.15000000000000036, 2.249999999999999556, -50.69946645012024788 ) ) ;
#1678 = CARTESIAN_POINT ( 'NONE',  ( 10.60681143816405836, 55.49278774567246586, -0.4947826591112736150 ) ) ;
#1679 = ADVANCED_FACE ( 'NONE', ( #6019 ), #6839, .T. ) ;
#1680 = CARTESIAN_POINT ( 'NONE',  ( 9.496011826849338533, 54.15090833559784755, -0.6390325640258844864 ) ) ;
#1681 = CARTESIAN_POINT ( 'NONE',  ( 10.60974352761725115, 55.21265925772742378, -0.8009555158832000199 ) ) ;
#1682 = AXIS2_PLACEMENT_3D ( 'NONE', #5899, #3642, #5001 ) ;
#1683 = VECTOR ( 'NONE', #7246, 1000.000000000000114 ) ;
#1684 = EDGE_LOOP ( 'NONE', ( #709, #1473, #802, #1666 ) ) ;
#1685 = PLANE ( 'NONE',  #4881 ) ;
#1686 = DIRECTION ( 'NONE',  ( -1.000000000000000000, -0.0000000000000000000, -0.0000000000000000000 ) ) ;
#1687 = PLANE ( 'NONE',  #3747 ) ;
#1688 = VERTEX_POINT ( 'NONE', #3024 ) ;
#1689 = CARTESIAN_POINT ( 'NONE',  ( 1.383089246759910074, 54.24212819885396897, 0.2903803895346374619 ) ) ;
#1690 = AXIS2_PLACEMENT_3D ( 'NONE', #7023, #1702, #7759 ) ;
#1691 = EDGE_CURVE ( 'NONE', #4571, #8056, #2160, .T. ) ;
#1692 = EDGE_CURVE ( 'NONE', #2396, #8253, #5316, .T. ) ;
#1693 = DIRECTION ( 'NONE',  ( -0.0000000000000000000, 1.000000000000000000, -0.0000000000000000000 ) ) ;
#1694 = CARTESIAN_POINT ( 'NONE',  ( 1.722660103250869712, 55.50455225089478262, -0.02092217345660228947 ) ) ;
#1695 = DIRECTION ( 'NONE',  ( -0.0000000000000000000, -1.000000000000000000, -0.0000000000000000000 ) ) ;
#1696 = CARTESIAN_POINT ( 'NONE',  ( 9.631025926242294588, 54.70678737165855665, -0.3476052596559750518 ) ) ;
#1697 = ORIENTED_EDGE ( 'NONE', *, *, #4260, .F. ) ;
#1698 = AXIS2_PLACEMENT_3D ( 'NONE', #2537, #3484, #9353 ) ;
#1699 = VERTEX_POINT ( 'NONE', #6894 ) ;
#1700 = B_SPLINE_CURVE_WITH_KNOTS ( 'NONE', 3,
 ( #7167, #270, #9309, #4036, #2433, #7810, #174, #3246, #9358, #3296 ),
 .UNSPECIFIED., .F., .F.,
 ( 4, 2, 2, 2, 4 ),
 ( 0.0000000000000000000, 0.0002239859106217708914, 0.0004479718212435417827, 0.0006719577318653126470, 0.0008959436424870835655 ),
 .UNSPECIFIED. ) ;
#1701 = CIRCLE ( 'NONE', #1202, 3.421800737649697499 ) ;
#1702 = DIRECTION ( 'NONE',  ( 0.0000000000000000000, -1.000000000000000000, 0.0000000000000000000 ) ) ;
#1703 = DIRECTION ( 'NONE',  ( -0.0000000000000000000, -1.000000000000000000, -0.0000000000000000000 ) ) ;
#1704 = CARTESIAN_POINT ( 'NONE',  ( 8.578981662689081134, 55.32738688862752241, -0.1407445101694965450 ) ) ;
#1705 = EDGE_CURVE ( 'NONE', #6058, #5140, #3341, .T. ) ;
#1706 = CARTESIAN_POINT ( 'NONE',  ( 14.09999999999999964, 7.749999999999998224, -50.69816221708081372 ) ) ;
#1707 = ADVANCED_FACE ( 'NONE', ( #8492 ), #5374, .T. ) ;
#1708 = ADVANCED_FACE ( 'NONE', ( #1616 ), #8539, .T. ) ;
#1709 = CARTESIAN_POINT ( 'NONE',  ( 5.502692560084743612, 56.31862557104727074, 0.1245479781011749471 ) ) ;
#1710 = DIRECTION ( 'NONE',  ( 0.0000000000000000000, 3.469446951953617344E-15, 1.000000000000000000 ) ) ;
#1711 = CARTESIAN_POINT ( 'NONE',  ( -4.724999999999997868, 57.00000000000003553, -27.19999999999994245 ) ) ;
#1712 = VERTEX_POINT ( 'NONE', #1667 ) ;
#1713 = ORIENTED_EDGE ( 'NONE', *, *, #3371, .T. ) ;
#1714 = CARTESIAN_POINT ( 'NONE',  ( 8.575727861244384798, 55.34478377960765272, -0.2184955535543588179 ) ) ;
#1715 = AXIS2_PLACEMENT_3D ( 'NONE', #1474, #106, #7059 ) ;
#1716 = CARTESIAN_POINT ( 'NONE',  ( -1.873090184391579260, 56.37139218929190321, 0.2868131980923047664 ) ) ;
#1717 = CARTESIAN_POINT ( 'NONE',  ( 9.276715440172615956, 55.57624595660449529, -0.6097344061604017540 ) ) ;
#1718 = CARTESIAN_POINT ( 'NONE',  ( 8.342763478857840198, 55.93706575351388466, -0.4927355473582651357 ) ) ;
#1719 = EDGE_CURVE ( 'NONE', #5271, #3106, #8740, .T. ) ;
#1720 = ORIENTED_EDGE ( 'NONE', *, *, #2048, .F. ) ;
#1721 = CARTESIAN_POINT ( 'NONE',  ( -2.429028502896332320, 0.0000000000000000000, 0.2585390690210409570 ) ) ;
#1722 = ORIENTED_EDGE ( 'NONE', *, *, #6602, .F. ) ;
#1723 = DIRECTION ( 'NONE',  ( 0.0000000000000000000, 0.0000000000000000000, -1.000000000000000000 ) ) ;
#1724 = CIRCLE ( 'NONE', #2990, 0.5000000000000902611 ) ;
#1725 = ORIENTED_EDGE ( 'NONE', *, *, #8076, .T. ) ;
#1726 = CARTESIAN_POINT ( 'NONE',  ( 11.59999999999999964, 72.50000000000000000, 0.0000000000000000000 ) ) ;
#1727 = ORIENTED_EDGE ( 'NONE', *, *, #3218, .F. ) ;
#1728 = DIRECTION ( 'NONE',  ( -1.000000000000000000, -0.0000000000000000000, -0.0000000000000000000 ) ) ;
#1729 = ORIENTED_EDGE ( 'NONE', *, *, #440, .T. ) ;
#1730 = PLANE ( 'NONE',  #7315 ) ;
#1731 = CARTESIAN_POINT ( 'NONE',  ( 1.547240293805136613, 55.37463378019743487, 0.2857021154571451893 ) ) ;
#1732 = CARTESIAN_POINT ( 'NONE',  ( 14.09999999999999964, 17.78128306799198555, -40.19521439518901218 ) ) ;
#1733 = LINE ( 'NONE', #1879, #5214 ) ;
#1734 = AXIS2_PLACEMENT_3D ( 'NONE', #5621, #7130, #9323 ) ;
#1735 = CARTESIAN_POINT ( 'NONE',  ( -1.051371210713046400, 54.88034968550849158, 0.2945660869772371848 ) ) ;
#1736 = CARTESIAN_POINT ( 'NONE',  ( 14.09999999999999964, 59.19999999999999574, -5.458128122775004698 ) ) ;
#1737 = CARTESIAN_POINT ( 'NONE',  ( 0.0000000000000000000, 0.0000000000000000000, -70.87421554853963812 ) ) ;
#1738 = CARTESIAN_POINT ( 'NONE',  ( 7.270841661210673657, 56.40244688474329138, -0.06796898991423519498 ) ) ;
#1739 = CARTESIAN_POINT ( 'NONE',  ( -14.09999999999999964, 13.28128306799197489, 0.0000000000000000000 ) ) ;
#1740 = CARTESIAN_POINT ( 'NONE',  ( 13.50000000000000000, 8.734092485736939082, -2.797607197594147443 ) ) ;
#1741 = LINE ( 'NONE', #1097, #6320 ) ;
#1742 = ORIENTED_EDGE ( 'NONE', *, *, #3044, .T. ) ;
#1743 = CARTESIAN_POINT ( 'NONE',  ( 1.277510165842169032, 54.21209402139875522, 0.2903803895346374619 ) ) ;
#1744 = AXIS2_PLACEMENT_3D ( 'NONE', #4746, #3300, #6305 ) ;
#1745 = LINE ( 'NONE', #6407, #2217 ) ;
#1746 = CARTESIAN_POINT ( 'NONE',  ( -1.448067397069555673, 56.30622521654679247, -0.01695970555067722110 ) ) ;
#1747 = FACE_OUTER_BOUND ( 'NONE', #6742, .T. ) ;
#1748 = CARTESIAN_POINT ( 'NONE',  ( -14.09999999999999964, 56.46999999999999886, -4.118128122774996847 ) ) ;
#1749 = CARTESIAN_POINT ( 'NONE',  ( 9.860269301865315583, 54.24454879096446547, -0.7260292448453817826 ) ) ;
#1750 = CARTESIAN_POINT ( 'NONE',  ( 7.354937464908608113, 54.49719214534025014, -0.3826561800137958103 ) ) ;
#1751 = ORIENTED_EDGE ( 'NONE', *, *, #2604, .F. ) ;
#1752 = EDGE_CURVE ( 'NONE', #3788, #3106, #6283, .T. ) ;
#1753 = ORIENTED_EDGE ( 'NONE', *, *, #2119, .T. ) ;
#1754 = EDGE_CURVE ( 'NONE', #8646, #9822, #5682, .T. ) ;
#1755 = CARTESIAN_POINT ( 'NONE',  ( 1.539915204689994654, 55.95352766531019029, -0.01861215123666131593 ) ) ;
#1756 = LINE ( 'NONE', #6968, #3137 ) ;
#1757 = LINE ( 'NONE', #4045, #4231 ) ;
#1758 = B_SPLINE_SURFACE_WITH_KNOTS ( 'NONE', 3, 1, ( 
 ( #5894, #1297 ),
 ( #6521, #9709 ),
 ( #4199, #7368 ),
 ( #480, #8953 ),
 ( #7325, #6610 ),
 ( #7273, #5133 ),
 ( #3589, #8201 ),
 ( #7455, #5087 ),
 ( #8862, #4386 ),
 ( #9574, #8072 ),
 ( #1991, #1205 ),
 ( #9660, #8902 ),
 ( #5038, #576 ),
 ( #6707, #5848 ),
 ( #434, #1254 ),
 ( #2038, #9752 ),
 ( #8162, #2887 ),
 ( #2150, #5062 ),
 ( #3611, #4455 ),
 ( #5958, #1408 ),
 ( #499, #2859 ),
 ( #5914, #3694 ),
 ( #1361, #3656 ) ),
 .UNSPECIFIED., .F., .F., .F.,
 ( 4, 1, 1, 1, 1, 1, 1, 1, 1, 1, 1, 1, 1, 1, 1, 1, 1, 1, 1, 1, 4 ),
 ( 2, 2 ),
 ( 0.0000000000000000000, 0.05376599013270781657, 0.1055228450265332935, 0.1558753829157610293, 0.2060769931980876990, 0.2556239121636709188, 0.3046389060521775827, 0.3541486833941248080, 0.4049739400763320840, 0.4586851595048446750, 0.5161291199117498119, 0.5773193729949540609, 0.6427862079281626562, 0.6778211703156262757, 0.7156642674784625680, 0.7560277312404846128, 0.7993329592379158077, 0.8452494427661259024, 0.8938347037350342639, 0.9454064069309735530, 1.000000000000000000 ),
 ( 0.0000000000000000000, 1.000000000000000000 ),
 .UNSPECIFIED. ) ;
#1759 = AXIS2_PLACEMENT_3D ( 'NONE', #8972, #7474, #454 ) ;
#1760 = CARTESIAN_POINT ( 'NONE',  ( 10.10304959289029370, 56.69768321019457602, -0.4207035858732088296 ) ) ;
#1761 = LINE ( 'NONE', #6264, #2832 ) ;
#1762 = CARTESIAN_POINT ( 'NONE',  ( 1.613101810435239925, 54.47219119398482690, -0.01835790917468579225 ) ) ;
#1763 = VERTEX_POINT ( 'NONE', #7938 ) ;
#1764 = CARTESIAN_POINT ( 'NONE',  ( -2.429028502896303010, 54.19851156681517068, 0.7023928024058537778 ) ) ;
#1765 = CARTESIAN_POINT ( 'NONE',  ( 1.649329860067773934, 54.68747993182417844, 0.1346702307271956667 ) ) ;
#1766 = EDGE_LOOP ( 'NONE', ( #2284, #4530, #2040, #8966 ) ) ;
#1767 = ADVANCED_FACE ( 'NONE', ( #4066 ), #1780, .F. ) ;
#1768 = ADVANCED_FACE ( 'NONE', ( #4775 ), #7988, .F. ) ;
#1769 = CARTESIAN_POINT ( 'NONE',  ( 14.09999999999999964, 66.64840392373909594, -48.55355339059327946 ) ) ;
#1770 = AXIS2_PLACEMENT_3D ( 'NONE', #3934, #3774, #3090 ) ;
#1771 = CARTESIAN_POINT ( 'NONE',  ( -1.463542356246559262, 56.31341293260068426, 0.2849511323698196152 ) ) ;
#1772 = CARTESIAN_POINT ( 'NONE',  ( 8.330608234358560793, 55.98878816717708418, -0.4912947090882633372 ) ) ;
#1773 = ORIENTED_EDGE ( 'NONE', *, *, #8790, .T. ) ;
#1774 = CARTESIAN_POINT ( 'NONE',  ( 9.710566390802434000, 56.10946115837685255, -0.6683787453493574837 ) ) ;
#1775 = ORIENTED_EDGE ( 'NONE', *, *, #2117, .T. ) ;
#1776 = DIRECTION ( 'NONE',  ( -1.000000000000000000, 0.0000000000000000000, 0.0000000000000000000 ) ) ;
#1777 = VERTEX_POINT ( 'NONE', #1027 ) ;
#1778 = EDGE_CURVE ( 'NONE', #9114, #4917, #4825, .T. ) ;
#1779 = AXIS2_PLACEMENT_3D ( 'NONE', #1086, #207, #5642 ) ;
#1780 = PLANE ( 'NONE',  #4383 ) ;
#1781 = ORIENTED_EDGE ( 'NONE', *, *, #5563, .F. ) ;
#1782 = DIRECTION ( 'NONE',  ( 0.0000000000000000000, 0.0000000000000000000, -1.000000000000000000 ) ) ;
#1783 = CARTESIAN_POINT ( 'NONE',  ( 1.881188602514640040, 55.78601738291116163, -0.02740559966098470024 ) ) ;
#1784 = PLANE ( 'NONE',  #5561 ) ;
#1785 = LINE ( 'NONE', #3974, #8976 ) ;
#1786 = STYLED_ITEM ( 'NONE', ( #3167 ), #715 ) ;
#1787 = DIRECTION ( 'NONE',  ( -0.0000000000000000000, 5.782411586589357639E-16, 1.000000000000000000 ) ) ;
#1788 = DIRECTION ( 'NONE',  ( 0.0000000000000000000, -1.000000000000000000, 3.362642065588203259E-15 ) ) ;
#1789 = ORIENTED_EDGE ( 'NONE', *, *, #4196, .F. ) ;
#1790 = FACE_OUTER_BOUND ( 'NONE', #6810, .T. ) ;
#1791 = CARTESIAN_POINT ( 'NONE',  ( 7.020426319301128260, 55.82028070671191955, -0.3737647796839237424 ) ) ;
#1792 = B_SPLINE_CURVE_WITH_KNOTS ( 'NONE', 3,
 ( #8115, #1248, #4290, #476, #7448, #6606, #4477, #7538, #2880, #4427 ),
 .UNSPECIFIED., .F., .F.,
 ( 4, 2, 2, 2, 4 ),
 ( 3.482234758413217182E-18, 0.0001944903088938830635, 0.0003889806177877626575, 0.0005834709266816422244, 0.0007779612355755218455 ),
 .UNSPECIFIED. ) ;
#1793 = CARTESIAN_POINT ( 'NONE',  ( 10.84495010319541386, 54.46183513892063388, -0.4181348863512487912 ) ) ;
#1794 = FACE_OUTER_BOUND ( 'NONE', #3480, .T. ) ;
#1795 = CARTESIAN_POINT ( 'NONE',  ( -1.114934793232358112, 55.92818082335836749, 0.2945886685900927504 ) ) ;
#1796 = DIRECTION ( 'NONE',  ( 0.0000000000000000000, 0.0000000000000000000, 1.000000000000000000 ) ) ;
#1797 = CARTESIAN_POINT ( 'NONE',  ( 1.216929782371872548, 56.35554458270783584, -0.01041045145987506623 ) ) ;
#1798 = ADVANCED_FACE ( 'NONE', ( #8699, #9448 ), #3225, .F. ) ;
#1799 = CARTESIAN_POINT ( 'NONE',  ( 7.275000000000002132, 62.00000000000004263, -27.19999999999996021 ) ) ;
#1800 = CARTESIAN_POINT ( 'NONE',  ( 9.650881841310233966, 54.60210554981019726, -0.7260292448453817826 ) ) ;
#1801 = CARTESIAN_POINT ( 'NONE',  ( 7.659844726583854957, 54.19443966451153472, -0.4151315663153897773 ) ) ;
#1802 = ORIENTED_EDGE ( 'NONE', *, *, #9741, .T. ) ;
#1803 = VERTEX_POINT ( 'NONE', #4923 ) ;
#1804 = DIRECTION ( 'NONE',  ( 1.000000000000000000, 0.0000000000000000000, 0.0000000000000000000 ) ) ;
#1805 = CARTESIAN_POINT ( 'NONE',  ( 6.980455188948107015, 54.86171741986174055, -0.4418531884689681499 ) ) ;
#1806 = LINE ( 'NONE', #1639, #4376 ) ;
#1807 = EDGE_CURVE ( 'NONE', #5050, #5779, #6972, .T. ) ;
#1808 = CARTESIAN_POINT ( 'NONE',  ( 5.743875370271397607, 56.60192092962174115, -0.2393030870521564435 ) ) ;
#1809 = CARTESIAN_POINT ( 'NONE',  ( 1.363130854164448902, 55.56845145672536290, -0.01310189811195304130 ) ) ;
#1810 = CYLINDRICAL_SURFACE ( 'NONE', #2381, 70.87421554853963812 ) ;
#1811 = ORIENTED_EDGE ( 'NONE', *, *, #9649, .T. ) ;
#1812 = CARTESIAN_POINT ( 'NONE',  ( 14.09999999999999964, 13.28128306799197489, -40.19521439518901218 ) ) ;
#1813 = DIRECTION ( 'NONE',  ( 0.0000000000000000000, 1.000000000000000000, 0.0000000000000000000 ) ) ;
#1814 = ORIENTED_EDGE ( 'NONE', *, *, #8803, .T. ) ;
#1815 = B_SPLINE_CURVE_WITH_KNOTS ( 'NONE', 3,
 ( #8852, #1332, #6745, #1380, #4470, #4327, #9698, #5029, #8893, #2027 ),
 .UNSPECIFIED., .F., .F.,
 ( 4, 2, 2, 2, 4 ),
 ( 0.0000000000000000000, 0.0001490613929897308739, 0.0002981227859794617478, 0.0005962455719589413849, 0.001192491143917881252 ),
 .UNSPECIFIED. ) ;
#1816 = CARTESIAN_POINT ( 'NONE',  ( 7.838382829955666153, 55.71646113266587719, -0.4472155396743591749 ) ) ;
#1817 = CARTESIAN_POINT ( 'NONE',  ( 6.966408081054688672, 55.19512417188561670, -0.3432040141154769630 ) ) ;
#1818 = CARTESIAN_POINT ( 'NONE',  ( 14.09999999999999964, 20.18107628681179833, -50.19521439519009931 ) ) ;
#1819 = CARTESIAN_POINT ( 'NONE',  ( 11.59999999999999964, 75.00000000000000000, -48.70000000000000995 ) ) ;
#1820 = CARTESIAN_POINT ( 'NONE',  ( 13.50000000000000000, 56.85600527474578314, -1.297607197594144335 ) ) ;
#1821 = AXIS2_PLACEMENT_3D ( 'NONE', #6952, #7800, #111 ) ;
#1822 = ORIENTED_EDGE ( 'NONE', *, *, #517, .T. ) ;
#1823 = EDGE_CURVE ( 'NONE', #7142, #7396, #8234, .T. ) ;
#1824 = EDGE_CURVE ( 'NONE', #8831, #4302, #3378, .T. ) ;
#1825 = ORIENTED_EDGE ( 'NONE', *, *, #6582, .F. ) ;
#1826 = FACE_OUTER_BOUND ( 'NONE', #5514, .T. ) ;
#1827 = VERTEX_POINT ( 'NONE', #7102 ) ;
#1828 = CARTESIAN_POINT ( 'NONE',  ( 1.812687374425904885, 56.32413749401463576, 0.2769166684256548217 ) ) ;
#1829 = ORIENTED_EDGE ( 'NONE', *, *, #2071, .T. ) ;
#1830 = ORIENTED_EDGE ( 'NONE', *, *, #2103, .T. ) ;
#1831 = DIRECTION ( 'NONE',  ( -1.000000000000000000, -0.0000000000000000000, 0.0000000000000000000 ) ) ;
#1832 = CARTESIAN_POINT ( 'NONE',  ( 9.595971288436501823, 55.26699799405708546, -0.3498488801215022259 ) ) ;
#1833 = CARTESIAN_POINT ( 'NONE',  ( 9.596512803341255449, 54.02321443778698296, -0.3499089334698159415 ) ) ;
#1834 = CARTESIAN_POINT ( 'NONE',  ( 10.08020298925789859, 56.69731097061897884, -0.7262907717472796287 ) ) ;
#1835 = EDGE_CURVE ( 'NONE', #3290, #2116, #6803, .T. ) ;
#1836 = EDGE_CURVE ( 'NONE', #1918, #2898, #3276, .T. ) ;
#1837 = DIRECTION ( 'NONE',  ( -1.000000000000000000, 0.0000000000000000000, -0.0000000000000000000 ) ) ;
#1838 = ORIENTED_EDGE ( 'NONE', *, *, #7985, .F. ) ;
#1839 = CARTESIAN_POINT ( 'NONE',  ( -2.791227291791869458, 53.87253265680915604, -0.05498454575047356796 ) ) ;
#1840 = CARTESIAN_POINT ( 'NONE',  ( 1.893643832419412920, 54.22223731856535522, 0.2748208624374661735 ) ) ;
#1841 = DIRECTION ( 'NONE',  ( 0.0000000000000000000, 1.000000000000000000, 0.0000000000000000000 ) ) ;
#1842 = DIRECTION ( 'NONE',  ( -1.000000000000000000, 0.0000000000000000000, 0.0000000000000000000 ) ) ;
#1843 = AXIS2_PLACEMENT_3D ( 'NONE', #2192, #5952, #8428 ) ;
#1844 = CARTESIAN_POINT ( 'NONE',  ( 1.239768488991856543, 54.20633692047204732, -0.01084162085018247450 ) ) ;
#1845 = ORIENTED_EDGE ( 'NONE', *, *, #5244, .T. ) ;
#1846 = CARTESIAN_POINT ( 'NONE',  ( 10.79268773986233043, 54.31534368221859665, -0.8513888723903016986 ) ) ;
#1847 = EDGE_CURVE ( 'NONE', #5951, #1453, #6386, .T. ) ;
#1848 = AXIS2_PLACEMENT_3D ( 'NONE', #2216, #7535, #661 ) ;
#1849 = CARTESIAN_POINT ( 'NONE',  ( 1.900164801646774038, 55.90186956590225265, -0.02547659952607413819 ) ) ;
#1850 = AXIS2_PLACEMENT_3D ( 'NONE', #4380, #5797, #8857 ) ;
#1851 = CARTESIAN_POINT ( 'NONE',  ( 9.710565923975362779, 56.10946014895158385, -0.3655348092028780083 ) ) ;
#1852 = VERTEX_POINT ( 'NONE', #5583 ) ;
#1853 = ORIENTED_EDGE ( 'NONE', *, *, #9564, .F. ) ;
#1854 = DIRECTION ( 'NONE',  ( -0.0000000000000000000, 1.000000000000000000, -0.0000000000000000000 ) ) ;
#1855 = DIRECTION ( 'NONE',  ( 0.0000000000000000000, -1.000000000000000000, 3.362642065588203259E-15 ) ) ;
#1856 = CARTESIAN_POINT ( 'NONE',  ( 8.578981662689081134, 55.32738688862752241, -0.5389759807138333469 ) ) ;
#1857 = VECTOR ( 'NONE', #5044, 1000.000000000000000 ) ;
#1858 = CARTESIAN_POINT ( 'NONE',  ( 5.792997192154583530, 56.69768321019457602, 0.1245479781011751691 ) ) ;
#1859 = DIRECTION ( 'NONE',  ( -1.000000000000000000, -0.0000000000000000000, -0.0000000000000000000 ) ) ;
#1860 = CONICAL_SURFACE ( 'NONE', #6502, 3.421800737654745461, 0.1221730476387383191 ) ;
#1861 = CARTESIAN_POINT ( 'NONE',  ( -8.500000000000000000, 14.00000000001000444, -36.63266822127310718 ) ) ;
#1862 = VERTEX_POINT ( 'NONE', #8647 ) ;
#1863 = CARTESIAN_POINT ( 'NONE',  ( 7.748305722740456147, 55.69895433002066198, -0.4472155396743596190 ) ) ;
#1864 = EDGE_CURVE ( 'NONE', #1182, #4811, #2053, .T. ) ;
#1865 = CARTESIAN_POINT ( 'NONE',  ( -1.697510401138519809, 56.36444059768648884, 0.2868131980923049884 ) ) ;
#1866 = DIRECTION ( 'NONE',  ( 0.0000000000000000000, 1.000000000000000000, 0.0000000000000000000 ) ) ;
#1867 = LINE ( 'NONE', #4162, #2142 ) ;
#1868 = VECTOR ( 'NONE', #9830, 1000.000000000000000 ) ;
#1869 = ORIENTED_EDGE ( 'NONE', *, *, #6856, .T. ) ;
#1870 = ORIENTED_EDGE ( 'NONE', *, *, #1997, .F. ) ;
#1871 = CARTESIAN_POINT ( 'NONE',  ( 0.4178539778228487211, 0.0000000000000000000, 0.2987734079683002086 ) ) ;
#1872 = EDGE_LOOP ( 'NONE', ( #7112, #2867, #4734 ) ) ;
#1873 = CARTESIAN_POINT ( 'NONE',  ( 1.252758447473162784, 56.69060166592444006, 0.2890498870911357154 ) ) ;
#1874 = ORIENTED_EDGE ( 'NONE', *, *, #6542, .F. ) ;
#1875 = ORIENTED_EDGE ( 'NONE', *, *, #5273, .T. ) ;
#1876 = CARTESIAN_POINT ( 'NONE',  ( 8.010059346119238199, 54.17705975810908114, -0.4540610016476507305 ) ) ;
#1877 = CARTESIAN_POINT ( 'NONE',  ( 1.899021430714913139, 55.87502401892588466, 0.2857021154571456334 ) ) ;
#1878 = LINE ( 'NONE', #1135, #7520 ) ;
#1879 = CARTESIAN_POINT ( 'NONE',  ( 14.09999999999999964, 23.38128306798728673, -44.19521439518901929 ) ) ;
#1880 = CIRCLE ( 'NONE', #9244, 0.5000000000000073275 ) ;
#1881 = CARTESIAN_POINT ( 'NONE',  ( -13.50000000000000000, 12.90000000000007319, -3.813237607889367720 ) ) ;
#1882 = ORIENTED_EDGE ( 'NONE', *, *, #8168, .T. ) ;
#1883 = DIRECTION ( 'NONE',  ( -0.0000000000000000000, -1.000000000000000000, -0.0000000000000000000 ) ) ;
#1884 = CARTESIAN_POINT ( 'NONE',  ( 2.648437500000004441, 57.00000000000005684, -23.07266194338356868 ) ) ;
#1885 = AXIS2_PLACEMENT_3D ( 'NONE', #8401, #166, #5487 ) ;
#1886 = EDGE_CURVE ( 'NONE', #4801, #2950, #495, .T. ) ;
#1888 = ADVANCED_FACE ( 'NONE', ( #2672 ), #8471, .T. ) ;
#1887 = CARTESIAN_POINT ( 'NONE',  ( 7.896806220030174295, 56.37170430018855427, -0.4413050510729616405 ) ) ;
#1889 = CARTESIAN_POINT ( 'NONE',  ( 7.036101741248196539, 55.89604395178649554, -0.03977020646210322613 ) ) ;
#1890 = ORIENTED_EDGE ( 'NONE', *, *, #9657, .F. ) ;
#1891 = CARTESIAN_POINT ( 'NONE',  ( 10.82070936088863533, 54.38594866835987318, -0.4181348863512487912 ) ) ;
#1892 = CARTESIAN_POINT ( 'NONE',  ( 6.649999999999999467, 7.749999999999999112, -48.69521209059481492 ) ) ;
#1893 = CARTESIAN_POINT ( 'NONE',  ( -1.146004605515909436, 55.99140107519205856, 0.2945886685900927504 ) ) ;
#1894 = CARTESIAN_POINT ( 'NONE',  ( 1.894548820687316226, 55.83899141655979292, -0.02532399789896700240 ) ) ;
#1895 = DIRECTION ( 'NONE',  ( 0.0000000000000000000, 2.081668171179648808E-14, 1.000000000000000000 ) ) ;
#1896 = CARTESIAN_POINT ( 'NONE',  ( 5.676980392586472135, 56.07402217056502280, -0.2277271485982973465 ) ) ;
#1897 = ORIENTED_EDGE ( 'NONE', *, *, #5082, .T. ) ;
#1898 = VERTEX_POINT ( 'NONE', #2720 ) ;
#1899 = ADVANCED_FACE ( 'NONE', ( #5863 ), #449, .F. ) ;
#1900 = DIRECTION ( 'NONE',  ( -1.000000000000000000, -0.0000000000000000000, -0.0000000000000000000 ) ) ;
#1901 = CYLINDRICAL_SURFACE ( 'NONE', #234, 6.200000000000003730 ) ;
#1902 = DIRECTION ( 'NONE',  ( 0.0000000000000000000, 0.0000000000000000000, -1.000000000000000000 ) ) ;
#1903 = CARTESIAN_POINT ( 'NONE',  ( 14.09999999999999964, 59.19999999999999574, -5.458128122775004698 ) ) ;
#1904 = VECTOR ( 'NONE', #672, 1000.000000000000000 ) ;
#1905 = CARTESIAN_POINT ( 'NONE',  ( 7.845779868826580739, 56.36988971649394387, -0.1337368016492087308 ) ) ;
#1906 = DIRECTION ( 'NONE',  ( -1.000000000000000000, -0.0000000000000000000, -0.0000000000000000000 ) ) ;
#1907 = CARTESIAN_POINT ( 'NONE',  ( -1.017836128941788321, 55.40357406902649728, 0.2927217923169751490 ) ) ;
#1908 = CARTESIAN_POINT ( 'NONE',  ( 11.82502309378064176, 59.55454199068427101, -0.9931992931896617138 ) ) ;
#1909 = VECTOR ( 'NONE', #6831, 1000.000000000000114 ) ;
#1910 = EDGE_LOOP ( 'NONE', ( #401, #302, #741, #1322 ) ) ;
#1911 = CARTESIAN_POINT ( 'NONE',  ( 5.025022572574452617, 55.99139557184822280, -0.2393030870521564435 ) ) ;
#1912 = VERTEX_POINT ( 'NONE', #6488 ) ;
#1913 = CARTESIAN_POINT ( 'NONE',  ( 7.428023346010422578, 56.06759051368752012, -0.4114301739047733220 ) ) ;
#1914 = ORIENTED_EDGE ( 'NONE', *, *, #7783, .F. ) ;
#1915 = DIRECTION ( 'NONE',  ( 0.0000000000000000000, 0.0000000000000000000, -1.000000000000000000 ) ) ;
#1916 = VECTOR ( 'NONE', #5510, 1000.000000000000000 ) ;
#1917 = ORIENTED_EDGE ( 'NONE', *, *, #7829, .T. ) ;
#1918 = VERTEX_POINT ( 'NONE', #9547 ) ;
#1919 = CARTESIAN_POINT ( 'NONE',  ( 5.181072829858625717, 56.07475028611610668, 0.1112117380375948206 ) ) ;
#1920 = DIRECTION ( 'NONE',  ( 0.0000000000000000000, 0.0000000000000000000, -1.000000000000000000 ) ) ;
#1921 = CARTESIAN_POINT ( 'NONE',  ( -14.09999999999999964, 21.43845525164900678, -58.38395669707587388 ) ) ;
#1922 = CARTESIAN_POINT ( 'NONE',  ( 10.10304959289029547, 56.69768321019457602, -0.7262907717472796287 ) ) ;
#1923 = DIRECTION ( 'NONE',  ( -0.0000000000000000000, -1.000000000000000000, -0.0000000000000000000 ) ) ;
#1924 = B_SPLINE_CURVE_WITH_KNOTS ( 'NONE', 3,
 ( #987, #6290, #161, #3285, #1088, #8705, #8500, #260, #6342, #9401 ),
 .UNSPECIFIED., .F., .F.,
 ( 4, 2, 2, 2, 4 ),
 ( 1.084202172485504434E-19, 0.0001048287085412180408, 0.0002096574170824359732, 0.0003144861256236538920, 0.0004193148341648718380 ),
 .UNSPECIFIED. ) ;
#1925 = VECTOR ( 'NONE', #3437, 1000.000000000000000 ) ;
#1926 = CARTESIAN_POINT ( 'NONE',  ( 12.09999999999999964, 57.14644660940672338, -39.05159607626087848 ) ) ;
#1927 = CARTESIAN_POINT ( 'NONE',  ( 2.006349884011851881, 54.56211446707379054, 0.2717165554912260861 ) ) ;
#1928 = ORIENTED_EDGE ( 'NONE', *, *, #456, .F. ) ;
#1929 = CARTESIAN_POINT ( 'NONE',  ( 7.203657370400927462, 54.15326682098818623, -0.06544853985063822654 ) ) ;
#1930 = LINE ( 'NONE', #7905, #4895 ) ;
#1931 = CARTESIAN_POINT ( 'NONE',  ( 6.983151188041133217, 55.57277978927492512, -0.03977020646210366328 ) ) ;
#1932 = EDGE_LOOP ( 'NONE', ( #4463, #496, #3046, #3515 ) ) ;
#1933 = CYLINDRICAL_SURFACE ( 'NONE', #7321, 2.749999999999998668 ) ;
#1934 = VECTOR ( 'NONE', #175, 1000.000000000000000 ) ;
#1935 = LINE ( 'NONE', #2070, #1925 ) ;
#1936 = CARTESIAN_POINT ( 'NONE',  ( -1.179401866218968031, 56.04907041366951148, -0.01695970555067700253 ) ) ;
#1937 = EDGE_CURVE ( 'NONE', #8214, #701, #5773, .T. ) ;
#1938 = DIRECTION ( 'NONE',  ( 0.0000000000000000000, -2.775557561562887012E-15, -1.000000000000000000 ) ) ;
#1939 = CARTESIAN_POINT ( 'NONE',  ( 0.05565518892728234246, 56.69768321019457602, 0.2999782400093589652 ) ) ;
#1940 = VERTEX_POINT ( 'NONE', #7380 ) ;
#1941 = DIRECTION ( 'NONE',  ( 0.0000000000000000000, -3.362642065588203259E-15, -1.000000000000000000 ) ) ;
#1942 = CARTESIAN_POINT ( 'NONE',  ( 7.027937307412201129, 54.57461023220844964, -0.03936411257272919711 ) ) ;
#1943 = CARTESIAN_POINT ( 'NONE',  ( 8.674913043249587119, 55.08538065147588725, -0.5389759807138325698 ) ) ;
#1944 = VECTOR ( 'NONE', #7110, 1000.000000000000000 ) ;
#1945 = ADVANCED_FACE ( 'NONE', ( #3554 ), #6584, .T. ) ;
#1946 = CARTESIAN_POINT ( 'NONE',  ( 10.85729408799095275, 56.03920115774361221, -0.5329669541960777579 ) ) ;
#1947 = EDGE_CURVE ( 'NONE', #3962, #3313, #896, .T. ) ;
#1948 = ORIENTED_EDGE ( 'NONE', *, *, #4819, .F. ) ;
#1949 = LINE ( 'NONE', #479, #8608 ) ;
#1950 = ORIENTED_EDGE ( 'NONE', *, *, #7218, .T. ) ;
#1951 = CARTESIAN_POINT ( 'NONE',  ( -1.463542356246558818, 56.31341293260068426, -0.01511258080280696893 ) ) ;
#1952 = CARTESIAN_POINT ( 'NONE',  ( 1.036421596983557958, 56.69768321019457602, 0.2943615570823886474 ) ) ;
#1953 = CARTESIAN_POINT ( 'NONE',  ( -14.09999999999999964, 18.58128306799196139, 0.0000000000000000000 ) ) ;
#1954 = FACE_OUTER_BOUND ( 'NONE', #5186, .T. ) ;
#1955 = ORIENTED_EDGE ( 'NONE', *, *, #7636, .T. ) ;
#1956 = EDGE_CURVE ( 'NONE', #1668, #3661, #3650, .T. ) ;
#1957 = DIRECTION ( 'NONE',  ( 0.0000000000000000000, 1.000000000000000000, 0.0000000000000000000 ) ) ;
#1958 = EDGE_LOOP ( 'NONE', ( #7969, #4656, #5251, #1637, #6770 ) ) ;
#1959 = CARTESIAN_POINT ( 'NONE',  ( 7.607047188913720781, 56.28794583025646148, -0.4114301739047735440 ) ) ;
#1960 = CARTESIAN_POINT ( 'NONE',  ( 7.493324634527939843, 55.27660477464705480, -0.3972180175235780486 ) ) ;
#1961 = ORIENTED_EDGE ( 'NONE', *, *, #9100, .F. ) ;
#1962 = CARTESIAN_POINT ( 'NONE',  ( 1.144171787664157502, 56.69724865574370654, 0.2908843420406519997 ) ) ;
#1963 = VERTEX_POINT ( 'NONE', #3254 ) ;
#1964 = CARTESIAN_POINT ( 'NONE',  ( 7.564433199154040111, 54.24207476936587113, -0.4388580514320238879 ) ) ;
#1965 = VERTEX_POINT ( 'NONE', #4751 ) ;
#1966 = CARTESIAN_POINT ( 'NONE',  ( 8.704962267753410643, 54.80293079578463988, -0.1352089772695214409 ) ) ;
#1967 = DIRECTION ( 'NONE',  ( -0.0000000000000000000, 4.336808689942138037E-16, -1.000000000000000000 ) ) ;
#1968 = LINE ( 'NONE', #9398, #6575 ) ;
#1969 = CARTESIAN_POINT ( 'NONE',  ( 7.333249754372865858, 56.47435001010914135, -0.07877213455925766161 ) ) ;
#1970 = CARTESIAN_POINT ( 'NONE',  ( 1.421572719211020130, 56.27370487811117528, -0.01422847219857325228 ) ) ;
#1971 = ORIENTED_EDGE ( 'NONE', *, *, #4117, .T. ) ;
#1972 = DIRECTION ( 'NONE',  ( 0.0000000000000000000, -1.000000000000000000, 0.0000000000000000000 ) ) ;
#1973 = LINE ( 'NONE', #1038, #580 ) ;
#1974 = LINE ( 'NONE', #1373, #3608 ) ;
#1975 = LINE ( 'NONE', #5118, #694 ) ;
#1976 = ORIENTED_EDGE ( 'NONE', *, *, #9753, .F. ) ;
#1978 = EDGE_CURVE ( 'NONE', #9255, #1090, #593, .T. ) ;
#1977 = CARTESIAN_POINT ( 'NONE',  ( 7.932626684362093172, 54.16459647081529738, -0.1433989561718937711 ) ) ;
#1979 = CARTESIAN_POINT ( 'NONE',  ( 9.409199108704303427, 54.32100680041747154, -0.6447058877098518215 ) ) ;
#1980 = LINE ( 'NONE', #562, #9654 ) ;
#1981 = DIRECTION ( 'NONE',  ( 0.0000000000000000000, 0.0000000000000000000, 1.000000000000000000 ) ) ;
#1982 = AXIS2_PLACEMENT_3D ( 'NONE', #8844, #1972, #8928 ) ;
#1983 = ORIENTED_EDGE ( 'NONE', *, *, #8436, .F. ) ;
#1984 = CARTESIAN_POINT ( 'NONE',  ( -2.791227291791869014, 56.69768321019457602, 0.2452473934394586164 ) ) ;
#1985 = DIRECTION ( 'NONE',  ( 8.260059303211163399E-14, 0.0000000000000000000, 1.000000000000000000 ) ) ;
#1986 = CARTESIAN_POINT ( 'NONE',  ( 8.692110174794228428, 54.99533680191360219, -0.1407445101694958789 ) ) ;
#1987 = CIRCLE ( 'NONE', #3282, 8.450000000000006395 ) ;
#1988 = VECTOR ( 'NONE', #8300, 1000.000000000000000 ) ;
#1989 = CARTESIAN_POINT ( 'NONE',  ( -3.349999999999998312, 64.99999999999998579, -20.69999994376783903 ) ) ;
#1990 = EDGE_LOOP ( 'NONE', ( #6641, #9219, #9061, #8914 ) ) ;
#1991 = CARTESIAN_POINT ( 'NONE',  ( 10.77522941237675802, 56.25350393201635057, -0.4181348863512486802 ) ) ;
#1992 = ORIENTED_EDGE ( 'NONE', *, *, #9011, .T. ) ;
#1993 = AXIS2_PLACEMENT_3D ( 'NONE', #6209, #3729, #5240 ) ;
#1994 = VECTOR ( 'NONE', #128, 1000.000000000000000 ) ;
#1995 = DIRECTION ( 'NONE',  ( 0.0000000000000000000, 0.0000000000000000000, 1.000000000000000000 ) ) ;
#1996 = CARTESIAN_POINT ( 'NONE',  ( 14.09999999999999964, 57.50000000000000000, -38.69804268566760896 ) ) ;
#1997 = EDGE_CURVE ( 'NONE', #3058, #1151, #8570, .T. ) ;
#1998 = EDGE_CURVE ( 'NONE', #8983, #2083, #5557, .T. ) ;
#1999 = EDGE_CURVE ( 'NONE', #1453, #8632, #2496, .T. ) ;
#2000 = CARTESIAN_POINT ( 'NONE',  ( 7.917179901905550210, 56.69768321019456891, -0.1417108470175432733 ) ) ;
#2001 = CARTESIAN_POINT ( 'NONE',  ( -1.746655636167670611, 56.69691907641045958, 0.2787323559319523913 ) ) ;
#2002 = AXIS2_PLACEMENT_3D ( 'NONE', #3639, #4534, #3681 ) ;
#2003 = ORIENTED_EDGE ( 'NONE', *, *, #7266, .T. ) ;
#2004 = VECTOR ( 'NONE', #6247, 1000.000000000000000 ) ;
#2005 = LINE ( 'NONE', #8830, #9589 ) ;
#2006 = ORIENTED_EDGE ( 'NONE', *, *, #1016, .T. ) ;
#2007 = CARTESIAN_POINT ( 'NONE',  ( 7.316519960098870179, 55.70939895726604618, -0.4114301739047737660 ) ) ;
#2008 = ORIENTED_EDGE ( 'NONE', *, *, #6553, .F. ) ;
#2009 = ORIENTED_EDGE ( 'NONE', *, *, #1754, .F. ) ;
#2010 = CARTESIAN_POINT ( 'NONE',  ( 7.828821132781785153, 54.16323451639831887, -0.4388580514320241655 ) ) ;
#2011 = AXIS2_PLACEMENT_3D ( 'NONE', #9522, #1900, #4193 ) ;
#2012 = EDGE_CURVE ( 'NONE', #9689, #7789, #1593, .T. ) ;
#2013 = DIRECTION ( 'NONE',  ( 0.0000000000000000000, -0.7073004642249886009, 0.7069130450820070299 ) ) ;
#2014 = CARTESIAN_POINT ( 'NONE',  ( 5.676980392586473023, 56.07402217056502991, -0.05266819512549797411 ) ) ;
#2015 = CARTESIAN_POINT ( 'NONE',  ( 7.880394087408343573, 53.83631277791959491, -0.4394668896000124003 ) ) ;
#2016 = CARTESIAN_POINT ( 'NONE',  ( 7.249941820486998978, 56.37679772065740025, -0.07020928795056251281 ) ) ;
#2017 = CIRCLE ( 'NONE', #559, 70.87421554853963812 ) ;
#2018 = ORIENTED_EDGE ( 'NONE', *, *, #2500, .T. ) ;
#2019 = CARTESIAN_POINT ( 'NONE',  ( 10.85728844365818624, 56.03922283445204044, -0.8365339190526298596 ) ) ;
#2020 = CARTESIAN_POINT ( 'NONE',  ( 7.275000000000002132, 52.00000000000005684, -23.69999999999992468 ) ) ;
#2021 = CARTESIAN_POINT ( 'NONE',  ( 14.09999999999999964, 18.00000000000000355, -5.458128122775026014 ) ) ;
#2022 = DIRECTION ( 'NONE',  ( -1.000000000000000000, 0.0000000000000000000, 0.0000000000000000000 ) ) ;
#2023 = ORIENTED_EDGE ( 'NONE', *, *, #8624, .F. ) ;
#2024 = CARTESIAN_POINT ( 'NONE',  ( 10.23665846692604831, 53.84494711033142522, -0.8513888723903014766 ) ) ;
#2025 = CONICAL_SURFACE ( 'NONE', #3317, 3.421800737649697499, 0.1221730476387383191 ) ;
#2026 = DIRECTION ( 'NONE',  ( 0.0000000000000000000, 0.0000000000000000000, 1.000000000000000000 ) ) ;
#2027 = CARTESIAN_POINT ( 'NONE',  ( 9.269992378430492508, 55.26586612284178557, -0.3062610631372481018 ) ) ;
#2028 = DIRECTION ( 'NONE',  ( -1.000000000000000000, -0.0000000000000000000, -0.0000000000000000000 ) ) ;
#2029 = VECTOR ( 'NONE', #6928, 1000.000000000000000 ) ;
#2030 = B_SPLINE_CURVE_WITH_KNOTS ( 'NONE', 3,
 ( #4569, #4669, #5478, #3812, #6896, #6121, #5376, #9499, #2524, #929 ),
 .UNSPECIFIED., .F., .F.,
 ( 4, 3, 3, 4 ),
 ( 1.084202172485504434E-18, 5.724865753260391767E-05, 0.0001145085180949677610, 0.0002287170963869895890 ),
 .UNSPECIFIED. ) ;
#2031 = VERTEX_POINT ( 'NONE', #4450 ) ;
#2032 = DIRECTION ( 'NONE',  ( -0.0000000000000000000, -1.000000000000000000, -0.0000000000000000000 ) ) ;
#2033 = DIRECTION ( 'NONE',  ( 1.000000000000000000, -0.0000000000000000000, 0.0000000000000000000 ) ) ;
#2034 = AXIS2_PLACEMENT_3D ( 'NONE', #5176, #623, #8952 ) ;
#2035 = CARTESIAN_POINT ( 'NONE',  ( 10.60304883326695879, 56.51806396640979102, -0.4941872831406798339 ) ) ;
#2036 = ORIENTED_EDGE ( 'NONE', *, *, #4274, .T. ) ;
#2037 = CARTESIAN_POINT ( 'NONE',  ( -8.673617379884035472E-16, 9.999999999990905053, -37.12380646486934666 ) ) ;
#2038 = CARTESIAN_POINT ( 'NONE',  ( 10.90465333376551271, 55.79354582176665645, -0.4181348863512486802 ) ) ;
#2039 = EDGE_CURVE ( 'NONE', #1777, #1599, #7818, .T. ) ;
#2040 = ORIENTED_EDGE ( 'NONE', *, *, #4976, .F. ) ;
#2041 = CARTESIAN_POINT ( 'NONE',  ( 1.539580755249361665, 55.88802862797552251, 0.2833466021941816182 ) ) ;
#2042 = DIRECTION ( 'NONE',  ( 1.000000000000000000, 0.0000000000000000000, 0.0000000000000000000 ) ) ;
#2043 = CARTESIAN_POINT ( 'NONE',  ( 1.368413977697755524, 53.89660821379196420, -0.03047645466537965767 ) ) ;
#2044 = VECTOR ( 'NONE', #832, 1000.000000000000000 ) ;
#2045 = ORIENTED_EDGE ( 'NONE', *, *, #7464, .T. ) ;
#2046 = CARTESIAN_POINT ( 'NONE',  ( 0.0000000000000000000, 0.0000000000000000000, -70.87421554853963812 ) ) ;
#2047 = ORIENTED_EDGE ( 'NONE', *, *, #6827, .F. ) ;
#2048 = EDGE_CURVE ( 'NONE', #6255, #345, #1756, .T. ) ;
#2049 = CARTESIAN_POINT ( 'NONE',  ( -0.8107460808750148740, 56.11896361505108644, -0.004616814410345996232 ) ) ;
#2050 = ADVANCED_FACE ( 'NONE', ( #9207 ), #5420, .T. ) ;
#2051 = EDGE_CURVE ( 'NONE', #1132, #9841, #1528, .T. ) ;
#2052 = EDGE_LOOP ( 'NONE', ( #6674, #684, #8799, #8004 ) ) ;
#2053 = LINE ( 'NONE', #5100, #3737 ) ;
#2054 = ORIENTED_EDGE ( 'NONE', *, *, #618, .T. ) ;
#2055 = VECTOR ( 'NONE', #8438, 1000.000000000000000 ) ;
#2056 = CARTESIAN_POINT ( 'NONE',  ( 8.257046301164010060, 53.92922517048245368, -0.5390089958205919185 ) ) ;
#2057 = CARTESIAN_POINT ( 'NONE',  ( 10.10304959289029547, 54.16229168792561666, -0.4207035858732082745 ) ) ;
#2058 = LINE ( 'NONE', #2101, #8645 ) ;
#2059 = DIRECTION ( 'NONE',  ( -1.000000000000000000, -0.0000000000000000000, -0.0000000000000000000 ) ) ;
#2060 = CARTESIAN_POINT ( 'NONE',  ( -1.750238444764842249, 56.36979180484483720, 0.2786283370534489712 ) ) ;
#2061 = AXIS2_PLACEMENT_3D ( 'NONE', #9013, #8878, #8277 ) ;
#2062 = VERTEX_POINT ( 'NONE', #9616 ) ;
#2063 = CARTESIAN_POINT ( 'NONE',  ( 7.865183681967313767, 55.71742609019969450, -0.1358804664115990657 ) ) ;
#2064 = CARTESIAN_POINT ( 'NONE',  ( -1.888559997591199968, 54.19851156681517068, 0.2905820563629014641 ) ) ;
#2065 = CARTESIAN_POINT ( 'NONE',  ( 10.92950861209830116, 54.95568638826098606, -0.8477875406479075115 ) ) ;
#2066 = ORIENTED_EDGE ( 'NONE', *, *, #8950, .F. ) ;
#2067 = CARTESIAN_POINT ( 'NONE',  ( 6.974331431434410256, 54.88563442952635540, -0.3439829883813899092 ) ) ;
#2068 = VERTEX_POINT ( 'NONE', #2552 ) ;
#2069 = VECTOR ( 'NONE', #9147, 1000.000000000000000 ) ;
#2070 = CARTESIAN_POINT ( 'NONE',  ( 14.09999999999999964, 57.00000000000000000, -38.69804268566760896 ) ) ;
#2071 = EDGE_CURVE ( 'NONE', #5314, #8717, #5796, .T. ) ;
#2072 = CARTESIAN_POINT ( 'NONE',  ( 11.59999999999999964, 75.00000000000000000, 0.0000000000000000000 ) ) ;
#2073 = DIRECTION ( 'NONE',  ( 0.0000000000000000000, -1.000000000000000000, 3.362642065588203259E-15 ) ) ;
#2074 = ORIENTED_EDGE ( 'NONE', *, *, #990, .F. ) ;
#2075 = CARTESIAN_POINT ( 'NONE',  ( 7.880394087408345349, 53.83631277791960201, -0.2406086505208488990 ) ) ;
#2076 = VECTOR ( 'NONE', #7654, 1000.000000000000000 ) ;
#2077 = LINE ( 'NONE', #8114, #2485 ) ;
#2078 = DIRECTION ( 'NONE',  ( 0.0000000000000000000, 1.000000000000000000, 0.0000000000000000000 ) ) ;
#2079 = CARTESIAN_POINT ( 'NONE',  ( 9.679072785643850096, 56.02540477192996349, -0.3479068640411286939 ) ) ;
#2080 = EDGE_CURVE ( 'NONE', #6327, #3011, #2805, .T. ) ;
#2081 = CARTESIAN_POINT ( 'NONE',  ( 10.40532811021958715, 56.64327256656416409, -0.4646729832476874100 ) ) ;
#2082 = CARTESIAN_POINT ( 'NONE',  ( 7.842476401695838817, 55.39376757017052455, -0.4373989088692310512 ) ) ;
#2083 = VERTEX_POINT ( 'NONE', #7916 ) ;
#2084 = VERTEX_POINT ( 'NONE', #6516 ) ;
#2085 = PLANE ( 'NONE',  #2002 ) ;
#2086 = AXIS2_PLACEMENT_3D ( 'NONE', #6948, #5974, #9031 ) ;
#2087 = LINE ( 'NONE', #1953, #1137 ) ;
#2088 = CARTESIAN_POINT ( 'NONE',  ( -1.591143717678953573, 56.69282920633187217, 0.2823709460865862497 ) ) ;
#2089 = ORIENTED_EDGE ( 'NONE', *, *, #6484, .T. ) ;
#2090 = CARTESIAN_POINT ( 'NONE',  ( 14.09999999999999964, 56.11856143500636307, -3.181917176974970562 ) ) ;
#2091 = CARTESIAN_POINT ( 'NONE',  ( 9.683403757371047860, 53.95367480362074275, -0.6646147504233181902 ) ) ;
#2092 = ORIENTED_EDGE ( 'NONE', *, *, #1823, .T. ) ;
#2093 = LINE ( 'NONE', #7335, #9732 ) ;
#2094 = VERTEX_POINT ( 'NONE', #6562 ) ;
#2095 = PLANE ( 'NONE',  #8077 ) ;
#2096 = ORIENTED_EDGE ( 'NONE', *, *, #3312, .T. ) ;
#2097 = CARTESIAN_POINT ( 'NONE',  ( 7.630064424900712794, 54.20648255656981007, -0.4388580514320238879 ) ) ;
#2098 = ORIENTED_EDGE ( 'NONE', *, *, #7513, .T. ) ;
#2099 = PLANE ( 'NONE',  #6514 ) ;
#2100 = DIRECTION ( 'NONE',  ( 0.0000000000000000000, 0.0000000000000000000, 1.000000000000000000 ) ) ;
#2101 = CARTESIAN_POINT ( 'NONE',  ( -18.90721874736048136, 36.78974845414018091, -33.49521209058222126 ) ) ;
#2102 = CARTESIAN_POINT ( 'NONE',  ( 8.590234992354657706, 56.27563401274582588, -0.5344844159557688990 ) ) ;
#2103 = EDGE_CURVE ( 'NONE', #5631, #6505, #7317, .T. ) ;
#2104 = EDGE_CURVE ( 'NONE', #7808, #2332, #9571, .T. ) ;
#2105 = CARTESIAN_POINT ( 'NONE',  ( 14.09999999999999964, -7.243060875111559938, -41.07743946083785147 ) ) ;
#2106 = CARTESIAN_POINT ( 'NONE',  ( -8.673617379884035472E-16, 14.00000000001000444, -36.63266822125889632 ) ) ;
#2107 = ORIENTED_EDGE ( 'NONE', *, *, #9388, .T. ) ;
#2108 = CARTESIAN_POINT ( 'NONE',  ( 10.65727092919766505, 56.46041748395709448, -0.8058287423124224080 ) ) ;
#2109 = CARTESIAN_POINT ( 'NONE',  ( 5.025022572574453505, 55.65749356333511599, 0.1223907583473154981 ) ) ;
#2110 = B_SPLINE_CURVE_WITH_KNOTS ( 'NONE', 3,
 ( #1011, #236, #3314, #4958, #337, #1345, #3406, #4997, #1299, #2753, #1256, #6614, #6399, #2819 ),
 .UNSPECIFIED., .F., .F.,
 ( 4, 2, 2, 2, 2, 2, 4 ),
 ( 5.421010862427522170E-20, 0.0001669602878609829488, 0.0003339205757219658433, 0.0006678411514439270245, 0.001001761727165888152, 0.001168722015026868715, 0.001335682302887849279 ),
 .UNSPECIFIED. ) ;
#2111 = VECTOR ( 'NONE', #837, 1000.000000000000000 ) ;
#2112 = CARTESIAN_POINT ( 'NONE',  ( 10.89262134310605923, 54.64949444676062740, -0.8420402408849091414 ) ) ;
#2113 = EDGE_LOOP ( 'NONE', ( #1983, #5698, #9669, #2523 ) ) ;
#2114 = LINE ( 'NONE', #5021, #729 ) ;
#2115 = CARTESIAN_POINT ( 'NONE',  ( 7.310761160329641406, 54.03469797523855789, -0.3779427012967462307 ) ) ;
#2116 = VERTEX_POINT ( 'NONE', #5659 ) ;
#2117 = EDGE_CURVE ( 'NONE', #2936, #4210, #9422, .T. ) ;
#2118 = DIRECTION ( 'NONE',  ( 0.0000000000000000000, -3.284683504808153090E-15, -1.000000000000000000 ) ) ;
#2119 = EDGE_CURVE ( 'NONE', #2902, #7718, #4099, .T. ) ;
#2120 = EDGE_CURVE ( 'NONE', #1022, #2343, #7177, .T. ) ;
#2121 = DIRECTION ( 'NONE',  ( 1.000000000000000000, 0.0000000000000000000, 0.0000000000000000000 ) ) ;
#2122 = FACE_OUTER_BOUND ( 'NONE', #8987, .T. ) ;
#2123 = ORIENTED_EDGE ( 'NONE', *, *, #9879, .T. ) ;
#2124 = LINE ( 'NONE', #719, #8587 ) ;
#2125 = DIRECTION ( 'NONE',  ( 1.000000000000000000, 0.0000000000000000000, 0.0000000000000000000 ) ) ;
#2126 = CARTESIAN_POINT ( 'NONE',  ( 14.09999999999999964, 35.54169873159291626, -35.54169873159302284 ) ) ;
#2127 = CARTESIAN_POINT ( 'NONE',  ( 10.10304959289029370, 56.69768321019457602, -0.4207035858732088296 ) ) ;
#2128 = EDGE_CURVE ( 'NONE', #6204, #2461, #5846, .T. ) ;
#2129 = VECTOR ( 'NONE', #9336, 1000.000000000000000 ) ;
#2130 = VERTEX_POINT ( 'NONE', #281 ) ;
#2131 = DIRECTION ( 'NONE',  ( 1.000000000000000000, 0.0000000000000000000, 0.0000000000000000000 ) ) ;
#2132 = ORIENTED_EDGE ( 'NONE', *, *, #33, .F. ) ;
#2133 = CARTESIAN_POINT ( 'NONE',  ( 1.323691721354536499, 55.55075017811826399, 0.2877012061358000805 ) ) ;
#2134 = CARTESIAN_POINT ( 'NONE',  ( 1.849573231741891366, 55.14727517949515345, 0.2857201262141784159 ) ) ;
#2135 = AXIS2_PLACEMENT_3D ( 'NONE', #7848, #6490, #5733 ) ;
#2136 = CIRCLE ( 'NONE', #3113, 4.000000000000003553 ) ;
#2137 = CARTESIAN_POINT ( 'NONE',  ( 1.745407690134169298, 54.05594107772293455, -0.03047645466538030645 ) ) ;
#2138 = EDGE_LOOP ( 'NONE', ( #6545, #19, #9639, #6257 ) ) ;
#2139 = FACE_OUTER_BOUND ( 'NONE', #6498, .T. ) ;
#2140 = EDGE_LOOP ( 'NONE', ( #9367, #8743, #3844, #3054, #7050, #5728 ) ) ;
#2141 = CYLINDRICAL_SURFACE ( 'NONE', #8908, 3.999999999999996447 ) ;
#2142 = VECTOR ( 'NONE', #8689, 1000.000000000000000 ) ;
#2143 = VECTOR ( 'NONE', #7338, 1000.000000000000000 ) ;
#2144 = ORIENTED_EDGE ( 'NONE', *, *, #4833, .T. ) ;
#2145 = ORIENTED_EDGE ( 'NONE', *, *, #6599, .F. ) ;
#2146 = ADVANCED_FACE ( 'NONE', ( #2600 ), #1901, .T. ) ;
#2147 = CARTESIAN_POINT ( 'NONE',  ( 7.356109068833477593, 54.01322717399037998, -0.03936411257272963427 ) ) ;
#2148 = CARTESIAN_POINT ( 'NONE',  ( 7.880394087408343573, 53.83631277791959491, -0.5390089958205916965 ) ) ;
#2149 = CARTESIAN_POINT ( 'NONE',  ( 10.31673373351770451, 54.22087904289577409, -0.7548736930671359202 ) ) ;
#2150 = CARTESIAN_POINT ( 'NONE',  ( 10.92268437531138758, 55.63838442845919730, -0.4181348863512486802 ) ) ;
#2151 = CARTESIAN_POINT ( 'NONE',  ( 8.665018182392287827, 56.00090198283544396, -0.5344844159557685659 ) ) ;
#2152 = VECTOR ( 'NONE', #6206, 1000.000000000000000 ) ;
#2153 = CIRCLE ( 'NONE', #8885, 1.000000000000000000 ) ;
#2154 = PLANE ( 'NONE',  #2229 ) ;
#2155 = EDGE_LOOP ( 'NONE', ( #1727, #2592, #3721, #4920 ) ) ;
#2156 = DIRECTION ( 'NONE',  ( 0.0000000000000000000, 1.000000000000000000, -3.362642065588203259E-15 ) ) ;
#2157 = EDGE_CURVE ( 'NONE', #4947, #1803, #5533, .T. ) ;
#2158 = CIRCLE ( 'NONE', #2135, 1.000000000000000000 ) ;
#2159 = CARTESIAN_POINT ( 'NONE',  ( 14.09999999999999964, 57.00000000000000000, -38.69804268566760896 ) ) ;
#2160 = LINE ( 'NONE', #9238, #1059 ) ;
#2161 = ORIENTED_EDGE ( 'NONE', *, *, #4375, .T. ) ;
#2162 = CYLINDRICAL_SURFACE ( 'NONE', #8256, 2.749999999999998668 ) ;
#2163 = CARTESIAN_POINT ( 'NONE',  ( 10.61012789734409090, 55.26699799405709257, -0.4179459123721624980 ) ) ;
#2164 = FILL_AREA_STYLE ('',( #1375 ) ) ;
#2165 = CIRCLE ( 'NONE', #4900, 0.5000000000000004441 ) ;
#2166 = CARTESIAN_POINT ( 'NONE',  ( 7.275000000000002132, 62.00000000000004263, -27.19999999999996021 ) ) ;
#2167 = EDGE_CURVE ( 'NONE', #3561, #1599, #4044, .T. ) ;
#2168 = CARTESIAN_POINT ( 'NONE',  ( -13.40317499886403141, 7.952919818120199658, -1.278878980825681300 ) ) ;
#2169 = ORIENTED_EDGE ( 'NONE', *, *, #1585, .F. ) ;
#2170 = CARTESIAN_POINT ( 'NONE',  ( -1.639517434693108067, 53.88309003310951084, 0.2989210827142312343 ) ) ;
#2171 = DIRECTION ( 'NONE',  ( 0.0000000000000000000, -1.000000000000000000, 3.362642065588203259E-15 ) ) ;
#2172 = CARTESIAN_POINT ( 'NONE',  ( 8.671458355474957358, 54.50974664224577282, -0.2302131320330629560 ) ) ;
#2173 = EDGE_LOOP ( 'NONE', ( #8745, #8557 ) ) ;
#2174 = CARTESIAN_POINT ( 'NONE',  ( -13.50000000000000000, 12.90000000000007851, -2.797607197594146555 ) ) ;
#2175 = LINE ( 'NONE', #5336, #1597 ) ;
#2176 = AXIS2_PLACEMENT_3D ( 'NONE', #8627, #5509, #6369 ) ;
#2177 = ORIENTED_EDGE ( 'NONE', *, *, #7829, .F. ) ;
#2178 = VERTEX_POINT ( 'NONE', #328 ) ;
#2179 = CARTESIAN_POINT ( 'NONE',  ( 9.595971288436501823, 55.26699799405708546, -0.3476052596559752739 ) ) ;
#2180 = CARTESIAN_POINT ( 'NONE',  ( 1.143477020409922718, 56.69725145772672903, -0.009144087066501226796 ) ) ;
#2181 = ADVANCED_FACE ( 'NONE', ( #3401 ), #9523, .T. ) ;
#2182 = ORIENTED_EDGE ( 'NONE', *, *, #3129, .T. ) ;
#2183 = CARTESIAN_POINT ( 'NONE',  ( 5.025022572574452617, 55.65749356333511599, -0.2298278560399707182 ) ) ;
#2184 = CIRCLE ( 'NONE', #1102, 2.500000000000000444 ) ;
#2185 = DIRECTION ( 'NONE',  ( 0.0000000000000000000, -1.000000000000000000, 0.0000000000000000000 ) ) ;
#2186 = VERTEX_POINT ( 'NONE', #5170 ) ;
#2187 = FACE_OUTER_BOUND ( 'NONE', #6351, .T. ) ;
#2188 = ORIENTED_EDGE ( 'NONE', *, *, #3430, .F. ) ;
#2189 = DIRECTION ( 'NONE',  ( -1.000000000000000000, -0.0000000000000000000, -0.0000000000000000000 ) ) ;
#2190 = CARTESIAN_POINT ( 'NONE',  ( -1.044856746133081327, 56.43893672848056298, -0.009782707134596817927 ) ) ;
#2191 = ORIENTED_EDGE ( 'NONE', *, *, #250, .F. ) ;
#2192 = CARTESIAN_POINT ( 'NONE',  ( 14.09999999999999964, 56.17999999999999972, -3.678128122775001341 ) ) ;
#2193 = ORIENTED_EDGE ( 'NONE', *, *, #7608, .T. ) ;
#2194 = CARTESIAN_POINT ( 'NONE',  ( -1.500888334919309619, 56.32813590296044737, 0.2868131980923049884 ) ) ;
#2195 = CARTESIAN_POINT ( 'NONE',  ( 13.50000000000000000, 12.90000000000007319, -3.813237607889367720 ) ) ;
#2196 = CARTESIAN_POINT ( 'NONE',  ( 8.500000000000000000, 9.999999999990905053, -37.12380646486934666 ) ) ;
#2197 = DIRECTION ( 'NONE',  ( -1.000000000000000000, -0.0000000000000000000, -0.0000000000000000000 ) ) ;
#2198 = EDGE_CURVE ( 'NONE', #923, #1022, #2960, .T. ) ;
#2199 = CARTESIAN_POINT ( 'NONE',  ( 10.52221411874360513, 54.48482661886261269, -0.4820812195890772367 ) ) ;
#2200 = B_SPLINE_SURFACE_WITH_KNOTS ( 'NONE', 3, 1, ( 
 ( #6772, #9918 ),
 ( #9069, #3061 ),
 ( #2194, #7136 ),
 ( #2609, #5464 ),
 ( #240, #3318 ),
 ( #7833, #1071 ),
 ( #1865, #1014 ),
 ( #4705, #1650 ),
 ( #6376, #8733 ),
 ( #1716, #7879 ),
 ( #5669, #2451 ) ),
 .UNSPECIFIED., .F., .F., .F.,
 ( 4, 1, 1, 1, 1, 1, 1, 1, 4 ),
 ( 2, 2 ),
 ( 0.0000000000000000000, 0.08792139345110429327, 0.1856296023054928024, 0.2936177503316389492, 0.4120484341918292936, 0.5428787509790896637, 0.6834628566677962702, 0.8366193150744818396, 0.9999999999999998890 ),
 ( 0.0000000000000000000, 1.000000000000000000 ),
 .UNSPECIFIED. ) ;
#2201 = DIRECTION ( 'NONE',  ( 0.0000000000000000000, 0.0000000000000000000, -1.000000000000000000 ) ) ;
#2202 = ORIENTED_EDGE ( 'NONE', *, *, #4374, .F. ) ;
#2203 = DIRECTION ( 'NONE',  ( 0.0000000000000000000, 0.0000000000000000000, -1.000000000000000000 ) ) ;
#2204 = AXIS2_PLACEMENT_3D ( 'NONE', #2046, #1957, #7415 ) ;
#2205 = DIRECTION ( 'NONE',  ( -1.000000000000000000, -0.0000000000000000000, 0.0000000000000000000 ) ) ;
#2206 = ORIENTED_EDGE ( 'NONE', *, *, #7289, .T. ) ;
#2207 = DIRECTION ( 'NONE',  ( 0.0000000000000000000, 0.0000000000000000000, 1.000000000000000000 ) ) ;
#2208 = CARTESIAN_POINT ( 'NONE',  ( 10.30594539834442180, 56.31739174498967770, -0.4179459123721620539 ) ) ;
#2209 = ORIENTED_EDGE ( 'NONE', *, *, #7696, .T. ) ;
#2210 = CIRCLE ( 'NONE', #7842, 5.499999999999998224 ) ;
#2211 = EDGE_CURVE ( 'NONE', #508, #7789, #4476, .T. ) ;
#2212 = CARTESIAN_POINT ( 'NONE',  ( 9.303518534390823547, 54.73676158597653796, -0.6447058877098521545 ) ) ;
#2213 = CARTESIAN_POINT ( 'NONE',  ( 2.011528648963340160, 54.68182057574768606, 0.2715693683785491697 ) ) ;
#2214 = CARTESIAN_POINT ( 'NONE',  ( 1.858369708653025976, 55.71730414357391226, 0.2757369877280043124 ) ) ;
#2215 = ORIENTED_EDGE ( 'NONE', *, *, #7708, .T. ) ;
#2216 = CARTESIAN_POINT ( 'NONE',  ( 14.09999999999999964, 48.99999999999999289, -5.458128122775004698 ) ) ;
#2217 = VECTOR ( 'NONE', #7117, 1000.000000000000000 ) ;
#2218 = CARTESIAN_POINT ( 'NONE',  ( -1.454837879135402412, 56.66026454938499057, 0.2872785925169824561 ) ) ;
#2219 = FACE_OUTER_BOUND ( 'NONE', #5304, .T. ) ;
#2220 = DIRECTION ( 'NONE',  ( 0.0000000000000000000, 0.0000000000000000000, 1.000000000000000000 ) ) ;
#2221 = ADVANCED_FACE ( 'NONE', ( #7490 ), #9095, .T. ) ;
#2222 = CARTESIAN_POINT ( 'NONE',  ( -8.673617379884035472E-16, 9.999999999990905053, -25.20200572722874810 ) ) ;
#2223 = LINE ( 'NONE', #3091, #5635 ) ;
#2224 = EDGE_LOOP ( 'NONE', ( #9483, #1451, #6581, #5787 ) ) ;
#2225 = ORIENTED_EDGE ( 'NONE', *, *, #9601, .T. ) ;
#2226 = CARTESIAN_POINT ( 'NONE',  ( 7.680023091106359168, 55.37215254110100204, -0.07240429746787203913 ) ) ;
#2227 = CARTESIAN_POINT ( 'NONE',  ( 7.275000000000002132, 57.00000000000004263, -27.19999999999994245 ) ) ;
#2228 = EDGE_LOOP ( 'NONE', ( #4365, #8684, #3751, #7413 ) ) ;
#2229 = AXIS2_PLACEMENT_3D ( 'NONE', #2105, #646, #6777 ) ;
#2230 = CARTESIAN_POINT ( 'NONE',  ( 5.656124954276419814, 56.05390966620255710, 0.1244914657889750059 ) ) ;
#2231 = CARTESIAN_POINT ( 'NONE',  ( -1.500581305065124660, 54.24657221821427555, 0.2842002990287705311 ) ) ;
#2232 = CARTESIAN_POINT ( 'NONE',  ( -14.59999999999999964, 0.0000000000000000000, -2.797128122774994452 ) ) ;
#2233 = DIRECTION ( 'NONE',  ( -1.000000000000000000, -0.0000000000000000000, -0.0000000000000000000 ) ) ;
#2234 = ADVANCED_FACE ( 'NONE', ( #9844 ), #8156, .T. ) ;
#2235 = EDGE_CURVE ( 'NONE', #3661, #2288, #5934, .T. ) ;
#2236 = ORIENTED_EDGE ( 'NONE', *, *, #3302, .F. ) ;
#2237 = CARTESIAN_POINT ( 'NONE',  ( 5.157345994877252870, 56.06082419216391344, -0.2393030870521564435 ) ) ;
#2238 = ORIENTED_EDGE ( 'NONE', *, *, #6723, .T. ) ;
#2239 = DIRECTION ( 'NONE',  ( -1.000000000000000000, 0.0000000000000000000, -0.0000000000000000000 ) ) ;
#2240 = CARTESIAN_POINT ( 'NONE',  ( 8.220521387605586483, 56.22682478463033107, -0.4946340216350792462 ) ) ;
#2241 = ORIENTED_EDGE ( 'NONE', *, *, #4541, .F. ) ;
#2242 = VERTEX_POINT ( 'NONE', #8249 ) ;
#2243 = CARTESIAN_POINT ( 'NONE',  ( 7.917179901905550210, 56.69768321019456891, -0.4435922940083655286 ) ) ;
#2244 = FACE_OUTER_BOUND ( 'NONE', #5357, .T. ) ;
#2245 = CARTESIAN_POINT ( 'NONE',  ( 8.235916485466745485, 55.23278360908003037, -0.1312072312784052230 ) ) ;
#2246 = CARTESIAN_POINT ( 'NONE',  ( 2.011528648963340160, 54.68182057574768606, -0.02855102264745618817 ) ) ;
#2247 = EDGE_CURVE ( 'NONE', #2717, #2619, #2736, .T. ) ;
#2248 = CARTESIAN_POINT ( 'NONE',  ( 8.197567185299574177, 55.27742835949093347, -0.1736405995462443896 ) ) ;
#2249 = B_SPLINE_CURVE_WITH_KNOTS ( 'NONE', 3,
 ( #4924, #3227, #983, #204, #6337, #3970, #6389, #1876, #2625, #2674 ),
 .UNSPECIFIED., .F., .F.,
 ( 4, 2, 2, 2, 4 ),
 ( 0.0000000000000000000, 0.0002297097613137149023, 0.0004594195226274298046, 0.0006891292839411447069, 0.0009188390452548596092 ),
 .UNSPECIFIED. ) ;
#2250 = CARTESIAN_POINT ( 'NONE',  ( 7.489983423258551376, 56.16479630111453503, -0.3968766399118427435 ) ) ;
#2251 = CARTESIAN_POINT ( 'NONE',  ( 1.528512976674746060, 56.07759300826741367, 0.2835915133685936729 ) ) ;
#2252 = CARTESIAN_POINT ( 'NONE',  ( 7.629722444253737912, 56.30092610947079379, -0.4433067690960484364 ) ) ;
#2253 = ORIENTED_EDGE ( 'NONE', *, *, #9694, .T. ) ;
#2254 = DIRECTION ( 'NONE',  ( 0.0000000000000000000, -0.0000000000000000000, 1.000000000000000000 ) ) ;
#2255 = VERTEX_POINT ( 'NONE', #7402 ) ;
#2256 = FACE_OUTER_BOUND ( 'NONE', #2752, .T. ) ;
#2257 = CARTESIAN_POINT ( 'NONE',  ( 10.20786696936834836, 56.35916934800696509, -0.8009584369727308362 ) ) ;
#2258 = CARTESIAN_POINT ( 'NONE',  ( 9.305077820875338190, 55.81310129416102228, -0.3037559157698058732 ) ) ;
#2259 = CARTESIAN_POINT ( 'NONE',  ( -8.673617379884035472E-16, 14.00000000001000444, -28.13266822125383371 ) ) ;
#2260 = FACE_OUTER_BOUND ( 'NONE', #3093, .T. ) ;
#2261 = DIRECTION ( 'NONE',  ( 0.0000000000000000000, -1.000000000000000000, 0.0000000000000000000 ) ) ;
#2262 = CARTESIAN_POINT ( 'NONE',  ( 9.425716443591026561, 54.28265208764074856, -0.6295660356517779332 ) ) ;
#2263 = CARTESIAN_POINT ( 'NONE',  ( 0.0000000000000000000, 56.69768321019457602, -70.87421554853963812 ) ) ;
#2264 = VERTEX_POINT ( 'NONE', #5034 ) ;
#2265 = CARTESIAN_POINT ( 'NONE',  ( 9.843191171133527817, 54.25535302409125649, -0.6868411495795169186 ) ) ;
#2266 = EDGE_CURVE ( 'NONE', #2094, #9356, #3600, .T. ) ;
#2267 = ADVANCED_FACE ( 'NONE', ( #8899 ), #9655, .T. ) ;
#2268 = CARTESIAN_POINT ( 'NONE',  ( 0.0000000000000000000, 41.33504442748403562, -3.297607197594146111 ) ) ;
#2269 = DIRECTION ( 'NONE',  ( 0.0000000000000000000, 0.0000000000000000000, -1.000000000000000000 ) ) ;
#2270 = CARTESIAN_POINT ( 'NONE',  ( 1.600393839733013968, 54.44801764159645074, 0.2903803895346379060 ) ) ;
#2271 = DIRECTION ( 'NONE',  ( 0.0000000000000000000, -0.0000000000000000000, 1.000000000000000000 ) ) ;
#2272 = ORIENTED_EDGE ( 'NONE', *, *, #1209, .F. ) ;
#2273 = DIRECTION ( 'NONE',  ( -0.0000000000000000000, -8.652902722719878956E-16, 1.000000000000000000 ) ) ;
#2274 = PLANE ( 'NONE',  #2034 ) ;
#2275 = LINE ( 'NONE', #9853, #3184 ) ;
#2276 = ORIENTED_EDGE ( 'NONE', *, *, #8721, .T. ) ;
#2277 = ORIENTED_EDGE ( 'NONE', *, *, #4141, .T. ) ;
#2278 = B_SPLINE_CURVE_WITH_KNOTS ( 'NONE', 3,
 ( #8776, #1905, #4955, #380, #4338, #3501 ),
 .UNSPECIFIED., .F., .F.,
 ( 4, 2, 4 ),
 ( 5.421010862427522170E-20, 0.0001540495268346653995, 0.0003080990536693307448 ),
 .UNSPECIFIED. ) ;
#2279 = CARTESIAN_POINT ( 'NONE',  ( 1.539915204689994654, 55.95352766531019029, 0.2958764490941487857 ) ) ;
#2280 = LINE ( 'NONE', #4642, #4702 ) ;
#2281 = B_SPLINE_SURFACE_WITH_KNOTS ( 'NONE', 3, 1, ( 
 ( #863, #4714 ),
 ( #3067, #1465 ),
 ( #8389, #5262 ),
 ( #4611, #3910 ),
 ( #6994, #5472 ),
 ( #9127, #2252 ),
 ( #5313, #7048 ) ),
 .UNSPECIFIED., .F., .F., .F.,
 ( 4, 1, 1, 1, 4 ),
 ( 2, 2 ),
 ( 0.0000000000000000000, 0.2488672930797367067, 0.4952872767700911560, 0.7438439299997948728, 1.000000000000000000 ),
 ( 0.0000000000000000000, 1.000000000000000000 ),
 .UNSPECIFIED. ) ;
#2282 = CARTESIAN_POINT ( 'NONE',  ( -14.09999999999999964, 17.78128306799198555, 0.0000000000000000000 ) ) ;
#2283 = CARTESIAN_POINT ( 'NONE',  ( -13.50000000000000355, 57.25513041533795899, -1.297607197594163653 ) ) ;
#2284 = ORIENTED_EDGE ( 'NONE', *, *, #6856, .F. ) ;
#2285 = ORIENTED_EDGE ( 'NONE', *, *, #5002, .T. ) ;
#2286 = CARTESIAN_POINT ( 'NONE',  ( 14.09999999999999964, 55.19999999999973284, -5.754411018422713298 ) ) ;
#2287 = DIRECTION ( 'NONE',  ( 0.0000000000000000000, 0.0000000000000000000, -1.000000000000000000 ) ) ;
#2288 = VERTEX_POINT ( 'NONE', #9792 ) ;
#2289 = PLANE ( 'NONE',  #6137 ) ;
#2290 = ADVANCED_FACE ( 'NONE', ( #3631 ), #6605, .T. ) ;
#2291 = ORIENTED_EDGE ( 'NONE', *, *, #3718, .T. ) ;
#2292 = EDGE_CURVE ( 'NONE', #4885, #5089, #2077, .T. ) ;
#2293 = EDGE_CURVE ( 'NONE', #1098, #2186, #4426, .T. ) ;
#2294 = AXIS2_PLACEMENT_3D ( 'NONE', #9632, #4211, #540 ) ;
#2295 = CARTESIAN_POINT ( 'NONE',  ( 13.50000000000000000, 12.90000000000000924, -6.348128122775027471 ) ) ;
#2296 = CARTESIAN_POINT ( 'NONE',  ( 11.59999999999999964, 72.50000000000000000, -50.70000000000000284 ) ) ;
#2297 = CARTESIAN_POINT ( 'NONE',  ( 0.05565518892728234246, 53.87253265680915604, 0.7023928024058537778 ) ) ;
#2298 = CARTESIAN_POINT ( 'NONE',  ( 14.09999999999999964, 56.00022187457093992, -45.69295510895366164 ) ) ;
#2299 = VECTOR ( 'NONE', #9093, 1000.000000000000000 ) ;
#2300 = DIRECTION ( 'NONE',  ( 0.0000000000000000000, 1.000000000000000000, -3.362642065588203259E-15 ) ) ;
#2301 = AXIS2_PLACEMENT_3D ( 'NONE', #6425, #2606, #139 ) ;
#2302 = CARTESIAN_POINT ( 'NONE',  ( 7.466173505900773222, 56.12937823472870491, -0.3943520144814530726 ) ) ;
#2303 = CARTESIAN_POINT ( 'NONE',  ( 1.277510165842169032, 54.21209402139875522, 0.1403741343648707007 ) ) ;
#2304 = CARTESIAN_POINT ( 'NONE',  ( 7.302274736417069256, 54.95913929129753939, -0.3771815242609358743 ) ) ;
#2305 = ORIENTED_EDGE ( 'NONE', *, *, #1823, .F. ) ;
#2306 = CARTESIAN_POINT ( 'NONE',  ( 8.507936068633201288, 56.42663071391113050, -0.5124773362923660258 ) ) ;
#2307 = EDGE_CURVE ( 'NONE', #8370, #7232, #8195, .T. ) ;
#2308 = CARTESIAN_POINT ( 'NONE',  ( 1.846707333229162806, 56.25335655851267092, -0.02745724643013827682 ) ) ;
#2309 = ORIENTED_EDGE ( 'NONE', *, *, #7393, .F. ) ;
#2310 = FACE_OUTER_BOUND ( 'NONE', #6704, .T. ) ;
#2311 = AXIS2_PLACEMENT_3D ( 'NONE', #8442, #5209, #5424 ) ;
#2312 = CARTESIAN_POINT ( 'NONE',  ( 9.819699933610172238, 56.26325044596041636, -0.3685364120818593325 ) ) ;
#2313 = CARTESIAN_POINT ( 'NONE',  ( 1.223297460283323534, 55.51837296732616522, 0.2952945052459343689 ) ) ;
#2314 = CARTESIAN_POINT ( 'NONE',  ( 9.274869657974573300, 55.50101255927737753, -0.3037559157698065393 ) ) ;
#2315 = DIRECTION ( 'NONE',  ( -1.000000000000000000, -0.0000000000000000000, -0.0000000000000000000 ) ) ;
#2316 = VECTOR ( 'NONE', #5979, 1000.000000000000000 ) ;
#2317 = CARTESIAN_POINT ( 'NONE',  ( 10.53797729034126007, 55.99529458687035799, -0.4844423249036389767 ) ) ;
#2318 = VECTOR ( 'NONE', #7226, 1000.000000000000000 ) ;
#2319 = FACE_OUTER_BOUND ( 'NONE', #799, .T. ) ;
#2320 = CARTESIAN_POINT ( 'NONE',  ( 10.60900915539183131, 55.10884031482221701, -0.8009555158832000199 ) ) ;
#2321 = ORIENTED_EDGE ( 'NONE', *, *, #8778, .F. ) ;
#2322 = DIRECTION ( 'NONE',  ( 0.0000000000000000000, -0.9925461516414275653, -0.1218693434042891904 ) ) ;
#2323 = CARTESIAN_POINT ( 'NONE',  ( -8.500000000000000000, 9.999999999990905053, -28.62380646487849845 ) ) ;
#2324 = CARTESIAN_POINT ( 'NONE',  ( 9.595971288436501823, 55.26699799405708546, -0.6754602429355873738 ) ) ;
#2325 = VECTOR ( 'NONE', #7977, 1000.000000000000000 ) ;
#2326 = CYLINDRICAL_SURFACE ( 'NONE', #2728, 8.450000000000006395 ) ;
#2327 = EDGE_CURVE ( 'NONE', #4917, #3962, #6653, .T. ) ;
#2328 = ORIENTED_EDGE ( 'NONE', *, *, #8069, .F. ) ;
#2329 = LINE ( 'NONE', #1587, #2111 ) ;
#2330 = FACE_OUTER_BOUND ( 'NONE', #6513, .T. ) ;
#2331 = VECTOR ( 'NONE', #2510, 1000.000000000000000 ) ;
#2332 = VERTEX_POINT ( 'NONE', #6699 ) ;
#2333 = CARTESIAN_POINT ( 'NONE',  ( 14.09999999999999964, 55.19999999999969731, -5.754411018422689317 ) ) ;
#2334 = CARTESIAN_POINT ( 'NONE',  ( 7.782747518911230067, 53.83929417192374700, -0.4418531884689683720 ) ) ;
#2335 = CARTESIAN_POINT ( 'NONE',  ( 1.727653892626016763, 55.25820462280093182, 0.2857201262141784159 ) ) ;
#2336 = CARTESIAN_POINT ( 'NONE',  ( -1.142721994011540732, 56.52450284703544980, -0.01648901386714415190 ) ) ;
#2337 = ORIENTED_EDGE ( 'NONE', *, *, #3302, .T. ) ;
#2338 = CARTESIAN_POINT ( 'NONE',  ( 11.27721607060884779, 5.829875481714193342, -0.9026725157468220573 ) ) ;
#2339 = EDGE_CURVE ( 'NONE', #8837, #9822, #9378, .T. ) ;
#2340 = ORIENTED_EDGE ( 'NONE', *, *, #9234, .T. ) ;
#2341 = CARTESIAN_POINT ( 'NONE',  ( 1.434006326372953222, 55.10264177664403462, 0.2948127524685529854 ) ) ;
#2342 = CARTESIAN_POINT ( 'NONE',  ( 7.767364890324684801, 55.39257486563440125, -0.4268722064706926278 ) ) ;
#2343 = VERTEX_POINT ( 'NONE', #5391 ) ;
#2344 = DIRECTION ( 'NONE',  ( 0.0000000000000000000, -2.775557561562887012E-15, -1.000000000000000000 ) ) ;
#2345 = VECTOR ( 'NONE', #3842, 1000.000000000000000 ) ;
#2346 = ORIENTED_EDGE ( 'NONE', *, *, #5384, .F. ) ;
#2347 = EDGE_LOOP ( 'NONE', ( #2360, #9662, #577, #7096 ) ) ;
#2348 = CARTESIAN_POINT ( 'NONE',  ( -13.50000000000000000, 53.00000000000000000, 0.0000000000000000000 ) ) ;
#2349 = DIRECTION ( 'NONE',  ( -1.000000000000000000, -0.0000000000000000000, -0.0000000000000000000 ) ) ;
#2350 = CARTESIAN_POINT ( 'NONE',  ( 8.299020510726645483, 55.14470270845191635, -0.1312072312784052230 ) ) ;
#2351 = LINE ( 'NONE', #6221, #9525 ) ;
#2352 = ADVANCED_FACE ( 'NONE', ( #3040 ), #1687, .T. ) ;
#2353 = APPLICATION_PROTOCOL_DEFINITION ( 'draft international standard', 'automotive_design', 1998, #9527 ) ;
#2354 = CARTESIAN_POINT ( 'NONE',  ( 14.09999999999999964, 18.58128306799195784, -40.19521439518901218 ) ) ;
#2355 = ORIENTED_EDGE ( 'NONE', *, *, #527, .F. ) ;
#2356 = CARTESIAN_POINT ( 'NONE',  ( 0.9232344754536933040, 56.37170430018856138, 0.2940118921751985748 ) ) ;
#2357 = ORIENTED_EDGE ( 'NONE', *, *, #6077, .T. ) ;
#2358 = CARTESIAN_POINT ( 'NONE',  ( 8.668742388863851289, 55.97328563240343158, -0.5321418300575274651 ) ) ;
#2359 = CARTESIAN_POINT ( 'NONE',  ( -1.901010580959484830, 56.69768321019457602, -0.02549934004410225885 ) ) ;
#2360 = ORIENTED_EDGE ( 'NONE', *, *, #5596, .F. ) ;
#2361 = LINE ( 'NONE', #816, #8896 ) ;
#2362 = CARTESIAN_POINT ( 'NONE',  ( 9.903383874476318738, 56.32455024246083042, -0.3685364120818597766 ) ) ;
#2363 = LINE ( 'NONE', #3759, #4170 ) ;
#2364 = CARTESIAN_POINT ( 'NONE',  ( 9.271242276016227635, 55.38530302774956482, -0.3037559157698060952 ) ) ;
#2365 = EDGE_CURVE ( 'NONE', #9841, #8517, #776, .T. ) ;
#2366 = ADVANCED_FACE ( 'NONE', ( #7750, #6086 ), #6859, .T. ) ;
#2367 = LINE ( 'NONE', #5432, #6250 ) ;
#2368 = AXIS2_PLACEMENT_3D ( 'NONE', #5051, #8127, #489 ) ;
#2369 = PLANE ( 'NONE',  #9447 ) ;
#2370 = DIRECTION ( 'NONE',  ( 0.0000000000000000000, -3.284683504808153090E-15, -1.000000000000000000 ) ) ;
#2371 = ORIENTED_EDGE ( 'NONE', *, *, #494, .T. ) ;
#2372 = CARTESIAN_POINT ( 'NONE',  ( 9.992432023837638511, 54.17630859054368386, -0.7079381002449264271 ) ) ;
#2373 = CARTESIAN_POINT ( 'NONE',  ( -1.876675115109489367, 56.69756273752922482, -0.02736481479098749198 ) ) ;
#2374 = CARTESIAN_POINT ( 'NONE',  ( 0.0000000000000000000, 12.60844834401830283, -70.87421554853963812 ) ) ;
#2375 = EDGE_LOOP ( 'NONE', ( #2092, #2191, #6603, #755 ) ) ;
#2376 = AXIS2_PLACEMENT_3D ( 'NONE', #4222, #7297, #7155 ) ;
#2377 = FACE_OUTER_BOUND ( 'NONE', #1028, .T. ) ;
#2378 = LINE ( 'NONE', #8460, #3366 ) ;
#2379 = DIRECTION ( 'NONE',  ( -0.0000000000000000000, -1.000000000000000000, -0.0000000000000000000 ) ) ;
#2380 = FACE_OUTER_BOUND ( 'NONE', #2760, .T. ) ;
#2381 = AXIS2_PLACEMENT_3D ( 'NONE', #4103, #287, #9530 ) ;
#2382 = ORIENTED_EDGE ( 'NONE', *, *, #2080, .T. ) ;
#2383 = ORIENTED_EDGE ( 'NONE', *, *, #6775, .F. ) ;
#2384 = CARTESIAN_POINT ( 'NONE',  ( 0.9451177179338354772, 56.37158812672596753, -0.01861215123666109736 ) ) ;
#2385 = CARTESIAN_POINT ( 'NONE',  ( 14.09999999999999964, 2.249999999999998668, -48.69521209059480782 ) ) ;
#2386 = CARTESIAN_POINT ( 'NONE',  ( 7.956083687925379344, 55.71900370387636769, -0.1407445101694961009 ) ) ;
#2387 = EDGE_CURVE ( 'NONE', #1346, #88, #7650, .T. ) ;
#2388 = FACE_OUTER_BOUND ( 'NONE', #5396, .T. ) ;
#2389 = CARTESIAN_POINT ( 'NONE',  ( 8.377745071499507645, 54.72185078536064395, -0.1326601476622890075 ) ) ;
#2390 = AXIS2_PLACEMENT_3D ( 'NONE', #2166, #5215, #2920 ) ;
#2391 = ORIENTED_EDGE ( 'NONE', *, *, #3941, .F. ) ;
#2392 = DIRECTION ( 'NONE',  ( 0.0000000000000000000, 0.0000000000000000000, 1.000000000000000000 ) ) ;
#2393 = CARTESIAN_POINT ( 'NONE',  ( -0.8117503696004834124, 56.11236743853322650, -0.009782707134597251608 ) ) ;
#2394 = ORIENTED_EDGE ( 'NONE', *, *, #7344, .T. ) ;
#2395 = LINE ( 'NONE', #906, #5876 ) ;
#2396 = VERTEX_POINT ( 'NONE', #9143 ) ;
#2397 = DIRECTION ( 'NONE',  ( 1.000000000000000000, 0.0000000000000000000, 0.0000000000000000000 ) ) ;
#2398 = ORIENTED_EDGE ( 'NONE', *, *, #5854, .F. ) ;
#2399 = EDGE_CURVE ( 'NONE', #1170, #9074, #4680, .T. ) ;
#2400 = CIRCLE ( 'NONE', #5113, 71.17421554853964949 ) ;
#2401 = CARTESIAN_POINT ( 'NONE',  ( -1.268238486435136592, 56.17049177543753302, 0.2887061685180361548 ) ) ;
#2402 = CARTESIAN_POINT ( 'NONE',  ( 8.113337419875287893, 55.33193674150701469, -0.4992202662322279827 ) ) ;
#2403 = DIRECTION ( 'NONE',  ( -0.0000000000000000000, 1.000000000000000000, 4.007695160622047496E-16 ) ) ;
#2404 = ORIENTED_EDGE ( 'NONE', *, *, #4274, .F. ) ;
#2405 = CARTESIAN_POINT ( 'NONE',  ( 8.288815674004927914, 56.11469993516971044, -0.1842969812631481130 ) ) ;
#2406 = VERTEX_POINT ( 'NONE', #1482 ) ;
#2407 = CARTESIAN_POINT ( 'NONE',  ( -0.6542544373080282361, 55.30038819490839330, -0.003019842864396156228 ) ) ;
#2408 = DIRECTION ( 'NONE',  ( -1.000000000000000000, -0.0000000000000000000, -0.0000000000000000000 ) ) ;
#2409 = VERTEX_POINT ( 'NONE', #9195 ) ;
#2410 = ORIENTED_EDGE ( 'NONE', *, *, #3233, .F. ) ;
#2411 = DIRECTION ( 'NONE',  ( 0.0000000000000000000, 3.416052647483371876E-15, 1.000000000000000000 ) ) ;
#2412 = ORIENTED_EDGE ( 'NONE', *, *, #7963, .F. ) ;
#2414 = ADVANCED_FACE ( 'NONE', ( #3930 ), #1860, .F. ) ;
#2413 = DIRECTION ( 'NONE',  ( 0.0000000000000000000, 0.0000000000000000000, -1.000000000000000000 ) ) ;
#2415 = CARTESIAN_POINT ( 'NONE',  ( 9.759243419300805300, 56.19347429423234530, -0.7254125390959409447 ) ) ;
#2416 = CARTESIAN_POINT ( 'NONE',  ( 9.271618673215781925, 55.42127054784398155, -0.3064746975039260857 ) ) ;
#2417 = CARTESIAN_POINT ( 'NONE',  ( 9.321910959725927981, 55.90547160737230570, -0.3037559157698060952 ) ) ;
#2418 = VECTOR ( 'NONE', #2780, 1000.000000000000114 ) ;
#2419 = DIRECTION ( 'NONE',  ( 1.000000000000000000, 0.0000000000000000000, 0.0000000000000000000 ) ) ;
#2420 = CARTESIAN_POINT ( 'NONE',  ( 12.15000000000000036, 7.750000000000000888, -50.69816221708082082 ) ) ;
#2421 = LINE ( 'NONE', #6081, #451 ) ;
#2422 = CYLINDRICAL_SURFACE ( 'NONE', #2613, 2.500000000000000000 ) ;
#2423 = DIRECTION ( 'NONE',  ( -0.0000000000000000000, -1.000000000000000000, -0.0000000000000000000 ) ) ;
#2424 = ORIENTED_EDGE ( 'NONE', *, *, #311, .F. ) ;
#2425 = CARTESIAN_POINT ( 'NONE',  ( 14.09999999999999964, 20.18107628681016052, -50.69521439518830164 ) ) ;
#2426 = EDGE_CURVE ( 'NONE', #8527, #1172, #813, .T. ) ;
#2427 = EDGE_CURVE ( 'NONE', #7390, #2068, #2153, .T. ) ;
#2429 = EDGE_CURVE ( 'NONE', #4208, #4800, #9897, .T. ) ;
#2428 = CARTESIAN_POINT ( 'NONE',  ( -1.636646003971047314, 56.68793800241944325, -0.02736481479098749198 ) ) ;
#2430 = DIRECTION ( 'NONE',  ( 1.000000000000000000, 0.0000000000000000000, 0.0000000000000000000 ) ) ;
#2431 = ORIENTED_EDGE ( 'NONE', *, *, #86, .F. ) ;
#2432 = DIRECTION ( 'NONE',  ( 0.0000000000000000000, 0.0000000000000000000, 1.000000000000000000 ) ) ;
#2433 = CARTESIAN_POINT ( 'NONE',  ( 1.836334631654581662, 55.16787403612772067, -0.02377951416964812006 ) ) ;
#2434 = DIRECTION ( 'NONE',  ( -1.000000000000000000, -0.0000000000000000000, -0.0000000000000000000 ) ) ;
#2435 = CARTESIAN_POINT ( 'NONE',  ( -1.171437039491985299, 54.03031651970383820, 0.2903929069344332592 ) ) ;
#2436 = VERTEX_POINT ( 'NONE', #5491 ) ;
#2437 = ORIENTED_EDGE ( 'NONE', *, *, #9088, .T. ) ;
#2438 = EDGE_CURVE ( 'NONE', #7184, #1269, #4558, .T. ) ;
#2439 = DIRECTION ( 'NONE',  ( -1.000000000000000000, -0.0000000000000000000, -0.0000000000000000000 ) ) ;
#2440 = AXIS2_PLACEMENT_3D ( 'NONE', #3147, #3198, #3881 ) ;
#2441 = CARTESIAN_POINT ( 'NONE',  ( 7.218396393043089887, 54.15252116317443409, -0.03936411257272963427 ) ) ;
#2442 = CARTESIAN_POINT ( 'NONE',  ( 8.008133446672333733, 55.71754220495179766, -0.1407445101694958789 ) ) ;
#2443 = CARTESIAN_POINT ( 'NONE',  ( -1.371284684339336923, 56.63713053703873612, -0.01323293526756421680 ) ) ;
#2444 = CARTESIAN_POINT ( 'NONE',  ( 5.743875370271397607, 56.60192092962174115, 0.1245479781011751691 ) ) ;
#2445 = CYLINDRICAL_SURFACE ( 'NONE', #2176, 0.5000000000000073275 ) ;
#2446 = DIRECTION ( 'NONE',  ( 0.0000000000000000000, 1.000000000000000000, -0.0000000000000000000 ) ) ;
#2447 = ORIENTED_EDGE ( 'NONE', *, *, #3760, .F. ) ;
#2448 = CARTESIAN_POINT ( 'NONE',  ( -8.673617379884035472E-16, 14.00000000001000444, -33.70200572722875876 ) ) ;
#2449 = ORIENTED_EDGE ( 'NONE', *, *, #4202, .F. ) ;
#2450 = DIRECTION ( 'NONE',  ( 0.0000000000000000000, -0.0000000000000000000, -1.000000000000000000 ) ) ;
#2451 = CARTESIAN_POINT ( 'NONE',  ( -1.897049031705940081, 56.37170430018856138, -0.02725522043429409041 ) ) ;
#2452 = CARTESIAN_POINT ( 'NONE',  ( 14.09999999999999964, 17.78128306799198555, -40.19521439518901218 ) ) ;
#2453 = DIRECTION ( 'NONE',  ( 0.0000000000000000000, 1.000000000000000000, 0.0000000000000000000 ) ) ;
#2454 = CARTESIAN_POINT ( 'NONE',  ( -4.724999999999997868, 57.00000000000006395, -21.69999999999994600 ) ) ;
#2455 =( BOUNDED_CURVE ( )  B_SPLINE_CURVE ( 3, ( #5518, #8734, #193, #4916 ),
 .UNSPECIFIED., .F., .T. ) 
 B_SPLINE_CURVE_WITH_KNOTS ( ( 4, 4 ),
 ( 1.570796326794897002, 3.141592653589793116 ),
 .UNSPECIFIED. ) 
 CURVE ( )  GEOMETRIC_REPRESENTATION_ITEM ( )  RATIONAL_B_SPLINE_CURVE ( ( 1.000000000000000000, 0.8047378541243650485, 0.8047378541243650485, 1.000000000000000000 ) ) 
 REPRESENTATION_ITEM ( '' )  );
#2456 = EDGE_LOOP ( 'NONE', ( #7410, #5410, #7399, #9521 ) ) ;
#2457 = B_SPLINE_SURFACE_WITH_KNOTS ( 'NONE', 3, 1, ( 
 ( #1966, #4310 ),
 ( #6676, #8838 ),
 ( #1178, #9723 ),
 ( #2857, #1310 ),
 ( #3472, #5912 ),
 ( #8043, #7382 ),
 ( #7423, #9590 ),
 ( #2722, #497 ),
 ( #4269, #8919 ),
 ( #2767, #8876 ),
 ( #7472, #5102 ),
 ( #595, #6625 ),
 ( #9635, #2813 ),
 ( #8219, #4217 ),
 ( #5866, #2056 ),
 ( #3516, #8970 ),
 ( #9771, #8174 ),
 ( #6538, #7291 ),
 ( #4350, #4403 ),
 ( #7340, #543 ),
 ( #2903, #5956 ),
 ( #5144, #1359 ),
 ( #9010, #2148 ) ),
 .UNSPECIFIED., .F., .F., .F.,
 ( 4, 1, 1, 1, 1, 1, 1, 1, 1, 1, 1, 1, 1, 1, 1, 1, 1, 1, 1, 1, 4 ),
 ( 2, 2 ),
 ( 0.0000000000000000000, 0.09216024748475692974, 0.1817030810126187002, 0.2705312798147911368, 0.3590183865276633801, 0.4026727369530772593, 0.4451755406432523210, 0.4867284094099739167, 0.5273696999633615823, 0.5671424022754908423, 0.6068751721455114545, 0.6459533211163098754, 0.6850903273393017523, 0.7240382697041425342, 0.7628821412015702741, 0.8012841820393601378, 0.8398388662796526516, 0.8788784054893029607, 0.9185071626943233092, 0.9589448343630222471, 0.9999999999999998890 ),
 ( 0.0000000000000000000, 1.000000000000000000 ),
 .UNSPECIFIED. ) ;
#2458 = ORIENTED_EDGE ( 'NONE', *, *, #6294, .T. ) ;
#2459 = DIRECTION ( 'NONE',  ( 0.0000000000000000000, -1.000000000000000000, 0.0000000000000000000 ) ) ;
#2460 = PRODUCT_RELATED_PRODUCT_CATEGORY ( 'part', '', ( #8640 ) ) ;
#2461 = VERTEX_POINT ( 'NONE', #2323 ) ;
#2462 = ADVANCED_FACE ( 'NONE', ( #4581 ), #8458, .T. ) ;
#2463 = PLANE ( 'NONE',  #3425 ) ;
#2464 = EDGE_LOOP ( 'NONE', ( #3931, #8404, #5175, #1186 ) ) ;
#2465 = EDGE_LOOP ( 'NONE', ( #8935, #9855, #7883, #2900 ) ) ;
#2466 = DIRECTION ( 'NONE',  ( 0.0000000000000000000, -1.613696256724364402E-15, -1.000000000000000000 ) ) ;
#2467 = LINE ( 'NONE', #7941, #9046 ) ;
#2468 = DIRECTION ( 'NONE',  ( 1.000000000000000000, 0.0000000000000000000, 0.0000000000000000000 ) ) ;
#2469 = DIRECTION ( 'NONE',  ( 0.6691306063588623454, 0.0000000000000000000, 0.7431448254773906914 ) ) ;
#2470 = VECTOR ( 'NONE', #2928, 1000.000000000000000 ) ;
#2471 = LINE ( 'NONE', #7852, #1944 ) ;
#2472 = CARTESIAN_POINT ( 'NONE',  ( 8.130848026608379797, 56.30991623360857545, -0.4679166022224090504 ) ) ;
#2473 = ADVANCED_FACE ( 'NONE', ( #2219 ), #170, .F. ) ;
#2474 = CARTESIAN_POINT ( 'NONE',  ( -14.09999999999999964, 2.500000000000042188, -50.69940716680027037 ) ) ;
#2475 = LINE ( 'NONE', #3286, #6200 ) ;
#2476 = AXIS2_PLACEMENT_3D ( 'NONE', #3545, #4256, #8167 ) ;
#2477 = VECTOR ( 'NONE', #5267, 1000.000000000000000 ) ;
#2478 = ORIENTED_EDGE ( 'NONE', *, *, #4152, .F. ) ;
#2479 = CARTESIAN_POINT ( 'NONE',  ( -5.494198100116994610, 0.0000000000000000000, -3.297607197594146111 ) ) ;
#2480 = CARTESIAN_POINT ( 'NONE',  ( -18.90721874736048136, 36.78974845414018091, -33.49521209058222126 ) ) ;
#2481 = CARTESIAN_POINT ( 'NONE',  ( 1.258656573476281126, 54.20916433543983004, -0.01117462575412178465 ) ) ;
#2482 = ORIENTED_EDGE ( 'NONE', *, *, #3343, .T. ) ;
#2483 = CARTESIAN_POINT ( 'NONE',  ( 1.543617670597958291, 54.35624694287482583, -0.02103992808024594124 ) ) ;
#2484 = AXIS2_PLACEMENT_3D ( 'NONE', #4812, #9020, #5266 ) ;
#2485 = VECTOR ( 'NONE', #5128, 1000.000000000000000 ) ;
#2486 = CYLINDRICAL_SURFACE ( 'NONE', #3823, 71.17421554853964949 ) ;
#2487 = EDGE_CURVE ( 'NONE', #85, #6226, #3447, .T. ) ;
#2488 = CARTESIAN_POINT ( 'NONE',  ( 14.09999999999999964, 9.047425266573053904, 9.047425266573011271 ) ) ;
#2489 = EDGE_CURVE ( 'NONE', #7826, #2888, #1629, .T. ) ;
#2490 = CARTESIAN_POINT ( 'NONE',  ( 14.09999999999999964, 11.80000000000000426, -5.754411018423118307 ) ) ;
#2491 = CARTESIAN_POINT ( 'NONE',  ( 7.855492920671773405, 54.16229168792560955, -0.4366853491201425630 ) ) ;
#2492 = ORIENTED_EDGE ( 'NONE', *, *, #2998, .F. ) ;
#2493 = AXIS2_PLACEMENT_3D ( 'NONE', #8155, #2032, #4331 ) ;
#2494 = EDGE_LOOP ( 'NONE', ( #5259, #6590, #850, #8911 ) ) ;
#2495 = CARTESIAN_POINT ( 'NONE',  ( 1.538444835794471999, 55.99881222849504070, -0.01861215123666131593 ) ) ;
#2496 = LINE ( 'NONE', #7760, #1211 ) ;
#2497 = CARTESIAN_POINT ( 'NONE',  ( 1.980223159448817993, 54.90907496395135468, 0.2857201262141786380 ) ) ;
#2498 = FACE_OUTER_BOUND ( 'NONE', #2771, .T. ) ;
#2499 = VECTOR ( 'NONE', #5318, 1000.000000000000000 ) ;
#2500 = EDGE_CURVE ( 'NONE', #8993, #4293, #1741, .T. ) ;
#2501 = CARTESIAN_POINT ( 'NONE',  ( 8.378983357747397775, 54.79161208363164803, -0.1326601476622896736 ) ) ;
#2502 = DIRECTION ( 'NONE',  ( -0.0000000000000000000, 0.0000000000000000000, 1.000000000000000000 ) ) ;
#2503 = DIRECTION ( 'NONE',  ( 0.0000000000000000000, 0.0000000000000000000, 1.000000000000000000 ) ) ;
#2504 = VERTEX_POINT ( 'NONE', #5598 ) ;
#2505 = FACE_OUTER_BOUND ( 'NONE', #3883, .T. ) ;
#2506 = ORIENTED_EDGE ( 'NONE', *, *, #9657, .T. ) ;
#2507 = DIRECTION ( 'NONE',  ( -1.000000000000000000, -0.0000000000000000000, -0.0000000000000000000 ) ) ;
#2508 = ORIENTED_EDGE ( 'NONE', *, *, #7559, .F. ) ;
#2509 = CIRCLE ( 'NONE', #7796, 1.000000000000119682 ) ;
#2510 = DIRECTION ( 'NONE',  ( 1.000000000000000000, 0.0000000000000000000, -0.0000000000000000000 ) ) ;
#2511 = DIRECTION ( 'NONE',  ( 0.0000000000000000000, 0.0000000000000000000, -1.000000000000000000 ) ) ;
#2512 = CARTESIAN_POINT ( 'NONE',  ( 14.09999999999999964, 10.49999999999999467, -3.118128122775017719 ) ) ;
#2513 = CARTESIAN_POINT ( 'NONE',  ( 10.69723229832930755, 59.85600527474577603, -0.8116476230062362740 ) ) ;
#2514 = ORIENTED_EDGE ( 'NONE', *, *, #948, .T. ) ;
#2515 = ORIENTED_EDGE ( 'NONE', *, *, #1585, .T. ) ;
#2516 = CARTESIAN_POINT ( 'NONE',  ( -0.6558730751649987090, 55.21143178080237846, -0.003034785479513344309 ) ) ;
#2517 = CIRCLE ( 'NONE', #8121, 4.000000000000327738 ) ;
#2518 = ORIENTED_EDGE ( 'NONE', *, *, #2853, .T. ) ;
#2519 = B_SPLINE_CURVE_WITH_KNOTS ( 'NONE', 3,
 ( #4604, #41, #5253, #5306 ),
 .UNSPECIFIED., .F., .F.,
 ( 4, 4 ),
 ( 0.0000000000000000000, 0.0004394299470121746493 ),
 .UNSPECIFIED. ) ;
#2520 = CARTESIAN_POINT ( 'NONE',  ( 7.855492920671773405, 54.16229168792560955, -0.4366853491201425630 ) ) ;
#2521 = ORIENTED_EDGE ( 'NONE', *, *, #7546, .T. ) ;
#2522 = DIRECTION ( 'NONE',  ( -0.0000000000000000000, -0.0000000000000000000, 1.000000000000000000 ) ) ;
#2523 = ORIENTED_EDGE ( 'NONE', *, *, #7884, .T. ) ;
#2524 = CARTESIAN_POINT ( 'NONE',  ( 1.087511060972200294, 54.19897204200355390, 0.2917013534900536054 ) ) ;
#2525 = LINE ( 'NONE', #4828, #9014 ) ;
#2526 = DIRECTION ( 'NONE',  ( 1.000000000000000000, 0.0000000000000000000, 0.0000000000000000000 ) ) ;
#2527 = CARTESIAN_POINT ( 'NONE',  ( 10.03551630433456587, 56.69658289073027646, -0.3037559157698060952 ) ) ;
#2528 = VECTOR ( 'NONE', #187, 1000.000000000000000 ) ;
#2529 = EDGE_CURVE ( 'NONE', #5271, #5359, #267, .T. ) ;
#2530 = CARTESIAN_POINT ( 'NONE',  ( -1.080765683428638990, 54.76100461588668367, 0.2945660869772367407 ) ) ;
#2531 = PLANE ( 'NONE',  #2376 ) ;
#2532 = B_SPLINE_CURVE_WITH_KNOTS ( 'NONE', 3,
 ( #6913, #2991, #5395, #9900, #3776, #6962, #9098, #889, #9310, #2435, #1484, #1633, #667, #4481, #4528, #5496 ),
 .UNSPECIFIED., .F., .F.,
 ( 4, 2, 2, 2, 2, 2, 2, 4 ),
 ( 0.0000000000000000000, 0.0002648915388321153828, 0.0005297830776642307657, 0.001059566155328461531, 0.001324457694160576914, 0.001589349232992692297, 0.001854240771824807680, 0.002119132310656923063 ),
 .UNSPECIFIED. ) ;
#2533 = CARTESIAN_POINT ( 'NONE',  ( 14.09999999999999964, 9.047425266573053904, 9.047425266573011271 ) ) ;
#2534 = CARTESIAN_POINT ( 'NONE',  ( 1.080059449301385532, 55.17561986712644284, 0.2918469571075890112 ) ) ;
#2535 = ORIENTED_EDGE ( 'NONE', *, *, #9076, .F. ) ;
#2536 = CARTESIAN_POINT ( 'NONE',  ( 14.09999999999999964, 53.00000000000000000, -5.754411018423071233 ) ) ;
#2537 = CARTESIAN_POINT ( 'NONE',  ( 14.09999999999999964, 67.00195731433238677, -48.20000000000000995 ) ) ;
#2538 = DIRECTION ( 'NONE',  ( -0.0000000000000000000, 1.000000000000000000, -3.362642065588203259E-15 ) ) ;
#2539 = ORIENTED_EDGE ( 'NONE', *, *, #5511, .F. ) ;
#2540 = EDGE_CURVE ( 'NONE', #9676, #635, #6350, .T. ) ;
#2541 = CIRCLE ( 'NONE', #1575, 3.421800737649697499 ) ;
#2542 = CARTESIAN_POINT ( 'NONE',  ( 14.09999999999999964, 23.38128306798728318, -40.69521439518901218 ) ) ;
#2543 = CARTESIAN_POINT ( 'NONE',  ( -1.048263142615590393, 55.69921540714963015, -0.01695970555067678742 ) ) ;
#2544 = DIRECTION ( 'NONE',  ( -1.000000000000000000, -0.0000000000000000000, -0.0000000000000000000 ) ) ;
#2545 = CARTESIAN_POINT ( 'NONE',  ( 1.528512956818218305, 56.07759311427616211, -0.01647795696064001739 ) ) ;
#2546 = LINE ( 'NONE', #368, #9330 ) ;
#2547 = CARTESIAN_POINT ( 'NONE',  ( 9.778651900328656055, 54.32468647698608777, -0.3476052596559754959 ) ) ;
#2548 = ORIENTED_EDGE ( 'NONE', *, *, #1615, .T. ) ;
#2549 = AXIS2_PLACEMENT_3D ( 'NONE', #4578, #614, #770 ) ;
#2550 = ORIENTED_EDGE ( 'NONE', *, *, #2985, .F. ) ;
#2551 = CARTESIAN_POINT ( 'NONE',  ( -1.901010580959485052, 56.69768321019457602, 0.1299568888629975827 ) ) ;
#2552 = CARTESIAN_POINT ( 'NONE',  ( -14.09999999999999964, 10.52999999999999758, -3.118128122775018163 ) ) ;
#2553 = DIRECTION ( 'NONE',  ( 0.0000000000000000000, 0.0000000000000000000, 1.000000000000000000 ) ) ;
#2554 = ADVANCED_FACE ( 'NONE', ( #3339 ), #4522, .T. ) ;
#2555 = AXIS2_PLACEMENT_3D ( 'NONE', #9921, #6110, #4707 ) ;
#2556 = CARTESIAN_POINT ( 'NONE',  ( 8.359648660418237398, 54.59126811832460646, -0.4992116007269599698 ) ) ;
#2557 = CARTESIAN_POINT ( 'NONE',  ( 1.049438115959492102, 54.19851156681517068, 0.1403741343648707007 ) ) ;
#2558 = DIRECTION ( 'NONE',  ( 1.589839371263223913E-13, 0.0000000000000000000, 1.000000000000000000 ) ) ;
#2559 = ORIENTED_EDGE ( 'NONE', *, *, #5180, .T. ) ;
#2560 = CYLINDRICAL_SURFACE ( 'NONE', #1734, 7.249999999999999112 ) ;
#2561 = CARTESIAN_POINT ( 'NONE',  ( 14.09999999999999964, 55.19999999999969731, 0.0000000000000000000 ) ) ;
#2562 = ORIENTED_EDGE ( 'NONE', *, *, #6356, .T. ) ;
#2563 = CARTESIAN_POINT ( 'NONE',  ( 5.676980392586473023, 56.07402217056502991, -0.2298278560399709403 ) ) ;
#2564 = VECTOR ( 'NONE', #2861, 1000.000000000000000 ) ;
#2565 = DIRECTION ( 'NONE',  ( 1.000000000000000000, 0.0000000000000000000, 0.0000000000000000000 ) ) ;
#2566 = EDGE_CURVE ( 'NONE', #9807, #4772, #9769, .T. ) ;
#2567 = CARTESIAN_POINT ( 'NONE',  ( -1.044514722422061670, 55.69194973199461884, 0.2923362393780480351 ) ) ;
#2568 = CARTESIAN_POINT ( 'NONE',  ( 14.09999999999999964, 12.48128306799198484, -40.19521439518901218 ) ) ;
#2569 = CARTESIAN_POINT ( 'NONE',  ( 13.48029628710176020, 57.25159325705580926, -1.293775883102713742 ) ) ;
#2570 = ORIENTED_EDGE ( 'NONE', *, *, #7392, .T. ) ;
#2571 = ORIENTED_EDGE ( 'NONE', *, *, #8563, .F. ) ;
#2572 = LINE ( 'NONE', #1871, #5081 ) ;
#2573 = VERTEX_POINT ( 'NONE', #9510 ) ;
#2574 = B_SPLINE_CURVE_WITH_KNOTS ( 'NONE', 3,
 ( #3908, #3168, #9283, #2405, #5469, #8533, #1659, #6479 ),
 .UNSPECIFIED., .F., .F.,
 ( 4, 2, 2, 4 ),
 ( 0.0000000000000000000, 0.0001594362310258186973, 0.0002391543465387280460, 0.0003188724620516373946 ),
 .UNSPECIFIED. ) ;
#2575 = CARTESIAN_POINT ( 'NONE',  ( 1.874472648460678847, 56.17551060973183752, 0.2753132259320667519 ) ) ;
#2576 = ORIENTED_EDGE ( 'NONE', *, *, #2119, .F. ) ;
#2577 = VECTOR ( 'NONE', #3853, 1000.000000000000000 ) ;
#2578 = DIRECTION ( 'NONE',  ( 8.881784197001252323E-16, 0.0000000000000000000, 1.000000000000000000 ) ) ;
#2579 = ORIENTED_EDGE ( 'NONE', *, *, #7503, .F. ) ;
#2580 = EDGE_CURVE ( 'NONE', #4668, #8283, #3441, .T. ) ;
#2581 = CARTESIAN_POINT ( 'NONE',  ( 5.772712799145000240, 56.65813907970097318, 0.06551351838797427052 ) ) ;
#2582 = CARTESIAN_POINT ( 'NONE',  ( 9.667126660849087116, 54.53880628001281394, -0.3595660558053416223 ) ) ;
#2583 = CARTESIAN_POINT ( 'NONE',  ( -8.500000000000000000, 9.999999999990905053, -30.28020498957406659 ) ) ;
#2584 = CARTESIAN_POINT ( 'NONE',  ( 14.09999999999999964, 23.38128306798724054, 2.317717750656940221E-14 ) ) ;
#2585 = DIRECTION ( 'NONE',  ( 1.000000000000000000, 0.0000000000000000000, 0.0000000000000000000 ) ) ;
#2586 = ORIENTED_EDGE ( 'NONE', *, *, #5167, .F. ) ;
#2587 = DIRECTION ( 'NONE',  ( 0.0000000000000000000, 0.0000000000000000000, -1.000000000000000000 ) ) ;
#2588 = DIRECTION ( 'NONE',  ( 0.0000000000000000000, 1.000000000000000000, 0.0000000000000000000 ) ) ;
#2589 = ORIENTED_EDGE ( 'NONE', *, *, #6166, .T. ) ;
#2590 = DIRECTION ( 'NONE',  ( 0.0000000000000000000, 0.0000000000000000000, 1.000000000000000000 ) ) ;
#2591 = AXIS2_PLACEMENT_3D ( 'NONE', #1353, #9004, #4395 ) ;
#2592 = ORIENTED_EDGE ( 'NONE', *, *, #6915, .T. ) ;
#2593 = CARTESIAN_POINT ( 'NONE',  ( -8.500000000000000000, 9.999999999990905053, -25.20200572722880139 ) ) ;
#2594 = PLANE ( 'NONE',  #9760 ) ;
#2595 = CARTESIAN_POINT ( 'NONE',  ( 7.292386991060699764, 54.81028795868407855, -0.3761622307815153943 ) ) ;
#2596 = EDGE_CURVE ( 'NONE', #1531, #1852, #8235, .T. ) ;
#2597 = EDGE_CURVE ( 'NONE', #2186, #9151, #7395, .T. ) ;
#2598 = EDGE_LOOP ( 'NONE', ( #4911, #1928, #1414, #4929 ) ) ;
#2599 = CARTESIAN_POINT ( 'NONE',  ( 0.4178539778228485546, 55.17644829683319330, 0.7023928024058537778 ) ) ;
#2600 = FACE_OUTER_BOUND ( 'NONE', #9306, .T. ) ;
#2601 = FACE_OUTER_BOUND ( 'NONE', #5031, .T. ) ;
#2602 = LINE ( 'NONE', #8576, #8149 ) ;
#2603 = DIRECTION ( 'NONE',  ( 0.0000000000000000000, 1.000000000000000000, -3.362642065588203259E-15 ) ) ;
#2604 = EDGE_CURVE ( 'NONE', #2807, #7209, #6741, .T. ) ;
#2605 = FACE_OUTER_BOUND ( 'NONE', #4339, .T. ) ;
#2606 = DIRECTION ( 'NONE',  ( 0.0000000000000000000, -2.154182201811218676E-17, -1.000000000000000000 ) ) ;
#2607 = ORIENTED_EDGE ( 'NONE', *, *, #1515, .F. ) ;
#2608 = CARTESIAN_POINT ( 'NONE',  ( 7.494245822567020987, 55.57756281827366962, -0.07234574897400491977 ) ) ;
#2609 = CARTESIAN_POINT ( 'NONE',  ( -1.542454734840312369, 56.33961128822669195, 0.2868131980923045443 ) ) ;
#2610 = PLANE ( 'NONE',  #4548 ) ;
#2611 = CARTESIAN_POINT ( 'NONE',  ( -8.673617379884035472E-16, 13.99999999999999467, -25.20200572722874810 ) ) ;
#2612 = LINE ( 'NONE', #7191, #5837 ) ;
#2613 = AXIS2_PLACEMENT_3D ( 'NONE', #1529, #768, #7589 ) ;
#2614 = ORIENTED_EDGE ( 'NONE', *, *, #5961, .T. ) ;
#2615 = EDGE_LOOP ( 'NONE', ( #541, #2777, #2937, #6114 ) ) ;
#2616 = EDGE_CURVE ( 'NONE', #9151, #8390, #3924, .T. ) ;
#2617 = CARTESIAN_POINT ( 'NONE',  ( -0.6910279102933095663, 54.85968754861217889, -0.003365738197759991605 ) ) ;
#2618 = EDGE_CURVE ( 'NONE', #8356, #235, #464, .T. ) ;
#2619 = VERTEX_POINT ( 'NONE', #8147 ) ;
#2620 = EDGE_CURVE ( 'NONE', #8771, #4849, #9604, .T. ) ;
#2621 = DIRECTION ( 'NONE',  ( -1.000000000000000000, 0.0000000000000000000, 0.0000000000000000000 ) ) ;
#2622 = VERTEX_POINT ( 'NONE', #8934 ) ;
#2623 = DIRECTION ( 'NONE',  ( -0.0000000000000000000, -1.000000000000000000, -0.0000000000000000000 ) ) ;
#2624 = VERTEX_POINT ( 'NONE', #6596 ) ;
#2625 = CARTESIAN_POINT ( 'NONE',  ( 7.932624450095183910, 54.16459640405462039, -0.4452873853021441786 ) ) ;
#2626 = CARTESIAN_POINT ( 'NONE',  ( 5.676980392586472135, 53.87253265680915604, -0.2277271485982973465 ) ) ;
#2627 = DIRECTION ( 'NONE',  ( 0.0000000000000000000, -3.357529308342205333E-15, -1.000000000000000000 ) ) ;
#2628 = CARTESIAN_POINT ( 'NONE',  ( 9.552779272496643159, 56.45471427333595926, -0.3037559157698058732 ) ) ;
#2629 = CARTESIAN_POINT ( 'NONE',  ( -14.59999999999999964, 36.78974845414018091, -33.49521209058222126 ) ) ;
#2630 = ADVANCED_FACE ( 'NONE', ( #9734 ), #2733, .T. ) ;
#2631 = ORIENTED_EDGE ( 'NONE', *, *, #8973, .T. ) ;
#2632 = DIRECTION ( 'NONE',  ( -1.000000000000000000, 0.0000000000000000000, -0.0000000000000000000 ) ) ;
#2633 = LINE ( 'NONE', #4412, #7018 ) ;
#2634 = DIRECTION ( 'NONE',  ( -0.0000000000000000000, -0.0000000000000000000, 1.000000000000000000 ) ) ;
#2635 = AXIS2_PLACEMENT_3D ( 'NONE', #654, #9028, #8847 ) ;
#2636 = CARTESIAN_POINT ( 'NONE',  ( 7.696634006561481556, 56.33592128543807576, -0.4191327578635933304 ) ) ;
#2637 = CARTESIAN_POINT ( 'NONE',  ( 6.966626636163955055, 55.22832808262435123, -0.03977020646210322613 ) ) ;
#2638 = ORIENTED_EDGE ( 'NONE', *, *, #311, .T. ) ;
#2639 = CARTESIAN_POINT ( 'NONE',  ( 10.86640850271305325, 54.54287804968740261, -0.8513888723903014766 ) ) ;
#2640 = CARTESIAN_POINT ( 'NONE',  ( 14.09999999999999964, 17.78128306799198910, -48.19521439518879191 ) ) ;
#2641 = CARTESIAN_POINT ( 'NONE',  ( -1.146004605515909436, 55.99140107519205856, -0.01695970555067700253 ) ) ;
#2642 = AXIS2_PLACEMENT_3D ( 'NONE', #7820, #955, #4754 ) ;
#2643 = DIRECTION ( 'NONE',  ( 0.0000000000000000000, -0.7071067811865460184, 0.7071067811865489050 ) ) ;
#2644 = AXIS2_PLACEMENT_3D ( 'NONE', #4120, #1728, #6334 ) ;
#2645 = FACE_OUTER_BOUND ( 'NONE', #1196, .T. ) ;
#2646 = DIRECTION ( 'NONE',  ( 1.000000000000000000, 0.0000000000000000000, 0.0000000000000000000 ) ) ;
#2647 = ORIENTED_EDGE ( 'NONE', *, *, #2791, .F. ) ;
#2648 = ORIENTED_EDGE ( 'NONE', *, *, #3399, .T. ) ;
#2649 = CARTESIAN_POINT ( 'NONE',  ( -14.09999999999999964, 0.0000000000000000000, -40.19521439518901929 ) ) ;
#2650 = DIRECTION ( 'NONE',  ( 0.0000000000000000000, 0.0000000000000000000, -1.000000000000000000 ) ) ;
#2651 = FACE_OUTER_BOUND ( 'NONE', #6696, .T. ) ;
#2652 = AXIS2_PLACEMENT_3D ( 'NONE', #4903, #8015, #1985 ) ;
#2653 = CARTESIAN_POINT ( 'NONE',  ( -13.50000000000000000, 12.90000000000007851, -2.797607197594146555 ) ) ;
#2654 = ORIENTED_EDGE ( 'NONE', *, *, #64, .T. ) ;
#2655 = CARTESIAN_POINT ( 'NONE',  ( -14.09999999999999964, 20.18107628681015697, -50.69521439518830164 ) ) ;
#2656 = VECTOR ( 'NONE', #4902, 1000.000000000000000 ) ;
#2657 = VECTOR ( 'NONE', #8971, 1000.000000000000000 ) ;
#2658 = ORIENTED_EDGE ( 'NONE', *, *, #846, .T. ) ;
#2659 = B_SPLINE_CURVE_WITH_KNOTS ( 'NONE', 3,
 ( #8039, #7286, #3467, #399, #8873, #1266, #4307, #7378, #491, #8215, #7469, #591, #3552, #9767 ),
 .UNSPECIFIED., .F., .F.,
 ( 4, 2, 2, 2, 2, 2, 4 ),
 ( 0.0000000000000000000, 0.0004626612514771277036, 0.0009253225029542554072, 0.001156653128692808688, 0.001387983754431362186, 0.001619314380169915467, 0.001850645005908468964 ),
 .UNSPECIFIED. ) ;
#2660 = LINE ( 'NONE', #8120, #6336 ) ;
#2661 = CARTESIAN_POINT ( 'NONE',  ( 13.34476599995690904, 57.82874107883885273, -1.267623730324161535 ) ) ;
#2662 = AXIS2_PLACEMENT_3D ( 'NONE', #1029, #4068, #1084 ) ;
#2663 = EDGE_CURVE ( 'NONE', #5978, #6184, #1975, .T. ) ;
#2664 = ORIENTED_EDGE ( 'NONE', *, *, #353, .F. ) ;
#2665 = EDGE_LOOP ( 'NONE', ( #7685, #1300 ) ) ;
#2666 = DIRECTION ( 'NONE',  ( 0.0000000000000000000, -3.284683504808153090E-15, -1.000000000000000000 ) ) ;
#2667 = EDGE_LOOP ( 'NONE', ( #7086, #5330, #4451, #1208 ) ) ;
#2668 = CARTESIAN_POINT ( 'NONE',  ( -1.888559997591199968, 54.19851156681517068, 0.2749397527391032603 ) ) ;
#2669 = CIRCLE ( 'NONE', #4265, 0.5000000000000004441 ) ;
#2670 = ORIENTED_EDGE ( 'NONE', *, *, #1336, .T. ) ;
#2671 = APPLICATION_CONTEXT ( 'automotive_design' ) ;
#2672 = FACE_OUTER_BOUND ( 'NONE', #3704, .T. ) ;
#2673 = ORIENTED_EDGE ( 'NONE', *, *, #6358, .T. ) ;
#2674 = CARTESIAN_POINT ( 'NONE',  ( 7.855492920671773405, 54.16229168792560955, -0.4366853491201425630 ) ) ;
#2675 = DIRECTION ( 'NONE',  ( 2.442490654175344389E-13, 0.0000000000000000000, 1.000000000000000000 ) ) ;
#2676 = DIRECTION ( 'NONE',  ( 0.0000000000000000000, 0.0000000000000000000, -1.000000000000000000 ) ) ;
#2677 = CARTESIAN_POINT ( 'NONE',  ( 9.594539317200480255, 56.50119606144119899, -0.7262907717472796287 ) ) ;
#2678 = ADVANCED_FACE ( 'NONE', ( #556 ), #5023, .F. ) ;
#2679 = CARTESIAN_POINT ( 'NONE',  ( -14.09999999999999964, 57.33261707884981462, -50.55365023211250275 ) ) ;
#2680 = ORIENTED_EDGE ( 'NONE', *, *, #3332, .T. ) ;
#2681 = ORIENTED_EDGE ( 'NONE', *, *, #3688, .T. ) ;
#2682 = FACE_OUTER_BOUND ( 'NONE', #6002, .T. ) ;
#2683 = CARTESIAN_POINT ( 'NONE',  ( 1.965714192635247048, 54.38807878359639147, 0.2728539920887468329 ) ) ;
#2684 = ORIENTED_EDGE ( 'NONE', *, *, #2910, .T. ) ;
#2685 = VECTOR ( 'NONE', #2773, 1000.000000000000000 ) ;
#2686 = CARTESIAN_POINT ( 'NONE',  ( 7.845780205556519782, 56.36988972846864243, -0.4355841097454987709 ) ) ;
#2687 = DIRECTION ( 'NONE',  ( -0.0000000000000000000, -0.0000000000000000000, 1.000000000000000000 ) ) ;
#2688 = ORIENTED_EDGE ( 'NONE', *, *, #733, .F. ) ;
#2689 = CARTESIAN_POINT ( 'NONE',  ( 10.93485944094725326, 55.14718405585800554, -0.4181348863512486802 ) ) ;
#2690 = EDGE_CURVE ( 'NONE', #7716, #326, #2940, .T. ) ;
#2691 = ADVANCED_FACE ( 'NONE', ( #3569 ), #2827, .T. ) ;
#2692 = LINE ( 'NONE', #2828, #6747 ) ;
#2693 = LINE ( 'NONE', #5752, #6466 ) ;
#2694 = DIRECTION ( 'NONE',  ( 0.0000000000000000000, 0.0000000000000000000, 1.000000000000000000 ) ) ;
#2695 = ORIENTED_EDGE ( 'NONE', *, *, #3955, .T. ) ;
#2696 = CARTESIAN_POINT ( 'NONE',  ( -0.6542544373080282361, 55.30038819490839330, -0.02630137221458180713 ) ) ;
#2697 = DIRECTION ( 'NONE',  ( 0.0000000000000000000, -3.357529308342205333E-15, -1.000000000000000000 ) ) ;
#2698 = DIRECTION ( 'NONE',  ( -1.000000000000000000, -0.0000000000000000000, -0.0000000000000000000 ) ) ;
#2699 = VECTOR ( 'NONE', #5342, 1000.000000000000000 ) ;
#2700 = ADVANCED_FACE ( 'NONE', ( #609 ), #4438, .T. ) ;
#2701 = EDGE_LOOP ( 'NONE', ( #238, #6299, #4862, #2478, #2305, #8996 ) ) ;
#2702 = CARTESIAN_POINT ( 'NONE',  ( 14.09999999999999964, 54.91745697782608460, -48.13981301903218935 ) ) ;
#2703 = CIRCLE ( 'NONE', #3350, 5.499999999999998224 ) ;
#2704 = ORIENTED_EDGE ( 'NONE', *, *, #7034, .F. ) ;
#2705 = ORIENTED_EDGE ( 'NONE', *, *, #668, .F. ) ;
#2706 = ADVANCED_FACE ( 'NONE', ( #817 ), #8297, .T. ) ;
#2707 = CARTESIAN_POINT ( 'NONE',  ( 8.330449585312512895, 55.09080834831986806, -0.4912740540083564977 ) ) ;
#2708 = DIRECTION ( 'NONE',  ( 0.0000000000000000000, 0.0000000000000000000, -1.000000000000000000 ) ) ;
#2709 = CARTESIAN_POINT ( 'NONE',  ( 1.060765982389960449, 56.69758502975550130, 0.2943615570823884253 ) ) ;
#2710 = CARTESIAN_POINT ( 'NONE',  ( 1.541883226754295899, 53.94281342860194428, -0.03047645466538030645 ) ) ;
#2711 = CIRCLE ( 'NONE', #6059, 2.500000000000000444 ) ;
#2712 = ORIENTED_EDGE ( 'NONE', *, *, #6429, .T. ) ;
#2713 = CARTESIAN_POINT ( 'NONE',  ( 0.9645477748120938610, 55.50242720683922215, 0.2934639593668059709 ) ) ;
#2714 = B_SPLINE_SURFACE_WITH_KNOTS ( 'NONE', 3, 1, ( 
 ( #6898, #4781 ),
 ( #6846, #10 ),
 ( #5321, #869 ),
 ( #1523, #3074 ),
 ( #2313, #5378 ),
 ( #4618, #6187 ),
 ( #3382, #6491 ) ),
 .UNSPECIFIED., .F., .F., .F.,
 ( 4, 1, 1, 1, 4 ),
 ( 2, 2 ),
 ( 0.0000000000000000000, 0.3216597684523793688, 0.5947238214304155779, 0.8201293078682407867, 1.000000000000000000 ),
 ( 0.0000000000000000000, 1.000000000000000000 ),
 .UNSPECIFIED. ) ;
#2715 = ORIENTED_EDGE ( 'NONE', *, *, #693, .T. ) ;
#2716 = CARTESIAN_POINT ( 'NONE',  ( 7.328714489315339087, 55.78426596492492706, -0.07255918057899157780 ) ) ;
#2717 = VERTEX_POINT ( 'NONE', #3864 ) ;
#2718 = AXIS2_PLACEMENT_3D ( 'NONE', #5993, #2185, #8313 ) ;
#2719 = EDGE_CURVE ( 'NONE', #5637, #2863, #5427, .T. ) ;
#2720 = CARTESIAN_POINT ( 'NONE',  ( 10.50000000000000000, 5.734092485736958622, -0.7821016581677882051 ) ) ;
#2721 = ORIENTED_EDGE ( 'NONE', *, *, #5754, .T. ) ;
#2722 = CARTESIAN_POINT ( 'NONE',  ( 8.540623940041573547, 54.20071397144820224, -0.1352089772695216907 ) ) ;
#2723 = DIRECTION ( 'NONE',  ( -1.000000000000000000, 0.0000000000000000000, 0.0000000000000000000 ) ) ;
#2724 = LINE ( 'NONE', #7896, #163 ) ;
#2725 = CARTESIAN_POINT ( 'NONE',  ( 8.590234992354657706, 56.27563401274582588, -0.1393682611193153564 ) ) ;
#2726 = CARTESIAN_POINT ( 'NONE',  ( 1.482722008435211958, 54.29318584375111811, 0.2845707847382233369 ) ) ;
#2727 = EDGE_LOOP ( 'NONE', ( #6055, #305, #2337, #8854 ) ) ;
#2728 = AXIS2_PLACEMENT_3D ( 'NONE', #8461, #1586, #3880 ) ;
#2729 = CARTESIAN_POINT ( 'NONE',  ( -5.494198100116994610, 35.93013281871204612, -3.297607197594146111 ) ) ;
#2730 = EDGE_CURVE ( 'NONE', #4772, #1142, #7131, .T. ) ;
#2731 = EDGE_CURVE ( 'NONE', #9798, #1219, #2158, .T. ) ;
#2732 = FACE_BOUND ( 'NONE', #5371, .T. ) ;
#2733 = PLANE ( 'NONE',  #2635 ) ;
#2734 = ORIENTED_EDGE ( 'NONE', *, *, #4069, .F. ) ;
#2735 = FACE_OUTER_BOUND ( 'NONE', #4030, .T. ) ;
#2736 = B_SPLINE_CURVE_WITH_KNOTS ( 'NONE', 3,
 ( #475, #9041, #6799, #1385, #5980, #2986, #9745, #3673, #568, #5842 ),
 .UNSPECIFIED., .F., .F.,
 ( 4, 2, 2, 2, 4 ),
 ( 0.0000000000000000000, 0.0003363982850032821645, 0.0005045974275049259572, 0.0005886969987557479078, 0.0006727965700065697500 ),
 .UNSPECIFIED. ) ;
#2737 = CARTESIAN_POINT ( 'NONE',  ( 7.275000000000002132, 52.00000000000004263, -27.19999999999992468 ) ) ;
#2738 = CARTESIAN_POINT ( 'NONE',  ( -1.463542356246558818, 56.31341293260068426, -0.01695970555067700253 ) ) ;
#2739 = UNCERTAINTY_MEASURE_WITH_UNIT (LENGTH_MEASURE( 1.000000000000000082E-05 ), #7885, 'distance_accuracy_value', 'NONE');
#2740 = ADVANCED_FACE ( 'NONE', ( #9500 ), #130, .T. ) ;
#2741 = CARTESIAN_POINT ( 'NONE',  ( 0.9232344754536933040, 56.37170430018856138, 0.2940118921751985748 ) ) ;
#2742 = CARTESIAN_POINT ( 'NONE',  ( 13.50000000000000000, 12.90000000000007141, -6.348128122775007043 ) ) ;
#2743 = EDGE_CURVE ( 'NONE', #5512, #9768, #206, .T. ) ;
#2744 = EDGE_CURVE ( 'NONE', #4542, #1026, #1030, .T. ) ;
#2745 = ORIENTED_EDGE ( 'NONE', *, *, #5973, .T. ) ;
#2746 = FACE_BOUND ( 'NONE', #1010, .T. ) ;
#2747 = CARTESIAN_POINT ( 'NONE',  ( 6.999635603292189145, 54.71169234504333900, -0.4418531884689677058 ) ) ;
#2748 = DIRECTION ( 'NONE',  ( -0.0000000000000000000, -1.000000000000000000, 0.0000000000000000000 ) ) ;
#2749 = CIRCLE ( 'NONE', #7243, 71.17421554853964949 ) ;
#2750 = DIRECTION ( 'NONE',  ( -2.168404344971006896E-16, 1.000000000000000000, 0.0000000000000000000 ) ) ;
#2751 = EDGE_CURVE ( 'NONE', #5015, #5278, #2467, .T. ) ;
#2752 = EDGE_LOOP ( 'NONE', ( #6473, #416, #1225, #5816 ) ) ;
#2753 = CARTESIAN_POINT ( 'NONE',  ( 8.675803236076118807, 55.08234480478763118, -0.5330104694998203385 ) ) ;
#2754 = ORIENTED_EDGE ( 'NONE', *, *, #6599, .T. ) ;
#2755 = CARTESIAN_POINT ( 'NONE',  ( 7.419475980377349345, 55.51255515507553184, -0.4472155396743589528 ) ) ;
#2756 = CARTESIAN_POINT ( 'NONE',  ( 1.896114503788377093, 54.23856841213415692, -0.03047645466538030645 ) ) ;
#2757 = VERTEX_POINT ( 'NONE', #3279 ) ;
#2758 = PRODUCT_CONTEXT ( 'NONE', #9527, 'mechanical' ) ;
#2759 = CARTESIAN_POINT ( 'NONE',  ( 9.558342788997331141, 54.06493923941923185, -0.6474842611923682378 ) ) ;
#2760 = EDGE_LOOP ( 'NONE', ( #6362, #6568, #4191, #2383, #1081 ) ) ;
#2761 = DIRECTION ( 'NONE',  ( 0.0000000000000000000, -1.000000000000000000, 3.362642065588203259E-15 ) ) ;
#2762 = DIRECTION ( 'NONE',  ( -1.000000000000000000, -0.0000000000000000000, -0.0000000000000000000 ) ) ;
#2763 = LINE ( 'NONE', #6672, #9664 ) ;
#2764 = ORIENTED_EDGE ( 'NONE', *, *, #7160, .F. ) ;
#2765 = CARTESIAN_POINT ( 'NONE',  ( 7.292386991060698875, 54.81028795868408565, -0.07239559482833268778 ) ) ;
#2766 = ORIENTED_EDGE ( 'NONE', *, *, #3868, .T. ) ;
#2767 = CARTESIAN_POINT ( 'NONE',  ( 8.472236395270217102, 54.10596747156079545, -0.1352089772695216907 ) ) ;
#2768 = DIRECTION ( 'NONE',  ( 0.0000000000000000000, 0.0000000000000000000, 1.000000000000000000 ) ) ;
#2769 = CARTESIAN_POINT ( 'NONE',  ( 7.998519500618951561, 53.84158700506785067, -0.4527592503125142942 ) ) ;
#2770 = CARTESIAN_POINT ( 'NONE',  ( 8.520589280936112786, 56.40034906946975468, -0.5344844159557691210 ) ) ;
#2771 = EDGE_LOOP ( 'NONE', ( #8597, #1290, #2648, #9490 ) ) ;
#2772 = AXIS2_PLACEMENT_3D ( 'NONE', #3533, #4421, #9034 ) ;
#2773 = DIRECTION ( 'NONE',  ( -0.0000000000000000000, -1.000000000000000000, -0.0000000000000000000 ) ) ;
#2774 = CARTESIAN_POINT ( 'NONE',  ( 7.727041795119443890, 53.84492319434401253, -0.1206483180306610475 ) ) ;
#2775 = CARTESIAN_POINT ( 'NONE',  ( -5.494198100116994610, 0.0000000000000000000, -3.297607197594146111 ) ) ;
#2776 = CARTESIAN_POINT ( 'NONE',  ( 14.09999999999999964, 55.19999999999969731, -5.458128122774641433 ) ) ;
#2777 = ORIENTED_EDGE ( 'NONE', *, *, #3731, .F. ) ;
#2778 = CARTESIAN_POINT ( 'NONE',  ( 10.41609893743032167, 53.89660420528988283, -0.8513888723903010325 ) ) ;
#2779 = EDGE_CURVE ( 'NONE', #7745, #1107, #2525, .T. ) ;
#2780 = DIRECTION ( 'NONE',  ( -0.0000000000000000000, 0.9999999718839048812, 0.0002371332732276601636 ) ) ;
#2781 = PLANE ( 'NONE',  #1183 ) ;
#2782 = CARTESIAN_POINT ( 'NONE',  ( -7.295006188712704898, 41.48906902151180986, -3.297607197594146111 ) ) ;
#2783 = AXIS2_PLACEMENT_3D ( 'NONE', #7891, #924, #5636 ) ;
#2784 = ORIENTED_EDGE ( 'NONE', *, *, #8091, .F. ) ;
#2785 = CARTESIAN_POINT ( 'NONE',  ( -1.538956172595207894, 53.89824322397294054, 0.2989210827142310123 ) ) ;
#2786 = CARTESIAN_POINT ( 'NONE',  ( 11.59999999999999964, 2.500000000000042188, -48.69521209059480782 ) ) ;
#2787 = CARTESIAN_POINT ( 'NONE',  ( 4.333781329145699246, 36.09533680887011542, -3.297607197594146111 ) ) ;
#2788 = B_SPLINE_SURFACE_WITH_KNOTS ( 'NONE', 3, 1, ( 
 ( #4608, #691 ),
 ( #7619, #8382 ),
 ( #6829, #8530 ),
 ( #7039, #9121 ),
 ( #5255, #6275 ),
 ( #1653, #8328 ),
 ( #6062, #5416 ),
 ( #2350, #915 ),
 ( #747, #92 ),
 ( #2245, #1459 ),
 ( #6935, #9171 ),
 ( #4502, #3165 ),
 ( #3063, #2402 ),
 ( #8485, #3903 ),
 ( #4555, #44 ),
 ( #144, #6220 ),
 ( #806, #1559 ),
 ( #5308, #1609 ),
 ( #1506, #3800 ) ),
 .UNSPECIFIED., .F., .F., .F.,
 ( 4, 1, 1, 1, 1, 1, 1, 1, 1, 1, 1, 1, 1, 1, 1, 1, 4 ),
 ( 2, 2 ),
 ( 0.0000000000000000000, 0.07445835800912981028, 0.1455451229452733031, 0.2136591773928497029, 0.2778940238794872508, 0.3403161646106981353, 0.4013300590803448031, 0.4606890092875828846, 0.5197687133907632484, 0.5780917310557355249, 0.6354271941535865054, 0.6925509811691469286, 0.7502475108101055445, 0.8092783739028905909, 0.8697509530503203523, 0.9335984683033193843, 1.000000000000000000 ),
 ( 0.0000000000000000000, 1.000000000000000000 ),
 .UNSPECIFIED. ) ;
#2789 = EDGE_CURVE ( 'NONE', #9350, #606, #1370, .T. ) ;
#2790 = VECTOR ( 'NONE', #6314, 1000.000000000000000 ) ;
#2791 = EDGE_CURVE ( 'NONE', #7826, #8529, #8223, .T. ) ;
#2792 = VECTOR ( 'NONE', #2708, 1000.000000000000000 ) ;
#2793 = VERTEX_POINT ( 'NONE', #4173 ) ;
#2794 = CARTESIAN_POINT ( 'NONE',  ( 7.365291060750561059, 55.45399920866708499, -0.3837272455930637038 ) ) ;
#2795 = ORIENTED_EDGE ( 'NONE', *, *, #3088, .T. ) ;
#2796 = VECTOR ( 'NONE', #8573, 1000.000000000000000 ) ;
#2797 = ORIENTED_EDGE ( 'NONE', *, *, #899, .F. ) ;
#2798 = CIRCLE ( 'NONE', #4080, 3.499999999999999556 ) ;
#2799 = CARTESIAN_POINT ( 'NONE',  ( 1.002465460524598395, 55.17644829683319330, -0.007089935733006758056 ) ) ;
#2800 = CARTESIAN_POINT ( 'NONE',  ( -13.50000000000000000, 55.41031726735194951, -4.178165316334196078 ) ) ;
#2801 = CARTESIAN_POINT ( 'NONE',  ( 14.09999999999999964, 17.28128306799198199, -48.69521439518879902 ) ) ;
#2802 = DIRECTION ( 'NONE',  ( 0.0000000000000000000, 0.0000000000000000000, 1.000000000000000000 ) ) ;
#2803 = CIRCLE ( 'NONE', #2959, 1.999999999999988010 ) ;
#2804 = ORIENTED_EDGE ( 'NONE', *, *, #1947, .T. ) ;
#2805 = CIRCLE ( 'NONE', #4896, 3.421800737640534606 ) ;
#2806 = CARTESIAN_POINT ( 'NONE',  ( -14.09999999999999964, 21.78128306799197844, 0.0000000000000000000 ) ) ;
#2807 = VERTEX_POINT ( 'NONE', #2626 ) ;
#2808 = DIRECTION ( 'NONE',  ( 0.0000000000000000000, -1.734723475976805517E-15, 1.000000000000000000 ) ) ;
#2809 = EDGE_LOOP ( 'NONE', ( #5041, #4651, #3732, #9492 ) ) ;
#2810 = DIRECTION ( 'NONE',  ( 1.000000000000000000, 0.0000000000000000000, -0.0000000000000000000 ) ) ;
#2811 = ORIENTED_EDGE ( 'NONE', *, *, #6643, .T. ) ;
#2812 = CIRCLE ( 'NONE', #9204, 0.1999999999978477327 ) ;
#2813 = CARTESIAN_POINT ( 'NONE',  ( 8.349819751095465037, 53.98985434137010486, -0.5390089958205912524 ) ) ;
#2814 = CARTESIAN_POINT ( 'NONE',  ( 8.201411579082067860, 56.65086686252822545, -0.1393682611193155785 ) ) ;
#2815 = CARTESIAN_POINT ( 'NONE',  ( 14.09999999999999964, 56.48757387419714604, -3.118282555226756791 ) ) ;
#2816 = CARTESIAN_POINT ( 'NONE',  ( 7.485140709553384397, 56.59108366307511062, -0.09466309760082845803 ) ) ;
#2817 = DIRECTION ( 'NONE',  ( 0.0000000000000000000, 0.0000000000000000000, 1.000000000000000000 ) ) ;
#2818 = FACE_OUTER_BOUND ( 'NONE', #3841, .T. ) ;
#2819 = CARTESIAN_POINT ( 'NONE',  ( 8.704962267753410643, 54.80293079578463278, -0.5366149245643566656 ) ) ;
#2820 = AXIS2_PLACEMENT_3D ( 'NONE', #2295, #3742, #5414 ) ;
#2821 = ORIENTED_EDGE ( 'NONE', *, *, #947, .F. ) ;
#2822 = PLANE ( 'NONE',  #3784 ) ;
#2823 = CYLINDRICAL_SURFACE ( 'NONE', #9839, 1.250000000000009770 ) ;
#2824 = ORIENTED_EDGE ( 'NONE', *, *, #8245, .F. ) ;
#2825 = EDGE_CURVE ( 'NONE', #2902, #5927, #71, .T. ) ;
#2826 = FACE_BOUND ( 'NONE', #9504, .T. ) ;
#2827 = CYLINDRICAL_SURFACE ( 'NONE', #7590, 0.5000000000000902611 ) ;
#2828 = CARTESIAN_POINT ( 'NONE',  ( 13.50000000000000000, 12.90000000000007851, -2.797607197594146555 ) ) ;
#2829 = CARTESIAN_POINT ( 'NONE',  ( 0.4178539778228485546, 55.17644829683319330, 0.7023928024058537778 ) ) ;
#2830 = CARTESIAN_POINT ( 'NONE',  ( 10.08546377893788559, 54.16297520648971897, -0.7260292448453815606 ) ) ;
#2831 = DIRECTION ( 'NONE',  ( 0.0000000000000000000, -0.0000000000000000000, 1.000000000000000000 ) ) ;
#2832 = VECTOR ( 'NONE', #2502, 1000.000000000000000 ) ;
#2833 = ORIENTED_EDGE ( 'NONE', *, *, #6043, .T. ) ;
#2834 = ADVANCED_FACE ( 'NONE', ( #4877 ), #3517, .F. ) ;
#2835 = DIRECTION ( 'NONE',  ( 0.0000000000000000000, 0.0000000000000000000, 1.000000000000000000 ) ) ;
#2836 = FACE_OUTER_BOUND ( 'NONE', #7077, .T. ) ;
#2837 = DIRECTION ( 'NONE',  ( -0.0000000000000000000, 1.000000000000000000, -3.362642065588203259E-15 ) ) ;
#2838 = VECTOR ( 'NONE', #8925, 1000.000000000000000 ) ;
#2839 = ORIENTED_EDGE ( 'NONE', *, *, #5329, .T. ) ;
#2840 = CARTESIAN_POINT ( 'NONE',  ( 7.732250540219799184, 55.38424762757959030, -0.07240429746787224730 ) ) ;
#2841 = ORIENTED_EDGE ( 'NONE', *, *, #1390, .F. ) ;
#2842 = ORIENTED_EDGE ( 'NONE', *, *, #8822, .T. ) ;
#2843 = EDGE_CURVE ( 'NONE', #2461, #6204, #1701, .T. ) ;
#2844 = EDGE_CURVE ( 'NONE', #8042, #7718, #6656, .T. ) ;
#2845 = CARTESIAN_POINT ( 'NONE',  ( 5.612779211288419390, 56.01210803000674332, 0.1244914657889750059 ) ) ;
#2846 = CARTESIAN_POINT ( 'NONE',  ( 8.288527825923031500, 56.61730529579734394, -0.1842053473495179061 ) ) ;
#2847 = DIRECTION ( 'NONE',  ( -1.000000000000000000, -0.0000000000000000000, -0.0000000000000000000 ) ) ;
#2848 = EDGE_LOOP ( 'NONE', ( #1419, #8869, #7265, #5949 ) ) ;
#2849 = CARTESIAN_POINT ( 'NONE',  ( 7.294173942911871933, 55.44605857183516662, -0.07255918057899224394 ) ) ;
#2850 = ORIENTED_EDGE ( 'NONE', *, *, #2743, .F. ) ;
#2851 = ORIENTED_EDGE ( 'NONE', *, *, #6564, .T. ) ;
#2852 = EDGE_CURVE ( 'NONE', #423, #6092, #6990, .T. ) ;
#2853 = EDGE_CURVE ( 'NONE', #9, #2504, #404, .T. ) ;
#2854 = CARTESIAN_POINT ( 'NONE',  ( 7.364759777023884624, 54.48172971447365853, -0.4388580514320241655 ) ) ;
#2855 = ORIENTED_EDGE ( 'NONE', *, *, #7928, .T. ) ;
#2856 = CIRCLE ( 'NONE', #3500, 1.249999999999968248 ) ;
#2857 = CARTESIAN_POINT ( 'NONE',  ( 8.680592758192309688, 54.54641042207749280, -0.1352089772695212189 ) ) ;
#2858 = CARTESIAN_POINT ( 'NONE',  ( 0.0000000000000000000, 56.69768321019457602, -70.87421554853963812 ) ) ;
#2859 = CARTESIAN_POINT ( 'NONE',  ( 10.93516815750764337, 55.36585500397143988, -0.8513888723903116906 ) ) ;
#2860 = CARTESIAN_POINT ( 'NONE',  ( 8.557757895050567498, 56.34023604224832127, -0.5344844159557685659 ) ) ;
#2861 = DIRECTION ( 'NONE',  ( 0.0000000000000000000, 0.0000000000000000000, -1.000000000000000000 ) ) ;
#2862 = DIRECTION ( 'NONE',  ( 0.0000000000000000000, -0.0000000000000000000, -1.000000000000000000 ) ) ;
#2863 = VERTEX_POINT ( 'NONE', #2904 ) ;
#2864 = CARTESIAN_POINT ( 'NONE',  ( -1.313461647971517099, 54.35168304246830928, -0.02704955251262399635 ) ) ;
#2865 = EDGE_CURVE ( 'NONE', #1630, #8646, #8175, .T. ) ;
#2866 = DIRECTION ( 'NONE',  ( 0.0000000000000000000, 0.0000000000000000000, 1.000000000000000000 ) ) ;
#2867 = ORIENTED_EDGE ( 'NONE', *, *, #6985, .F. ) ;
#2868 = CARTESIAN_POINT ( 'NONE',  ( 13.50000000000000000, 54.09999999999998010, -2.797607197594146555 ) ) ;
#2869 = DIRECTION ( 'NONE',  ( 0.0000000000000000000, 1.000000000000000000, 0.0000000000000000000 ) ) ;
#2870 = ORIENTED_EDGE ( 'NONE', *, *, #928, .F. ) ;
#2871 = VECTOR ( 'NONE', #8359, 1000.000000000000000 ) ;
#2872 = CARTESIAN_POINT ( 'NONE',  ( 10.35941681907395306, 53.87426919301628914, -0.8513888723903021427 ) ) ;
#2873 = CARTESIAN_POINT ( 'NONE',  ( -3.349999999999997868, 64.99999999999998579, -50.70000000000000284 ) ) ;
#2874 = DIRECTION ( 'NONE',  ( 0.0000000000000000000, 0.0000000000000000000, 1.000000000000000000 ) ) ;
#2875 = DIRECTION ( 'NONE',  ( 0.0000000000000000000, -1.000000000000000000, 3.362642065588203259E-15 ) ) ;
#2876 = ORIENTED_EDGE ( 'NONE', *, *, #1456, .T. ) ;
#2877 = DIRECTION ( 'NONE',  ( 1.000000000000000000, 0.0000000000000000000, 0.0000000000000000000 ) ) ;
#2878 = AXIS2_PLACEMENT_3D ( 'NONE', #4926, #4174, #3329 ) ;
#2879 = DIRECTION ( 'NONE',  ( -1.000000000000000000, -0.0000000000000000000, -0.0000000000000000000 ) ) ;
#2880 = CARTESIAN_POINT ( 'NONE',  ( 5.085038177505491142, 55.68218060934042768, -0.1826288042550968382 ) ) ;
#2881 = ORIENTED_EDGE ( 'NONE', *, *, #2566, .F. ) ;
#2882 = CARTESIAN_POINT ( 'NONE',  ( 9.631945658611577699, 55.82334416640456709, -0.3479068640411290270 ) ) ;
#2883 = ADVANCED_FACE ( 'NONE', ( #1272 ), #596, .F. ) ;
#2884 = CARTESIAN_POINT ( 'NONE',  ( 10.10304959289029547, 53.83631277791960201, -0.4207035858732040556 ) ) ;
#2885 = ORIENTED_EDGE ( 'NONE', *, *, #1016, .F. ) ;
#2886 = CARTESIAN_POINT ( 'NONE',  ( 7.301712341769441394, 54.93408955316504461, -0.07240429746787269139 ) ) ;
#2887 = CARTESIAN_POINT ( 'NONE',  ( 10.91383239679384687, 55.71851224079729548, -0.8513888723903114686 ) ) ;
#2888 = VERTEX_POINT ( 'NONE', #8044 ) ;
#2889 = CARTESIAN_POINT ( 'NONE',  ( 1.430166654741775512, 55.61966732134340674, 0.2856376424987638885 ) ) ;
#2890 = VECTOR ( 'NONE', #6448, 1000.000000000000000 ) ;
#2891 = DIRECTION ( 'NONE',  ( 0.0000000000000000000, 0.0000000000000000000, 1.000000000000000000 ) ) ;
#2892 = ORIENTED_EDGE ( 'NONE', *, *, #9236, .F. ) ;
#2893 = CARTESIAN_POINT ( 'NONE',  ( 8.704962267753410643, 54.80293079578463988, -0.3371089865450566658 ) ) ;
#2894 = EDGE_CURVE ( 'NONE', #7209, #7555, #3473, .T. ) ;
#2895 = CARTESIAN_POINT ( 'NONE',  ( 9.729910928537888637, 53.92352406152622990, -0.6710394003215108816 ) ) ;
#2896 = ORIENTED_EDGE ( 'NONE', *, *, #7951, .F. ) ;
#2897 = LINE ( 'NONE', #2286, #8271 ) ;
#2898 = VERTEX_POINT ( 'NONE', #4311 ) ;
#2899 = CARTESIAN_POINT ( 'NONE',  ( 14.09999999999999964, 2.500000000000042188, -48.69521209059480782 ) ) ;
#2900 = ORIENTED_EDGE ( 'NONE', *, *, #3998, .T. ) ;
#2901 = DIRECTION ( 'NONE',  ( 0.0000000000000000000, 1.000000000000000000, 0.0000000000000000000 ) ) ;
#2902 = VERTEX_POINT ( 'NONE', #2057 ) ;
#2903 = CARTESIAN_POINT ( 'NONE',  ( 7.938434980645257433, 53.83715189418110469, -0.1352089772695214409 ) ) ;
#2904 = CARTESIAN_POINT ( 'NONE',  ( 14.09999999999999964, 29.40639392675472052, -2.797128122774995784 ) ) ;
#2905 = DIRECTION ( 'NONE',  ( 0.0000000000000000000, 3.784851220313034736E-15, 1.000000000000000000 ) ) ;
#2906 = FACE_OUTER_BOUND ( 'NONE', #9528, .T. ) ;
#2907 = EDGE_CURVE ( 'NONE', #1280, #2573, #1312, .T. ) ;
#2908 = ADVANCED_FACE ( 'NONE', ( #7424 ), #3887, .T. ) ;
#2909 = LINE ( 'NONE', #3017, #1445 ) ;
#2910 = EDGE_CURVE ( 'NONE', #9178, #2130, #5704, .T. ) ;
#2911 = CARTESIAN_POINT ( 'NONE',  ( 9.596973589058936938, 55.42275490636084356, -0.6527620704526901907 ) ) ;
#2912 = EDGE_LOOP ( 'NONE', ( #3340, #3604, #4715, #1068, #4343, #1742 ) ) ;
#2913 = CARTESIAN_POINT ( 'NONE',  ( 10.93464471320701925, 55.42161446568427863, -0.8485918325979910914 ) ) ;
#2914 = CARTESIAN_POINT ( 'NONE',  ( -1.268294571607542887, 54.39828683631538553, -0.02704955251262356267 ) ) ;
#2915 = ORIENTED_EDGE ( 'NONE', *, *, #8518, .T. ) ;
#2916 = LINE ( 'NONE', #2775, #9210 ) ;
#2917 = CARTESIAN_POINT ( 'NONE',  ( 10.60975515161864280, 55.32020593413231069, -0.4179459123721627201 ) ) ;
#2918 = ORIENTED_EDGE ( 'NONE', *, *, #9338, .T. ) ;
#2919 = CARTESIAN_POINT ( 'NONE',  ( 10.65482897409155782, 54.08039977757485417, -0.4181348863512487912 ) ) ;
#2920 = DIRECTION ( 'NONE',  ( 0.0000000000000000000, -3.357529308342205333E-15, -1.000000000000000000 ) ) ;
#2921 = UNCERTAINTY_MEASURE_WITH_UNIT (LENGTH_MEASURE( 1.000000000000000082E-05 ), #4323, 'distance_accuracy_value', 'NONE');
#2922 = CARTESIAN_POINT ( 'NONE',  ( -12.75396841791843450, 6.744678946284279775, -1.156853857898026083 ) ) ;
#2923 = CARTESIAN_POINT ( 'NONE',  ( 10.12063010489472248, 54.16299079636868186, -0.8009555158831995758 ) ) ;
#2924 = VERTEX_POINT ( 'NONE', #9638 ) ;
#2925 = B_SPLINE_SURFACE_WITH_KNOTS ( 'NONE', 3, 1, ( 
 ( #4179, #7157 ),
 ( #315, #9559 ),
 ( #4029, #3334 ),
 ( #7998, #6345 ),
 ( #3238, #1140 ),
 ( #7253, #6450 ),
 ( #5541, #359 ),
 ( #165, #6396 ),
 ( #9455, #3428 ),
 ( #9402, #1184 ),
 ( #8604, #6499 ) ),
 .UNSPECIFIED., .F., .F., .F.,
 ( 4, 1, 1, 1, 1, 1, 1, 1, 4 ),
 ( 2, 2 ),
 ( 0.0000000000000000000, 0.1312880904322248077, 0.2576801078192343386, 0.3804108725722044060, 0.5022017580316390228, 0.6231741537120435437, 0.7462652476113861288, 0.8714296207811297323, 1.000000000000000000 ),
 ( 0.0000000000000000000, 1.000000000000000000 ),
 .UNSPECIFIED. ) ;
#2926 = LINE ( 'NONE', #6649, #2316 ) ;
#2927 = DIRECTION ( 'NONE',  ( 0.0000000000000000000, 1.000000000000000000, -5.782411586589355667E-16 ) ) ;
#2928 = DIRECTION ( 'NONE',  ( -1.000000000000000000, -0.0000000000000000000, -0.0000000000000000000 ) ) ;
#2929 = DIRECTION ( 'NONE',  ( 0.0000000000000000000, 1.000000000000000000, 0.0000000000000000000 ) ) ;
#2930 = CARTESIAN_POINT ( 'NONE',  ( 14.09999999999999964, 67.00195731433238677, -48.70000000000000995 ) ) ;
#2931 = AXIS2_PLACEMENT_3D ( 'NONE', #687, #6931, #2344 ) ;
#2932 = VERTEX_POINT ( 'NONE', #9726 ) ;
#2933 = ORIENTED_EDGE ( 'NONE', *, *, #5961, .F. ) ;
#2934 = CARTESIAN_POINT ( 'NONE',  ( 9.595971288436501823, 55.26699799405708546, -0.7260292448453815606 ) ) ;
#2935 = DIRECTION ( 'NONE',  ( 0.0000000000000000000, 0.0000000000000000000, -1.000000000000000000 ) ) ;
#2936 = VERTEX_POINT ( 'NONE', #5822 ) ;
#2937 = ORIENTED_EDGE ( 'NONE', *, *, #6778, .F. ) ;
#2938 = CARTESIAN_POINT ( 'NONE',  ( -1.217963251716881024, 54.46106981867785635, -0.01046288237392195911 ) ) ;
#2939 = CYLINDRICAL_SURFACE ( 'NONE', #4075, 5.499999999999998224 ) ;
#2940 = CIRCLE ( 'NONE', #1349, 71.17421554853964949 ) ;
#2941 = ADVANCED_FACE ( 'NONE', ( #3559 ), #8136, .T. ) ;
#2942 = DIRECTION ( 'NONE',  ( 0.0000000000000000000, 0.0000000000000000000, -1.000000000000000000 ) ) ;
#2943 = CARTESIAN_POINT ( 'NONE',  ( -1.404936419611718224, 56.64670365767606341, 0.2939208690156466242 ) ) ;
#2944 = EDGE_LOOP ( 'NONE', ( #6022, #1076, #4717, #4165, #7245, #7858, #5903 ) ) ;
#2945 = DIRECTION ( 'NONE',  ( 1.000000000000000000, 0.0000000000000000000, 0.0000000000000000000 ) ) ;
#2946 = ORIENTED_EDGE ( 'NONE', *, *, #1886, .F. ) ;
#2947 = CARTESIAN_POINT ( 'NONE',  ( 13.50000000000000000, 55.19999999999973284, -6.348128122775007043 ) ) ;
#2948 = CARTESIAN_POINT ( 'NONE',  ( -1.302286486668810861, 56.20626816500823253, -0.01195556134779006928 ) ) ;
#2949 = VECTOR ( 'NONE', #3098, 1000.000000000000000 ) ;
#2950 = VERTEX_POINT ( 'NONE', #1230 ) ;
#2951 = FACE_OUTER_BOUND ( 'NONE', #3734, .T. ) ;
#2952 = VERTEX_POINT ( 'NONE', #5063 ) ;
#2953 = ORIENTED_EDGE ( 'NONE', *, *, #3586, .F. ) ;
#2955 = ADVANCED_FACE ( 'NONE', ( #6731 ), #6628, .F. ) ;
#2954 = DIRECTION ( 'NONE',  ( -1.000000000000000000, -0.0000000000000000000, -0.0000000000000000000 ) ) ;
#2956 = CARTESIAN_POINT ( 'NONE',  ( 8.114247964939274027, 53.86720287679564478, -0.1640229985662710055 ) ) ;
#2957 = DIRECTION ( 'NONE',  ( 0.0000000000000000000, 1.000000000000000000, -3.362642065588203259E-15 ) ) ;
#2958 = DIRECTION ( 'NONE',  ( -1.000000000000000000, 0.0000000000000000000, 0.0000000000000000000 ) ) ;
#2959 = AXIS2_PLACEMENT_3D ( 'NONE', #318, #8804, #7162 ) ;
#2960 = CIRCLE ( 'NONE', #5694, 2.500000000000000000 ) ;
#2961 = DIRECTION ( 'NONE',  ( 0.0000000000000000000, -1.000000000000000000, 3.362642065588203259E-15 ) ) ;
#2962 = ORIENTED_EDGE ( 'NONE', *, *, #3529, .T. ) ;
#2963 = ORIENTED_EDGE ( 'NONE', *, *, #3356, .F. ) ;
#2964 = CARTESIAN_POINT ( 'NONE',  ( 9.848554506616133963, 53.87334349323467819, -0.3376507747238661206 ) ) ;
#2965 = DIRECTION ( 'NONE',  ( -1.000000000000000000, -0.0000000000000000000, -0.0000000000000000000 ) ) ;
#2966 = AXIS2_PLACEMENT_3D ( 'NONE', #1143, #4181, #4084 ) ;
#2967 = CARTESIAN_POINT ( 'NONE',  ( -13.50000000000000000, 48.99999999999999289, -5.458128122775004698 ) ) ;
#2968 = DIRECTION ( 'NONE',  ( 0.0000000000000000000, 3.965082230804130614E-15, 1.000000000000000000 ) ) ;
#2969 = ORIENTED_EDGE ( 'NONE', *, *, #2604, .T. ) ;
#2970 = EDGE_CURVE ( 'NONE', #6708, #7101, #3612, .T. ) ;
#2971 = B_SPLINE_CURVE_WITH_KNOTS ( 'NONE', 3,
 ( #9189, #2534, #5387, #991, #826, #9302, #8503, #4733, #7744, #8550, #211, #877 ),
 .UNSPECIFIED., .F., .F.,
 ( 4, 2, 2, 2, 2, 4 ),
 ( 2.168404344971008868E-19, 0.0002322024468167365613, 0.0004644048936334729057, 0.0006966073404502092772, 0.0008127085638585774359, 0.0009288097872669455945 ),
 .UNSPECIFIED. ) ;
#2973 = ADVANCED_FACE ( 'NONE', ( #2906 ), #5959, .F. ) ;
#2972 = DIRECTION ( 'NONE',  ( 1.000000000000000000, 0.0000000000000000000, 0.0000000000000000000 ) ) ;
#2974 = CARTESIAN_POINT ( 'NONE',  ( 10.53273753422732995, 56.01187217740147872, -0.8009584369727303921 ) ) ;
#2975 = EDGE_LOOP ( 'NONE', ( #7722, #6854, #6321, #9766 ) ) ;
#2976 = CARTESIAN_POINT ( 'NONE',  ( 10.47016235365194703, 53.92300169954894784, -0.8513888723903016986 ) ) ;
#2977 = VECTOR ( 'NONE', #8275, 1000.000000000000000 ) ;
#2978 = CARTESIAN_POINT ( 'NONE',  ( 9.303518534390823547, 54.73676158597653796, -0.3042425055354370800 ) ) ;
#2979 = DIRECTION ( 'NONE',  ( 1.000000000000000000, 0.0000000000000000000, 0.0000000000000000000 ) ) ;
#2980 = ORIENTED_EDGE ( 'NONE', *, *, #1752, .T. ) ;
#2981 = DIRECTION ( 'NONE',  ( 0.0000000000000000000, 0.0000000000000000000, -1.000000000000000000 ) ) ;
#2982 = VECTOR ( 'NONE', #3761, 1000.000000000000000 ) ;
#2983 = EDGE_CURVE ( 'NONE', #7758, #1712, #5149, .T. ) ;
#2985 = EDGE_CURVE ( 'NONE', #4646, #6796, #1987, .T. ) ;
#2984 = CARTESIAN_POINT ( 'NONE',  ( -1.133445944131897143, 54.06091972643984889, 0.2989210827142312343 ) ) ;
#2986 = CARTESIAN_POINT ( 'NONE',  ( -1.375101543271430193, 54.30824392398123734, -0.01333684782133496768 ) ) ;
#2987 = PLANE ( 'NONE',  #8086 ) ;
#2988 = CARTESIAN_POINT ( 'NONE',  ( 9.596313681761207803, 55.32020571024117572, -0.6754602429355873738 ) ) ;
#2989 = CARTESIAN_POINT ( 'NONE',  ( -14.09999999999999964, 22.72749655548991043, -46.52120933117344492 ) ) ;
#2990 = AXIS2_PLACEMENT_3D ( 'NONE', #7970, #4294, #4995 ) ;
#2991 = CARTESIAN_POINT ( 'NONE',  ( -0.6558730739768048323, 55.21143184610267696, 0.2969780067255598510 ) ) ;
#2992 = ORIENTED_EDGE ( 'NONE', *, *, #3230, .T. ) ;
#2993 = ORIENTED_EDGE ( 'NONE', *, *, #7228, .F. ) ;
#2994 = CARTESIAN_POINT ( 'NONE',  ( 7.292386991060698875, 54.81028795868408565, -0.4373989088692310512 ) ) ;
#2995 = CYLINDRICAL_SURFACE ( 'NONE', #3016, 1.000000000000119682 ) ;
#2996 = ORIENTED_EDGE ( 'NONE', *, *, #1158, .T. ) ;
#2997 = ORIENTED_EDGE ( 'NONE', *, *, #2293, .F. ) ;
#2998 = EDGE_CURVE ( 'NONE', #9443, #9151, #2351, .T. ) ;
#2999 = CARTESIAN_POINT ( 'NONE',  ( 1.540670223399103866, 55.93027452622209239, 0.2833230135320110588 ) ) ;
#3000 = CARTESIAN_POINT ( 'NONE',  ( -14.09999999999999964, 11.98128306799195464, -48.69521209059481492 ) ) ;
#3001 = AXIS2_PLACEMENT_3D ( 'NONE', #2448, #1646, #3951 ) ;
#3002 = CARTESIAN_POINT ( 'NONE',  ( 11.59999999999999964, 75.00000000000000000, -50.70000000000000284 ) ) ;
#3003 = ORIENTED_EDGE ( 'NONE', *, *, #6005, .T. ) ;
#3004 = CARTESIAN_POINT ( 'NONE',  ( 13.49999999999999645, 8.534581552531149029, -1.297607197594146333 ) ) ;
#3005 = ORIENTED_EDGE ( 'NONE', *, *, #4574, .F. ) ;
#3006 = CARTESIAN_POINT ( 'NONE',  ( 1.371009369563521707, 55.13140220829725990, -0.02106636364446407353 ) ) ;
#3007 = EDGE_CURVE ( 'NONE', #7720, #7814, #5417, .T. ) ;
#3008 = ORIENTED_EDGE ( 'NONE', *, *, #8470, .T. ) ;
#3009 = CARTESIAN_POINT ( 'NONE',  ( 8.321715895780625871, 56.02662641998956161, -0.4946340216350792462 ) ) ;
#3010 = ORIENTED_EDGE ( 'NONE', *, *, #5156, .F. ) ;
#3011 = VERTEX_POINT ( 'NONE', #2196 ) ;
#3012 = LINE ( 'NONE', #855, #8431 ) ;
#3013 = DIRECTION ( 'NONE',  ( 1.000000000000000000, -0.0000000000000000000, 0.0000000000000000000 ) ) ;
#3014 = CARTESIAN_POINT ( 'NONE',  ( -14.10000000000000675, 20.53462967740379597, -50.54876778578210406 ) ) ;
#3015 = LINE ( 'NONE', #8531, #1518 ) ;
#3016 = AXIS2_PLACEMENT_3D ( 'NONE', #5398, #6755, #7706 ) ;
#3017 = CARTESIAN_POINT ( 'NONE',  ( 14.09999999999999964, 56.46999999999999886, -3.118128122774877387 ) ) ;
#3018 = LINE ( 'NONE', #1510, #1416 ) ;
#3019 = B_SPLINE_SURFACE_WITH_KNOTS ( 'NONE', 3, 1, ( 
 ( #9803, #1546 ),
 ( #2943, #5403 ),
 ( #4595, #9209 ),
 ( #6099, #3102 ),
 ( #6815, #2336 ),
 ( #5994, #1444 ),
 ( #9858, #4439 ) ),
 .UNSPECIFIED., .F., .F., .F.,
 ( 4, 1, 1, 1, 4 ),
 ( 2, 2 ),
 ( 0.0000000000000000000, 0.2581308824211505648, 0.5084527920499386511, 0.7544390539587646494, 1.000000000000000000 ),
 ( 0.0000000000000000000, 1.000000000000000000 ),
 .UNSPECIFIED. ) ;
#3020 = DIRECTION ( 'NONE',  ( 0.0000000000000000000, 1.000000000000000000, 0.0000000000000000000 ) ) ;
#3021 = EDGE_CURVE ( 'NONE', #8253, #1182, #1610, .T. ) ;
#3022 = CARTESIAN_POINT ( 'NONE',  ( 9.848554506616133963, 53.87334349323467819, -0.7260886155308462486 ) ) ;
#3023 = VECTOR ( 'NONE', #3852, 1000.000000000000000 ) ;
#3024 = CARTESIAN_POINT ( 'NONE',  ( 14.09999999999999964, 15.01351728617092895, -2.797128122774994452 ) ) ;
#3025 = ORIENTED_EDGE ( 'NONE', *, *, #1347, .T. ) ;
#3026 = CARTESIAN_POINT ( 'NONE',  ( 14.09999999999999964, 21.55973306799729983, -49.52366439518859664 ) ) ;
#3027 = CARTESIAN_POINT ( 'NONE',  ( 10.47049449342038407, 56.15152443299726315, -0.4179459123721624980 ) ) ;
#3028 = ORIENTED_EDGE ( 'NONE', *, *, #8537, .T. ) ;
#3029 = CARTESIAN_POINT ( 'NONE',  ( 9.344704610519990240, 56.03653366291280236, -0.3160936460620805133 ) ) ;
#3030 = DIRECTION ( 'NONE',  ( -0.0000000000000000000, -0.0000000000000000000, 1.000000000000000000 ) ) ;
#3031 = VECTOR ( 'NONE', #8921, 1000.000000000000000 ) ;
#3032 = DIRECTION ( 'NONE',  ( 0.0000000000000000000, 0.0000000000000000000, 1.000000000000000000 ) ) ;
#3033 = DIRECTION ( 'NONE',  ( 0.0000000000000000000, -1.000000000000000000, 0.0000000000000000000 ) ) ;
#3034 = EDGE_CURVE ( 'NONE', #1439, #5951, #858, .T. ) ;
#3035 = LINE ( 'NONE', #5326, #1329 ) ;
#3036 = CARTESIAN_POINT ( 'NONE',  ( 10.05077981425088041, 54.16432328931400519, -0.7260292448453817826 ) ) ;
#3037 = ORIENTED_EDGE ( 'NONE', *, *, #8069, .T. ) ;
#3038 = LINE ( 'NONE', #8405, #2299 ) ;
#3039 = CARTESIAN_POINT ( 'NONE',  ( -1.901010580959485052, 56.69768321019457602, -0.02736481479098749198 ) ) ;
#3040 = FACE_OUTER_BOUND ( 'NONE', #8306, .T. ) ;
#3041 = DIRECTION ( 'NONE',  ( 0.0000000000000000000, -1.000000000000000000, -4.007695160622047496E-16 ) ) ;
#3042 = EDGE_CURVE ( 'NONE', #3962, #4764, #7679, .T. ) ;
#3043 = CARTESIAN_POINT ( 'NONE',  ( 10.50000000000000000, 5.734092485736958622, -0.7821016581677882051 ) ) ;
#3044 = EDGE_CURVE ( 'NONE', #1342, #4266, #3960, .T. ) ;
#3045 = ADVANCED_FACE ( 'NONE', ( #3744 ), #748, .F. ) ;
#3046 = ORIENTED_EDGE ( 'NONE', *, *, #8091, .T. ) ;
#3047 = CARTESIAN_POINT ( 'NONE',  ( 7.314065532287655103, 54.99188847155333804, -0.07240429746787181708 ) ) ;
#3048 = CARTESIAN_POINT ( 'NONE',  ( 0.1499999999999999667, 7.749999999999998224, -20.69999994376783903 ) ) ;
#3049 = VERTEX_POINT ( 'NONE', #9227 ) ;
#3050 = VECTOR ( 'NONE', #9343, 1000.000000000000000 ) ;
#3051 = CARTESIAN_POINT ( 'NONE',  ( 1.275644884359492526, 56.34207954692536902, -0.01861215123666131593 ) ) ;
#3052 = CARTESIAN_POINT ( 'NONE',  ( 10.09965397924440111, 56.37170430018856138, -0.4202167376168106649 ) ) ;
#3053 = CARTESIAN_POINT ( 'NONE',  ( -0.8108928551595254719, 56.11924831947368375, 0.2954009442383273565 ) ) ;
#3054 = ORIENTED_EDGE ( 'NONE', *, *, #2791, .T. ) ;
#3055 = EDGE_CURVE ( 'NONE', #3834, #4867, #3015, .T. ) ;
#3056 = ORIENTED_EDGE ( 'NONE', *, *, #3312, .F. ) ;
#3057 = CARTESIAN_POINT ( 'NONE',  ( 1.002465460524598395, 55.17644829683319330, -0.02106636364446429210 ) ) ;
#3058 = VERTEX_POINT ( 'NONE', #8329 ) ;
#3059 = CARTESIAN_POINT ( 'NONE',  ( 5.025022572574452617, 55.99139557184822280, -0.05737755447549064414 ) ) ;
#3060 = ORIENTED_EDGE ( 'NONE', *, *, #4594, .T. ) ;
#3061 = CARTESIAN_POINT ( 'NONE',  ( -1.475545640956314797, 56.31814500848361860, -0.02725522043429409041 ) ) ;
#3062 = CARTESIAN_POINT ( 'NONE',  ( -13.50000000000000000, 59.19999999999999574, -5.458128122775004698 ) ) ;
#3063 = CARTESIAN_POINT ( 'NONE',  ( 8.113337419875287893, 55.33193674150701469, -0.1312072312784060835 ) ) ;
#3064 = LINE ( 'NONE', #8435, #8572 ) ;
#3065 = ORIENTED_EDGE ( 'NONE', *, *, #8058, .T. ) ;
#3066 = CARTESIAN_POINT ( 'NONE',  ( 1.468565293075224210, 56.21297290989920015, 0.2848539630805584921 ) ) ;
#3067 = CARTESIAN_POINT ( 'NONE',  ( 7.871434128226367122, 56.37080202552068187, -0.1056836625365837196 ) ) ;
#3068 = ORIENTED_EDGE ( 'NONE', *, *, #8930, .T. ) ;
#3069 = CARTESIAN_POINT ( 'NONE',  ( 9.928832508782289068, 53.85136250817047454, -0.3376507747238654544 ) ) ;
#3070 = CARTESIAN_POINT ( 'NONE',  ( -1.440904931940586442, 56.65693584644382241, -0.01464863906743774785 ) ) ;
#3071 = EDGE_LOOP ( 'NONE', ( #4087, #649, #6441, #6613 ) ) ;
#3072 = LINE ( 'NONE', #3130, #1868 ) ;
#3073 = CARTESIAN_POINT ( 'NONE',  ( 9.781884352579783837, 56.22337230818440190, -0.7254125390959408337 ) ) ;
#3074 = CARTESIAN_POINT ( 'NONE',  ( 1.150746032343794578, 55.50981378836967650, -0.01345756636718441028 ) ) ;
#3075 = CARTESIAN_POINT ( 'NONE',  ( 9.362316408696516490, 56.07349750365096952, -0.3037559157698065393 ) ) ;
#3076 = EDGE_CURVE ( 'NONE', #2952, #5964, #6175, .T. ) ;
#3077 = FACE_OUTER_BOUND ( 'NONE', #976, .T. ) ;
#3078 = CARTESIAN_POINT ( 'NONE',  ( 7.574899476460419834, 56.25958871525725868, -0.1042296626507844409 ) ) ;
#3079 = DIRECTION ( 'NONE',  ( 1.000000000000000000, 0.0000000000000000000, 0.0000000000000000000 ) ) ;
#3080 = B_SPLINE_CURVE_WITH_KNOTS ( 'NONE', 3,
 ( #2109, #5966, #5067, #8284, #6016, #6785, #502, #9686, #8338, #7577 ),
 .UNSPECIFIED., .F., .F.,
 ( 4, 2, 2, 2, 4 ),
 ( 2.710505431213760784E-20, 0.0001945786111291346765, 0.0003891572222582692989, 0.0005837358333874039483, 0.0007783144445165385977 ),
 .UNSPECIFIED. ) ;
#3081 = VECTOR ( 'NONE', #7599, 1000.000000000000000 ) ;
#3082 = CARTESIAN_POINT ( 'NONE',  ( 1.900151749387729794, 55.90156310802093031, 0.2746311720368264098 ) ) ;
#3083 = CARTESIAN_POINT ( 'NONE',  ( 10.61012789734409090, 55.26699799405709257, -0.4184356817180834298 ) ) ;
#3084 = CARTESIAN_POINT ( 'NONE',  ( 8.018601059940179354, 56.36035333048008056, -0.1531141218521629710 ) ) ;
#3085 = CARTESIAN_POINT ( 'NONE',  ( 1.283735457526311574, 55.53581740769051578, -0.01162702048805597417 ) ) ;
#3086 = DIRECTION ( 'NONE',  ( 1.000000000000000000, -0.0000000000000000000, 0.0000000000000000000 ) ) ;
#3087 = CARTESIAN_POINT ( 'NONE',  ( 1.509849825538377877, 54.31912397917277247, -0.02103992808024594124 ) ) ;
#3088 = EDGE_CURVE ( 'NONE', #4302, #1827, #229, .T. ) ;
#3089 = VECTOR ( 'NONE', #6082, 1000.000000000000000 ) ;
#3090 = DIRECTION ( 'NONE',  ( 0.0000000000000000000, 0.0000000000000000000, 1.000000000000000000 ) ) ;
#3091 = CARTESIAN_POINT ( 'NONE',  ( -2.600000000000000089, 4.999999999999998224, -20.69999994376783903 ) ) ;
#3092 = B_SPLINE_CURVE_WITH_KNOTS ( 'NONE', 3,
 ( #7491, #1386, #9042, #664, #2172, #6800, #1431, #9814, #3849, #6009, #2956, #8276, #6934, #3902 ),
 .UNSPECIFIED., .F., .F.,
 ( 4, 2, 2, 2, 2, 2, 4 ),
 ( 0.0000000000000000000, 0.0001768035874361936364, 0.0003536071748723872729, 0.0007072143497447745458, 0.001060821524617161764, 0.001237625112053357488, 0.001414428699489553428 ),
 .UNSPECIFIED. ) ;
#3093 = EDGE_LOOP ( 'NONE', ( #7791, #5664, #2346, #6483 ) ) ;
#3094 = CARTESIAN_POINT ( 'NONE',  ( 1.649329860067773934, 54.68747993182417844, -0.01919356256078373277 ) ) ;
#3095 = CARTESIAN_POINT ( 'NONE',  ( 9.817916509697921512, 54.28100125110108820, -0.3476052596559748298 ) ) ;
#3096 = ORIENTED_EDGE ( 'NONE', *, *, #3186, .F. ) ;
#3097 = CARTESIAN_POINT ( 'NONE',  ( 1.047784499323015428, 56.36988547228307311, 0.2958764490941487857 ) ) ;
#3098 = DIRECTION ( 'NONE',  ( 0.0000000000000000000, 1.000000000000000000, -3.362642065588203259E-15 ) ) ;
#3099 = CARTESIAN_POINT ( 'NONE',  ( 7.896806220030174295, 56.37170430018854717, -0.1394333655621031176 ) ) ;
#3100 = EDGE_CURVE ( 'NONE', #5722, #4653, #5347, .T. ) ;
#3101 = EDGE_CURVE ( 'NONE', #8049, #7103, #7620, .T. ) ;
#3102 = CARTESIAN_POINT ( 'NONE',  ( -1.234395258593804057, 56.58113600369784990, -0.01648901386714393680 ) ) ;
#3103 = AXIS2_PLACEMENT_3D ( 'NONE', #9446, #6440, #9493 ) ;
#3104 = ORIENTED_EDGE ( 'NONE', *, *, #4685, .F. ) ;
#3105 = CARTESIAN_POINT ( 'NONE',  ( 13.48029628710175665, 8.338504503426921843, -1.293775883102714408 ) ) ;
#3106 = VERTEX_POINT ( 'NONE', #9071 ) ;
#3107 = CARTESIAN_POINT ( 'NONE',  ( 1.536804433829713989, 55.01886252110218578, -0.02106636364446429210 ) ) ;
#3108 = CARTESIAN_POINT ( 'NONE',  ( -0.8819159165877480389, 56.23973383814713145, -0.009782707134597034768 ) ) ;
#3109 = ORIENTED_EDGE ( 'NONE', *, *, #1197, .F. ) ;
#3110 = LINE ( 'NONE', #3059, #5507 ) ;
#3111 = AXIS2_PLACEMENT_3D ( 'NONE', #9680, #5915, #8278 ) ;
#3112 = EDGE_LOOP ( 'NONE', ( #3251, #8577, #7022, #640, #2918, #3512 ) ) ;
#3113 = AXIS2_PLACEMENT_3D ( 'NONE', #1155, #8016, #4333 ) ;
#3114 = VERTEX_POINT ( 'NONE', #9922 ) ;
#3115 = EDGE_CURVE ( 'NONE', #2622, #5015, #3064, .T. ) ;
#3116 = LINE ( 'NONE', #7564, #9392 ) ;
#3117 = CARTESIAN_POINT ( 'NONE',  ( 14.09999999999999964, 57.68607360139083085, -50.70000000000000995 ) ) ;
#3118 = LINE ( 'NONE', #7678, #3816 ) ;
#3119 = CARTESIAN_POINT ( 'NONE',  ( 1.965714103753938069, 54.38807853148045268, -0.02726095453912322220 ) ) ;
#3120 = CIRCLE ( 'NONE', #6326, 3.000000000000000000 ) ;
#3121 = LINE ( 'NONE', #5578, #2577 ) ;
#3122 = CARTESIAN_POINT ( 'NONE',  ( -14.09999999999999964, 57.00000000000006395, -3.618128122774998179 ) ) ;
#3123 = ORIENTED_EDGE ( 'NONE', *, *, #5068, .F. ) ;
#3124 = CARTESIAN_POINT ( 'NONE',  ( -14.59999999999999964, 36.78974845414018091, -33.49521209058222126 ) ) ;
#3125 = ORIENTED_EDGE ( 'NONE', *, *, #9024, .T. ) ;
#3126 = CARTESIAN_POINT ( 'NONE',  ( 14.09999999999999964, 12.48128306799198484, -40.19521439518901218 ) ) ;
#3127 = ORIENTED_EDGE ( 'NONE', *, *, #1998, .F. ) ;
#3128 = VECTOR ( 'NONE', #9315, 1000.000000000000000 ) ;
#3129 = EDGE_CURVE ( 'NONE', #6622, #7184, #807, .T. ) ;
#3130 = CARTESIAN_POINT ( 'NONE',  ( -13.50000000000000000, 55.19999999999969731, 0.0000000000000000000 ) ) ;
#3131 = AXIS2_PLACEMENT_3D ( 'NONE', #3810, #3176, #9081 ) ;
#3132 = CARTESIAN_POINT ( 'NONE',  ( 10.59201843205770288, 55.69973546231562267, -0.8009584369727310582 ) ) ;
#3133 = CARTESIAN_POINT ( 'NONE',  ( -3.349999999999997868, 68.99999999999998579, -48.70000000000000995 ) ) ;
#3134 = DIRECTION ( 'NONE',  ( 0.0000000000000000000, -1.000000000000000000, 0.0000000000000000000 ) ) ;
#3135 = CIRCLE ( 'NONE', #3304, 2.930662494025085163 ) ;
#3136 = DIRECTION ( 'NONE',  ( 0.0000000000000000000, 0.0000000000000000000, 1.000000000000000000 ) ) ;
#3137 = VECTOR ( 'NONE', #2901, 1000.000000000000000 ) ;
#3138 = CARTESIAN_POINT ( 'NONE',  ( -10.50000000000000178, 5.734092485736956846, -0.7821016581677926460 ) ) ;
#3139 = CARTESIAN_POINT ( 'NONE',  ( -14.09999999999999964, 56.11856143500671124, -3.181917176974927930 ) ) ;
#3140 = ORIENTED_EDGE ( 'NONE', *, *, #8949, .T. ) ;
#3141 = CARTESIAN_POINT ( 'NONE',  ( -2.600000000000000533, 3.389087296526010373, -50.69919633461351793 ) ) ;
#3142 = DIRECTION ( 'NONE',  ( -0.0000000000000000000, 1.000000000000000000, -3.362642065588203259E-15 ) ) ;
#3143 = ORIENTED_EDGE ( 'NONE', *, *, #990, .T. ) ;
#3144 = CARTESIAN_POINT ( 'NONE',  ( -8.500000000000000000, 9.999999999990905053, -33.70200572722880850 ) ) ;
#3145 = CARTESIAN_POINT ( 'NONE',  ( 1.002465460524598617, 55.17644829683319330, 0.2929399513848934822 ) ) ;
#3146 = CARTESIAN_POINT ( 'NONE',  ( 10.69723229832930578, 5.734092485736938194, -0.8116476230062368291 ) ) ;
#3147 = CARTESIAN_POINT ( 'NONE',  ( 0.0000000000000000000, 0.0000000000000000000, -70.87421554853963812 ) ) ;
#3148 = CARTESIAN_POINT ( 'NONE',  ( 1.249775576267852406, 56.69094044915809860, -0.01094366509219535204 ) ) ;
#3149 = AXIS2_PLACEMENT_3D ( 'NONE', #1145, #8849, #8057 ) ;
#3150 = ORIENTED_EDGE ( 'NONE', *, *, #2663, .F. ) ;
#3151 = ORIENTED_EDGE ( 'NONE', *, *, #1443, .F. ) ;
#3152 = FACE_OUTER_BOUND ( 'NONE', #472, .T. ) ;
#3153 = CARTESIAN_POINT ( 'NONE',  ( 7.431932760591899445, 53.95821371728186477, -0.4418531884689674838 ) ) ;
#3154 = CARTESIAN_POINT ( 'NONE',  ( 1.771926777438444622, 55.22466553778040321, -0.03042540325696747178 ) ) ;
#3155 = CARTESIAN_POINT ( 'NONE',  ( -13.50000000000000178, 56.85600527474578314, -1.297607197594145667 ) ) ;
#3156 = VERTEX_POINT ( 'NONE', #3320 ) ;
#3157 = DIRECTION ( 'NONE',  ( -0.0000000000000000000, -1.000000000000000000, 2.154182201811218676E-17 ) ) ;
#3158 = CARTESIAN_POINT ( 'NONE',  ( -1.020369021444161639, 55.50051673303378408, -0.007344410697563353435 ) ) ;
#3159 = EDGE_CURVE ( 'NONE', #3450, #7192, #4382, .T. ) ;
#3160 = ORIENTED_EDGE ( 'NONE', *, *, #8765, .T. ) ;
#3161 = LINE ( 'NONE', #2159, #7931 ) ;
#3162 = ORIENTED_EDGE ( 'NONE', *, *, #5404, .F. ) ;
#3163 = CARTESIAN_POINT ( 'NONE',  ( 7.787364704163205253, 56.69225627486790842, -0.4290924374122729867 ) ) ;
#3164 = CARTESIAN_POINT ( 'NONE',  ( 1.049438115959492102, 54.19851156681517068, 0.2940854501769258333 ) ) ;
#3165 = CARTESIAN_POINT ( 'NONE',  ( 8.157772826435113700, 55.30400636450157492, -0.4992202662322268725 ) ) ;
#3166 = CARTESIAN_POINT ( 'NONE',  ( 1.682972487286312546, 54.00953894657585863, -0.01996880306275307729 ) ) ;
#3167 = PRESENTATION_STYLE_ASSIGNMENT (( #6991 ) ) ;
#3168 = CARTESIAN_POINT ( 'NONE',  ( 8.330608316739230190, 55.98878781663479742, -0.1892095442298929731 ) ) ;
#3169 = EDGE_CURVE ( 'NONE', #9193, #9393, #5191, .T. ) ;
#3170 = CARTESIAN_POINT ( 'NONE',  ( 2.149999999999998135, 68.99999999999998579, -48.70000000000000995 ) ) ;
#3171 = FACE_OUTER_BOUND ( 'NONE', #7334, .T. ) ;
#3172 = ADVANCED_FACE ( 'NONE', ( #4963 ), #6477, .F. ) ;
#3173 = ORIENTED_EDGE ( 'NONE', *, *, #3760, .T. ) ;
#3174 = B_SPLINE_CURVE_WITH_KNOTS ( 'NONE', 3,
 ( #1047, #7862, #4844, #220, #3297, #9412, #4090, #7168, #271, #6408, #9697, #4622, #3765, #5483 ),
 .UNSPECIFIED., .F., .F.,
 ( 4, 2, 2, 2, 2, 2, 4 ),
 ( 1.740009378519740812E-18, 0.0001193818157424327643, 0.0002387636314848637939, 0.0004775272629697281841, 0.0007162908944545924930, 0.0008356727101970153233, 0.0009550545259394380452 ),
 .UNSPECIFIED. ) ;
#3175 = EDGE_CURVE ( 'NONE', #6615, #4266, #3120, .T. ) ;
#3176 = DIRECTION ( 'NONE',  ( 0.0000000000000000000, 1.000000000000000000, 0.0000000000000000000 ) ) ;
#3177 = ORIENTED_EDGE ( 'NONE', *, *, #1999, .F. ) ;
#3178 = CYLINDRICAL_SURFACE ( 'NONE', #7456, 0.5000000000000004441 ) ;
#3179 = CARTESIAN_POINT ( 'NONE',  ( 9.949371948771389640, 56.34542219506761285, -0.7254125390959408337 ) ) ;
#3180 = FACE_OUTER_BOUND ( 'NONE', #725, .T. ) ;
#3181 = FACE_OUTER_BOUND ( 'NONE', #7419, .T. ) ;
#3182 = LINE ( 'NONE', #2629, #7703 ) ;
#3183 = DIRECTION ( 'NONE',  ( -1.000000000000000000, -0.0000000000000000000, -0.0000000000000000000 ) ) ;
#3184 = VECTOR ( 'NONE', #6920, 1000.000000000000000 ) ;
#3185 = DIRECTION ( 'NONE',  ( 0.0000000000000000000, -0.0000000000000000000, -1.000000000000000000 ) ) ;
#3186 = EDGE_CURVE ( 'NONE', #3680, #9, #1867, .T. ) ;
#3187 = CARTESIAN_POINT ( 'NONE',  ( 0.0000000000000000000, 54.19851156681517068, -70.87421554853963812 ) ) ;
#3188 = FACE_OUTER_BOUND ( 'NONE', #4113, .T. ) ;
#3189 = ORIENTED_EDGE ( 'NONE', *, *, #5204, .T. ) ;
#3190 = CARTESIAN_POINT ( 'NONE',  ( 9.683502432648385394, 54.48491973518071063, -0.6646377418347779731 ) ) ;
#3191 = CARTESIAN_POINT ( 'NONE',  ( -1.696289608327625986, 56.69228397065861458, -0.02736481479098792566 ) ) ;
#3192 = DIRECTION ( 'NONE',  ( 0.0000000000000000000, 0.0000000000000000000, 1.000000000000000000 ) ) ;
#3193 = ORIENTED_EDGE ( 'NONE', *, *, #6912, .T. ) ;
#3194 = AXIS2_PLACEMENT_3D ( 'NONE', #4014, #299, #8639 ) ;
#3195 = CARTESIAN_POINT ( 'NONE',  ( 2.648437500000004441, 62.00000000000005684, -23.07266194338358645 ) ) ;
#3196 = B_SPLINE_CURVE_WITH_KNOTS ( 'NONE', 3,
 ( #2356, #8282, #5369, #1464, #6732, #9126, #3066, #2251, #7682, #5312 ),
 .UNSPECIFIED., .F., .F.,
 ( 4, 2, 2, 2, 4 ),
 ( 0.0000000000000000000, 0.0002206104377151244444, 0.0004412208754302488888, 0.0006618313131453733332, 0.0008824417508604977776 ),
 .UNSPECIFIED. ) ;
#3197 = CARTESIAN_POINT ( 'NONE',  ( 1.538846377929198539, 55.85955195378404170, -0.01857861185664076362 ) ) ;
#3198 = DIRECTION ( 'NONE',  ( 0.0000000000000000000, 1.000000000000000000, 0.0000000000000000000 ) ) ;
#3199 = CIRCLE ( 'NONE', #3985, 7.249999999999996447 ) ;
#3200 = VERTEX_POINT ( 'NONE', #7237 ) ;
#3201 = ORIENTED_EDGE ( 'NONE', *, *, #8139, .F. ) ;
#3202 = CARTESIAN_POINT ( 'NONE',  ( 1.526851315057017988, 56.06440041347243408, -0.01861215123666087878 ) ) ;
#3203 = CARTESIAN_POINT ( 'NONE',  ( 7.687940993154751546, 53.85415772237234222, -0.03936411257272919711 ) ) ;
#3204 = CARTESIAN_POINT ( 'NONE',  ( 1.994019278622910951, 54.85504531395948646, -0.03042540325696790546 ) ) ;
#3205 = CARTESIAN_POINT ( 'NONE',  ( -14.59999999999999964, 37.59360607324528303, -2.797128122774994452 ) ) ;
#3206 = CARTESIAN_POINT ( 'NONE',  ( 8.268507715339604047, 54.37525515744912497, -0.1326601476622901177 ) ) ;
#3207 = CARTESIAN_POINT ( 'NONE',  ( 14.09999999999999964, 13.28128306799197489, 0.0000000000000000000 ) ) ;
#3208 = DIRECTION ( 'NONE',  ( 0.0000000000000000000, -0.0000000000000000000, 1.000000000000000000 ) ) ;
#3209 = ORIENTED_EDGE ( 'NONE', *, *, #4292, .F. ) ;
#3210 = DIRECTION ( 'NONE',  ( -0.0000000000000000000, -0.0000000000000000000, 1.000000000000000000 ) ) ;
#3211 = DIRECTION ( 'NONE',  ( 0.0000000000000000000, -0.0000000000000000000, 1.000000000000000000 ) ) ;
#3212 = CARTESIAN_POINT ( 'NONE',  ( 10.26009197042783860, 53.84577183771732933, -0.7465417572845839400 ) ) ;
#3213 = CARTESIAN_POINT ( 'NONE',  ( 6.967767412016133477, 55.40164006647960093, -0.3433382763922869230 ) ) ;
#3214 = AXIS2_PLACEMENT_3D ( 'NONE', #9134, #9242, #54 ) ;
#3215 = CARTESIAN_POINT ( 'NONE',  ( 1.277510165842169032, 54.21209402139875522, -0.01333718144718441106 ) ) ;
#3216 = PLANE ( 'NONE',  #8154 ) ;
#3217 = CARTESIAN_POINT ( 'NONE',  ( 2.011528648963340160, 54.68182057574768606, -0.03047645466538009135 ) ) ;
#3218 = EDGE_CURVE ( 'NONE', #6796, #5672, #344, .T. ) ;
#3219 = ORIENTED_EDGE ( 'NONE', *, *, #272, .F. ) ;
#3220 = CARTESIAN_POINT ( 'NONE',  ( 5.792997192154582642, 56.69768321019457602, -0.2371458672982829086 ) ) ;
#3221 = CARTESIAN_POINT ( 'NONE',  ( -14.59999999999999964, 29.40639392675472052, -2.797128122774990899 ) ) ;
#3222 = VERTEX_POINT ( 'NONE', #2454 ) ;
#3223 = CARTESIAN_POINT ( 'NONE',  ( -0.6542544373080282361, 55.30038819490839330, 0.1445199273571729226 ) ) ;
#3224 = ORIENTED_EDGE ( 'NONE', *, *, #6297, .T. ) ;
#3225 = PLANE ( 'NONE',  #9831 ) ;
#3226 = ORIENTED_EDGE ( 'NONE', *, *, #1978, .T. ) ;
#3227 = CARTESIAN_POINT ( 'NONE',  ( 8.377614020751082080, 54.71446778295318580, -0.4968753399054655628 ) ) ;
#3228 = CARTESIAN_POINT ( 'NONE',  ( 1.753885360136929750, 55.54009551742137063, 0.2857021154571451893 ) ) ;
#3229 = DIRECTION ( 'NONE',  ( -0.0000000000000000000, -1.000000000000000000, -0.0000000000000000000 ) ) ;
#3230 = EDGE_CURVE ( 'NONE', #9720, #3290, #792, .T. ) ;
#3231 = DIRECTION ( 'NONE',  ( 0.0000000000000000000, 0.0000000000000000000, 1.000000000000000000 ) ) ;
#3232 = EDGE_CURVE ( 'NONE', #9768, #5946, #2612, .T. ) ;
#3233 = EDGE_CURVE ( 'NONE', #7808, #9689, #5687, .T. ) ;
#3234 = VECTOR ( 'NONE', #511, 1000.000000000000000 ) ;
#3235 = CARTESIAN_POINT ( 'NONE',  ( 4.315112946339142219, 54.19851156681517068, -0.1314828484156316257 ) ) ;
#3236 = CARTESIAN_POINT ( 'NONE',  ( 10.61012789734408912, 55.26699799405709257, -0.4952830122189229023 ) ) ;
#3237 = CARTESIAN_POINT ( 'NONE',  ( 10.61012789734408912, 55.26699799405709257, -0.4952830122189229023 ) ) ;
#3238 = CARTESIAN_POINT ( 'NONE',  ( 8.114116702926773783, 56.31582446488575044, -0.1373998474905822331 ) ) ;
#3239 = FACE_OUTER_BOUND ( 'NONE', #1024, .T. ) ;
#3240 = ORIENTED_EDGE ( 'NONE', *, *, #4942, .F. ) ;
#3241 = CARTESIAN_POINT ( 'NONE',  ( 14.09999999999999964, 29.40639392675472408, -2.797128122774994452 ) ) ;
#3242 = CARTESIAN_POINT ( 'NONE',  ( -1.484067763792421335, 56.66724782447153075, 0.2872785925169826782 ) ) ;
#3243 = DIRECTION ( 'NONE',  ( 0.0000000000000000000, -1.000000000000000000, 0.0000000000000000000 ) ) ;
#3244 = CARTESIAN_POINT ( 'NONE',  ( 1.638391185013978069, 54.56030030773568029, -0.02103992808024572614 ) ) ;
#3245 = ADVANCED_FACE ( 'NONE', ( #145 ), #9351, .T. ) ;
#3246 = CARTESIAN_POINT ( 'NONE',  ( 2.001998438609803976, 54.83309618077555569, -0.02827778090556886531 ) ) ;
#3247 = DIRECTION ( 'NONE',  ( 0.0000000000000000000, 1.000000000000000000, 0.0000000000000000000 ) ) ;
#3248 = LINE ( 'NONE', #3778, #3701 ) ;
#3249 = CARTESIAN_POINT ( 'NONE',  ( 9.778651900328656055, 54.32468647698608777, -0.7260292448453817826 ) ) ;
#3250 = FACE_OUTER_BOUND ( 'NONE', #6398, .T. ) ;
#3251 = ORIENTED_EDGE ( 'NONE', *, *, #9777, .T. ) ;
#3252 = ORIENTED_EDGE ( 'NONE', *, *, #8813, .F. ) ;
#3253 = CARTESIAN_POINT ( 'NONE',  ( 1.448652267750650591, 56.23278184671190871, -0.01861215123666109736 ) ) ;
#3254 = CARTESIAN_POINT ( 'NONE',  ( 4.333781329145700134, 41.33504442748403562, -3.297607197594146111 ) ) ;
#3255 = CARTESIAN_POINT ( 'NONE',  ( 8.084898038562588596, 55.70537393319756347, -0.1407445101694961009 ) ) ;
#3256 = CARTESIAN_POINT ( 'NONE',  ( -7.295006188712704898, 35.93013281871203901, -3.297607197594146111 ) ) ;
#3257 = CARTESIAN_POINT ( 'NONE',  ( 8.378564499684545197, 54.76801488847134181, -0.1326601476622894515 ) ) ;
#3258 = AXIS2_PLACEMENT_3D ( 'NONE', #6511, #1104, #7171 ) ;
#3259 = CARTESIAN_POINT ( 'NONE',  ( 14.09999999999999964, 72.50000000000000000, -50.70000000000000284 ) ) ;
#3260 = DIRECTION ( 'NONE',  ( 0.0000000000000000000, -3.828355257328127933E-15, -1.000000000000000000 ) ) ;
#3261 = ORIENTED_EDGE ( 'NONE', *, *, #2198, .F. ) ;
#3262 = CARTESIAN_POINT ( 'NONE',  ( 14.09999999999999964, 22.52768592884731191, -46.52991068040767431 ) ) ;
#3263 = ORIENTED_EDGE ( 'NONE', *, *, #1114, .T. ) ;
#3264 = EDGE_CURVE ( 'NONE', #642, #4811, #6802, .T. ) ;
#3265 = CARTESIAN_POINT ( 'NONE',  ( 8.703992838831670298, 54.85923426712064099, -0.2342164788509824569 ) ) ;
#3266 = CARTESIAN_POINT ( 'NONE',  ( 9.548701501125794522, 56.45403820349762469, -0.6461682273910334118 ) ) ;
#3267 = CARTESIAN_POINT ( 'NONE',  ( 13.40317499886403141, 57.63717794236251279, -1.278878980825679967 ) ) ;
#3268 = ORIENTED_EDGE ( 'NONE', *, *, #4741, .F. ) ;
#3269 = ORIENTED_EDGE ( 'NONE', *, *, #5559, .T. ) ;
#3270 = CARTESIAN_POINT ( 'NONE',  ( -1.505196209206155933, 53.90336376952164699, -0.01593090974990105449 ) ) ;
#3271 = ORIENTED_EDGE ( 'NONE', *, *, #8950, .T. ) ;
#3272 = VECTOR ( 'NONE', #3416, 1000.000000000000000 ) ;
#3273 = PLANE ( 'NONE',  #3103 ) ;
#3274 = ORIENTED_EDGE ( 'NONE', *, *, #3055, .F. ) ;
#3275 = ADVANCED_FACE ( 'NONE', ( #1954 ), #8958, .T. ) ;
#3276 = LINE ( 'NONE', #7148, #9533 ) ;
#3277 = ORIENTED_EDGE ( 'NONE', *, *, #9588, .F. ) ;
#3278 = CARTESIAN_POINT ( 'NONE',  ( 5.677098978650907846, 56.51030092736974808, 0.07323186443107258803 ) ) ;
#3279 = CARTESIAN_POINT ( 'NONE',  ( -0.6542544373080282361, 55.30038819490839330, 0.2969928863411547271 ) ) ;
#3280 = CARTESIAN_POINT ( 'NONE',  ( 8.668742388863851289, 55.97328563240343158, 0.7023928024058537778 ) ) ;
#3281 = CARTESIAN_POINT ( 'NONE',  ( 4.333781329145699246, 36.09533680887011542, -3.297607197594146111 ) ) ;
#3282 = AXIS2_PLACEMENT_3D ( 'NONE', #9279, #5256, #8486 ) ;
#3283 = B_SPLINE_CURVE_WITH_KNOTS ( 'NONE', 3,
 ( #1760, #4047, #5616, #2081, #3449, #2035, #5084, #3585, #8159, #1946, #5758, #8018, #5131, #8199 ),
 .UNSPECIFIED., .F., .F.,
 ( 4, 2, 2, 2, 2, 2, 4 ),
 ( 5.421010862427522170E-20, 0.0002326909907781008347, 0.0004653819815562016153, 0.0006980729723343023687, 0.0009307639631124032305, 0.001396145944668606472, 0.001861527926224809931 ),
 .UNSPECIFIED. ) ;
#3284 = AXIS2_PLACEMENT_3D ( 'NONE', #2561, #1813, #3211 ) ;
#3285 = CARTESIAN_POINT ( 'NONE',  ( 9.840730132200999236, 56.28180234223737699, -0.6865022039675913179 ) ) ;
#3286 = CARTESIAN_POINT ( 'NONE',  ( 13.50000000000000000, 54.09999999999998721, -1.297607197594146777 ) ) ;
#3287 = AXIS2_PLACEMENT_3D ( 'NONE', #7980, #1122, #6276 ) ;
#3288 = EDGE_CURVE ( 'NONE', #7563, #3555, #9416, .T. ) ;
#3289 = ADVANCED_FACE ( 'NONE', ( #5091 ), #8079, .T. ) ;
#3290 = VERTEX_POINT ( 'NONE', #6617 ) ;
#3291 = DIRECTION ( 'NONE',  ( -0.0000000000000000000, -0.0000000000000000000, 1.000000000000000000 ) ) ;
#3292 = CARTESIAN_POINT ( 'NONE',  ( 1.182713889881338964, 54.20149497247201253, -0.009866392514846021589 ) ) ;
#3293 = ORIENTED_EDGE ( 'NONE', *, *, #7767, .F. ) ;
#3294 = DIRECTION ( 'NONE',  ( 0.0000000000000000000, 0.0000000000000000000, -1.000000000000000000 ) ) ;
#3295 = VECTOR ( 'NONE', #6147, 1000.000000000000000 ) ;
#3296 = CARTESIAN_POINT ( 'NONE',  ( 2.011528648963340160, 54.68182057574768606, -0.02855102264745618817 ) ) ;
#3297 = CARTESIAN_POINT ( 'NONE',  ( 7.659839795861204337, 54.19444145288655790, -0.1133710059030801215 ) ) ;
#3298 = CARTESIAN_POINT ( 'NONE',  ( 1.858808451727745448, 55.71840987761667918, -0.02437729658456507659 ) ) ;
#3299 = CARTESIAN_POINT ( 'NONE',  ( 9.728725512168407974, 56.14394379363289289, -0.3680369289773501307 ) ) ;
#3300 = DIRECTION ( 'NONE',  ( 0.0000000000000000000, 2.796494278874283485E-15, -1.000000000000000000 ) ) ;
#3301 = EDGE_CURVE ( 'NONE', #592, #7434, #7330, .T. ) ;
#3302 = EDGE_CURVE ( 'NONE', #505, #6881, #439, .T. ) ;
#3303 = ORIENTED_EDGE ( 'NONE', *, *, #1515, .T. ) ;
#3304 = AXIS2_PLACEMENT_3D ( 'NONE', #4378, #7446, #567 ) ;
#3305 = VERTEX_POINT ( 'NONE', #1303 ) ;
#3306 = CARTESIAN_POINT ( 'NONE',  ( 0.9232344754536933040, 56.37170430018856138, -0.01861215123666109736 ) ) ;
#3307 = CARTESIAN_POINT ( 'NONE',  ( 6.966408081054688672, 55.19512417188561670, -0.03936411257272941222 ) ) ;
#3308 = CARTESIAN_POINT ( 'NONE',  ( 2.009957317993780634, 54.74116073744850297, -0.03042540325696768688 ) ) ;
#3309 = CARTESIAN_POINT ( 'NONE',  ( 8.343715285108851631, 54.53165682576543105, -0.4992116007269606359 ) ) ;
#3310 = DIRECTION ( 'NONE',  ( -0.0000000000000000000, -0.0000000000000000000, 1.000000000000000000 ) ) ;
#3311 = DIRECTION ( 'NONE',  ( -0.0000000000000000000, -1.000000000000000000, -0.0000000000000000000 ) ) ;
#3312 = EDGE_CURVE ( 'NONE', #6092, #1898, #4708, .T. ) ;
#3313 = VERTEX_POINT ( 'NONE', #9002 ) ;
#3314 = CARTESIAN_POINT ( 'NONE',  ( 8.041099517827973386, 55.71424699829400140, -0.4576117445134018080 ) ) ;
#3315 = ORIENTED_EDGE ( 'NONE', *, *, #4150, .F. ) ;
#3316 = CARTESIAN_POINT ( 'NONE',  ( 3.047417185204659873, 56.69768321019457602, 0.7023928024058537778 ) ) ;
#3317 = AXIS2_PLACEMENT_3D ( 'NONE', #2593, #7259, #5788 ) ;
#3318 = CARTESIAN_POINT ( 'NONE',  ( -1.588871630397463708, 56.34997806560716782, -0.02725522043429409041 ) ) ;
#3319 = CARTESIAN_POINT ( 'NONE',  ( -1.064072355729226871, 55.78817834687173871, 0.2920530652844871011 ) ) ;
#3320 = CARTESIAN_POINT ( 'NONE',  ( -4.724999999999997868, 57.00000000000007105, -18.74999999999993605 ) ) ;
#3321 = VERTEX_POINT ( 'NONE', #5184 ) ;
#3322 = CARTESIAN_POINT ( 'NONE',  ( -0.6759787998698316702, 54.94673270260263820, -0.003223157708722813441 ) ) ;
#3323 = CIRCLE ( 'NONE', #1554, 2.749999999999998668 ) ;
#3324 = ORIENTED_EDGE ( 'NONE', *, *, #7159, .T. ) ;
#3325 = CARTESIAN_POINT ( 'NONE',  ( 14.09999999999999964, 56.50000000000000000, -3.118128122774906696 ) ) ;
#3326 = DIRECTION ( 'NONE',  ( -0.0000000000000000000, -0.0000000000000000000, 1.000000000000000000 ) ) ;
#3327 = FACE_OUTER_BOUND ( 'NONE', #4769, .T. ) ;
#3328 = CARTESIAN_POINT ( 'NONE',  ( 9.992425002136348766, 54.17631048243788427, -0.4049232250764151497 ) ) ;
#3329 = DIRECTION ( 'NONE',  ( 0.0000000000000000000, 0.0000000000000000000, 1.000000000000000000 ) ) ;
#3330 = FACE_OUTER_BOUND ( 'NONE', #1990, .T. ) ;
#3331 = VECTOR ( 'NONE', #7387, 1000.000000000000000 ) ;
#3332 = EDGE_CURVE ( 'NONE', #3321, #2255, #8262, .T. ) ;
#3333 = CARTESIAN_POINT ( 'NONE',  ( -1.030857429238461132, 55.01192712910392402, -0.01317352179555219063 ) ) ;
#3334 = CARTESIAN_POINT ( 'NONE',  ( 8.187648195932998973, 56.26105668372030522, -0.4803865622226340948 ) ) ;
#3335 = CARTESIAN_POINT ( 'NONE',  ( 7.311919149009749042, 56.45285890647708271, -0.4458325920447150925 ) ) ;
#3336 = EDGE_LOOP ( 'NONE', ( #1853, #3502, #9596, #7667, #3397, #8477, #5448, #7240 ) ) ;
#3337 = DIRECTION ( 'NONE',  ( 0.0000000000000000000, -0.0000000000000000000, -1.000000000000000000 ) ) ;
#3338 = DIRECTION ( 'NONE',  ( 0.0000000000000000000, -0.0000000000000000000, -1.000000000000000000 ) ) ;
#3339 = FACE_OUTER_BOUND ( 'NONE', #9605, .T. ) ;
#3340 = ORIENTED_EDGE ( 'NONE', *, *, #3175, .F. ) ;
#3341 = B_SPLINE_CURVE_WITH_KNOTS ( 'NONE', 3,
 ( #2359, #3861, #8391, #1516, #4567, #6183, #4667, #7630, #5, #3070 ),
 .UNSPECIFIED., .F., .F.,
 ( 4, 3, 3, 4 ),
 ( 2.169462877787276028E-19, 0.0001573363235998056966, 0.0003095882989814353848, 0.0004631817608216765025 ),
 .UNSPECIFIED. ) ;
#3342 = AXIS2_PLACEMENT_3D ( 'NONE', #3124, #9075, #9776 ) ;
#3343 = EDGE_CURVE ( 'NONE', #2757, #744, #8205, .T. ) ;
#3344 = CARTESIAN_POINT ( 'NONE',  ( -1.416958070119978430, 56.29177574329240485, 0.2945886685900921398 ) ) ;
#3345 = CARTESIAN_POINT ( 'NONE',  ( 5.792997192154583530, 56.69768321019457602, 0.7023928024058537778 ) ) ;
#3346 = CARTESIAN_POINT ( 'NONE',  ( -14.09999999999999964, 1.035533905932780829, -50.69975444044844437 ) ) ;
#3347 = CARTESIAN_POINT ( 'NONE',  ( 3.047417185204659873, 56.69768321019457602, -0.06554603611215459313 ) ) ;
#3348 = CARTESIAN_POINT ( 'NONE',  ( 7.293517395596174957, 54.77006803731582352, -0.3762791609227176814 ) ) ;
#3349 = ORIENTED_EDGE ( 'NONE', *, *, #4360, .F. ) ;
#3350 = AXIS2_PLACEMENT_3D ( 'NONE', #3373, #5723, #8786 ) ;
#3351 = EDGE_LOOP ( 'NONE', ( #3454, #7670, #8341, #5242, #6571 ) ) ;
#3352 = CARTESIAN_POINT ( 'NONE',  ( 14.09999999999999964, 57.00000000000013500, -1.916705977385280630E-13 ) ) ;
#3353 = CARTESIAN_POINT ( 'NONE',  ( 6.967107929350189188, 55.13681017855007838, -0.03936411257272941222 ) ) ;
#3354 = CARTESIAN_POINT ( 'NONE',  ( 2.011528648963340160, 54.68182057574768606, -0.03042540325696768688 ) ) ;
#3355 = EDGE_CURVE ( 'NONE', #4801, #1161, #7607, .T. ) ;
#3356 = EDGE_CURVE ( 'NONE', #6226, #7602, #4547, .T. ) ;
#3357 = ADVANCED_FACE ( 'NONE', ( #1596 ), #3019, .T. ) ;
#3358 = AXIS2_PLACEMENT_3D ( 'NONE', #3369, #7279, #8782 ) ;
#3359 = CARTESIAN_POINT ( 'NONE',  ( 7.911587991582226920, 54.16396782757501427, -0.4992116007269610800 ) ) ;
#3360 = DIRECTION ( 'NONE',  ( 0.0000000000000000000, 1.000000000000000000, 0.0000000000000000000 ) ) ;
#3361 = ORIENTED_EDGE ( 'NONE', *, *, #7502, .F. ) ;
#3362 = DIRECTION ( 'NONE',  ( 0.0000000000000000000, 1.734723475995475014E-14, 1.000000000000000000 ) ) ;
#3363 = PLANE ( 'NONE',  #2301 ) ;
#3364 = ORIENTED_EDGE ( 'NONE', *, *, #7049, .F. ) ;
#3365 = LINE ( 'NONE', #1258, #1857 ) ;
#3366 = VECTOR ( 'NONE', #3879, 1000.000000000000000 ) ;
#3367 = LINE ( 'NONE', #6430, #7945 ) ;
#3368 = CARTESIAN_POINT ( 'NONE',  ( -14.09999999999999964, 10.51242612580259639, -3.118282555226862041 ) ) ;
#3369 = CARTESIAN_POINT ( 'NONE',  ( 14.09999999999999964, 56.13128306799008982, 0.0000000000000000000 ) ) ;
#3370 = CARTESIAN_POINT ( 'NONE',  ( 10.89210624762929136, 59.83674241804399685, -0.8416912602953169342 ) ) ;
#3371 = EDGE_CURVE ( 'NONE', #1403, #352, #9059, .T. ) ;
#3372 = ORIENTED_EDGE ( 'NONE', *, *, #9364, .T. ) ;
#3373 = CARTESIAN_POINT ( 'NONE',  ( -4.724999999999997868, 57.00000000000004263, -27.19999999999994245 ) ) ;
#3374 = ORIENTED_EDGE ( 'NONE', *, *, #8897, .T. ) ;
#3375 = CARTESIAN_POINT ( 'NONE',  ( -4.724999999999997868, 62.00000000000001421, -35.64999999999996305 ) ) ;
#3376 = CARTESIAN_POINT ( 'NONE',  ( -0.6000000000000007550, 68.99999999999998579, -48.70000000000000995 ) ) ;
#3377 = ORIENTED_EDGE ( 'NONE', *, *, #1302, .F. ) ;
#3378 = LINE ( 'NONE', #7845, #7296 ) ;
#3379 = VERTEX_POINT ( 'NONE', #3002 ) ;
#3380 = CARTESIAN_POINT ( 'NONE',  ( -8.500000000000000000, 9.999999999990905053, -37.12380646488355751 ) ) ;
#3381 = CARTESIAN_POINT ( 'NONE',  ( 1.808438099770836249, 55.61736558343952908, 0.2857021154571456334 ) ) ;
#3382 = CARTESIAN_POINT ( 'NONE',  ( 1.283735457526311574, 55.53581740769051578, 0.2952945052459345909 ) ) ;
#3383 = DIRECTION ( 'NONE',  ( 0.0000000000000000000, -9.912705577010318647E-16, 1.000000000000000000 ) ) ;
#3384 = LINE ( 'NONE', #108, #3390 ) ;
#3385 = CARTESIAN_POINT ( 'NONE',  ( -8.500000000000000000, 14.00000000001000444, -25.20200572722880139 ) ) ;
#3386 = CARTESIAN_POINT ( 'NONE',  ( 7.383095352467410777, 56.51786813644893925, -0.4458325920447150925 ) ) ;
#3387 = EDGE_CURVE ( 'NONE', #8698, #5512, #7153, .T. ) ;
#3388 = PLANE ( 'NONE',  #6507 ) ;
#3389 = CARTESIAN_POINT ( 'NONE',  ( 1.201783934958013278, 54.20261851585620860, -0.01018725547091852562 ) ) ;
#3390 = VECTOR ( 'NONE', #9503, 1000.000000000000000 ) ;
#3391 = ORIENTED_EDGE ( 'NONE', *, *, #1092, .T. ) ;
#3392 = CARTESIAN_POINT ( 'NONE',  ( 10.69382171531992576, 54.13182815570101525, -0.4181348863512486802 ) ) ;
#3393 = DIRECTION ( 'NONE',  ( 0.0000000000000000000, 0.0000000000000000000, -1.000000000000000000 ) ) ;
#3394 = CARTESIAN_POINT ( 'NONE',  ( -1.016453226203594795, 55.30661348659254628, -0.01695970555067722110 ) ) ;
#3395 = DIRECTION ( 'NONE',  ( -0.0000000000000000000, 0.7071067811865490160, 0.7071067811865461294 ) ) ;
#3396 = LINE ( 'NONE', #7120, #7565 ) ;
#3397 = ORIENTED_EDGE ( 'NONE', *, *, #7596, .T. ) ;
#3398 = ORIENTED_EDGE ( 'NONE', *, *, #2157, .T. ) ;
#3399 = EDGE_CURVE ( 'NONE', #8648, #4748, #6874, .T. ) ;
#3400 = CARTESIAN_POINT ( 'NONE',  ( 0.0000000000000000000, 0.0000000000000000000, -70.87421554853963812 ) ) ;
#3401 = FACE_OUTER_BOUND ( 'NONE', #6895, .T. ) ;
#3402 = CARTESIAN_POINT ( 'NONE',  ( 8.532867609410322629, 55.39877394850373094, -0.1407445101694958789 ) ) ;
#3403 = CARTESIAN_POINT ( 'NONE',  ( 13.50000000000000000, 53.00000000000000000, -5.754411018423114754 ) ) ;
#3404 = CARTESIAN_POINT ( 'NONE',  ( 14.09999999999999964, 2.500000000000042188, 0.0000000000000000000 ) ) ;
#3405 = ORIENTED_EDGE ( 'NONE', *, *, #4139, .T. ) ;
#3406 = CARTESIAN_POINT ( 'NONE',  ( 8.436475842977387174, 55.51797826917619005, -0.5038721986879387549 ) ) ;
#3407 = ORIENTED_EDGE ( 'NONE', *, *, #3419, .T. ) ;
#3408 = ADVANCED_FACE ( 'NONE', ( #2388 ), #5984, .F. ) ;
#3409 = CARTESIAN_POINT ( 'NONE',  ( 14.09999999999999964, 56.00022187457094702, -45.69295510895366164 ) ) ;
#3410 = CARTESIAN_POINT ( 'NONE',  ( -1.419156258203249310, 56.29279674448503101, 0.2858640285931107194 ) ) ;
#3411 = DIRECTION ( 'NONE',  ( 1.000000000000000000, 0.0000000000000000000, 0.0000000000000000000 ) ) ;
#3412 = VERTEX_POINT ( 'NONE', #1397 ) ;
#3413 = ORIENTED_EDGE ( 'NONE', *, *, #1836, .F. ) ;
#3414 = CARTESIAN_POINT ( 'NONE',  ( 7.481501975840745722, 56.15326912907538315, -0.07255918057899243823 ) ) ;
#3415 = VERTEX_POINT ( 'NONE', #7504 ) ;
#3416 = DIRECTION ( 'NONE',  ( -1.000000000000000000, -0.0000000000000000000, -0.0000000000000000000 ) ) ;
#3417 = EDGE_LOOP ( 'NONE', ( #1950, #2681 ) ) ;
#3418 = EDGE_CURVE ( 'NONE', #2624, #7631, #3839, .T. ) ;
#3419 = EDGE_CURVE ( 'NONE', #5871, #1912, #3582, .T. ) ;
#3420 = ORIENTED_EDGE ( 'NONE', *, *, #1997, .T. ) ;
#3421 = LINE ( 'NONE', #7200, #3933 ) ;
#3422 = CARTESIAN_POINT ( 'NONE',  ( 10.10304959289029547, 54.16229168792561666, -0.4207035858732082745 ) ) ;
#3423 = DIRECTION ( 'NONE',  ( 0.0000000000000000000, 1.000000000000000000, 0.0000000000000000000 ) ) ;
#3424 = CARTESIAN_POINT ( 'NONE',  ( 9.594539317200480255, 56.50119606144119899, -0.3037559157698060952 ) ) ;
#3425 = AXIS2_PLACEMENT_3D ( 'NONE', #6332, #1776, #7788 ) ;
#3426 = CYLINDRICAL_SURFACE ( 'NONE', #154, 71.17421554853964949 ) ;
#3427 = ORIENTED_EDGE ( 'NONE', *, *, #5094, .T. ) ;
#3428 = CARTESIAN_POINT ( 'NONE',  ( 7.943441055257125960, 56.37045542529910591, -0.4803865622226340948 ) ) ;
#3429 = CARTESIAN_POINT ( 'NONE',  ( 7.458397574781575834, 56.57428814450744170, -0.06796898991423519498 ) ) ;
#3430 = EDGE_CURVE ( 'NONE', #5140, #5470, #3540, .T. ) ;
#3431 = ORIENTED_EDGE ( 'NONE', *, *, #331, .T. ) ;
#3432 = LINE ( 'NONE', #7950, #5693 ) ;
#3433 = DIRECTION ( 'NONE',  ( 0.0000000000000000000, -1.000000000000000000, 0.0000000000000000000 ) ) ;
#3434 = VECTOR ( 'NONE', #6923, 1000.000000000000000 ) ;
#3435 = DIRECTION ( 'NONE',  ( -1.000000000000000000, -0.0000000000000000000, -0.0000000000000000000 ) ) ;
#3436 = DIRECTION ( 'NONE',  ( -0.0000000000000000000, -1.000000000000000000, -0.0000000000000000000 ) ) ;
#3437 = DIRECTION ( 'NONE',  ( 1.000000000000000000, 0.0000000000000000000, 0.0000000000000000000 ) ) ;
#3438 = EDGE_CURVE ( 'NONE', #2863, #1688, #9318, .T. ) ;
#3439 = CARTESIAN_POINT ( 'NONE',  ( 9.747642031286519071, 56.17815432237249951, -0.3706522784475504428 ) ) ;
#3440 = CARTESIAN_POINT ( 'NONE',  ( 5.676980392586472135, 53.87253265680915604, 0.7023928024058537778 ) ) ;
#3441 = B_SPLINE_CURVE_WITH_KNOTS ( 'NONE', 3,
 ( #5212, #5831, #6691, #8289, #7353, #2115, #8888, #3621, #7438, #2067, #5157, #5785 ),
 .UNSPECIFIED., .F., .F.,
 ( 4, 2, 2, 2, 2, 4 ),
 ( 1.738108305489988542E-18, 0.0002294174201271206360, 0.0004588348402542395373, 0.0009176696805084796167, 0.001376504520762719588, 0.001835339361016959450 ),
 .UNSPECIFIED. ) ;
#3442 = ORIENTED_EDGE ( 'NONE', *, *, #3562, .F. ) ;
#3443 = CARTESIAN_POINT ( 'NONE',  ( 14.09999999999999964, 13.99999999999999822, -5.754411018423092550 ) ) ;
#3444 = CARTESIAN_POINT ( 'NONE',  ( 6.966408081054688672, 55.19512417188561670, -0.4418531884689679279 ) ) ;
#3445 = CARTESIAN_POINT ( 'NONE',  ( 14.09999999999999964, 10.51242612580258928, -3.118282555226861597 ) ) ;
#3446 = AXIS2_PLACEMENT_3D ( 'NONE', #1013, #9080, #2450 ) ;
#3447 = CIRCLE ( 'NONE', #9033, 70.87421554853963812 ) ;
#3448 = EDGE_CURVE ( 'NONE', #6248, #1777, #182, .T. ) ;
#3449 = CARTESIAN_POINT ( 'NONE',  ( 10.47695171823871263, 56.60928377804489031, -0.4753057139925191410 ) ) ;
#3450 = VERTEX_POINT ( 'NONE', #9373 ) ;
#3451 = AXIS2_PLACEMENT_3D ( 'NONE', #8185, #5211, #8846 ) ;
#3452 = VECTOR ( 'NONE', #2538, 1000.000000000000000 ) ;
#3453 = ORIENTED_EDGE ( 'NONE', *, *, #9040, .T. ) ;
#3454 = ORIENTED_EDGE ( 'NONE', *, *, #617, .T. ) ;
#3455 = DIRECTION ( 'NONE',  ( 0.0000000000000000000, 1.000000000000000000, -0.0000000000000000000 ) ) ;
#3456 = CARTESIAN_POINT ( 'NONE',  ( 1.305415155658294246, 56.67710958942671340, -0.02745724643013849192 ) ) ;
#3457 = CARTESIAN_POINT ( 'NONE',  ( 1.850600415802798437, 54.16838714646280550, -0.03047645466538030645 ) ) ;
#3458 = AXIS2_PLACEMENT_3D ( 'NONE', #8393, #6842, #7 ) ;
#3459 = ORIENTED_EDGE ( 'NONE', *, *, #7864, .F. ) ;
#3460 = ADVANCED_FACE ( 'NONE', ( #2498 ), #131, .T. ) ;
#3461 = CARTESIAN_POINT ( 'NONE',  ( 0.0000000000000000000, 0.0000000000000000000, 0.0000000000000000000 ) ) ;
#3462 = EDGE_CURVE ( 'NONE', #40, #8056, #7027, .T. ) ;
#3463 = CARTESIAN_POINT ( 'NONE',  ( -8.500000000000000000, 14.00000000001000444, -28.13266822126804456 ) ) ;
#3464 = EDGE_LOOP ( 'NONE', ( #6658, #4329, #6117, #2673 ) ) ;
#3465 = CARTESIAN_POINT ( 'NONE',  ( 7.292386991060698875, 55.34736085034327857, -0.07255918057899224394 ) ) ;
#3466 = ORIENTED_EDGE ( 'NONE', *, *, #9879, .F. ) ;
#3467 = CARTESIAN_POINT ( 'NONE',  ( 10.92950898431579532, 54.95569536480225281, -0.5441711818442007687 ) ) ;
#3468 = AXIS2_PLACEMENT_3D ( 'NONE', #5481, #8396, #3231 ) ;
#3469 = ORIENTED_EDGE ( 'NONE', *, *, #5855, .F. ) ;
#3470 = CARTESIAN_POINT ( 'NONE',  ( 7.855492920671773405, 54.16229168792560955, -0.4388580514320238879 ) ) ;
#3471 = ORIENTED_EDGE ( 'NONE', *, *, #9218, .T. ) ;
#3472 = CARTESIAN_POINT ( 'NONE',  ( 8.647461491947801449, 54.42422439634842135, -0.1352089772695214409 ) ) ;
#3473 = LINE ( 'NONE', #2014, #3727 ) ;
#3474 = DIRECTION ( 'NONE',  ( -0.0000000000000000000, -0.0000000000000000000, 1.000000000000000000 ) ) ;
#3475 = CARTESIAN_POINT ( 'NONE',  ( 0.0000000000000000000, 0.0000000000000000000, -70.87421554853963812 ) ) ;
#3476 = ADVANCED_FACE ( 'NONE', ( #1532 ), #4523, .F. ) ;
#3477 = CIRCLE ( 'NONE', #9068, 3.999999999999996447 ) ;
#3478 = EDGE_CURVE ( 'NONE', #5748, #9689, #3038, .T. ) ;
#3479 = ADVANCED_FACE ( 'NONE', ( #8350 ), #4627, .F. ) ;
#3480 = EDGE_LOOP ( 'NONE', ( #6371, #7972, #9470, #7624, #3939, #9160, #6623, #8829, #4709, #5245, #9133, #5940 ) ) ;
#3481 = B_SPLINE_CURVE_WITH_KNOTS ( 'NONE', 3,
 ( #8395, #7635, #6288, #5535, #5428, #6946, #9292, #4572, #3972, #1569, #3918, #6124, #9885, #3865 ),
 .UNSPECIFIED., .F., .F.,
 ( 4, 2, 2, 2, 2, 2, 4 ),
 ( 1.738108305489988542E-18, 0.0001702727547942273223, 0.0003405455095884529098, 0.0005108182643826785245, 0.0006810910191769040849, 0.001021636528765354013, 0.001362182038353804050 ),
 .UNSPECIFIED. ) ;
#3482 = CARTESIAN_POINT ( 'NONE',  ( 2.011528648963340160, 54.68182057574768606, 0.2715693683785491697 ) ) ;
#3483 = VECTOR ( 'NONE', #3210, 1000.000000000000000 ) ;
#3484 = DIRECTION ( 'NONE',  ( -1.000000000000000000, -0.0000000000000000000, -0.0000000000000000000 ) ) ;
#3485 = CARTESIAN_POINT ( 'NONE',  ( 7.249941820486998978, 56.37679772065740025, -0.03977020646210344124 ) ) ;
#3486 = ORIENTED_EDGE ( 'NONE', *, *, #7502, .T. ) ;
#3487 = CARTESIAN_POINT ( 'NONE',  ( 10.93124850324969977, 55.03241427903551397, -0.4181348863512496794 ) ) ;
#3488 = EDGE_CURVE ( 'NONE', #7718, #594, #9465, .T. ) ;
#3489 = CARTESIAN_POINT ( 'NONE',  ( -13.50000000000000000, 54.09999999999998721, -2.797607197594146555 ) ) ;
#3490 = CARTESIAN_POINT ( 'NONE',  ( -1.251190770450190559, 56.14986624005993576, -0.01695970555067656885 ) ) ;
#3491 = DIRECTION ( 'NONE',  ( -1.000000000000000000, 0.0000000000000000000, 0.0000000000000000000 ) ) ;
#3492 = DIRECTION ( 'NONE',  ( 0.6691306063588641218, 0.0000000000000000000, -0.7431448254773889150 ) ) ;
#3493 = VERTEX_POINT ( 'NONE', #9141 ) ;
#3494 = CARTESIAN_POINT ( 'NONE',  ( 7.929630485273838403, 55.71974648017654630, -0.1431055663189427229 ) ) ;
#3495 = CARTESIAN_POINT ( 'NONE',  ( 6.999635603292189145, 54.71169234504333900, -0.03936411257272919711 ) ) ;
#3496 = CIRCLE ( 'NONE', #4777, 2.750000000000000000 ) ;
#3497 = CARTESIAN_POINT ( 'NONE',  ( -14.09999999999999964, 66.64840392373909594, -48.55355339059327946 ) ) ;
#3498 = ORIENTED_EDGE ( 'NONE', *, *, #6484, .F. ) ;
#3499 = PLANE ( 'NONE',  #6681 ) ;
#3500 = AXIS2_PLACEMENT_3D ( 'NONE', #6519, #4247, #431 ) ;
#3501 = CARTESIAN_POINT ( 'NONE',  ( 7.607047188913720781, 56.28794583025646148, -0.1076853805596527380 ) ) ;
#3502 = ORIENTED_EDGE ( 'NONE', *, *, #9601, .F. ) ;
#3503 = ORIENTED_EDGE ( 'NONE', *, *, #6827, .T. ) ;
#3504 = CARTESIAN_POINT ( 'NONE',  ( 7.575407585117959641, 55.62947841706270680, -0.07234574897400469773 ) ) ;
#3505 = DIRECTION ( 'NONE',  ( 1.492469013142523820E-17, -0.9925461516414275653, 0.1218693434042891904 ) ) ;
#3506 = CARTESIAN_POINT ( 'NONE',  ( 1.082852186104543479, 53.87295011185135252, 0.2942797456913123222 ) ) ;
#3507 = CIRCLE ( 'NONE', #6714, 70.87421554853963812 ) ;
#3508 = VERTEX_POINT ( 'NONE', #2425 ) ;
#3509 = LINE ( 'NONE', #8081, #9269 ) ;
#3510 = ORIENTED_EDGE ( 'NONE', *, *, #13, .F. ) ;
#3511 = CARTESIAN_POINT ( 'NONE',  ( -4.724999999999997868, 62.00000000000004263, -27.19999999999996021 ) ) ;
#3512 = ORIENTED_EDGE ( 'NONE', *, *, #7926, .T. ) ;
#3513 = DIRECTION ( 'NONE',  ( 0.0000000000000000000, -1.000000000000000000, 0.0000000000000000000 ) ) ;
#3514 = ORIENTED_EDGE ( 'NONE', *, *, #811, .F. ) ;
#3515 = ORIENTED_EDGE ( 'NONE', *, *, #3809, .F. ) ;
#3516 = CARTESIAN_POINT ( 'NONE',  ( 8.207989489260471672, 53.90425694227845099, -0.1352089772695209968 ) ) ;
#3517 = CYLINDRICAL_SURFACE ( 'NONE', #6794, 2.750000000000000000 ) ;
#3518 = CARTESIAN_POINT ( 'NONE',  ( 8.684268378410980205, 54.56732262486844576, -0.5340564442735515893 ) ) ;
#3519 = CARTESIAN_POINT ( 'NONE',  ( 8.665018182392287827, 56.00090198283544396, -0.1393682611193151344 ) ) ;
#3520 = CARTESIAN_POINT ( 'NONE',  ( 1.385211719054673329, 54.23969218144475235, 0.2865357507038509000 ) ) ;
#3521 = ORIENTED_EDGE ( 'NONE', *, *, #8414, .T. ) ;
#3522 = VECTOR ( 'NONE', #9282, 1000.000000000000000 ) ;
#3523 = PLANE ( 'NONE',  #1982 ) ;
#3524 = CARTESIAN_POINT ( 'NONE',  ( 2.685218396309093869, 53.87253265680915604, -0.05088583449003314385 ) ) ;
#3525 = VERTEX_POINT ( 'NONE', #8553 ) ;
#3526 = ADVANCED_FACE ( 'NONE', ( #9842 ), #1685, .T. ) ;
#3527 = EDGE_CURVE ( 'NONE', #1852, #4053, #5332, .T. ) ;
#3529 = EDGE_CURVE ( 'NONE', #505, #5989, #6150, .T. ) ;
#3528 = FACE_BOUND ( 'NONE', #7471, .T. ) ;
#3530 = CARTESIAN_POINT ( 'NONE',  ( 10.60200369353356820, 55.56783508214973466, -0.4179459123721622760 ) ) ;
#3531 = ORIENTED_EDGE ( 'NONE', *, *, #3076, .F. ) ;
#3532 = DIRECTION ( 'NONE',  ( 0.0000000000000000000, 1.000000000000000000, 0.0000000000000000000 ) ) ;
#3533 = CARTESIAN_POINT ( 'NONE',  ( -4.724999999999997868, 57.00000000000004263, -27.19999999999994245 ) ) ;
#3534 = CARTESIAN_POINT ( 'NONE',  ( 8.704962267753410643, 54.80293079578463278, -0.5366149245643566656 ) ) ;
#3535 = ORIENTED_EDGE ( 'NONE', *, *, #2128, .T. ) ;
#3536 = EDGE_CURVE ( 'NONE', #1763, #3011, #3712, .T. ) ;
#3537 = LINE ( 'NONE', #2075, #5539 ) ;
#3538 = CARTESIAN_POINT ( 'NONE',  ( 14.09999999999999964, 10.49999999999999467, -3.618128122775018163 ) ) ;
#3539 = CARTESIAN_POINT ( 'NONE',  ( 8.500000000000000000, 9.999999999990905053, -25.20200572722880139 ) ) ;
#3540 = B_SPLINE_CURVE_WITH_KNOTS ( 'NONE', 3,
 ( #1640, #2443, #4693, #7082, #5506, #7765 ),
 .UNSPECIFIED., .F., .F.,
 ( 4, 2, 4 ),
 ( 1.694065894508600678E-21, 0.0002169414298271562711, 0.0004338828596543125421 ),
 .UNSPECIFIED. ) ;
#3541 = ORIENTED_EDGE ( 'NONE', *, *, #3699, .T. ) ;
#3542 = PLANE ( 'NONE',  #5064 ) ;
#3543 = EDGE_LOOP ( 'NONE', ( #736, #5007, #1366, #7734 ) ) ;
#3544 = CARTESIAN_POINT ( 'NONE',  ( -1.242983298350642363, 54.42959445841265165, -0.01089596071155768918 ) ) ;
#3545 = CARTESIAN_POINT ( 'NONE',  ( 14.09999999999999964, 56.50000000000000000, -3.618128122774996847 ) ) ;
#3546 = VERTEX_POINT ( 'NONE', #772 ) ;
#3547 = CARTESIAN_POINT ( 'NONE',  ( 9.992478935967023190, 53.84082496778771798, -0.7079292149381936072 ) ) ;
#3548 = EDGE_LOOP ( 'NONE', ( #3364, #637, #9667, #200 ) ) ;
#3549 = CARTESIAN_POINT ( 'NONE',  ( 7.539319192143639548, 56.22820376942193121, -0.07255918057899224394 ) ) ;
#3550 = VERTEX_POINT ( 'NONE', #3822 ) ;
#3551 = EDGE_CURVE ( 'NONE', #7534, #1206, #5385, .T. ) ;
#3552 = CARTESIAN_POINT ( 'NONE',  ( 10.18137589098994589, 53.83761313936104642, -0.4319355947835310516 ) ) ;
#3553 = VERTEX_POINT ( 'NONE', #3875 ) ;
#3554 = FACE_OUTER_BOUND ( 'NONE', #9055, .T. ) ;
#3555 = VERTEX_POINT ( 'NONE', #6954 ) ;
#3556 = CIRCLE ( 'NONE', #5146, 0.4999999999982032706 ) ;
#3557 = CARTESIAN_POINT ( 'NONE',  ( 10.52220869539416448, 54.48481036570579050, -0.7854278545725631444 ) ) ;
#3558 = CARTESIAN_POINT ( 'NONE',  ( 8.703185669728124907, 54.74344200283305639, -0.5363950532773397173 ) ) ;
#3559 = FACE_OUTER_BOUND ( 'NONE', #2228, .T. ) ;
#3560 = CARTESIAN_POINT ( 'NONE',  ( 14.09999999999999964, 22.56241556437915108, -46.33294912980714741 ) ) ;
#3561 = VERTEX_POINT ( 'NONE', #7803 ) ;
#3562 = EDGE_CURVE ( 'NONE', #5639, #2863, #9458, .T. ) ;
#3563 = AXIS2_PLACEMENT_3D ( 'NONE', #8242, #1425, #470 ) ;
#3564 = CARTESIAN_POINT ( 'NONE',  ( 7.506337197665668981, 55.58704199546782121, -0.09691009422157952080 ) ) ;
#3565 = LINE ( 'NONE', #3618, #7811 ) ;
#3566 = CYLINDRICAL_SURFACE ( 'NONE', #68, 4.000000000000001776 ) ;
#3567 = ORIENTED_EDGE ( 'NONE', *, *, #3551, .T. ) ;
#3568 = CARTESIAN_POINT ( 'NONE',  ( 8.560113276890197298, 55.96121573107304670, -0.5187547099763131220 ) ) ;
#3569 = FACE_OUTER_BOUND ( 'NONE', #7373, .T. ) ;
#3570 = VERTEX_POINT ( 'NONE', #4735 ) ;
#3571 = CARTESIAN_POINT ( 'NONE',  ( 10.17076773520989974, 53.83743702435145195, -0.4181348863512490133 ) ) ;
#3572 = LINE ( 'NONE', #6644, #626 ) ;
#3573 = ADVANCED_FACE ( 'NONE', ( #4132 ), #6452, .T. ) ;
#3574 = CARTESIAN_POINT ( 'NONE',  ( -10.50000000000000178, 5.734092485736956846, -0.7821016581677926460 ) ) ;
#3575 = AXIS2_PLACEMENT_3D ( 'NONE', #8480, #7561, #7719 ) ;
#3576 = ORIENTED_EDGE ( 'NONE', *, *, #7558, .T. ) ;
#3577 = B_SPLINE_CURVE_WITH_KNOTS ( 'NONE', 3,
 ( #8714, #1849, #1894, #3298, #4941, #5550, #1694, #3988, #6357, #8666 ),
 .UNSPECIFIED., .F., .F.,
 ( 4, 2, 2, 2, 4 ),
 ( 0.0000000000000000000, 0.0001880486634894070917, 0.0003760973269788141834, 0.0005641459904682212751, 0.0007521946539576283668 ),
 .UNSPECIFIED. ) ;
#3578 = CARTESIAN_POINT ( 'NONE',  ( -0.9522347795419251471, 54.24211069695834198, -0.02630137221458202224 ) ) ;
#3579 = DIRECTION ( 'NONE',  ( -1.000000000000000000, -0.0000000000000000000, 0.0000000000000000000 ) ) ;
#3580 = PLANE ( 'NONE',  #539 ) ;
#3581 = CYLINDRICAL_SURFACE ( 'NONE', #4906, 4.000000000000003553 ) ;
#3582 = CIRCLE ( 'NONE', #2642, 3.421800737635538603 ) ;
#3583 = B_SPLINE_CURVE_WITH_KNOTS ( 'NONE', 3,
 ( #9259, #5444, #726, #7813, #8463, #9200, #7755, #3990, #6864, #890, #9902, #3094 ),
 .UNSPECIFIED., .F., .F.,
 ( 4, 2, 2, 2, 2, 4 ),
 ( 0.0000000000000000000, 0.0002322026423673148143, 0.0004644052847346296286, 0.0006966079271019443887, 0.0008127092482856018230, 0.0009288105694692592573 ),
 .UNSPECIFIED. ) ;
#3584 = CIRCLE ( 'NONE', #1509, 0.5000000000000004441 ) ;
#3585 = CARTESIAN_POINT ( 'NONE',  ( 10.74171364601443202, 56.32908972381019197, -0.5152333925665363301 ) ) ;
#3586 = EDGE_CURVE ( 'NONE', #8479, #3828, #9508, .T. ) ;
#3587 = ORIENTED_EDGE ( 'NONE', *, *, #6294, .F. ) ;
#3588 = CARTESIAN_POINT ( 'NONE',  ( 14.09999999999999964, 66.64840392373909594, -48.55355339059327946 ) ) ;
#3589 = CARTESIAN_POINT ( 'NONE',  ( 10.55107121742811849, 56.55800682806115276, -0.4181348863512484582 ) ) ;
#3590 = ORIENTED_EDGE ( 'NONE', *, *, #2907, .T. ) ;
#3591 = CIRCLE ( 'NONE', #9197, 0.4999999999999952260 ) ;
#3592 = ORIENTED_EDGE ( 'NONE', *, *, #2051, .T. ) ;
#3593 = VECTOR ( 'NONE', #1866, 1000.000000000000000 ) ;
#3594 = CARTESIAN_POINT ( 'NONE',  ( 5.656124954276419814, 56.05390966620255710, -0.2298278560399709403 ) ) ;
#3595 = CARTESIAN_POINT ( 'NONE',  ( 8.106859669777882971, 56.67916917492182449, -0.1631838203304795953 ) ) ;
#3596 = CARTESIAN_POINT ( 'NONE',  ( 1.801089108883254575, 54.10716423261587238, 0.2942797456913129883 ) ) ;
#3597 = EDGE_LOOP ( 'NONE', ( #7445, #5594, #7505, #7144 ) ) ;
#3598 = DIRECTION ( 'NONE',  ( -1.000000000000000000, -0.0000000000000000000, -0.0000000000000000000 ) ) ;
#3599 = EDGE_CURVE ( 'NONE', #508, #2807, #383, .T. ) ;
#3600 = CIRCLE ( 'NONE', #5366, 7.249999999999996447 ) ;
#3601 = DIRECTION ( 'NONE',  ( -1.000000000000000000, -0.0000000000000000000, -0.0000000000000000000 ) ) ;
#3602 = ORIENTED_EDGE ( 'NONE', *, *, #2843, .T. ) ;
#3603 = CARTESIAN_POINT ( 'NONE',  ( 7.292994996126415330, 55.38094245725803688, -0.07255918057899224394 ) ) ;
#3604 = ORIENTED_EDGE ( 'NONE', *, *, #6971, .F. ) ;
#3605 = ORIENTED_EDGE ( 'NONE', *, *, #9234, .F. ) ;
#3606 = CARTESIAN_POINT ( 'NONE',  ( 7.292386991060698875, 54.81028795868408565, -0.4388580514320238879 ) ) ;
#3607 = ORIENTED_EDGE ( 'NONE', *, *, #3355, .T. ) ;
#3608 = VECTOR ( 'NONE', #4363, 1000.000000000000000 ) ;
#3609 = CARTESIAN_POINT ( 'NONE',  ( -13.50000000000000000, 11.58968273264776627, -4.178165316334405688 ) ) ;
#3610 = CARTESIAN_POINT ( 'NONE',  ( 10.60722438486261510, 55.04112579318699261, -0.7982475871781085086 ) ) ;
#3611 = CARTESIAN_POINT ( 'NONE',  ( 10.92850784873588665, 55.55284810568827680, -0.4181348863512486802 ) ) ;
#3612 = LINE ( 'NONE', #1274, #9359 ) ;
#3613 = CARTESIAN_POINT ( 'NONE',  ( -13.50000000000000000, 54.09999999999998721, -3.813237607889367720 ) ) ;
#3614 = CARTESIAN_POINT ( 'NONE',  ( 1.070506899964260406, 56.36982577755944135, -0.008047274043094909679 ) ) ;
#3615 = AXIS2_PLACEMENT_3D ( 'NONE', #5928, #8984, #2118 ) ;
#3616 = ORIENTED_EDGE ( 'NONE', *, *, #2779, .F. ) ;
#3617 = CARTESIAN_POINT ( 'NONE',  ( -14.09999999999999964, 0.0000000000000000000, -33.49521209058222126 ) ) ;
#3618 = CARTESIAN_POINT ( 'NONE',  ( 10.49999999999999822, 5.734092485736937306, -1.297607197594146333 ) ) ;
#3619 = CARTESIAN_POINT ( 'NONE',  ( 6.966408081054688672, 55.19512417188561670, -0.04175041144166525414 ) ) ;
#3620 = CARTESIAN_POINT ( 'NONE',  ( 0.1499999999999997446, 7.749999999999998224, -48.69521209059480782 ) ) ;
#3621 = CARTESIAN_POINT ( 'NONE',  ( 7.060085335601216983, 54.42869751298888303, -0.3524825064335433411 ) ) ;
#3623 = EDGE_CURVE ( 'NONE', #9742, #2031, #8758, .T. ) ;
#3622 = CYLINDRICAL_SURFACE ( 'NONE', #3615, 8.450000000000006395 ) ;
#3624 = VECTOR ( 'NONE', #5430, 999.9999999999998863 ) ;
#3625 = CARTESIAN_POINT ( 'NONE',  ( -11.60000000000000142, 2.500000000000042188, -48.69521209059480782 ) ) ;
#3626 = FACE_OUTER_BOUND ( 'NONE', #8843, .T. ) ;
#3627 = DIRECTION ( 'NONE',  ( 1.000000000000000000, 0.0000000000000000000, 0.0000000000000000000 ) ) ;
#3628 = AXIS2_PLACEMENT_3D ( 'NONE', #7584, #4516, #2469 ) ;
#3629 = ORIENTED_EDGE ( 'NONE', *, *, #9167, .T. ) ;
#3630 = CARTESIAN_POINT ( 'NONE',  ( -13.50000000000000000, 12.90000000000007141, -6.348128122775007043 ) ) ;
#3631 = FACE_OUTER_BOUND ( 'NONE', #2155, .T. ) ;
#3632 = CARTESIAN_POINT ( 'NONE',  ( -18.90721874736048136, 30.21025154585982264, -33.49521209058222126 ) ) ;
#3633 = CYLINDRICAL_SURFACE ( 'NONE', #566, 70.87421554853963812 ) ;
#3634 = EDGE_CURVE ( 'NONE', #4266, #5512, #3432, .T. ) ;
#3635 = AXIS2_PLACEMENT_3D ( 'NONE', #4318, #2965, #4509 ) ;
#3636 = CARTESIAN_POINT ( 'NONE',  ( 10.57788080187784807, 55.82995571281266933, -0.4904239465100863615 ) ) ;
#3637 = VERTEX_POINT ( 'NONE', #4788 ) ;
#3638 = CARTESIAN_POINT ( 'NONE',  ( 7.354468962750526195, 55.09795963412227593, -0.07240429746787160892 ) ) ;
#3639 = CARTESIAN_POINT ( 'NONE',  ( -14.59999999999999964, 0.0000000000000000000, 0.0000000000000000000 ) ) ;
#3640 = CARTESIAN_POINT ( 'NONE',  ( -4.724999999999997868, 57.00000000000002132, -32.69999999999994600 ) ) ;
#3641 = EDGE_CURVE ( 'NONE', #3508, #8118, #4891, .T. ) ;
#3642 = DIRECTION ( 'NONE',  ( 1.000000000000000000, -0.0000000000000000000, 0.0000000000000000000 ) ) ;
#3643 = CIRCLE ( 'NONE', #4137, 0.5000000000000281997 ) ;
#3644 = CARTESIAN_POINT ( 'NONE',  ( 14.09999999999999964, 37.59360607324528303, -2.797128122774994452 ) ) ;
#3645 = ORIENTED_EDGE ( 'NONE', *, *, #5625, .T. ) ;
#3646 = CARTESIAN_POINT ( 'NONE',  ( 1.632476962312556124, 54.83576728283862423, 0.2948127524685540957 ) ) ;
#3647 = ORIENTED_EDGE ( 'NONE', *, *, #7640, .T. ) ;
#3648 = DIRECTION ( 'NONE',  ( -1.000000000000000000, -2.001604010742469516E-16, 0.0000000000000000000 ) ) ;
#3649 = ORIENTED_EDGE ( 'NONE', *, *, #1241, .F. ) ;
#3650 = LINE ( 'NONE', #8273, #9372 ) ;
#3651 = ORIENTED_EDGE ( 'NONE', *, *, #3599, .T. ) ;
#3652 = AXIS2_PLACEMENT_3D ( 'NONE', #919, #9441, #9541 ) ;
#3653 = EDGE_CURVE ( 'NONE', #8527, #7775, #7904, .T. ) ;
#3654 = DIRECTION ( 'NONE',  ( 0.0000000000000000000, -3.357529308342206516E-15, -1.000000000000000000 ) ) ;
#3655 = CARTESIAN_POINT ( 'NONE',  ( -13.50000000000000178, 8.734092485736937306, -1.297607197594148110 ) ) ;
#3656 = CARTESIAN_POINT ( 'NONE',  ( 10.93610680735009666, 55.26586612284178557, -0.8513888723903116906 ) ) ;
#3657 = DIRECTION ( 'NONE',  ( 0.0000000000000000000, 0.0000000000000000000, 1.000000000000000000 ) ) ;
#3658 = CARTESIAN_POINT ( 'NONE',  ( 7.918683587013139125, 55.39258338904163992, -0.1418376151575266586 ) ) ;
#3659 = CIRCLE ( 'NONE', #1759, 3.421800737635538603 ) ;
#3660 = DIRECTION ( 'NONE',  ( 1.000000000000000000, 0.0000000000000000000, 0.0000000000000000000 ) ) ;
#3661 = VERTEX_POINT ( 'NONE', #993 ) ;
#3662 = CARTESIAN_POINT ( 'NONE',  ( -1.848923473601687073, 54.19913257915933968, 0.2905820563629014641 ) ) ;
#3663 = CARTESIAN_POINT ( 'NONE',  ( 7.880394087408343573, 53.83631277791959491, -0.1376030485257355163 ) ) ;
#3664 = DIRECTION ( 'NONE',  ( 0.0000000000000000000, -1.000000000000000000, 0.0000000000000000000 ) ) ;
#3665 = CARTESIAN_POINT ( 'NONE',  ( 10.61012789734409090, 55.26699799405709257, -0.8009584369727308362 ) ) ;
#3666 = ORIENTED_EDGE ( 'NONE', *, *, #7898, .T. ) ;
#3667 = CARTESIAN_POINT ( 'NONE',  ( 10.47016235365194703, 53.92300169954894784, -0.4181348863512490133 ) ) ;
#3668 = FACE_OUTER_BOUND ( 'NONE', #9468, .T. ) ;
#3669 = CARTESIAN_POINT ( 'NONE',  ( -12.32598292897829673, 6.345667780478663644, -1.079858528902118531 ) ) ;
#3670 = ORIENTED_EDGE ( 'NONE', *, *, #759, .F. ) ;
#3671 = CARTESIAN_POINT ( 'NONE',  ( -1.858565410385785821, 53.87253265680915604, 0.2989210827142310123 ) ) ;
#3672 = CIRCLE ( 'NONE', #6734, 5.000000000000004441 ) ;
#3673 = CARTESIAN_POINT ( 'NONE',  ( -1.307701355976444768, 54.35800980387767112, -0.01206183731567198741 ) ) ;
#3674 = CARTESIAN_POINT ( 'NONE',  ( 13.50000000000000000, 54.09999999999998010, -2.797607197594146555 ) ) ;
#3675 = FACE_OUTER_BOUND ( 'NONE', #372, .T. ) ;
#3676 = VERTEX_POINT ( 'NONE', #5695 ) ;
#3677 = CARTESIAN_POINT ( 'NONE',  ( 0.0000000000000000000, 5.734092485736938194, 0.0000000000000000000 ) ) ;
#3678 = CARTESIAN_POINT ( 'NONE',  ( 0.0000000000000000000, 52.87253265680915604, -70.87421554853963812 ) ) ;
#3679 = EDGE_CURVE ( 'NONE', #5501, #8954, #264, .T. ) ;
#3680 = VERTEX_POINT ( 'NONE', #5595 ) ;
#3681 = DIRECTION ( 'NONE',  ( 0.0000000000000000000, 0.0000000000000000000, 1.000000000000000000 ) ) ;
#3682 = FACE_OUTER_BOUND ( 'NONE', #5794, .T. ) ;
#3683 = CARTESIAN_POINT ( 'NONE',  ( -0.7698449965994200728, 56.02213994880452930, 0.2958431668750085564 ) ) ;
#3684 = LINE ( 'NONE', #2893, #7091 ) ;
#3685 = ORIENTED_EDGE ( 'NONE', *, *, #9026, .T. ) ;
#3686 = CARTESIAN_POINT ( 'NONE',  ( 1.647061244080773701, 54.76337717820630502, 0.2948127524685532075 ) ) ;
#3687 = CARTESIAN_POINT ( 'NONE',  ( -8.673617379884035472E-16, 9.999999999990905053, -33.70200572722875876 ) ) ;
#3688 = EDGE_CURVE ( 'NONE', #3058, #1448, #4720, .T. ) ;
#3689 = ORIENTED_EDGE ( 'NONE', *, *, #6971, .T. ) ;
#3690 = LINE ( 'NONE', #1452, #531 ) ;
#3691 = ORIENTED_EDGE ( 'NONE', *, *, #6582, .T. ) ;
#3692 = CARTESIAN_POINT ( 'NONE',  ( -1.083575434573241125, 54.74925252036117485, 0.2917536566136814113 ) ) ;
#3693 = DIRECTION ( 'NONE',  ( 0.0000000000000000000, 1.000000000000000000, 0.0000000000000000000 ) ) ;
#3694 = CARTESIAN_POINT ( 'NONE',  ( 10.93578804259782800, 55.29982226866012951, -0.8513888723903114686 ) ) ;
#3695 = CARTESIAN_POINT ( 'NONE',  ( 8.557757895050567498, 56.34023604224832127, -0.1393682611193151344 ) ) ;
#3696 = ORIENTED_EDGE ( 'NONE', *, *, #7205, .F. ) ;
#3697 = CARTESIAN_POINT ( 'NONE',  ( -5.494198100116994610, 0.0000000000000000000, -3.297607197594146111 ) ) ;
#3698 = VERTEX_POINT ( 'NONE', #4082 ) ;
#3699 = EDGE_CURVE ( 'NONE', #5477, #1098, #2803, .T. ) ;
#3700 = CARTESIAN_POINT ( 'NONE',  ( 0.0000000000000000000, 56.69768321019457602, -70.87421554853963812 ) ) ;
#3701 = VECTOR ( 'NONE', #7656, 1000.000000000000000 ) ;
#3702 = CARTESIAN_POINT ( 'NONE',  ( 0.0000000000000000000, 53.87253265680915604, -70.87421554853963812 ) ) ;
#3703 = CARTESIAN_POINT ( 'NONE',  ( 1.363797770671304033, 56.66459439780022223, -0.02745724643013827682 ) ) ;
#3704 = EDGE_LOOP ( 'NONE', ( #3324, #3372, #6044, #5056 ) ) ;
#3705 = CARTESIAN_POINT ( 'NONE',  ( 14.09999999999999964, 13.99999999999999822, -5.754411018423092550 ) ) ;
#3706 = DIRECTION ( 'NONE',  ( -0.0000000000000000000, -1.000000000000000000, -0.0000000000000000000 ) ) ;
#3707 = DIRECTION ( 'NONE',  ( 1.000000000000000000, 0.0000000000000000000, 0.0000000000000000000 ) ) ;
#3708 = CARTESIAN_POINT ( 'NONE',  ( 9.272073066949225506, 55.07930822931513859, -0.6447058877098518215 ) ) ;
#3709 = ADVANCED_FACE ( 'NONE', ( #7481 ), #7351, .F. ) ;
#3710 = DIRECTION ( 'NONE',  ( 0.0000000000000000000, 0.0000000000000000000, -1.000000000000000000 ) ) ;
#3711 = ORIENTED_EDGE ( 'NONE', *, *, #6260, .T. ) ;
#3712 = LINE ( 'NONE', #5279, #9023 ) ;
#3713 = CARTESIAN_POINT ( 'NONE',  ( -1.009769419225373666, 54.17337685658100810, 0.2989210827142312343 ) ) ;
#3714 = DIRECTION ( 'NONE',  ( 0.0000000000000000000, -0.0000000000000000000, -1.000000000000000000 ) ) ;
#3715 = CARTESIAN_POINT ( 'NONE',  ( 14.09999999999999964, 21.55973306799730338, -49.52366439518859664 ) ) ;
#3716 = ORIENTED_EDGE ( 'NONE', *, *, #9817, .T. ) ;
#3717 = CARTESIAN_POINT ( 'NONE',  ( 9.616094291341211076, 55.70270534107807947, -0.3479068640411292490 ) ) ;
#3718 = EDGE_CURVE ( 'NONE', #5611, #8264, #843, .T. ) ;
#3719 = CARTESIAN_POINT ( 'NONE',  ( -10.50000000000000000, 5.734092485736937306, -1.297607197594146333 ) ) ;
#3720 = CARTESIAN_POINT ( 'NONE',  ( -2.791227291791869014, 56.69768321019457602, 0.7023928024058537778 ) ) ;
#3721 = ORIENTED_EDGE ( 'NONE', *, *, #3888, .T. ) ;
#3722 = ORIENTED_EDGE ( 'NONE', *, *, #8564, .T. ) ;
#3723 = CARTESIAN_POINT ( 'NONE',  ( 1.283735457526311574, 55.53581740769051578, -0.01162702048805597417 ) ) ;
#3724 = ORIENTED_EDGE ( 'NONE', *, *, #2580, .F. ) ;
#3725 = CARTESIAN_POINT ( 'NONE',  ( -14.09999999999999964, 55.71444935848847280, -3.495747750507373741 ) ) ;
#3726 = CARTESIAN_POINT ( 'NONE',  ( -1.447895040889370488, 54.26713703205013672, 0.2852879712474771234 ) ) ;
#3727 = VECTOR ( 'NONE', #5061, 1000.000000000000000 ) ;
#3728 = VECTOR ( 'NONE', #856, 1000.000000000000000 ) ;
#3729 = DIRECTION ( 'NONE',  ( -0.0000000000000000000, -1.000000000000000000, -0.0000000000000000000 ) ) ;
#3730 = ADVANCED_FACE ( 'NONE', ( #6686 ), #3566, .T. ) ;
#3731 = EDGE_CURVE ( 'NONE', #7264, #5166, #4278, .T. ) ;
#3732 = ORIENTED_EDGE ( 'NONE', *, *, #409, .F. ) ;
#3733 = CARTESIAN_POINT ( 'NONE',  ( 14.09999999999999964, 0.0000000000000000000, -44.19521439519115802 ) ) ;
#3734 = EDGE_LOOP ( 'NONE', ( #4061, #7274, #2704, #9778, #1372 ) ) ;
#3735 = CARTESIAN_POINT ( 'NONE',  ( 14.09999999999999964, 53.00000000000000000, -5.458128122775004698 ) ) ;
#3736 = VECTOR ( 'NONE', #5364, 1000.000000000000000 ) ;
#3737 = VECTOR ( 'NONE', #5059, 1000.000000000000114 ) ;
#3738 = VERTEX_POINT ( 'NONE', #6738 ) ;
#3739 = CYLINDRICAL_SURFACE ( 'NONE', #3575, 1.000000000000119682 ) ;
#3740 = ORIENTED_EDGE ( 'NONE', *, *, #7753, .T. ) ;
#3741 = EDGE_LOOP ( 'NONE', ( #8700, #5489, #4171, #2839, #7409, #3453, #7997, #8031, #7197, #3914, #5766, #7021, #460, #2589, #1466, #9340, #9658, #6769, #4615, #6845, #9263, #891 ) ) ;
#3742 = DIRECTION ( 'NONE',  ( 1.000000000000000000, 0.0000000000000000000, 0.0000000000000000000 ) ) ;
#3743 = DIRECTION ( 'NONE',  ( 1.000000000000000000, -0.0000000000000000000, 0.0000000000000000000 ) ) ;
#3744 = FACE_OUTER_BOUND ( 'NONE', #4394, .T. ) ;
#3745 = AXIS2_PLACEMENT_3D ( 'NONE', #8607, #6400, #4837 ) ;
#3746 = ADVANCED_FACE ( 'NONE', ( #1320 ), #2823, .F. ) ;
#3747 = AXIS2_PLACEMENT_3D ( 'NONE', #830, #1534, #4525 ) ;
#3748 = DIRECTION ( 'NONE',  ( 0.0000000000000000000, 0.0000000000000000000, -1.000000000000000000 ) ) ;
#3749 = CARTESIAN_POINT ( 'NONE',  ( 9.601962437814499651, 55.57875855955946776, -0.6534415703721497826 ) ) ;
#3750 = LINE ( 'NONE', #700, #1589 ) ;
#3751 = ORIENTED_EDGE ( 'NONE', *, *, #8737, .F. ) ;
#3752 = CARTESIAN_POINT ( 'NONE',  ( 9.928832508782289068, 53.85136250817047454, -0.7260886155308458045 ) ) ;
#3753 = AXIS2_PLACEMENT_3D ( 'NONE', #9644, #3664, #6595 ) ;
#3754 = CARTESIAN_POINT ( 'NONE',  ( 7.275000000000002132, 52.00000000000004263, -27.19999999999992468 ) ) ;
#3755 = VERTEX_POINT ( 'NONE', #6635 ) ;
#3756 = CARTESIAN_POINT ( 'NONE',  ( 10.10304959289029547, 56.69768321019457602, -0.6347618793707801021 ) ) ;
#3757 = CARTESIAN_POINT ( 'NONE',  ( 10.43295865333965544, 56.20366199062839030, -0.8009584369727306141 ) ) ;
#3758 = ORIENTED_EDGE ( 'NONE', *, *, #3854, .F. ) ;
#3759 = CARTESIAN_POINT ( 'NONE',  ( 14.09999999999999964, 0.0000000000000000000, -40.19521439518901218 ) ) ;
#3760 = EDGE_CURVE ( 'NONE', #8632, #8040, #5874, .T. ) ;
#3761 = DIRECTION ( 'NONE',  ( 0.0000000000000000000, -1.000000000000000000, 3.362642065588203259E-15 ) ) ;
#3762 = EDGE_CURVE ( 'NONE', #5978, #1712, #1321, .T. ) ;
#3763 = EDGE_CURVE ( 'NONE', #9494, #592, #6501, .T. ) ;
#3764 = VECTOR ( 'NONE', #4553, 1000.000000000000000 ) ;
#3765 = CARTESIAN_POINT ( 'NONE',  ( 7.293517370532373256, 54.77006892908880786, -0.07468472659816562109 ) ) ;
#3766 = CARTESIAN_POINT ( 'NONE',  ( 9.469415692164220744, 54.19344550761622514, -0.6354436194089793100 ) ) ;
#3767 = CARTESIAN_POINT ( 'NONE',  ( 10.15530361271138027, 54.16436962663593846, -0.4184356817180828747 ) ) ;
#3768 = VERTEX_POINT ( 'NONE', #9326 ) ;
#3769 = CARTESIAN_POINT ( 'NONE',  ( 10.10304959289029547, 54.16229168792561666, -0.7237856243798195255 ) ) ;
#3770 = LINE ( 'NONE', #2268, #5849 ) ;
#3771 = CARTESIAN_POINT ( 'NONE',  ( 9.747642031286519071, 56.17815432237249951, -0.3706522784475504428 ) ) ;
#3772 = ORIENTED_EDGE ( 'NONE', *, *, #7344, .F. ) ;
#3773 = CARTESIAN_POINT ( 'NONE',  ( 9.747642031286519071, 56.17815432237249951, -0.3479068640411290270 ) ) ;
#3774 = DIRECTION ( 'NONE',  ( -1.000000000000000000, -0.0000000000000000000, -0.0000000000000000000 ) ) ;
#3775 = AXIS2_PLACEMENT_3D ( 'NONE', #6316, #9272, #5408 ) ;
#3776 = CARTESIAN_POINT ( 'NONE',  ( -0.6910278527391340297, 54.85968786456969326, 0.2966484496366109114 ) ) ;
#3777 = VERTEX_POINT ( 'NONE', #87 ) ;
#3778 = CARTESIAN_POINT ( 'NONE',  ( 14.09999999999999964, 1.124056870942714004E-13, -40.19521439518904771 ) ) ;
#3779 = CARTESIAN_POINT ( 'NONE',  ( 7.451806366507895518, 55.23318472299109771, -0.07240429746787269139 ) ) ;
#3780 = LINE ( 'NONE', #6866, #7824 ) ;
#3781 = ORIENTED_EDGE ( 'NONE', *, *, #1223, .T. ) ;
#3782 = CARTESIAN_POINT ( 'NONE',  ( 1.361119448402402288, 56.30908018122299552, 0.2958764490941487857 ) ) ;
#3783 = CARTESIAN_POINT ( 'NONE',  ( 1.679904282151564177, 55.28823533503597076, 0.2857201262141786380 ) ) ;
#3784 = AXIS2_PLACEMENT_3D ( 'NONE', #1415, #4461, #2203 ) ;
#3785 = CARTESIAN_POINT ( 'NONE',  ( -12.87736653125555897, 58.69637552165174554, -1.179592965408045258 ) ) ;
#3786 = VERTEX_POINT ( 'NONE', #1648 ) ;
#3787 = CARTESIAN_POINT ( 'NONE',  ( 5.281548058467743445, 56.13980058255604177, 0.1245479781011749471 ) ) ;
#3788 = VERTEX_POINT ( 'NONE', #8339 ) ;
#3789 = CARTESIAN_POINT ( 'NONE',  ( 1.632476962312556124, 54.83576728283862423, -0.02106636364446385495 ) ) ;
#3790 = AXIS2_PLACEMENT_3D ( 'NONE', #4092, #7170, #276 ) ;
#3791 = LINE ( 'NONE', #82, #8308 ) ;
#3792 = ORIENTED_EDGE ( 'NONE', *, *, #477, .T. ) ;
#3793 = CARTESIAN_POINT ( 'NONE',  ( 8.220521387605586483, 56.22682478463033107, -0.3088932048566083721 ) ) ;
#3794 = ORIENTED_EDGE ( 'NONE', *, *, #5855, .T. ) ;
#3795 = ADVANCED_FACE ( 'NONE', ( #4654 ), #7038, .T. ) ;
#3796 = ORIENTED_EDGE ( 'NONE', *, *, #527, .T. ) ;
#3797 = CARTESIAN_POINT ( 'NONE',  ( 5.025022572574453505, 0.0000000000000000000, 0.1223907583473154981 ) ) ;
#3798 = DIRECTION ( 'NONE',  ( -1.000000000000000000, 0.0000000000000000000, 0.0000000000000000000 ) ) ;
#3799 = AXIS2_PLACEMENT_3D ( 'NONE', #6555, #1287, #5073 ) ;
#3800 = CARTESIAN_POINT ( 'NONE',  ( 7.842476401695838817, 55.39376757017052455, -0.4992202662322273166 ) ) ;
#3801 = CARTESIAN_POINT ( 'NONE',  ( 0.0000000000000000000, 56.37170430018856138, -70.87421554853963812 ) ) ;
#3802 = AXIS2_PLACEMENT_3D ( 'NONE', #3882, #9052, #5233 ) ;
#3803 = B_SPLINE_SURFACE_WITH_KNOTS ( 'NONE', 3, 1, ( 
 ( #9584, #1959 ),
 ( #4209, #7282 ),
 ( #3549, #445 ),
 ( #3414, #6621 ),
 ( #5097, #1913 ),
 ( #8171, #1173 ),
 ( #9628, #537 ),
 ( #4344, #7417 ),
 ( #2716, #8870 ),
 ( #5860, #2007 ),
 ( #395, #7376 ),
 ( #8912, #8036 ),
 ( #2849, #5905 ),
 ( #3603, #4166 ),
 ( #3465, #6670 ) ),
 .UNSPECIFIED., .F., .F., .F.,
 ( 4, 1, 1, 1, 1, 1, 1, 1, 1, 1, 1, 1, 4 ),
 ( 2, 2 ),
 ( 0.0000000000000000000, 0.08631471529520536035, 0.1774471713597195743, 0.2756417404907629543, 0.3815719712290325805, 0.4388857326077843513, 0.5016003570662838085, 0.5700429974338380168, 0.6439206971173460081, 0.7234888785415312107, 0.8094072143542613285, 0.9017077101434849418, 1.000000000000000000 ),
 ( 0.0000000000000000000, 1.000000000000000000 ),
 .UNSPECIFIED. ) ;
#3804 = EDGE_LOOP ( 'NONE', ( #6807, #3065, #4850, #3821 ) ) ;
#3805 = CARTESIAN_POINT ( 'NONE',  ( 2.648437500000003997, 62.00000000000002842, -31.32733805661633397 ) ) ;
#3806 = ORIENTED_EDGE ( 'NONE', *, *, #7345, .F. ) ;
#3807 = AXIS2_PLACEMENT_3D ( 'NONE', #809, #46, #3748 ) ;
#3808 = ORIENTED_EDGE ( 'NONE', *, *, #9640, .T. ) ;
#3809 = EDGE_CURVE ( 'NONE', #255, #3676, #6216, .T. ) ;
#3810 = CARTESIAN_POINT ( 'NONE',  ( 0.0000000000000000000, 0.0000000000000000000, -70.87421554853963812 ) ) ;
#3811 = ORIENTED_EDGE ( 'NONE', *, *, #913, .T. ) ;
#3812 = CARTESIAN_POINT ( 'NONE',  ( 1.220779103956233014, 54.20447800126752469, 0.2895298372206832060 ) ) ;
#3813 = ORIENTED_EDGE ( 'NONE', *, *, #9076, .T. ) ;
#3814 = CARTESIAN_POINT ( 'NONE',  ( 2.149999999999999023, 64.99999999999998579, -48.70000000000000995 ) ) ;
#3815 = CARTESIAN_POINT ( 'NONE',  ( 9.270414868350817628, 55.30623814132903959, -0.7262907717472794067 ) ) ;
#3816 = VECTOR ( 'NONE', #3850, 1000.000000000000000 ) ;
#3817 = CYLINDRICAL_SURFACE ( 'NONE', #2086, 2.750000000000000000 ) ;
#3818 = LINE ( 'NONE', #7007, #3089 ) ;
#3819 = CARTESIAN_POINT ( 'NONE',  ( 10.42774830466486691, 54.32432608815437192, -0.8009555158831997979 ) ) ;
#3820 = EDGE_CURVE ( 'NONE', #4315, #4901, #7319, .T. ) ;
#3821 = ORIENTED_EDGE ( 'NONE', *, *, #9024, .F. ) ;
#3822 = CARTESIAN_POINT ( 'NONE',  ( 10.61012789734408912, 55.26699799405709257, -0.4952830122189229023 ) ) ;
#3823 = AXIS2_PLACEMENT_3D ( 'NONE', #4897, #7909, #945 ) ;
#3824 = CARTESIAN_POINT ( 'NONE',  ( -8.673617379884035472E-16, 9.999999999990905053, -28.62380646486428759 ) ) ;
#3825 = DIRECTION ( 'NONE',  ( 0.0000000000000000000, 0.0000000000000000000, -1.000000000000000000 ) ) ;
#3826 = CARTESIAN_POINT ( 'NONE',  ( 1.638391185013978069, 54.56030030773568029, 0.2903803895346379060 ) ) ;
#3827 = FACE_OUTER_BOUND ( 'NONE', #9324, .T. ) ;
#3828 = VERTEX_POINT ( 'NONE', #4054 ) ;
#3829 = CARTESIAN_POINT ( 'NONE',  ( -14.09999999999999964, 56.50000000000000000, -3.118128122774906696 ) ) ;
#3830 = CARTESIAN_POINT ( 'NONE',  ( 7.492889824141014898, 55.27052601650114383, -0.07240429746787203913 ) ) ;
#3831 = CARTESIAN_POINT ( 'NONE',  ( -8.500000000000000000, 9.999999999990905053, -25.20200572722880139 ) ) ;
#3832 = EDGE_CURVE ( 'NONE', #85, #7602, #6323, .T. ) ;
#3833 = AXIS2_PLACEMENT_3D ( 'NONE', #6805, #2379, #7702 ) ;
#3834 = VERTEX_POINT ( 'NONE', #5571 ) ;
#3835 = CARTESIAN_POINT ( 'NONE',  ( 1.408621629175319967, 56.27568005737404633, 0.2958764490941490077 ) ) ;
#3836 = CARTESIAN_POINT ( 'NONE',  ( 7.158519372239601886, 54.23908790872917507, -0.03936411257272919711 ) ) ;
#3837 = DIRECTION ( 'NONE',  ( -0.0000000000000000000, 0.0000000000000000000, 1.000000000000000000 ) ) ;
#3838 = DIRECTION ( 'NONE',  ( 0.0000000000000000000, 0.0000000000000000000, -1.000000000000000000 ) ) ;
#3839 = LINE ( 'NONE', #1706, #6970 ) ;
#3840 = VERTEX_POINT ( 'NONE', #1769 ) ;
#3841 = EDGE_LOOP ( 'NONE', ( #5112, #6102, #6, #9908 ) ) ;
#3842 = DIRECTION ( 'NONE',  ( 0.0000000000000000000, -0.02617694830786611998, 0.9996573249755574819 ) ) ;
#3843 = CARTESIAN_POINT ( 'NONE',  ( -0.9650221891888598469, 56.35398179266049823, -0.009782707134597685289 ) ) ;
#3844 = ORIENTED_EDGE ( 'NONE', *, *, #8047, .T. ) ;
#3845 = CARTESIAN_POINT ( 'NONE',  ( -5.503499385153697077, 36.09533680887011542, -3.297607197594146111 ) ) ;
#3846 = AXIS2_PLACEMENT_3D ( 'NONE', #3720, #7541, #8562 ) ;
#3847 = EDGE_LOOP ( 'NONE', ( #6980, #3252, #9333, #8951 ) ) ;
#3848 = PLANE ( 'NONE',  #1542 ) ;
#3849 = CARTESIAN_POINT ( 'NONE',  ( 8.328782838589919635, 53.96406224404208984, -0.1889155808561617245 ) ) ;
#3850 = DIRECTION ( 'NONE',  ( 1.000000000000000000, 0.0000000000000000000, -0.0000000000000000000 ) ) ;
#3851 = CARTESIAN_POINT ( 'NONE',  ( 7.275000000000002132, 62.00000000000002132, -33.39999999999996305 ) ) ;
#3852 = DIRECTION ( 'NONE',  ( 0.0000000000000000000, 1.000000000000000000, -0.0000000000000000000 ) ) ;
#3853 = DIRECTION ( 'NONE',  ( 0.0000000000000000000, 1.000000000000000000, -3.362642065588203259E-15 ) ) ;
#3854 = EDGE_CURVE ( 'NONE', #9742, #6194, #389, .T. ) ;
#3855 = CARTESIAN_POINT ( 'NONE',  ( 10.10304959289029547, 54.16229168792561666, -0.4207035858732082745 ) ) ;
#3856 = ORIENTED_EDGE ( 'NONE', *, *, #7693, .T. ) ;
#3857 = FACE_OUTER_BOUND ( 'NONE', #5473, .T. ) ;
#3858 = CARTESIAN_POINT ( 'NONE',  ( 7.350713958204161180, 55.10097382870321070, -0.3822158120370107715 ) ) ;
#3859 = ORIENTED_EDGE ( 'NONE', *, *, #6914, .T. ) ;
#3860 = CARTESIAN_POINT ( 'NONE',  ( 8.655702885431278304, 56.06997831015989675, -0.5305348814681500880 ) ) ;
#3861 = CARTESIAN_POINT ( 'NONE',  ( -1.848584650685524577, 56.69742367575243946, -0.02409264909046295033 ) ) ;
#3862 = ORIENTED_EDGE ( 'NONE', *, *, #7739, .T. ) ;
#3863 = CARTESIAN_POINT ( 'NONE',  ( 8.704962267753410643, 54.80293079578463278, -0.2343359417129277367 ) ) ;
#3864 = CARTESIAN_POINT ( 'NONE',  ( -1.888559997591199968, 54.19851156681517068, -0.02516636115565438342 ) ) ;
#3865 = CARTESIAN_POINT ( 'NONE',  ( 10.61012789734409090, 55.26699799405709257, -0.7986876117280679033 ) ) ;
#3866 = CARTESIAN_POINT ( 'NONE',  ( 9.270414868350817628, 55.30623814132903959, -0.3037559157698058732 ) ) ;
#3867 = B_SPLINE_CURVE_WITH_KNOTS ( 'NONE', 3,
 ( #4207, #9627, #3547, #586, #392, #2895, #2091, #6530, #2759, #5767 ),
 .UNSPECIFIED., .F., .F.,
 ( 4, 2, 2, 2, 4 ),
 ( 1.748223473168675632E-18, 0.0001656891521498943872, 0.0003313783042997870396, 0.0004970674564496797192, 0.0006627566085995723446 ),
 .UNSPECIFIED. ) ;
#3868 = EDGE_CURVE ( 'NONE', #4169, #2242, #6981, .T. ) ;
#3869 = CARTESIAN_POINT ( 'NONE',  ( 2.149999999999997247, 2.031901446435379551E-14, -50.70000000000003126 ) ) ;
#3870 = PLANE ( 'NONE',  #7496 ) ;
#3871 = CARTESIAN_POINT ( 'NONE',  ( 14.09999999999999964, 53.00000000000000000, 0.0000000000000000000 ) ) ;
#3872 = DIRECTION ( 'NONE',  ( 0.0000000000000000000, 0.0000000000000000000, 1.000000000000000000 ) ) ;
#3873 = CARTESIAN_POINT ( 'NONE',  ( 10.42774830466486691, 54.32432608815437192, -0.4184356817180832078 ) ) ;
#3874 = EDGE_LOOP ( 'NONE', ( #4022, #8777, #7583, #674 ) ) ;
#3875 = CARTESIAN_POINT ( 'NONE',  ( 14.09999999999999964, 18.58128306799195784, -44.19521439519115802 ) ) ;
#3876 = LINE ( 'NONE', #7593, #892 ) ;
#3877 = DIRECTION ( 'NONE',  ( -1.000000000000000000, -0.0000000000000000000, -0.0000000000000000000 ) ) ;
#3878 = EDGE_CURVE ( 'NONE', #9350, #5234, #3161, .T. ) ;
#3879 = DIRECTION ( 'NONE',  ( 0.0000000000000000000, 0.02617694830786615121, -0.9996573249755574819 ) ) ;
#3880 = DIRECTION ( 'NONE',  ( 0.0000000000000000000, -3.284683504808153090E-15, -1.000000000000000000 ) ) ;
#3881 = DIRECTION ( 'NONE',  ( 0.0000000000000000000, 0.0000000000000000000, 1.000000000000000000 ) ) ;
#3882 = CARTESIAN_POINT ( 'NONE',  ( -11.59999999999999964, 72.50000000000000000, 0.0000000000000000000 ) ) ;
#3883 = EDGE_LOOP ( 'NONE', ( #7097, #5543, #4626, #8181 ) ) ;
#3884 = ORIENTED_EDGE ( 'NONE', *, *, #5145, .F. ) ;
#3885 = CARTESIAN_POINT ( 'NONE',  ( 1.540670223399103866, 55.93027452622209239, 0.2958764490941490077 ) ) ;
#3886 = CARTESIAN_POINT ( 'NONE',  ( 1.535658228804064773, 55.35098123976826656, 0.2857201262141788600 ) ) ;
#3887 = B_SPLINE_SURFACE_WITH_KNOTS ( 'NONE', 3, 1, ( 
 ( #6539, #5775 ),
 ( #5011, #5147 ),
 ( #7384, #8220 ),
 ( #4404, #5957 ),
 ( #6626, #8093 ),
 ( #2814, #9012 ),
 ( #1228, #7341 ),
 ( #5867, #6586 ),
 ( #7343, #1362 ),
 ( #455, #5777 ),
 ( #1409, #7475 ),
 ( #8221, #2770 ),
 ( #3695, #2860 ),
 ( #2725, #2102 ),
 ( #8840, #4272 ),
 ( #4456, #8879 ),
 ( #6679, #7386 ),
 ( #3519, #2151 ),
 ( #6588, #5201 ) ),
 .UNSPECIFIED., .F., .F., .F.,
 ( 4, 1, 1, 1, 1, 1, 1, 1, 1, 1, 1, 1, 1, 1, 1, 1, 4 ),
 ( 2, 2 ),
 ( 0.0000000000000000000, 0.06610335045339454929, 0.1297091681191042956, 0.1908505454367263321, 0.2504290213021986289, 0.3091554504249424129, 0.3674234560285778439, 0.4260703279744144090, 0.4853587453002199958, 0.5452418698697474309, 0.6052388388879234027, 0.6663390837851409509, 0.7282683854171994042, 0.7926003375064823997, 0.8585441229136847596, 0.9277529223732200458, 1.000000000000000000 ),
 ( 0.0000000000000000000, 1.000000000000000000 ),
 .UNSPECIFIED. ) ;
#3888 = EDGE_CURVE ( 'NONE', #6709, #1269, #5208, .T. ) ;
#3889 = CARTESIAN_POINT ( 'NONE',  ( -12.75276897412998522, 58.84679790698160673, -1.156633942468738407 ) ) ;
#3890 = EDGE_CURVE ( 'NONE', #9180, #3114, #3915, .T. ) ;
#3891 = ADVANCED_FACE ( 'NONE', ( #7776 ), #1412, .T. ) ;
#3892 = CIRCLE ( 'NONE', #1195, 1.000000000000119682 ) ;
#3893 = EDGE_LOOP ( 'NONE', ( #6840, #9230, #2169, #4485 ) ) ;
#3894 = CARTESIAN_POINT ( 'NONE',  ( 1.539580754609330526, 55.88802860315729504, -0.01672390574722283640 ) ) ;
#3895 = CARTESIAN_POINT ( 'NONE',  ( -1.064095775243532271, 55.78793125501074712, -0.007981103228693321033 ) ) ;
#3896 = CARTESIAN_POINT ( 'NONE',  ( 8.321715895780625871, 56.02662641998956161, -0.1744246936133156123 ) ) ;
#3897 = VECTOR ( 'NONE', #1314, 1000.000000000000000 ) ;
#3898 = ORIENTED_EDGE ( 'NONE', *, *, #3890, .F. ) ;
#3899 = CARTESIAN_POINT ( 'NONE',  ( 8.701959253705199515, 54.91544882673723293, -0.2339655420531397134 ) ) ;
#3900 = ORIENTED_EDGE ( 'NONE', *, *, #6030, .F. ) ;
#3901 = CARTESIAN_POINT ( 'NONE',  ( 7.485144321192813699, 56.59108570498202084, -0.3963434035669279321 ) ) ;
#3902 = CARTESIAN_POINT ( 'NONE',  ( 7.880394087408343573, 53.83631277791959491, -0.1376030485257355163 ) ) ;
#3903 = CARTESIAN_POINT ( 'NONE',  ( 8.065456949137747245, 55.35466653423170413, -0.4992202662322266504 ) ) ;
#3904 = DIRECTION ( 'NONE',  ( 0.0000000000000000000, 0.7073004642249887119, -0.7069130450820069189 ) ) ;
#3905 = ADVANCED_FACE ( 'NONE', ( #8732 ), #1070, .F. ) ;
#3906 = DIRECTION ( 'NONE',  ( 1.000000000000000000, 0.0000000000000000000, 0.0000000000000000000 ) ) ;
#3907 = AXIS2_PLACEMENT_3D ( 'NONE', #202, #254, #2578 ) ;
#3908 = CARTESIAN_POINT ( 'NONE',  ( 8.342763478857840198, 55.93706575351387755, -0.1906442148427391903 ) ) ;
#3909 = CARTESIAN_POINT ( 'NONE',  ( -1.250504033833497841, 53.98719307977299309, -0.01098350663770801885 ) ) ;
#3910 = CARTESIAN_POINT ( 'NONE',  ( 7.746775288331153142, 56.35211298954567383, -0.4433067690960475482 ) ) ;
#3911 = EDGE_LOOP ( 'NONE', ( #8590, #8169, #3293, #8606 ) ) ;
#3912 = CARTESIAN_POINT ( 'NONE',  ( 8.152965075416666707, 56.66746444772081048, -0.4704822707799016790 ) ) ;
#3913 = CARTESIAN_POINT ( 'NONE',  ( 1.901712179469286390, 55.99790332191139441, -0.02745724643013827682 ) ) ;
#3914 = ORIENTED_EDGE ( 'NONE', *, *, #9469, .T. ) ;
#3915 = CIRCLE ( 'NONE', #8884, 4.000000000000003553 ) ;
#3916 = DIRECTION ( 'NONE',  ( -1.000000000000000000, 0.0000000000000000000, 0.0000000000000000000 ) ) ;
#3917 = CARTESIAN_POINT ( 'NONE',  ( 10.09965397924439934, 56.37170430018856138, -0.4179459123721622760 ) ) ;
#3918 = CARTESIAN_POINT ( 'NONE',  ( 10.59101691762794317, 55.71753512601259928, -0.7957962308670261109 ) ) ;
#3919 = CARTESIAN_POINT ( 'NONE',  ( 14.10000000000000142, 30.21025154585982264, -33.49521209058222126 ) ) ;
#3920 = CARTESIAN_POINT ( 'NONE',  ( -1.209124184412025294, 54.47147494119114697, -0.01317352179555219063 ) ) ;
#3921 = CARTESIAN_POINT ( 'NONE',  ( 14.09999999999999964, 18.58128306799195784, -40.19521439518901218 ) ) ;
#3922 = AXIS2_PLACEMENT_3D ( 'NONE', #1429, #9094, #1246 ) ;
#3923 = CARTESIAN_POINT ( 'NONE',  ( 7.293464272035011575, 54.88541552489629538, -0.07467925743545097972 ) ) ;
#3924 = CIRCLE ( 'NONE', #376, 0.5000000000000004441 ) ;
#3925 = DIRECTION ( 'NONE',  ( -1.000000000000000000, -0.0000000000000000000, 0.0000000000000000000 ) ) ;
#3926 = CARTESIAN_POINT ( 'NONE',  ( 10.59150632851172347, 54.82669501831571779, -0.8009555158831997979 ) ) ;
#3927 = ORIENTED_EDGE ( 'NONE', *, *, #2865, .F. ) ;
#3928 = CARTESIAN_POINT ( 'NONE',  ( 9.732253928028280043, 54.38245309554159945, -0.6713789346304466221 ) ) ;
#3929 = CARTESIAN_POINT ( 'NONE',  ( -1.581360747497561503, 56.68219209168288586, 0.2872785925169830668 ) ) ;
#3930 = FACE_OUTER_BOUND ( 'NONE', #4760, .T. ) ;
#3931 = ORIENTED_EDGE ( 'NONE', *, *, #2730, .T. ) ;
#3932 = CARTESIAN_POINT ( 'NONE',  ( 1.647150066875875174, 54.62269808645909563, -0.02103992808024615635 ) ) ;
#3933 = VECTOR ( 'NONE', #1782, 1000.000000000000000 ) ;
#3934 = CARTESIAN_POINT ( 'NONE',  ( -14.09999999999999964, 54.09999999999998721, -6.348128122775007043 ) ) ;
#3935 = CARTESIAN_POINT ( 'NONE',  ( 14.09999999999999964, 0.0000000000000000000, -33.49521209058222126 ) ) ;
#3936 = CARTESIAN_POINT ( 'NONE',  ( 9.704749307780096146, 54.43632621071392919, -0.7260292448453817826 ) ) ;
#3937 = CARTESIAN_POINT ( 'NONE',  ( 0.9645477748120938610, 55.50242720683921505, -0.006563709276877694419 ) ) ;
#3938 = CIRCLE ( 'NONE', #3468, 71.17421554853964949 ) ;
#3939 = ORIENTED_EDGE ( 'NONE', *, *, #6892, .T. ) ;
#3940 = ORIENTED_EDGE ( 'NONE', *, *, #6791, .F. ) ;
#3941 = EDGE_CURVE ( 'NONE', #6715, #7390, #3591, .T. ) ;
#3942 = CARTESIAN_POINT ( 'NONE',  ( 1.526851315057017988, 56.06440041347243408, 0.2958764490941492298 ) ) ;
#3943 = CARTESIAN_POINT ( 'NONE',  ( 6.578210169804251883, 35.93013281871203901, -3.297607197594146111 ) ) ;
#3944 = CARTESIAN_POINT ( 'NONE',  ( 1.849573231741891366, 55.14727517949515345, -0.03042540325696812403 ) ) ;
#3945 = DIRECTION ( 'NONE',  ( 1.000000000000000000, 1.334402673828313339E-16, 0.0000000000000000000 ) ) ;
#3946 = VECTOR ( 'NONE', #7668, 1000.000000000000000 ) ;
#3947 = LINE ( 'NONE', #5564, #7207 ) ;
#3948 = VERTEX_POINT ( 'NONE', #1951 ) ;
#3949 = DIRECTION ( 'NONE',  ( 0.0000000000000000000, 0.0000000000000000000, -1.000000000000000000 ) ) ;
#3950 = CARTESIAN_POINT ( 'NONE',  ( -0.6542544373080282361, 55.30038819490839330, 0.2988225618489429025 ) ) ;
#3951 = DIRECTION ( 'NONE',  ( 0.0000000000000000000, 0.0000000000000000000, -1.000000000000000000 ) ) ;
#3952 = EDGE_CURVE ( 'NONE', #6669, #6058, #8738, .T. ) ;
#3953 = AXIS2_PLACEMENT_3D ( 'NONE', #1478, #2875, #4328 ) ;
#3954 = ORIENTED_EDGE ( 'NONE', *, *, #3021, .T. ) ;
#3955 = EDGE_CURVE ( 'NONE', #4849, #1264, #5239, .T. ) ;
#3956 = EDGE_CURVE ( 'NONE', #9542, #6781, #3365, .T. ) ;
#3957 = CARTESIAN_POINT ( 'NONE',  ( 7.292386991060698875, 55.34736085034327857, -0.4472155396743593969 ) ) ;
#3958 = DIRECTION ( 'NONE',  ( -1.000000000000000000, -0.0000000000000000000, -0.0000000000000000000 ) ) ;
#3959 = CARTESIAN_POINT ( 'NONE',  ( 6.966408081054688672, 55.19512417188561670, -0.3432040141154769630 ) ) ;
#3960 = LINE ( 'NONE', #45, #9532 ) ;
#3961 = ORIENTED_EDGE ( 'NONE', *, *, #1705, .F. ) ;
#3962 = VERTEX_POINT ( 'NONE', #3409 ) ;
#3963 = CARTESIAN_POINT ( 'NONE',  ( 5.772702073171045889, 56.65811816957005220, -0.2354814499064084021 ) ) ;
#3964 = ORIENTED_EDGE ( 'NONE', *, *, #8216, .T. ) ;
#3965 = LINE ( 'NONE', #7841, #3272 ) ;
#3966 = ORIENTED_EDGE ( 'NONE', *, *, #2120, .T. ) ;
#3967 = DIRECTION ( 'NONE',  ( -1.000000000000000000, -0.0000000000000000000, -0.0000000000000000000 ) ) ;
#3968 = VERTEX_POINT ( 'NONE', #4254 ) ;
#3969 = CONICAL_SURFACE ( 'NONE', #9580, 3.421800737649697499, 0.1221730476387383191 ) ;
#3970 = CARTESIAN_POINT ( 'NONE',  ( 8.206981958583130066, 54.29468948098058689, -0.4767576435552583480 ) ) ;
#3971 = CARTESIAN_POINT ( 'NONE',  ( 1.901580302950714785, 55.93510454301345192, -0.02740559966098426656 ) ) ;
#3972 = CARTESIAN_POINT ( 'NONE',  ( 10.53797225759117495, 55.99531183606219287, -0.7877992378422291608 ) ) ;
#3973 = LINE ( 'NONE', #8544, #4914 ) ;
#3974 = CARTESIAN_POINT ( 'NONE',  ( -5.503499385153697965, 0.0000000000000000000, -3.287277074028390533 ) ) ;
#3975 = CARTESIAN_POINT ( 'NONE',  ( 1.926235313468883437, 55.04456289053815965, 0.2739434663209914800 ) ) ;
#3976 = CIRCLE ( 'NONE', #8301, 70.87421554853963812 ) ;
#3977 = CARTESIAN_POINT ( 'NONE',  ( 7.842476401695838817, 55.39376757017053166, -0.1333891267425460769 ) ) ;
#3978 = DIRECTION ( 'NONE',  ( 1.000000000000000000, 0.0000000000000000000, 0.0000000000000000000 ) ) ;
#3979 = CARTESIAN_POINT ( 'NONE',  ( -14.09999999999999964, 13.78128306799197489, -48.69521439518879902 ) ) ;
#3980 = VERTEX_POINT ( 'NONE', #4158 ) ;
#3981 = B_SPLINE_SURFACE_WITH_KNOTS ( 'NONE', 3, 1, ( 
 ( #1952, #4961 ),
 ( #2709, #9578 ),
 ( #8078, #8028 ),
 ( #9535, #1167 ),
 ( #4204, #7278 ),
 ( #386, #3456 ),
 ( #6525, #3703 ),
 ( #1418, #1469 ),
 ( #7733, #8340 ),
 ( #865, #9828 ),
 ( #4511, #6119 ),
 ( #9021, #6997 ),
 ( #6071, #9179 ),
 ( #6942, #6787 ),
 ( #4614, #2308 ),
 ( #814, #8286 ),
 ( #9129, #7524 ),
 ( #754, #3913 ),
 ( #102, #50 ) ),
 .UNSPECIFIED., .F., .F., .F.,
 ( 4, 1, 1, 1, 1, 1, 1, 1, 1, 1, 1, 1, 1, 1, 1, 1, 4 ),
 ( 2, 2 ),
 ( 0.0000000000000000000, 0.05688713403547789038, 0.1107964348828086171, 0.1622175640380243700, 0.2112305436076425957, 0.2576710194914411667, 0.3016428503366595515, 0.3436149040610942396, 0.3835065078378983028, 0.4603477808036934293, 0.5362343085881930982, 0.6126989281374006779, 0.6919454369882779288, 0.7710212523510688865, 0.8479939817293946636, 0.9240046650940945128, 1.000000000000000000 ),
 ( 0.0000000000000000000, 1.000000000000000000 ),
 .UNSPECIFIED. ) ;
#3982 = CARTESIAN_POINT ( 'NONE',  ( -1.116616489912132693, 56.50206782890955282, 0.2912616154133485513 ) ) ;
#3983 = CARTESIAN_POINT ( 'NONE',  ( -14.09999999999999964, 10.52999999999999758, -4.118128122775018163 ) ) ;
#3984 = VERTEX_POINT ( 'NONE', #339 ) ;
#3985 = AXIS2_PLACEMENT_3D ( 'NONE', #1711, #6422, #3260 ) ;
#3986 = CARTESIAN_POINT ( 'NONE',  ( 1.471405468530734284, 54.28876310115068549, 0.2903803895346372399 ) ) ;
#3987 = CARTESIAN_POINT ( 'NONE',  ( 1.540045838660880850, 55.90606299316908689, 0.2902530130439311407 ) ) ;
#3988 = CARTESIAN_POINT ( 'NONE',  ( 1.626555654455551281, 55.42100004762718157, -0.01865079438728945230 ) ) ;
#3989 = EDGE_CURVE ( 'NONE', #7602, #1280, #2660, .T. ) ;
#3990 = CARTESIAN_POINT ( 'NONE',  ( 1.618690600375262134, 54.87900121523041008, -0.01848505520603514057 ) ) ;
#3991 = AXIS2_PLACEMENT_3D ( 'NONE', #7701, #7540, #6140 ) ;
#3992 = ORIENTED_EDGE ( 'NONE', *, *, #275, .F. ) ;
#3993 = ORIENTED_EDGE ( 'NONE', *, *, #7559, .T. ) ;
#3994 = CARTESIAN_POINT ( 'NONE',  ( 1.448652267750650591, 56.23278184671190871, 0.2958764490941490077 ) ) ;
#3995 = CARTESIAN_POINT ( 'NONE',  ( 7.106513581460826678, 54.33806124144058458, -0.4418531884689674838 ) ) ;
#3996 = CARTESIAN_POINT ( 'NONE',  ( 8.649766359876462474, 55.17053386278391969, -0.1407445101694965450 ) ) ;
#3997 = DIRECTION ( 'NONE',  ( 1.000000000000000000, 0.0000000000000000000, 0.0000000000000000000 ) ) ;
#3998 = EDGE_CURVE ( 'NONE', #704, #6932, #437, .T. ) ;
#3999 = CARTESIAN_POINT ( 'NONE',  ( 8.196606733294412805, 54.29176352511498749, -0.1326601476622892295 ) ) ;
#4000 = AXIS2_PLACEMENT_3D ( 'NONE', #8616, #4091, #7169 ) ;
#4001 = DIRECTION ( 'NONE',  ( 0.0000000000000000000, -1.000000000000000000, 0.0000000000000000000 ) ) ;
#4002 = CARTESIAN_POINT ( 'NONE',  ( 1.647472197901766799, 54.63227158287342888, -0.01915032077503628707 ) ) ;
#4003 = VERTEX_POINT ( 'NONE', #4298 ) ;
#4004 = LINE ( 'NONE', #7087, #2528 ) ;
#4005 = EDGE_LOOP ( 'NONE', ( #1992, #442, #5546, #9419 ) ) ;
#4006 = CARTESIAN_POINT ( 'NONE',  ( 8.627415000362848474, 55.24250309983224838, -0.2248155107670729846 ) ) ;
#4007 = CARTESIAN_POINT ( 'NONE',  ( 7.038852855783830798, 55.91217042670964332, -0.3503941176867028107 ) ) ;
#4008 = AXIS2_PLACEMENT_3D ( 'NONE', #1656, #3906, #7043 ) ;
#4009 = LINE ( 'NONE', #5465, #8411 ) ;
#4010 = FACE_OUTER_BOUND ( 'NONE', #5213, .T. ) ;
#4011 = CARTESIAN_POINT ( 'NONE',  ( 8.220521387605586483, 56.22682478463033107, -0.4783530441510952524 ) ) ;
#4012 = ORIENTED_EDGE ( 'NONE', *, *, #3952, .T. ) ;
#4013 = EDGE_CURVE ( 'NONE', #4282, #7555, #7234, .T. ) ;
#4014 = CARTESIAN_POINT ( 'NONE',  ( -14.09999999999999964, 23.88128306798727962, -44.19521439518901929 ) ) ;
#4015 = VERTEX_POINT ( 'NONE', #6524 ) ;
#4016 = CARTESIAN_POINT ( 'NONE',  ( -0.8185500512213024216, 54.43188963105902189, -0.004651281129353562749 ) ) ;
#4017 = ORIENTED_EDGE ( 'NONE', *, *, #4430, .F. ) ;
#4018 = CARTESIAN_POINT ( 'NONE',  ( 9.522965595049740273, 54.10852780519892491, -0.7260886155308459156 ) ) ;
#4019 = ORIENTED_EDGE ( 'NONE', *, *, #5523, .F. ) ;
#4020 = B_SPLINE_CURVE_WITH_KNOTS ( 'NONE', 3,
 ( #8832, #9718, #8964, #347, #5005, #8083, #4261, #7241 ),
 .UNSPECIFIED., .F., .F.,
 ( 4, 2, 2, 4 ),
 ( 0.0000000000000000000, 0.0003076413899115193495, 0.0006152827798230386990, 0.001230565559646097130 ),
 .UNSPECIFIED. ) ;
#4021 = DIRECTION ( 'NONE',  ( -0.0000000000000000000, 1.000000000000000000, 4.007695160622047496E-16 ) ) ;
#4022 = ORIENTED_EDGE ( 'NONE', *, *, #1937, .T. ) ;
#4023 = CARTESIAN_POINT ( 'NONE',  ( 5.530536401184392936, 56.34470526876490482, 0.08483254828801339853 ) ) ;
#4024 = CARTESIAN_POINT ( 'NONE',  ( 1.849872494729781547, 55.70038226112105662, 0.2857021154571454113 ) ) ;
#4025 = CARTESIAN_POINT ( 'NONE',  ( 9.992476302486858586, 53.84082516925005990, -0.4049150026360367471 ) ) ;
#4026 = DIRECTION ( 'NONE',  ( 0.0000000000000000000, 0.0000000000000000000, -1.000000000000000000 ) ) ;
#4027 = ADVANCED_FACE ( 'NONE', ( #483 ), #9802, .T. ) ;
#4028 = CARTESIAN_POINT ( 'NONE',  ( 0.1500000000000002998, 2.249999999999998668, -50.69946645012024788 ) ) ;
#4029 = CARTESIAN_POINT ( 'NONE',  ( 8.187648195932998973, 56.26105668372030522, -0.1373998474905827050 ) ) ;
#4030 = EDGE_LOOP ( 'NONE', ( #6753, #2161, #8904, #5457 ) ) ;
#4031 = CARTESIAN_POINT ( 'NONE',  ( -4.724999999999997868, 62.00000000000007105, -18.74999999999995381 ) ) ;
#4032 = CARTESIAN_POINT ( 'NONE',  ( 1.163642094550050077, 54.20075162242915212, -0.009553221702519629904 ) ) ;
#4033 = EDGE_LOOP ( 'NONE', ( #3377, #6403, #4215, #2745 ) ) ;
#4034 = CARTESIAN_POINT ( 'NONE',  ( 10.91368899352385924, 54.81990011039728472, -0.4181348863512492353 ) ) ;
#4035 = ADVANCED_FACE ( 'NONE', ( #9057 ), #2085, .T. ) ;
#4036 = CARTESIAN_POINT ( 'NONE',  ( 1.781889617759885525, 55.22099179277131498, -0.02237568903473906995 ) ) ;
#4037 = CARTESIAN_POINT ( 'NONE',  ( -1.016967215093758314, 55.34265120694584539, 0.2945886685900925839 ) ) ;
#4038 = CARTESIAN_POINT ( 'NONE',  ( 9.683167652332198116, 56.03727878934454765, -0.3617669002164298209 ) ) ;
#4039 = CARTESIAN_POINT ( 'NONE',  ( 9.999874618009371829, 54.17411868551258891, -0.3476052596559752739 ) ) ;
#4040 = CARTESIAN_POINT ( 'NONE',  ( 7.775957030766845968, 54.16572218892896018, -0.4278498114387770945 ) ) ;
#4041 = VERTEX_POINT ( 'NONE', #2799 ) ;
#4042 = ORIENTED_EDGE ( 'NONE', *, *, #5032, .F. ) ;
#4043 = CARTESIAN_POINT ( 'NONE',  ( -0.6552021859012007177, 55.24830222894662057, 0.2989210827142307902 ) ) ;
#4044 = LINE ( 'NONE', #4147, #2318 ) ;
#4045 = CARTESIAN_POINT ( 'NONE',  ( 7.607047188913720781, 56.28794583025646148, -0.2419946772418828940 ) ) ;
#4046 = B_SPLINE_CURVE_WITH_KNOTS ( 'NONE', 3,
 ( #241, #4161, #1717, #5628, #7189, #7235, #293, #3266, #4767, #6324, #9486, #343, #9382, #5574 ),
 .UNSPECIFIED., .F., .F.,
 ( 4, 2, 2, 2, 2, 2, 4 ),
 ( 0.0000000000000000000, 0.0004632419353099211253, 0.0009264838706198422506, 0.001158104838274803599, 0.001389725805929765056, 0.001621346773584726297, 0.001852967741239687754 ),
 .UNSPECIFIED. ) ;
#4047 = CARTESIAN_POINT ( 'NONE',  ( 10.18070982537164149, 56.69521588513948274, -0.4318400808228087251 ) ) ;
#4048 = VECTOR ( 'NONE', #9840, 1000.000000000000000 ) ;
#4049 = DIRECTION ( 'NONE',  ( 0.0000000000000000000, 0.0000000000000000000, 1.000000000000000000 ) ) ;
#4050 = DIRECTION ( 'NONE',  ( -0.0000000000000000000, 1.000000000000000000, -3.362642065588203259E-15 ) ) ;
#4051 = ORIENTED_EDGE ( 'NONE', *, *, #5145, .T. ) ;
#4052 = DIRECTION ( 'NONE',  ( 0.0000000000000000000, 1.000000000000000000, 0.0000000000000000000 ) ) ;
#4053 = VERTEX_POINT ( 'NONE', #5136 ) ;
#4054 = CARTESIAN_POINT ( 'NONE',  ( -5.494198100116994610, 41.48906902151181697, -3.297607197594146111 ) ) ;
#4055 = EDGE_CURVE ( 'NONE', #488, #615, #5990, .T. ) ;
#4056 = EDGE_CURVE ( 'NONE', #2619, #5088, #8137, .T. ) ;
#4057 = CARTESIAN_POINT ( 'NONE',  ( 0.0000000000000000000, 0.0000000000000000000, 0.0000000000000000000 ) ) ;
#4058 = CARTESIAN_POINT ( 'NONE',  ( 14.09999999999999964, 56.50000000000000000, -3.618128122774996847 ) ) ;
#4059 = CARTESIAN_POINT ( 'NONE',  ( 2.009303399897260256, 54.58601565275998979, -0.03047645466538009135 ) ) ;
#4060 = VERTEX_POINT ( 'NONE', #5237 ) ;
#4061 = ORIENTED_EDGE ( 'NONE', *, *, #5675, .F. ) ;
#4062 = CARTESIAN_POINT ( 'NONE',  ( 5.103396262303726338, 56.03251737063681048, -0.1839336868907917588 ) ) ;
#4063 = EDGE_LOOP ( 'NONE', ( #3696, #2241, #288, #2870 ) ) ;
#4064 = CARTESIAN_POINT ( 'NONE',  ( 1.902869012294670759, 55.96536253389634652, 0.2745584990293947203 ) ) ;
#4065 = ORIENTED_EDGE ( 'NONE', *, *, #6481, .T. ) ;
#4066 = FACE_OUTER_BOUND ( 'NONE', #3847, .T. ) ;
#4067 = ORIENTED_EDGE ( 'NONE', *, *, #7275, .F. ) ;
#4069 = EDGE_CURVE ( 'NONE', #6708, #704, #1201, .T. ) ;
#4068 = DIRECTION ( 'NONE',  ( 1.000000000000000000, 0.0000000000000000000, 0.0000000000000000000 ) ) ;
#4070 = DIRECTION ( 'NONE',  ( 0.0000000000000000000, -0.7071067811865456854, 0.7071067811865493491 ) ) ;
#4071 = CARTESIAN_POINT ( 'NONE',  ( -14.09999999999999964, 13.28128306799197489, -48.19521439518879902 ) ) ;
#4072 = DIRECTION ( 'NONE',  ( 0.0000000000000000000, -2.154182201811218676E-17, -1.000000000000000000 ) ) ;
#4073 = VECTOR ( 'NONE', #6261, 1000.000000000000000 ) ;
#4074 = B_SPLINE_CURVE_WITH_KNOTS ( 'NONE', 3,
 ( #8667, #1000, #4989, #8715, #4189, #4093, #4038, #1851, #3299, #3439 ),
 .UNSPECIFIED., .F., .F.,
 ( 4, 2, 2, 2, 4 ),
 ( 0.0000000000000000000, 0.0004670967835457640938, 0.0007006451753186460595, 0.0008174193712050877199, 0.0009341935670915293803 ),
 .UNSPECIFIED. ) ;
#4075 = AXIS2_PLACEMENT_3D ( 'NONE', #8368, #1395, #6098 ) ;
#4076 = CARTESIAN_POINT ( 'NONE',  ( -1.030857429238461132, 55.01192712910392402, 0.2945660869772371848 ) ) ;
#4077 = PLANE ( 'NONE',  #5252 ) ;
#4078 = CARTESIAN_POINT ( 'NONE',  ( 1.682972716168750660, 54.00953908474978959, 0.2801153837181241668 ) ) ;
#4079 = VECTOR ( 'NONE', #7212, 1000.000000000000000 ) ;
#4080 = AXIS2_PLACEMENT_3D ( 'NONE', #3754, #9880, #2968 ) ;
#4081 = ORIENTED_EDGE ( 'NONE', *, *, #4752, .T. ) ;
#4082 = CARTESIAN_POINT ( 'NONE',  ( -14.10000000000000675, 22.56241556437915108, -46.33294912980714741 ) ) ;
#4083 = ADVANCED_FACE ( 'NONE', ( #7549 ), #6757, .T. ) ;
#4085 = ADVANCED_FACE ( 'NONE', ( #1394 ), #4389, .F. ) ;
#4084 = DIRECTION ( 'NONE',  ( 0.0000000000000000000, 0.0000000000000000000, -1.000000000000000000 ) ) ;
#4086 = CARTESIAN_POINT ( 'NONE',  ( 7.076393975897490307, 56.03703330436233188, -0.03977020646210322613 ) ) ;
#4087 = ORIENTED_EDGE ( 'NONE', *, *, #3387, .F. ) ;
#4088 = AXIS2_PLACEMENT_3D ( 'NONE', #6415, #5756, #8774 ) ;
#4089 = CARTESIAN_POINT ( 'NONE',  ( 1.477307389121351067, 55.67844442283659134, 0.2902530130439311407 ) ) ;
#4090 = CARTESIAN_POINT ( 'NONE',  ( 7.489032813945357248, 54.29797706328600526, -0.09508186225150486170 ) ) ;
#4091 = DIRECTION ( 'NONE',  ( -1.000000000000000000, -0.0000000000000000000, -0.0000000000000000000 ) ) ;
#4092 = CARTESIAN_POINT ( 'NONE',  ( -4.724999999999997868, 62.00000000000004263, -27.19999999999996021 ) ) ;
#4093 = CARTESIAN_POINT ( 'NONE',  ( 9.672158106404111777, 56.00021904788057014, -0.3602565573852588021 ) ) ;
#4094 = CARTESIAN_POINT ( 'NONE',  ( 7.489038587863209528, 54.29797142423946354, -0.3967641906916405947 ) ) ;
#4095 = ORIENTED_EDGE ( 'NONE', *, *, #5058, .F. ) ;
#4096 = AXIS2_PLACEMENT_3D ( 'NONE', #6401, #7163, #9509 ) ;
#4097 = EDGE_LOOP ( 'NONE', ( #590, #8310, #6761, #5707 ) ) ;
#4098 = DIRECTION ( 'NONE',  ( 1.000000000000000000, -0.0000000000000000000, 0.0000000000000000000 ) ) ;
#4099 = LINE ( 'NONE', #9473, #5991 ) ;
#4100 = CARTESIAN_POINT ( 'NONE',  ( 1.913502908311242257, 55.05865726437754404, 0.2857201262141786380 ) ) ;
#4101 = AXIS2_PLACEMENT_3D ( 'NONE', #4280, #7352, #5070 ) ;
#4102 = CARTESIAN_POINT ( 'NONE',  ( 13.49999999999998579, 52.87253265680915604, -1.297607197594144557 ) ) ;
#4103 = CARTESIAN_POINT ( 'NONE',  ( 0.0000000000000000000, 0.0000000000000000000, -70.87421554853963812 ) ) ;
#4104 = ORIENTED_EDGE ( 'NONE', *, *, #571, .T. ) ;
#4105 = DIRECTION ( 'NONE',  ( 0.0000000000000000000, 0.0000000000000000000, -1.000000000000000000 ) ) ;
#4106 = ORIENTED_EDGE ( 'NONE', *, *, #693, .F. ) ;
#4107 = CARTESIAN_POINT ( 'NONE',  ( 7.842476401695838817, 55.39376757017052455, -0.4352349091968960026 ) ) ;
#4108 = AXIS2_PLACEMENT_3D ( 'NONE', #5130, #1906, #8251 ) ;
#4109 = FACE_OUTER_BOUND ( 'NONE', #6531, .T. ) ;
#4110 = PLANE ( 'NONE',  #3358 ) ;
#4111 = CARTESIAN_POINT ( 'NONE',  ( -4.724999999999997868, 62.00000000000001421, -35.64999999999996305 ) ) ;
#4112 = ORIENTED_EDGE ( 'NONE', *, *, #2487, .T. ) ;
#4113 = EDGE_LOOP ( 'NONE', ( #6620, #6333, #5996, #34 ) ) ;
#4114 = FACE_BOUND ( 'NONE', #9546, .T. ) ;
#4115 = AXIS2_PLACEMENT_3D ( 'NONE', #8525, #1061, #6213 ) ;
#4116 = VERTEX_POINT ( 'NONE', #3725 ) ;
#4117 = EDGE_CURVE ( 'NONE', #8064, #5278, #9106, .T. ) ;
#4118 = CARTESIAN_POINT ( 'NONE',  ( 1.857049353421708071, 56.22650033280790893, 0.2757726381946977723 ) ) ;
#4119 = EDGE_LOOP ( 'NONE', ( #7462, #2576, #6958, #4678 ) ) ;
#4120 = CARTESIAN_POINT ( 'NONE',  ( -13.50000000000000000, 7.800000000000001599, -5.458128122775026014 ) ) ;
#4121 = ORIENTED_EDGE ( 'NONE', *, *, #2751, .F. ) ;
#4122 = PLANE ( 'NONE',  #5197 ) ;
#4123 = CARTESIAN_POINT ( 'NONE',  ( 9.965367547388149561, 54.18530714140566573, -0.4010924788690255482 ) ) ;
#4124 = DIRECTION ( 'NONE',  ( -0.0000000000000000000, 8.673617379879377248E-16, -1.000000000000000000 ) ) ;
#4125 = DIRECTION ( 'NONE',  ( 0.0000000000000000000, 1.000000000000000000, -2.154182201811218676E-17 ) ) ;
#4126 = CIRCLE ( 'NONE', #1885, 0.4999999999999935052 ) ;
#4127 = DIRECTION ( 'NONE',  ( 0.0000000000000000000, 0.0000000000000000000, -1.000000000000000000 ) ) ;
#4128 = EDGE_CURVE ( 'NONE', #8517, #4757, #127, .T. ) ;
#4129 = CARTESIAN_POINT ( 'NONE',  ( 10.40531143316610496, 56.64327912380404939, -0.7679426309173377208 ) ) ;
#4130 = CARTESIAN_POINT ( 'NONE',  ( 7.626809802217134227, 56.65426674174647559, -0.4458325920447148705 ) ) ;
#4131 = ORIENTED_EDGE ( 'NONE', *, *, #8304, .F. ) ;
#4132 = FACE_OUTER_BOUND ( 'NONE', #625, .T. ) ;
#4133 = CARTESIAN_POINT ( 'NONE',  ( -2.791227291791869014, 53.87253265680915604, 0.2452473934394516775 ) ) ;
#4134 = CARTESIAN_POINT ( 'NONE',  ( 6.967057654387619259, 55.29381037985015013, -0.03977020646210301102 ) ) ;
#4135 = EDGE_LOOP ( 'NONE', ( #7560, #7326, #3431, #3109 ) ) ;
#4136 = CARTESIAN_POINT ( 'NONE',  ( 8.010063559927312227, 54.17706071046460892, -0.1521353480685762871 ) ) ;
#4137 = AXIS2_PLACEMENT_3D ( 'NONE', #9285, #1077, #5526 ) ;
#4138 = PRODUCT_DEFINITION_CONTEXT ( 'detailed design', #2671, 'design' ) ;
#4139 = EDGE_CURVE ( 'NONE', #7232, #40, #789, .T. ) ;
#4140 = LINE ( 'NONE', #274, #474 ) ;
#4141 = EDGE_CURVE ( 'NONE', #4060, #5271, #9909, .T. ) ;
#4142 = CYLINDRICAL_SURFACE ( 'NONE', #7900, 5.000000000000004441 ) ;
#4143 = ORIENTED_EDGE ( 'NONE', *, *, #6915, .F. ) ;
#4144 = AXIS2_PLACEMENT_3D ( 'NONE', #8222, #5823, #9728 ) ;
#4145 = ORIENTED_EDGE ( 'NONE', *, *, #6593, .T. ) ;
#4146 = CARTESIAN_POINT ( 'NONE',  ( -0.6552021859012007177, 55.24830222894662057, -0.02630137221458202224 ) ) ;
#4147 = CARTESIAN_POINT ( 'NONE',  ( 13.50000000000000000, 35.93013281871203901, -1.297607197594146777 ) ) ;
#4148 = CARTESIAN_POINT ( 'NONE',  ( 8.479838717445773000, 55.46448845507433134, -0.5389759807138325698 ) ) ;
#4149 = VECTOR ( 'NONE', #3208, 1000.000000000000000 ) ;
#4150 = EDGE_CURVE ( 'NONE', #3200, #965, #179, .T. ) ;
#4151 = CARTESIAN_POINT ( 'NONE',  ( 7.855492920671775181, 54.16229168792561666, -0.1326601476622898956 ) ) ;
#4152 = EDGE_CURVE ( 'NONE', #7396, #5722, #9206, .T. ) ;
#4153 = CARTESIAN_POINT ( 'NONE',  ( 10.61012789734409090, 55.26699799405709257, -0.7986876117280679033 ) ) ;
#4154 = ORIENTED_EDGE ( 'NONE', *, *, #1864, .T. ) ;
#4155 = LINE ( 'NONE', #1812, #6029 ) ;
#4156 = DIRECTION ( 'NONE',  ( 1.000000000000000000, 0.0000000000000000000, 0.0000000000000000000 ) ) ;
#4157 = ORIENTED_EDGE ( 'NONE', *, *, #5675, .T. ) ;
#4158 = CARTESIAN_POINT ( 'NONE',  ( -1.858565410385785821, 53.87253265680915604, 0.2757295924462485615 ) ) ;
#4159 = ORIENTED_EDGE ( 'NONE', *, *, #6295, .T. ) ;
#4160 = CARTESIAN_POINT ( 'NONE',  ( 14.09999999999999964, 57.00000000000000000, -38.69804268566760896 ) ) ;
#4161 = CARTESIAN_POINT ( 'NONE',  ( 9.271618715489118756, 55.42127458737245860, -0.6090640244273601844 ) ) ;
#4162 = CARTESIAN_POINT ( 'NONE',  ( 0.05565518892728234246, 0.0000000000000000000, -2.185209746485838878E-05 ) ) ;
#4163 = ORIENTED_EDGE ( 'NONE', *, *, #8886, .F. ) ;
#4164 = B_SPLINE_CURVE_WITH_KNOTS ( 'NONE', 3,
 ( #433, #9659, #2794, #8901, #5086, #8161, #1296, #4337, #7406, #5289 ),
 .UNSPECIFIED., .F., .F.,
 ( 4, 2, 2, 2, 4 ),
 ( 8.690541527449942710E-19, 0.0001927745500231216064, 0.0003855491000462423455, 0.0005783236500693630846, 0.0007710982000924838237 ),
 .UNSPECIFIED. ) ;
#4165 = ORIENTED_EDGE ( 'NONE', *, *, #6239, .F. ) ;
#4166 = CARTESIAN_POINT ( 'NONE',  ( 7.292994996126415330, 55.38094245725803688, -0.4114301739047735440 ) ) ;
#4167 = ORIENTED_EDGE ( 'NONE', *, *, #13, .T. ) ;
#4168 = CARTESIAN_POINT ( 'NONE',  ( 1.283735457526312684, 55.53581740769050867, 0.2884219955050085216 ) ) ;
#4169 = VERTEX_POINT ( 'NONE', #2333 ) ;
#4170 = VECTOR ( 'NONE', #6075, 1000.000000000000000 ) ;
#4171 = ORIENTED_EDGE ( 'NONE', *, *, #7558, .F. ) ;
#4172 = CARTESIAN_POINT ( 'NONE',  ( 1.043212824275349782, 53.87253265680915604, 0.2923543136733960379 ) ) ;
#4173 = CARTESIAN_POINT ( 'NONE',  ( 14.09999999999999964, 13.78128306799197489, -48.69521439518879902 ) ) ;
#4174 = DIRECTION ( 'NONE',  ( 1.000000000000000000, 0.0000000000000000000, 0.0000000000000000000 ) ) ;
#4175 = CARTESIAN_POINT ( 'NONE',  ( 9.790960997870303828, 56.63837926550363022, -0.3037559157698063728 ) ) ;
#4176 = ADVANCED_FACE ( 'NONE', ( #7078 ), #8420, .T. ) ;
#4177 = DIRECTION ( 'NONE',  ( -1.000000000000000000, 0.0000000000000000000, -0.0000000000000000000 ) ) ;
#4178 = CARTESIAN_POINT ( 'NONE',  ( 14.09999999999999964, 0.0000000000000000000, -40.19521439518901218 ) ) ;
#4179 = CARTESIAN_POINT ( 'NONE',  ( 8.220521387605586483, 56.22682478463033107, -0.1373998474905827050 ) ) ;
#4180 = CARTESIAN_POINT ( 'NONE',  ( 7.540237907996563571, 56.61896563798787696, -0.06796898991423519498 ) ) ;
#4181 = DIRECTION ( 'NONE',  ( 0.0000000000000000000, -1.000000000000000000, 0.0000000000000000000 ) ) ;
#4182 = CARTESIAN_POINT ( 'NONE',  ( 7.214561721871097788, 56.32896580475458137, -0.03977020646210344124 ) ) ;
#4183 = ORIENTED_EDGE ( 'NONE', *, *, #3448, .T. ) ;
#4185 = EDGE_CURVE ( 'NONE', #2717, #4991, #7301, .T. ) ;
#4184 = CARTESIAN_POINT ( 'NONE',  ( 7.855492920671773405, 54.16229168792560955, -0.1348333776211645407 ) ) ;
#4186 = ADVANCED_FACE ( 'NONE', ( #3152 ), #6225, .T. ) ;
#4187 = LINE ( 'NONE', #3489, #4797 ) ;
#4188 = CARTESIAN_POINT ( 'NONE',  ( -1.373200548497855555, 56.26317472391003349, -0.01695970555067722110 ) ) ;
#4189 = CARTESIAN_POINT ( 'NONE',  ( 9.643022481168921800, 55.88763726949731847, -0.3562642117087798099 ) ) ;
#4190 = DIRECTION ( 'NONE',  ( 0.0000000000000000000, -0.02617694830786635243, -0.9996573249755574819 ) ) ;
#4191 = ORIENTED_EDGE ( 'NONE', *, *, #9011, .F. ) ;
#4192 = EDGE_LOOP ( 'NONE', ( #7015, #3647, #5900, #8209, #7405, #1446 ) ) ;
#4193 = DIRECTION ( 'NONE',  ( 0.0000000000000000000, 0.0000000000000000000, 1.000000000000000000 ) ) ;
#4194 = CARTESIAN_POINT ( 'NONE',  ( 14.09999999999999964, -1.734721632484620778E-15, -48.69521209059480782 ) ) ;
#4195 = CARTESIAN_POINT ( 'NONE',  ( 14.09999999999999964, 56.50000000000000000, -3.118128122774906696 ) ) ;
#4196 = EDGE_CURVE ( 'NONE', #1688, #3834, #6343, .T. ) ;
#4197 = EDGE_CURVE ( 'NONE', #6058, #3555, #226, .T. ) ;
#4198 = EDGE_LOOP ( 'NONE', ( #8960, #6436, #7876, #2850, #1055, #6823, #2209, #6040, #2607, #2144, #3269, #4890, #3898, #1304, #6824, #4019, #8482, #4582, #5288, #2202, #1875, #5085 ) ) ;
#4199 = CARTESIAN_POINT ( 'NONE',  ( 10.20217228110722907, 56.69453400648564667, -0.4181348863512486802 ) ) ;
#4200 = ORIENTED_EDGE ( 'NONE', *, *, #3763, .T. ) ;
#4201 = CARTESIAN_POINT ( 'NONE',  ( -14.09999999999999964, 10.81999999999999673, -3.678128122775022657 ) ) ;
#4202 = EDGE_CURVE ( 'NONE', #4053, #5192, #5039, .T. ) ;
#4203 = EDGE_CURVE ( 'NONE', #9875, #5989, #4950, .T. ) ;
#4204 = CARTESIAN_POINT ( 'NONE',  ( 1.243136575887395567, 56.68573650520093565, 0.2943615570823884253 ) ) ;
#4205 = EDGE_LOOP ( 'NONE', ( #2098, #2382 ) ) ;
#4206 =( NAMED_UNIT ( * ) PLANE_ANGLE_UNIT ( ) SI_UNIT ( $, .RADIAN. ) );
#4207 = CARTESIAN_POINT ( 'NONE',  ( 10.10304959289029547, 53.83631277791960201, -0.7237856243798258538 ) ) ;
#4208 = VERTEX_POINT ( 'NONE', #6561 ) ;
#4209 = CARTESIAN_POINT ( 'NONE',  ( 7.584883551729958207, 56.26839554936682930, -0.07255918057899178597 ) ) ;
#4210 = VERTEX_POINT ( 'NONE', #5755 ) ;
#4211 = DIRECTION ( 'NONE',  ( 1.000000000000000000, 0.0000000000000000000, 0.0000000000000000000 ) ) ;
#4212 = ORIENTED_EDGE ( 'NONE', *, *, #9668, .F. ) ;
#4213 = VECTOR ( 'NONE', #1883, 1000.000000000000000 ) ;
#4214 = DIRECTION ( 'NONE',  ( 0.0000000000000000000, 0.0000000000000000000, 1.000000000000000000 ) ) ;
#4215 = ORIENTED_EDGE ( 'NONE', *, *, #4440, .T. ) ;
#4216 = EDGE_CURVE ( 'NONE', #5278, #9652, #7964, .T. ) ;
#4217 = CARTESIAN_POINT ( 'NONE',  ( 8.304839391502360613, 53.95730136088715057, -0.5390089958205914744 ) ) ;
#4218 = CARTESIAN_POINT ( 'NONE',  ( 10.21330361434612399, 54.17614809511992746, -0.7397474686093192808 ) ) ;
#4219 = LINE ( 'NONE', #9501, #7230 ) ;
#4220 = DIRECTION ( 'NONE',  ( 1.000000000000000000, 0.0000000000000000000, 0.0000000000000000000 ) ) ;
#4221 = DIRECTION ( 'NONE',  ( 0.0000000000000000000, 3.965082230804130614E-15, 1.000000000000000000 ) ) ;
#4222 = CARTESIAN_POINT ( 'NONE',  ( 14.09999999999999964, 0.01202265661461220971, -50.69999714902800747 ) ) ;
#4223 = ORIENTED_EDGE ( 'NONE', *, *, #3230, .F. ) ;
#4224 = ORIENTED_EDGE ( 'NONE', *, *, #1625, .F. ) ;
#4225 = CARTESIAN_POINT ( 'NONE',  ( 1.825189852679406810, 54.11870534423879775, 0.2766567965989870093 ) ) ;
#4226 = ORIENTED_EDGE ( 'NONE', *, *, #9295, .T. ) ;
#4227 = CARTESIAN_POINT ( 'NONE',  ( 7.579687858277259771, 53.88363736723888309, -0.1047109387378202805 ) ) ;
#4228 = AXIS2_PLACEMENT_3D ( 'NONE', #355, #7058, #1134 ) ;
#4229 = B_SPLINE_CURVE_WITH_KNOTS ( 'NONE', 3,
 ( #875, #3923, #5383, #1576, #5325, #9346, #7006, #935, #8451, #3977 ),
 .UNSPECIFIED., .F., .F.,
 ( 4, 2, 2, 2, 4 ),
 ( 0.0000000000000000000, 0.0002223565778037099854, 0.0004447131556074199708, 0.0006670697334111299562, 0.0008894263112148399417 ),
 .UNSPECIFIED. ) ;
#4230 = CARTESIAN_POINT ( 'NONE',  ( 1.043212824275349782, 53.87253265680915604, 0.7023928024058537778 ) ) ;
#4231 = VECTOR ( 'NONE', #7125, 1000.000000000000000 ) ;
#4232 = CARTESIAN_POINT ( 'NONE',  ( 7.125181614577057232, 56.16413456025797046, -0.03977020646210344124 ) ) ;
#4233 = ORIENTED_EDGE ( 'NONE', *, *, #3462, .F. ) ;
#4234 = LINE ( 'NONE', #8892, #2418 ) ;
#4235 = CARTESIAN_POINT ( 'NONE',  ( -1.290572844901085814, 56.19206832289513187, -0.01695970555067743621 ) ) ;
#4236 = VECTOR ( 'NONE', #5671, 1000.000000000000000 ) ;
#4237 = CARTESIAN_POINT ( 'NONE',  ( 7.249941820486998978, 56.37679772065740025, -0.3717845747043419524 ) ) ;
#4238 = CARTESIAN_POINT ( 'NONE',  ( 11.59999999999999964, 0.0000000000000000000, 0.0000000000000000000 ) ) ;
#4239 = EDGE_CURVE ( 'NONE', #5847, #4060, #7316, .T. ) ;
#4240 = EDGE_LOOP ( 'NONE', ( #8867, #478, #9829, #7067 ) ) ;
#4241 = LINE ( 'NONE', #2599, #6172 ) ;
#4242 = CARTESIAN_POINT ( 'NONE',  ( 8.500000000000000000, 9.999999999990905053, -33.70200572722880850 ) ) ;
#4243 = DIRECTION ( 'NONE',  ( 0.0000000000000000000, -0.0000000000000000000, -1.000000000000000000 ) ) ;
#4244 = AXIS2_PLACEMENT_3D ( 'NONE', #841, #8622, #895 ) ;
#4245 = AXIS2_PLACEMENT_3D ( 'NONE', #8818, #426, #2650 ) ;
#4246 = B_SPLINE_CURVE_WITH_KNOTS ( 'NONE', 3,
 ( #5014, #7431, #3614, #1797, #9595, #1970, #8098, #2545, #4314, #549 ),
 .UNSPECIFIED., .F., .F.,
 ( 4, 2, 2, 2, 4 ),
 ( 0.0000000000000000000, 0.0002206105979632851327, 0.0004412211959265702655, 0.0006618317938898554253, 0.0008824423918531405309 ),
 .UNSPECIFIED. ) ;
#4247 = DIRECTION ( 'NONE',  ( -1.000000000000000000, -0.0000000000000000000, -0.0000000000000000000 ) ) ;
#4248 = ORIENTED_EDGE ( 'NONE', *, *, #8721, .F. ) ;
#4249 = CARTESIAN_POINT ( 'NONE',  ( 14.09999999999999964, 18.58128306799195784, -44.19521439519115802 ) ) ;
#4250 = VECTOR ( 'NONE', #5658, 1000.000000000000000 ) ;
#4251 = ADVANCED_FACE ( 'NONE', ( #7176, #9421, #280, #2746, #4992, #7267 ), #8013, .T. ) ;
#4252 = EDGE_LOOP ( 'NONE', ( #8490, #203, #9707, #1753 ) ) ;
#4253 = ORIENTED_EDGE ( 'NONE', *, *, #477, .F. ) ;
#4254 = CARTESIAN_POINT ( 'NONE',  ( 7.275000000000002132, 57.00000000000002842, -32.19999999999995310 ) ) ;
#4255 = CARTESIAN_POINT ( 'NONE',  ( -4.483120059212435147E-16, 9.999999999990905053, -30.28020498958816731 ) ) ;
#4256 = DIRECTION ( 'NONE',  ( -1.000000000000000000, -0.0000000000000000000, -0.0000000000000000000 ) ) ;
#4257 = AXIS2_PLACEMENT_3D ( 'NONE', #403, #5819, #9677 ) ;
#4258 = ORIENTED_EDGE ( 'NONE', *, *, #2080, .F. ) ;
#4259 = ORIENTED_EDGE ( 'NONE', *, *, #757, .T. ) ;
#4260 = EDGE_CURVE ( 'NONE', #8479, #4003, #8718, .T. ) ;
#4261 = CARTESIAN_POINT ( 'NONE',  ( 6.967764897140694913, 55.40125799488276925, -0.04188385497674543267 ) ) ;
#4262 = EDGE_CURVE ( 'NONE', #5234, #317, #5710, .T. ) ;
#4263 = ORIENTED_EDGE ( 'NONE', *, *, #8949, .F. ) ;
#4264 = CARTESIAN_POINT ( 'NONE',  ( -14.09999999999999964, 48.99999999999999289, -5.458128122775004698 ) ) ;
#4265 = AXIS2_PLACEMENT_3D ( 'NONE', #9647, #8291, #558 ) ;
#4266 = VERTEX_POINT ( 'NONE', #1198 ) ;
#4267 = CARTESIAN_POINT ( 'NONE',  ( 7.405044593619673599, 54.40909186909154016, -0.07239559482833268778 ) ) ;
#4268 = ORIENTED_EDGE ( 'NONE', *, *, #5107, .T. ) ;
#4269 = CARTESIAN_POINT ( 'NONE',  ( 8.506831615939015379, 54.15227425413542051, -0.1352089772695207748 ) ) ;
#4270 = CARTESIAN_POINT ( 'NONE',  ( 0.1499999999999999667, 4.999999999999998224, -20.69999994376783903 ) ) ;
#4271 = DIRECTION ( 'NONE',  ( 0.0000000000000000000, -1.000000000000000000, 0.0000000000000000000 ) ) ;
#4272 = CARTESIAN_POINT ( 'NONE',  ( 8.618027305946148076, 56.20682289423744038, -0.5344844159557692320 ) ) ;
#4273 = CARTESIAN_POINT ( 'NONE',  ( -11.60000000000000142, 3.286843808525464039E-14, -50.70000000000000284 ) ) ;
#4274 = EDGE_CURVE ( 'NONE', #2083, #8648, #244, .T. ) ;
#4275 = VERTEX_POINT ( 'NONE', #1984 ) ;
#4276 = CARTESIAN_POINT ( 'NONE',  ( 7.292386991060698875, 55.34736085034327857, -0.07456829714020818400 ) ) ;
#4277 = DIRECTION ( 'NONE',  ( 1.000000000000000000, 0.0000000000000000000, 0.0000000000000000000 ) ) ;
#4278 = LINE ( 'NONE', #5827, #887 ) ;
#4279 = CIRCLE ( 'NONE', #6853, 2.930662494039244059 ) ;
#4280 = CARTESIAN_POINT ( 'NONE',  ( 0.0000000000000000000, 0.0000000000000000000, -70.87421554853963812 ) ) ;
#4281 = CARTESIAN_POINT ( 'NONE',  ( 10.60904104887323030, 55.42214120391957977, -0.4179459123721622760 ) ) ;
#4282 = VERTEX_POINT ( 'NONE', #7915 ) ;
#4283 = CARTESIAN_POINT ( 'NONE',  ( 10.35941681907395306, 53.87426919301628914, -0.4181348863512494574 ) ) ;
#4284 = CARTESIAN_POINT ( 'NONE',  ( 9.366260820772247087, 54.44651488900137792, -0.6447058877098521545 ) ) ;
#4285 = CARTESIAN_POINT ( 'NONE',  ( -13.50000000000000178, 8.734092485736935529, -1.297607197594143891 ) ) ;
#4286 = CARTESIAN_POINT ( 'NONE',  ( 14.09999999999999964, 11.80000000000000426, 0.0000000000000000000 ) ) ;
#4287 = ORIENTED_EDGE ( 'NONE', *, *, #6778, .T. ) ;
#4288 = CARTESIAN_POINT ( 'NONE',  ( -1.746905414861608108, 53.87391395321505172, -0.02630137221458180713 ) ) ;
#4289 = DIRECTION ( 'NONE',  ( 0.0000000000000000000, -1.000000000000000000, 0.0000000000000000000 ) ) ;
#4290 = CARTESIAN_POINT ( 'NONE',  ( 5.581737355308071358, 55.98598443888096199, -0.2201193542942600223 ) ) ;
#4291 = VECTOR ( 'NONE', #9543, 1000.000000000000000 ) ;
#4292 = EDGE_CURVE ( 'NONE', #5968, #7480, #552, .T. ) ;
#4293 = VERTEX_POINT ( 'NONE', #373 ) ;
#4294 = DIRECTION ( 'NONE',  ( 1.000000000000000000, 0.0000000000000000000, 0.0000000000000000000 ) ) ;
#4295 = AXIS2_PLACEMENT_3D ( 'NONE', #8192, #4372, #4990 ) ;
#4296 = ORIENTED_EDGE ( 'NONE', *, *, #9066, .T. ) ;
#4297 = ORIENTED_EDGE ( 'NONE', *, *, #6858, .T. ) ;
#4298 = CARTESIAN_POINT ( 'NONE',  ( -5.503499385153697077, 41.33504442748403562, -3.287277074028390089 ) ) ;
#4299 = CARTESIAN_POINT ( 'NONE',  ( 1.745407690134169298, 54.05594107772293455, 0.2942797456913123222 ) ) ;
#4300 = VECTOR ( 'NONE', #7407, 1000.000000000000000 ) ;
#4301 = EDGE_CURVE ( 'NONE', #4053, #4824, #425, .T. ) ;
#4302 = VERTEX_POINT ( 'NONE', #9472 ) ;
#4303 = CARTESIAN_POINT ( 'NONE',  ( 1.072027619887068850, 55.50359622466565668, 0.2920072665798447709 ) ) ;
#4304 = ORIENTED_EDGE ( 'NONE', *, *, #3688, .F. ) ;
#4305 = CARTESIAN_POINT ( 'NONE',  ( 13.50000000000000000, 53.00000000000000000, -5.458128122775004698 ) ) ;
#4306 = ORIENTED_EDGE ( 'NONE', *, *, #1456, .F. ) ;
#4307 = CARTESIAN_POINT ( 'NONE',  ( 10.74438819705237336, 54.20770007926321910, -0.5156409585160227627 ) ) ;
#4308 = CARTESIAN_POINT ( 'NONE',  ( 7.776529804318568218, 54.16508297715976994, -0.07239559482833290982 ) ) ;
#4309 = ORIENTED_EDGE ( 'NONE', *, *, #7928, .F. ) ;
#4310 = CARTESIAN_POINT ( 'NONE',  ( 8.704962267753410643, 54.80293079578463988, -0.5390089958205919185 ) ) ;
#4311 = CARTESIAN_POINT ( 'NONE',  ( 7.292386991060698875, 55.34736085034327857, -0.07456829714020818400 ) ) ;
#4312 = LINE ( 'NONE', #7385, #7675 ) ;
#4313 = EDGE_CURVE ( 'NONE', #400, #2084, #4241, .T. ) ;
#4314 = CARTESIAN_POINT ( 'NONE',  ( 1.538268718254691247, 56.00423631348654396, -0.01669537783898161418 ) ) ;
#4315 = VERTEX_POINT ( 'NONE', #3494 ) ;
#4316 = VECTOR ( 'NONE', #6064, 1000.000000000000000 ) ;
#4317 = CARTESIAN_POINT ( 'NONE',  ( 7.365289454177054829, 55.45399715946445696, -0.08210091754495252303 ) ) ;
#4318 = CARTESIAN_POINT ( 'NONE',  ( 14.09999999999999964, 10.52999999999999758, -4.118128122775018163 ) ) ;
#4319 = CARTESIAN_POINT ( 'NONE',  ( 7.022023430401492128, 54.57917859114289172, -0.04723820172323767858 ) ) ;
#4320 = PLANE ( 'NONE',  #3451 ) ;
#4321 = CARTESIAN_POINT ( 'NONE',  ( -14.09999999999999964, 57.68607360139083085, -50.20000000000000995 ) ) ;
#4322 = ORIENTED_EDGE ( 'NONE', *, *, #1635, .F. ) ;
#4323 =( LENGTH_UNIT ( ) NAMED_UNIT ( * ) SI_UNIT ( .MILLI., .METRE. ) );
#4324 = ADVANCED_FACE ( 'NONE', ( #1108 ), #6780, .T. ) ;
#4325 = ADVANCED_FACE ( 'NONE', ( #473 ), #5841, .T. ) ;
#4326 = CARTESIAN_POINT ( 'NONE',  ( 13.60000000000000142, 36.78974845414018091, -33.49521209058222126 ) ) ;
#4327 = CARTESIAN_POINT ( 'NONE',  ( 9.358228734834169060, 54.46973592675576015, -0.3179004124488591931 ) ) ;
#4328 = DIRECTION ( 'NONE',  ( 0.0000000000000000000, -3.362642065588203259E-15, -1.000000000000000000 ) ) ;
#4329 = ORIENTED_EDGE ( 'NONE', *, *, #215, .F. ) ;
#4330 = VECTOR ( 'NONE', #25, 1000.000000000000000 ) ;
#4331 = DIRECTION ( 'NONE',  ( 9.947598300641402602E-14, 0.0000000000000000000, 1.000000000000000000 ) ) ;
#4332 = DIRECTION ( 'NONE',  ( -0.0000000000000000000, 0.0000000000000000000, 1.000000000000000000 ) ) ;
#4333 = DIRECTION ( 'NONE',  ( 0.0000000000000000000, -1.734723475976805517E-15, 1.000000000000000000 ) ) ;
#4334 = DIRECTION ( 'NONE',  ( 0.0000000000000000000, 1.000000000000000000, 0.0000000000000000000 ) ) ;
#4335 = EDGE_CURVE ( 'NONE', #4668, #5611, #3537, .T. ) ;
#4336 = EDGE_LOOP ( 'NONE', ( #7284, #3303, #3271, #6217, #8387, #9711, #4051, #3025 ) ) ;
#4337 = CARTESIAN_POINT ( 'NONE',  ( 7.801284135340517345, 55.71168802060191183, -0.4306332210782799486 ) ) ;
#4338 = CARTESIAN_POINT ( 'NONE',  ( 7.651256399903280325, 56.31325306026932509, -0.1124376490880466400 ) ) ;
#4339 = EDGE_LOOP ( 'NONE', ( #3629, #2328, #6489, #2003 ) ) ;
#4340 = CARTESIAN_POINT ( 'NONE',  ( 0.0000000000000000000, 5.734092485736938194, -70.87421554853963812 ) ) ;
#4341 = VERTEX_POINT ( 'NONE', #8898 ) ;
#4342 = CYLINDRICAL_SURFACE ( 'NONE', #2204, 71.17421554853964949 ) ;
#4343 = ORIENTED_EDGE ( 'NONE', *, *, #1114, .F. ) ;
#4344 = CARTESIAN_POINT ( 'NONE',  ( 7.343861935434158994, 55.85270407297508655, -0.07255918057899243823 ) ) ;
#4345 = EDGE_CURVE ( 'NONE', #338, #6255, #9045, .T. ) ;
#4346 = ORIENTED_EDGE ( 'NONE', *, *, #2970, .F. ) ;
#4347 = EDGE_CURVE ( 'NONE', #7890, #5477, #2926, .T. ) ;
#4348 = CARTESIAN_POINT ( 'NONE',  ( 7.309800134787980852, 54.64213933095551567, -0.4388580514320236658 ) ) ;
#4349 = ORIENTED_EDGE ( 'NONE', *, *, #5906, .T. ) ;
#4350 = CARTESIAN_POINT ( 'NONE',  ( 8.051192810076232220, 53.85248826602125405, -0.1352089772695212189 ) ) ;
#4351 = CIRCLE ( 'NONE', #8538, 2.750000000000000000 ) ;
#4352 = CARTESIAN_POINT ( 'NONE',  ( 14.09999999999999964, 17.78128306799196778, 7.711402292758857425E-15 ) ) ;
#4353 = CARTESIAN_POINT ( 'NONE',  ( 8.328773350861714775, 53.96405609365319833, -0.4909983642507292911 ) ) ;
#4354 = CARTESIAN_POINT ( 'NONE',  ( 7.430725123633721729, 56.55555503659545025, -0.08893682281089407282 ) ) ;
#4355 = FACE_OUTER_BOUND ( 'NONE', #3874, .T. ) ;
#4356 = DIRECTION ( 'NONE',  ( -0.0000000000000000000, -0.0000000000000000000, -1.000000000000000000 ) ) ;
#4357 = ORIENTED_EDGE ( 'NONE', *, *, #5559, .F. ) ;
#4358 = CARTESIAN_POINT ( 'NONE',  ( 7.965287005952921717, 56.69676527846326763, -0.4490000638065442251 ) ) ;
#4359 = CARTESIAN_POINT ( 'NONE',  ( -1.497475173010671234, 54.24832142587131045, -0.02704955251262377777 ) ) ;
#4360 = EDGE_CURVE ( 'NONE', #2793, #3321, #9549, .T. ) ;
#4361 = DIRECTION ( 'NONE',  ( 0.0000000000000000000, -1.000000000000000000, 3.362642065588203259E-15 ) ) ;
#4362 = ORIENTED_EDGE ( 'NONE', *, *, #2744, .T. ) ;
#4363 = DIRECTION ( 'NONE',  ( -0.0000000000000000000, -1.000000000000000000, -0.0000000000000000000 ) ) ;
#4364 = CARTESIAN_POINT ( 'NONE',  ( 14.09999999999999964, 56.50000000000000000, -3.618128122774996847 ) ) ;
#4365 = ORIENTED_EDGE ( 'NONE', *, *, #8548, .F. ) ;
#4366 = CARTESIAN_POINT ( 'NONE',  ( -13.50000000000000000, 13.99999999999999822, 0.0000000000000000000 ) ) ;
#4367 = CONICAL_SURFACE ( 'NONE', #5670, 3.421800737640534606, 0.1221730476387383191 ) ;
#4368 = FACE_OUTER_BOUND ( 'NONE', #1125, .T. ) ;
#4369 = EDGE_CURVE ( 'NONE', #1862, #8955, #3135, .T. ) ;
#4370 = CARTESIAN_POINT ( 'NONE',  ( -13.10007765978578398, 7.224718197163666922, -1.221112143716986287 ) ) ;
#4371 = CARTESIAN_POINT ( 'NONE',  ( 10.30136672111181717, 54.21456278246566995, -0.8009555158831997979 ) ) ;
#4372 = DIRECTION ( 'NONE',  ( 0.0000000000000000000, 1.000000000000000000, -3.362642065588203259E-15 ) ) ;
#4373 = AXIS2_PLACEMENT_3D ( 'NONE', #4973, #1085, #7151 ) ;
#4374 = EDGE_CURVE ( 'NONE', #9163, #5050, #5995, .T. ) ;
#4375 = EDGE_CURVE ( 'NONE', #3786, #6204, #2124, .T. ) ;
#4376 = VECTOR ( 'NONE', #2553, 1000.000000000000000 ) ;
#4377 = VERTEX_POINT ( 'NONE', #8508 ) ;
#4378 = CARTESIAN_POINT ( 'NONE',  ( -8.673617379884035472E-16, 14.00000000001000444, -25.20200572722874810 ) ) ;
#4379 = CARTESIAN_POINT ( 'NONE',  ( -14.09999999999999964, 0.0000000000000000000, -2.797128122774994452 ) ) ;
#4380 = CARTESIAN_POINT ( 'NONE',  ( -14.09999999999999964, 59.19999999999999574, -5.458128122775004698 ) ) ;
#4381 = CARTESIAN_POINT ( 'NONE',  ( 9.653396470048990707, 55.93092750737699248, -0.6754602429355875959 ) ) ;
#4382 = CIRCLE ( 'NONE', #3287, 71.17421554853964949 ) ;
#4383 = AXIS2_PLACEMENT_3D ( 'NONE', #1082, #4718, #2411 ) ;
#4384 = CARTESIAN_POINT ( 'NONE',  ( 10.10304959289029547, 54.16229168792561666, -0.7237856243798195255 ) ) ;
#4385 = CARTESIAN_POINT ( 'NONE',  ( 7.823576302345150779, 55.39346745326677279, -0.4373989088692310512 ) ) ;
#4386 = CARTESIAN_POINT ( 'NONE',  ( 10.68089881102654992, 56.42606597334735596, -0.8513888723903119127 ) ) ;
#4387 = EDGE_CURVE ( 'NONE', #8955, #5871, #9896, .T. ) ;
#4388 = ORIENTED_EDGE ( 'NONE', *, *, #4946, .F. ) ;
#4389 = CONICAL_SURFACE ( 'NONE', #7603, 3.421800737635538603, 0.1221730476387383191 ) ;
#4390 = ORIENTED_EDGE ( 'NONE', *, *, #8353, .F. ) ;
#4391 = CARTESIAN_POINT ( 'NONE',  ( -1.018495903588874096, 55.14597138921477892, -0.007318481653599122685 ) ) ;
#4392 = CARTESIAN_POINT ( 'NONE',  ( 1.043212824275349782, 53.87253265680915604, -0.03047645466538009135 ) ) ;
#4393 = CIRCLE ( 'NONE', #7156, 0.5000000000002385869 ) ;
#4394 = EDGE_LOOP ( 'NONE', ( #5076, #8462, #8012, #3224 ) ) ;
#4395 = DIRECTION ( 'NONE',  ( 0.0000000000000000000, -3.357529308342205333E-15, -1.000000000000000000 ) ) ;
#4396 = VECTOR ( 'NONE', #1006, 1000.000000000000000 ) ;
#4397 = FACE_OUTER_BOUND ( 'NONE', #880, .T. ) ;
#4398 = CARTESIAN_POINT ( 'NONE',  ( 1.040406329616179626, 55.17604322237380643, 0.2948127524685540957 ) ) ;
#4399 = CARTESIAN_POINT ( 'NONE',  ( 1.036421596983557958, 56.69768321019457602, 0.2924535404607843114 ) ) ;
#4400 = ORIENTED_EDGE ( 'NONE', *, *, #1847, .F. ) ;
#4401 = CARTESIAN_POINT ( 'NONE',  ( 7.293184081613590664, 54.78192738655744165, -0.4388580514320238879 ) ) ;
#4402 = VECTOR ( 'NONE', #3958, 1000.000000000000000 ) ;
#4403 = CARTESIAN_POINT ( 'NONE',  ( 8.051192810076232220, 53.85248826602125405, -0.5390089958205916965 ) ) ;
#4404 = CARTESIAN_POINT ( 'NONE',  ( 8.065855791153913046, 56.68707440433254163, -0.1393682611193155785 ) ) ;
#4405 = CARTESIAN_POINT ( 'NONE',  ( 7.290611929138058223, 56.42670978955658256, -0.07437368396606247600 ) ) ;
#4406 = CARTESIAN_POINT ( 'NONE',  ( 8.135558510979910452, 55.32498698629025569, -0.1664603939346298023 ) ) ;
#4407 = EDGE_CURVE ( 'NONE', #6932, #7142, #4789, .T. ) ;
#4408 = CARTESIAN_POINT ( 'NONE',  ( -13.06446609406726189, 4.380176776841437913E-14, -50.70000000000000284 ) ) ;
#4409 = AXIS2_PLACEMENT_3D ( 'NONE', #7115, #3436, #9410 ) ;
#4410 = ORIENTED_EDGE ( 'NONE', *, *, #6309, .F. ) ;
#4411 = CARTESIAN_POINT ( 'NONE',  ( 7.275000000000002132, 52.00000000000004263, -27.19999999999992468 ) ) ;
#4412 = CARTESIAN_POINT ( 'NONE',  ( 13.60000000000000142, 36.78974845414018091, -33.49521209058222126 ) ) ;
#4413 = ORIENTED_EDGE ( 'NONE', *, *, #4313, .F. ) ;
#4414 = CARTESIAN_POINT ( 'NONE',  ( 1.049438115959491880, 54.19851156681517068, -0.007769967703372860843 ) ) ;
#4415 = CARTESIAN_POINT ( 'NONE',  ( 14.09999999999999964, 0.0000000000000000000, 0.0000000000000000000 ) ) ;
#4416 = ORIENTED_EDGE ( 'NONE', *, *, #2307, .F. ) ;
#4417 = CARTESIAN_POINT ( 'NONE',  ( 10.29945298989031954, 53.85741096872384048, -0.4181348863512486802 ) ) ;
#4418 = CIRCLE ( 'NONE', #4115, 7.249999999999996447 ) ;
#4419 = EDGE_CURVE ( 'NONE', #744, #7563, #469, .T. ) ;
#4420 = FACE_OUTER_BOUND ( 'NONE', #8305, .T. ) ;
#4421 = DIRECTION ( 'NONE',  ( -0.0000000000000000000, 1.000000000000000000, -3.362642065588203259E-15 ) ) ;
#4422 = CARTESIAN_POINT ( 'NONE',  ( 10.15530361271138027, 54.16436962663593846, -0.8009555158831993538 ) ) ;
#4423 = CIRCLE ( 'NONE', #5725, 70.87421554853963812 ) ;
#4424 = ORIENTED_EDGE ( 'NONE', *, *, #4510, .T. ) ;
#4425 = CARTESIAN_POINT ( 'NONE',  ( -1.133445944131897143, 54.06091972643984889, -0.02630137221458158855 ) ) ;
#4426 = LINE ( 'NONE', #5223, #5181 ) ;
#4427 = CARTESIAN_POINT ( 'NONE',  ( 5.025022572574452617, 55.65749356333511599, -0.1783629278520880990 ) ) ;
#4428 = CARTESIAN_POINT ( 'NONE',  ( 9.604465936724785990, 55.56901514175207524, -0.6754602429355875959 ) ) ;
#4429 = AXIS2_PLACEMENT_3D ( 'NONE', #8388, #5421, #9017 ) ;
#4430 = EDGE_CURVE ( 'NONE', #1170, #8621, #9142, .T. ) ;
#4431 = EDGE_CURVE ( 'NONE', #1963, #8479, #3770, .T. ) ;
#4432 = ORIENTED_EDGE ( 'NONE', *, *, #5854, .T. ) ;
#4433 = CARTESIAN_POINT ( 'NONE',  ( 7.414756941543831914, 55.19124467223810626, -0.4373989088692306071 ) ) ;
#4434 = LINE ( 'NONE', #3048, #1112 ) ;
#4435 = ORIENTED_EDGE ( 'NONE', *, *, #2690, .F. ) ;
#4436 = CARTESIAN_POINT ( 'NONE',  ( -1.016453226203594573, 55.30661348659253918, -0.007289183275296880204 ) ) ;
#4437 = CARTESIAN_POINT ( 'NONE',  ( -1.287884369065148693, 54.37807390787913420, 0.2883497276219764149 ) ) ;
#4438 = B_SPLINE_SURFACE_WITH_KNOTS ( 'NONE', 3, 1, ( 
 ( #2163, #3665 ),
 ( #2917, #4465 ),
 ( #4281, #7527 ),
 ( #3530, #6790 ),
 ( #4670, #3132 ),
 ( #9132, #4570 ),
 ( #6844, #9883 ),
 ( #6021, #2974 ),
 ( #5377, #105 ),
 ( #3027, #9182 ),
 ( #868, #3757 ),
 ( #1472, #9084 ),
 ( #7633, #6945 ),
 ( #2208, #6897 ),
 ( #6186, #6122 ),
 ( #7687, #2257 ),
 ( #9241, #8344 ),
 ( #5479, #8542 ),
 ( #3917, #9832 ) ),
 .UNSPECIFIED., .F., .F., .F.,
 ( 4, 1, 1, 1, 1, 1, 1, 1, 1, 1, 1, 1, 1, 1, 1, 1, 4 ),
 ( 2, 2 ),
 ( 0.0000000000000000000, 0.1178130368284630580, 0.2257051048506545088, 0.3229440180651395043, 0.4106165713136232243, 0.4888579581560720810, 0.5572606608312448140, 0.6171542618779625178, 0.6689297781229984752, 0.7156451456175219050, 0.7591477578022689521, 0.8011586623093174264, 0.8411326214825642911, 0.8801813212702354061, 0.9194150394811815286, 0.9589853438997834045, 0.9999999999999998890 ),
 ( 0.0000000000000000000, 1.000000000000000000 ),
 .UNSPECIFIED. ) ;
#4439 = CARTESIAN_POINT ( 'NONE',  ( -1.061728074815540435, 56.45489683451302909, -0.01648901386714436701 ) ) ;
#4440 = EDGE_CURVE ( 'NONE', #317, #7528, #21, .T. ) ;
#4441 = ADVANCED_FACE ( 'NONE', ( #9253 ), #4692, .T. ) ;
#4442 = VECTOR ( 'NONE', #3492, 1000.000000000000114 ) ;
#4443 = VERTEX_POINT ( 'NONE', #7806 ) ;
#4444 = CYLINDRICAL_SURFACE ( 'NONE', #5462, 3.499999999999999556 ) ;
#4445 = ORIENTED_EDGE ( 'NONE', *, *, #6912, .F. ) ;
#4446 = CARTESIAN_POINT ( 'NONE',  ( 14.09999999999999964, 55.71444935848846569, -3.495747750507384399 ) ) ;
#4447 = B_SPLINE_CURVE_WITH_KNOTS ( 'NONE', 3,
 ( #7825, #4002, #8629, #1762, #4807, #7875, #7128, #1009, #7921, #7182 ),
 .UNSPECIFIED., .F., .F.,
 ( 4, 2, 2, 2, 4 ),
 ( 0.0000000000000000000, 0.0001636930723791825285, 0.0003273861447583650570, 0.0004910792171375475855, 0.0006547722895167301140 ),
 .UNSPECIFIED. ) ;
#4448 = DIRECTION ( 'NONE',  ( -1.000000000000000000, -2.168404344971006896E-16, 0.0000000000000000000 ) ) ;
#4449 = ORIENTED_EDGE ( 'NONE', *, *, #7533, .F. ) ;
#4450 = CARTESIAN_POINT ( 'NONE',  ( -14.09999999999999964, 13.28128306799197311, -40.19521439518901218 ) ) ;
#4451 = ORIENTED_EDGE ( 'NONE', *, *, #3232, .F. ) ;
#4452 = AXIS2_PLACEMENT_3D ( 'NONE', #8881, #6629, #2817 ) ;
#4453 = FACE_OUTER_BOUND ( 'NONE', #7379, .T. ) ;
#4454 = CYLINDRICAL_SURFACE ( 'NONE', #5022, 0.5000000000000004441 ) ;
#4455 = CARTESIAN_POINT ( 'NONE',  ( 10.92850784873588665, 55.55284810568827680, -0.8513888723903116906 ) ) ;
#4456 = CARTESIAN_POINT ( 'NONE',  ( 8.639852288880462083, 56.13300122051873586, -0.1393682611193151344 ) ) ;
#4457 = EDGE_CURVE ( 'NONE', #5999, #8325, #3876, .T. ) ;
#4458 = AXIS2_PLACEMENT_3D ( 'NONE', #4507, #2408, #8535 ) ;
#4459 = CARTESIAN_POINT ( 'NONE',  ( 14.09999999999999964, 57.68607360139083085, -50.20000000000000995 ) ) ;
#4460 = ORIENTED_EDGE ( 'NONE', *, *, #7392, .F. ) ;
#4461 = DIRECTION ( 'NONE',  ( 1.000000000000000000, -0.0000000000000000000, 0.0000000000000000000 ) ) ;
#4462 = CARTESIAN_POINT ( 'NONE',  ( 8.041102611543664125, 55.71424666388225688, -0.1556708046063588757 ) ) ;
#4463 = ORIENTED_EDGE ( 'NONE', *, *, #7289, .F. ) ;
#4464 = CARTESIAN_POINT ( 'NONE',  ( 8.500000000000000000, 14.00000000001000444, -33.70200572722880850 ) ) ;
#4465 = CARTESIAN_POINT ( 'NONE',  ( 10.60975515161864280, 55.32020593413231069, -0.8009584369727310582 ) ) ;
#4466 = ORIENTED_EDGE ( 'NONE', *, *, #3034, .F. ) ;
#4467 = LINE ( 'NONE', #7529, #8263 ) ;
#4468 = DIRECTION ( 'NONE',  ( 0.0000000000000000000, 0.0000000000000000000, 1.000000000000000000 ) ) ;
#4469 = VECTOR ( 'NONE', #6201, 999.9999999999998863 ) ;
#4470 = CARTESIAN_POINT ( 'NONE',  ( 9.407356461192650343, 54.32877769920102651, -0.3244396716188824858 ) ) ;
#4471 = EDGE_LOOP ( 'NONE', ( #1789, #382, #3576, #8424 ) ) ;
#4472 = EDGE_CURVE ( 'NONE', #8630, #3698, #2812, .T. ) ;
#4473 = EDGE_CURVE ( 'NONE', #9050, #146, #7578, .T. ) ;
#4474 = CARTESIAN_POINT ( 'NONE',  ( -1.538956172595207894, 53.89824322397294054, -0.02630137221458180713 ) ) ;
#4475 = AXIS2_PLACEMENT_3D ( 'NONE', #9414, #2544, #1796 ) ;
#4476 = LINE ( 'NONE', #1293, #69 ) ;
#4477 = CARTESIAN_POINT ( 'NONE',  ( 5.258580372505519129, 55.76982485624689900, -0.1953286478972974527 ) ) ;
#4478 = ORIENTED_EDGE ( 'NONE', *, *, #6297, .F. ) ;
#4479 = CARTESIAN_POINT ( 'NONE',  ( 9.596313681761207803, 55.32020571024117572, -0.3479068640411290270 ) ) ;
#4480 = LINE ( 'NONE', #3719, #9606 ) ;
#4481 = CARTESIAN_POINT ( 'NONE',  ( -1.680513573192418120, 53.87745411725650513, 0.2802117278311872517 ) ) ;
#4482 = EDGE_LOOP ( 'NONE', ( #7840, #9646, #9281, #5818 ) ) ;
#4483 = CARTESIAN_POINT ( 'NONE',  ( 9.596361585299828079, 55.21265981401973022, -0.3476052596559752739 ) ) ;
#4484 = CARTESIAN_POINT ( 'NONE',  ( -14.09999999999999964, 17.78128306799198555, -40.19521439518901218 ) ) ;
#4485 = ORIENTED_EDGE ( 'NONE', *, *, #261, .F. ) ;
#4486 = ORIENTED_EDGE ( 'NONE', *, *, #9613, .F. ) ;
#4487 = EDGE_CURVE ( 'NONE', #1699, #1026, #8457, .T. ) ;
#4488 = ADVANCED_FACE ( 'NONE', ( #1790 ), #3388, .T. ) ;
#4489 = DIRECTION ( 'NONE',  ( 0.0000000000000000000, 0.0000000000000000000, -1.000000000000000000 ) ) ;
#4490 = DIRECTION ( 'NONE',  ( 0.0000000000000000000, 0.0000000000000000000, -1.000000000000000000 ) ) ;
#4491 = AXIS2_PLACEMENT_3D ( 'NONE', #3625, #5750, #6694 ) ;
#4492 = CARTESIAN_POINT ( 'NONE',  ( -10.50000000000000000, 59.85600527474578314, -0.7821016581677914248 ) ) ;
#4493 = LINE ( 'NONE', #3644, #8817 ) ;
#4494 = ORIENTED_EDGE ( 'NONE', *, *, #2852, .F. ) ;
#4495 = FACE_OUTER_BOUND ( 'NONE', #1550, .T. ) ;
#4496 = CARTESIAN_POINT ( 'NONE',  ( -0.7085926712413032069, 55.81816449276350056, -0.009782707134597251608 ) ) ;
#4497 = DIRECTION ( 'NONE',  ( -0.0000000000000000000, 0.0000000000000000000, 1.000000000000000000 ) ) ;
#4498 = EDGE_CURVE ( 'NONE', #1636, #7035, #5742, .T. ) ;
#4499 = ORIENTED_EDGE ( 'NONE', *, *, #6418, .F. ) ;
#4500 = DIRECTION ( 'NONE',  ( -0.0000000000000000000, 0.0000000000000000000, 1.000000000000000000 ) ) ;
#4501 = LINE ( 'NONE', #746, #3728 ) ;
#4502 = CARTESIAN_POINT ( 'NONE',  ( 8.157772826435113700, 55.30400636450157492, -0.1312072312784050010 ) ) ;
#4503 = CARTESIAN_POINT ( 'NONE',  ( 14.09999999999999964, 0.0000000000000000000, -48.69521439518879902 ) ) ;
#4504 = CARTESIAN_POINT ( 'NONE',  ( 14.09999999999999964, 66.64840392373909594, -48.55355339059328657 ) ) ;
#4505 = DIRECTION ( 'NONE',  ( -0.0000000000000000000, -0.0000000000000000000, 1.000000000000000000 ) ) ;
#4506 = CYLINDRICAL_SURFACE ( 'NONE', #4429, 0.1999999999978477327 ) ;
#4507 = CARTESIAN_POINT ( 'NONE',  ( 14.09999999999999964, 12.90000000000000924, -6.348128122775027471 ) ) ;
#4508 = CARTESIAN_POINT ( 'NONE',  ( 9.637240738606593027, 53.98894956605491302, -0.7260886155308458045 ) ) ;
#4509 = DIRECTION ( 'NONE',  ( 0.0000000000000000000, 0.0000000000000000000, 1.000000000000000000 ) ) ;
#4510 = EDGE_CURVE ( 'NONE', #8283, #8264, #7258, .T. ) ;
#4511 = CARTESIAN_POINT ( 'NONE',  ( 1.603520672241665945, 56.56369883963058953, 0.2943615570823888694 ) ) ;
#4512 = ORIENTED_EDGE ( 'NONE', *, *, #8292, .F. ) ;
#4513 = DIRECTION ( 'NONE',  ( -0.0000000000000000000, 0.9996573249755574819, 0.02617694830786611998 ) ) ;
#4514 = CARTESIAN_POINT ( 'NONE',  ( 9.997150051721915176, 56.36093255375724453, -0.7254125390959409447 ) ) ;
#4515 = VERTEX_POINT ( 'NONE', #1740 ) ;
#4516 = DIRECTION ( 'NONE',  ( -0.7431448254773906914, 0.0000000000000000000, 0.6691306063588623454 ) ) ;
#4517 = AXIS2_PLACEMENT_3D ( 'NONE', #1748, #277, #4847 ) ;
#4518 = CARTESIAN_POINT ( 'NONE',  ( 0.0000000000000000000, 55.17644829683319330, -70.87421554853963812 ) ) ;
#4519 = CARTESIAN_POINT ( 'NONE',  ( 1.782976733678279357, 55.22001896469183180, 0.2776911008470741571 ) ) ;
#4520 = FACE_OUTER_BOUND ( 'NONE', #6329, .T. ) ;
#4521 = ORIENTED_EDGE ( 'NONE', *, *, #5499, .F. ) ;
#4522 = B_SPLINE_SURFACE_WITH_KNOTS ( 'NONE', 3, 1, ( 
 ( #8610, #6504 ),
 ( #2637, #363 ),
 ( #4134, #8003 ),
 ( #7114, #8806 ),
 ( #7164, #1042 ),
 ( #1931, #5747 ),
 ( #4983, #8760 ),
 ( #4839, #6402 ),
 ( #8660, #1791 ),
 ( #1889, #8710 ),
 ( #4791, #1144 ),
 ( #4086, #4893 ),
 ( #8055, #9408 ),
 ( #4232, #7857 ),
 ( #7306, #415 ),
 ( #9460, #7214 ),
 ( #4182, #320 ),
 ( #5650, #5697 ),
 ( #3485, #9355 ) ),
 .UNSPECIFIED., .F., .F., .F.,
 ( 4, 1, 1, 1, 1, 1, 1, 1, 1, 1, 1, 1, 1, 1, 1, 1, 4 ),
 ( 2, 2 ),
 ( 0.0000000000000000000, 0.08061986515134186848, 0.1589925359600125598, 0.2342502583125385118, 0.3068647875740752595, 0.3769730120217518188, 0.4445347583369899103, 0.5093062328755129098, 0.5721042066907596757, 0.6323235551850183711, 0.6907175421210314248, 0.7466394421948056026, 0.8006529612651953620, 0.8528973929118675024, 0.9035266344133189298, 0.9520786457567881333, 1.000000000000000000 ),
 ( 0.0000000000000000000, 1.000000000000000000 ),
 .UNSPECIFIED. ) ;
#4523 = PLANE ( 'NONE',  #6637 ) ;
#4524 = DIRECTION ( 'NONE',  ( -1.000000000000000000, 0.0000000000000000000, -0.0000000000000000000 ) ) ;
#4525 = DIRECTION ( 'NONE',  ( 0.0000000000000000000, -0.0000000000000000000, 1.000000000000000000 ) ) ;
#4526 = DIRECTION ( 'NONE',  ( 0.0000000000000000000, 0.0000000000000000000, -1.000000000000000000 ) ) ;
#4527 = CARTESIAN_POINT ( 'NONE',  ( 1.902869012294670537, 55.96536253389634652, -0.02554922980850337158 ) ) ;
#4528 = CARTESIAN_POINT ( 'NONE',  ( -1.769363914576478125, 53.87363612905082988, 0.2780596970491047704 ) ) ;
#4529 = CIRCLE ( 'NONE', #371, 4.000000000000003553 ) ;
#4530 = ORIENTED_EDGE ( 'NONE', *, *, #961, .T. ) ;
#4531 = CARTESIAN_POINT ( 'NONE',  ( 13.60000000000000142, 0.0000000000000000000, -2.797128122774994452 ) ) ;
#4532 = CARTESIAN_POINT ( 'NONE',  ( 7.293291311473067751, 54.87335357784626666, -0.07240429746787203913 ) ) ;
#4533 = CARTESIAN_POINT ( 'NONE',  ( 1.856095673816101410, 56.22895484826427293, -0.02430495368595889105 ) ) ;
#4534 = DIRECTION ( 'NONE',  ( -1.000000000000000000, 0.0000000000000000000, 0.0000000000000000000 ) ) ;
#4535 = CARTESIAN_POINT ( 'NONE',  ( -1.268294571607542887, 54.39828683631538553, 0.2886988650059424955 ) ) ;
#4536 = VECTOR ( 'NONE', #2403, 1000.000000000000000 ) ;
#4537 = B_SPLINE_CURVE_WITH_KNOTS ( 'NONE', 3,
 ( #4285, #658, #7443, #2168, #5792, #5074, #4370, #8151, #2922, #5838, #3669, #9789, #7359, #513, #5975, #5218, #7531, #3574 ),
 .UNSPECIFIED., .F., .F.,
 ( 4, 2, 2, 2, 2, 2, 2, 2, 4 ),
 ( 1.734723475976807094E-18, 0.0005899622302812492294, 0.001179924460562496724, 0.001769886690843744219, 0.002359848921124991714, 0.002949811151406239208, 0.003539773381687486703, 0.004129735611968734198, 0.004719697842249981692 ),
 .UNSPECIFIED. ) ;
#4538 = CIRCLE ( 'NONE', #7430, 4.000000000000001776 ) ;
#4539 = CARTESIAN_POINT ( 'NONE',  ( 7.855492920671773405, 54.16229168792560955, -0.2556268231301782601 ) ) ;
#4540 = CARTESIAN_POINT ( 'NONE',  ( -0.9185882326377290408, 56.30116095043594981, 0.2940923884241411490 ) ) ;
#4541 = EDGE_CURVE ( 'NONE', #3546, #3305, #5365, .T. ) ;
#4542 = VERTEX_POINT ( 'NONE', #362 ) ;
#4543 = EDGE_CURVE ( 'NONE', #6164, #4116, #4393, .T. ) ;
#4544 = EDGE_LOOP ( 'NONE', ( #533, #2107, #6550, #5656 ) ) ;
#4545 = DIRECTION ( 'NONE',  ( -1.000000000000000000, 0.0000000000000000000, 0.0000000000000000000 ) ) ;
#4546 = CARTESIAN_POINT ( 'NONE',  ( -1.016453226203594573, 55.30661348659253918, -0.007289183275296880204 ) ) ;
#4547 = CIRCLE ( 'NONE', #1993, 70.87421554853963812 ) ;
#4548 = AXIS2_PLACEMENT_3D ( 'NONE', #6274, #7092, #2511 ) ;
#4549 = ORIENTED_EDGE ( 'NONE', *, *, #2566, .T. ) ;
#4550 = CARTESIAN_POINT ( 'NONE',  ( -14.09999999999999964, 15.01351728617092895, -2.797128122774994452 ) ) ;
#4551 = EDGE_LOOP ( 'NONE', ( #481, #1713, #3459, #2394, #6863, #4259, #7666, #2562 ) ) ;
#4552 = ORIENTED_EDGE ( 'NONE', *, *, #3356, .T. ) ;
#4553 = DIRECTION ( 'NONE',  ( 0.0000000000000000000, 1.000000000000000000, 0.0000000000000000000 ) ) ;
#4554 = CARTESIAN_POINT ( 'NONE',  ( 1.074528684227102904, 54.19881502598140344, 0.2940854501769258333 ) ) ;
#4555 = CARTESIAN_POINT ( 'NONE',  ( 8.014358866576797524, 55.37220510393142803, -0.1312072312784056671 ) ) ;
#4556 = DIRECTION ( 'NONE',  ( -0.0000000000000000000, 1.000000000000000000, -0.0000000000000000000 ) ) ;
#4557 = VECTOR ( 'NONE', #2634, 1000.000000000000000 ) ;
#4558 = CIRCLE ( 'NONE', #7451, 6.200000000000001066 ) ;
#4559 = ADVANCED_FACE ( 'NONE', ( #6349 ), #9561, .T. ) ;
#4560 = ADVANCED_FACE ( 'NONE', ( #9459 ), #7113, .T. ) ;
#4561 = LINE ( 'NONE', #7623, #2055 ) ;
#4562 = VERTEX_POINT ( 'NONE', #5649 ) ;
#4563 = DIRECTION ( 'NONE',  ( 0.0000000000000000000, 4.163336342344333240E-14, 1.000000000000000000 ) ) ;
#4564 = ORIENTED_EDGE ( 'NONE', *, *, #3021, .F. ) ;
#4565 = CARTESIAN_POINT ( 'NONE',  ( 8.013170330902921634, 56.69465992893223927, -0.4544331444957655508 ) ) ;
#4566 = VECTOR ( 'NONE', #7068, 1000.000000000000000 ) ;
#4567 = CARTESIAN_POINT ( 'NONE',  ( -1.693075299289744429, 56.69240813554845460, -0.02020722532026753698 ) ) ;
#4568 = ORIENTED_EDGE ( 'NONE', *, *, #370, .F. ) ;
#4569 = CARTESIAN_POINT ( 'NONE',  ( 1.277510165842169032, 54.21209402139874811, 0.2885340240152073910 ) ) ;
#4570 = CARTESIAN_POINT ( 'NONE',  ( 10.57598341750095905, 55.81753495771422280, -0.8009584369727301700 ) ) ;
#4571 = VERTEX_POINT ( 'NONE', #5745 ) ;
#4572 = CARTESIAN_POINT ( 'NONE',  ( 10.52165192080574840, 56.04932154446274950, -0.7853441982087061568 ) ) ;
#4573 = DIRECTION ( 'NONE',  ( 0.0000000000000000000, -1.000000000000000000, 0.0000000000000000000 ) ) ;
#4574 = EDGE_CURVE ( 'NONE', #85, #4875, #1930, .T. ) ;
#4575 = CARTESIAN_POINT ( 'NONE',  ( 9.283988358285656162, 54.90154926776012445, -0.6447058877098518215 ) ) ;
#4576 = LINE ( 'NONE', #7644, #784 ) ;
#4577 = CARTESIAN_POINT ( 'NONE',  ( 13.50000000000000000, 54.09999999999998721, -6.348128122775007043 ) ) ;
#4578 = CARTESIAN_POINT ( 'NONE',  ( 14.09999999999999964, 54.09999999999998721, -6.348128122775007043 ) ) ;
#4579 = ORIENTED_EDGE ( 'NONE', *, *, #4196, .T. ) ;
#4580 = CARTESIAN_POINT ( 'NONE',  ( -1.876675115109489367, 56.69756273752922482, 0.2872785925169826782 ) ) ;
#4581 = FACE_OUTER_BOUND ( 'NONE', #2727, .T. ) ;
#4582 = ORIENTED_EDGE ( 'NONE', *, *, #5419, .F. ) ;
#4583 = DIRECTION ( 'NONE',  ( 0.0000000000000000000, -4.007695160622047496E-16, 1.000000000000000000 ) ) ;
#4584 = CYLINDRICAL_SURFACE ( 'NONE', #7366, 0.5000000000000073275 ) ;
#4585 = CIRCLE ( 'NONE', #9712, 1.999999999999988010 ) ;
#4586 = CARTESIAN_POINT ( 'NONE',  ( 7.292386991060698875, 54.81028795868408565, -0.2556268231301782601 ) ) ;
#4587 = CARTESIAN_POINT ( 'NONE',  ( 1.036421596983557958, 56.69768321019457602, 0.1334521553261251992 ) ) ;
#4588 = CARTESIAN_POINT ( 'NONE',  ( -11.59999999999999964, 72.50000000000000000, -50.70000000000000284 ) ) ;
#4589 = LINE ( 'NONE', #6095, #1904 ) ;
#4590 = ORIENTED_EDGE ( 'NONE', *, *, #1634, .F. ) ;
#4591 = CARTESIAN_POINT ( 'NONE',  ( 1.153837772429999076, 56.36191468249482028, -0.01861215123666153104 ) ) ;
#4592 = CARTESIAN_POINT ( 'NONE',  ( -1.776382803781822561, 54.20026912310615330, 0.2779173476237081220 ) ) ;
#4593 = CIRCLE ( 'NONE', #5220, 0.5000000000000073275 ) ;
#4594 = EDGE_CURVE ( 'NONE', #4885, #1963, #4982, .T. ) ;
#4595 = CARTESIAN_POINT ( 'NONE',  ( -1.334087514017936904, 56.62654882420958558, 0.2939208690156466242 ) ) ;
#4596 = ORIENTED_EDGE ( 'NONE', *, *, #5732, .T. ) ;
#4597 = ORIENTED_EDGE ( 'NONE', *, *, #1311, .F. ) ;
#4598 = CARTESIAN_POINT ( 'NONE',  ( 1.536804433829713989, 55.01886252110218578, 0.2948127524685536516 ) ) ;
#4599 = CARTESIAN_POINT ( 'NONE',  ( -1.010984762131589498, 56.40689417472754030, -0.009782707134596601087 ) ) ;
#4600 = ORIENTED_EDGE ( 'NONE', *, *, #8961, .F. ) ;
#4601 = CARTESIAN_POINT ( 'NONE',  ( -14.09999999999999964, 56.13128306799008982, -44.69521285878447969 ) ) ;
#4602 = VERTEX_POINT ( 'NONE', #4790 ) ;
#4603 = ORIENTED_EDGE ( 'NONE', *, *, #4335, .F. ) ;
#4605 = EDGE_CURVE ( 'NONE', #4646, #3156, #1188, .T. ) ;
#4604 = CARTESIAN_POINT ( 'NONE',  ( -1.463542356246558818, 56.31341293260068426, -0.01511258080280696893 ) ) ;
#4606 = CARTESIAN_POINT ( 'NONE',  ( 13.50000000000000000, 55.19999999999969731, -5.458128122774824398 ) ) ;
#4607 = VECTOR ( 'NONE', #5227, 1000.000000000000000 ) ;
#4608 = CARTESIAN_POINT ( 'NONE',  ( 8.378983357747397775, 54.79161208363164803, -0.1312072312784054451 ) ) ;
#4609 = DIRECTION ( 'NONE',  ( -1.000000000000000000, -0.0000000000000000000, -0.0000000000000000000 ) ) ;
#4610 = CARTESIAN_POINT ( 'NONE',  ( 1.540670223399103866, 55.93027452622209239, 0.2833230135320110588 ) ) ;
#4611 = CARTESIAN_POINT ( 'NONE',  ( 7.746775288331153142, 56.35211298954567383, -0.1056836625365830951 ) ) ;
#4612 = EDGE_LOOP ( 'NONE', ( #9715, #2638, #6941, #2515 ) ) ;
#4613 = AXIS2_PLACEMENT_3D ( 'NONE', #8398, #765, #9187 ) ;
#4614 = CARTESIAN_POINT ( 'NONE',  ( 1.846707333229162806, 56.25335655851267092, 0.2943615570823886474 ) ) ;
#4615 = ORIENTED_EDGE ( 'NONE', *, *, #8813, .T. ) ;
#4616 = EDGE_CURVE ( 'NONE', #8632, #3840, #8748, .T. ) ;
#4617 = DIRECTION ( 'NONE',  ( -0.0000000000000000000, 1.000000000000000000, -0.0000000000000000000 ) ) ;
#4618 = CARTESIAN_POINT ( 'NONE',  ( 1.265157174125216555, 55.53045508975070277, 0.2952945052459345909 ) ) ;
#4619 = CARTESIAN_POINT ( 'NONE',  ( 9.387313676925339578, 56.14932636471258576, -0.3037559157698056511 ) ) ;
#4620 = VECTOR ( 'NONE', #3136, 1000.000000000000000 ) ;
#4621 = DIRECTION ( 'NONE',  ( 0.0000000000000000000, -1.000000000000000000, 0.0000000000000000000 ) ) ;
#4622 = CARTESIAN_POINT ( 'NONE',  ( 7.295164515938052929, 54.72991895994075406, -0.07485414096090770020 ) ) ;
#4623 = DIRECTION ( 'NONE',  ( 0.6691306063588282615, 0.0000000000000000000, -0.7431448254774212225 ) ) ;
#4624 = CARTESIAN_POINT ( 'NONE',  ( 1.894409206760827802, 55.83815186070903991, 0.2747865361313546195 ) ) ;
#4625 = CARTESIAN_POINT ( 'NONE',  ( 10.59150632851172347, 54.82669501831571779, -0.4184356817180832078 ) ) ;
#4626 = ORIENTED_EDGE ( 'NONE', *, *, #5562, .F. ) ;
#4627 = PLANE ( 'NONE',  #8232 ) ;
#4628 = VECTOR ( 'NONE', #7138, 1000.000000000000000 ) ;
#4629 = ADVANCED_FACE ( 'NONE', ( #8002 ), #5544, .F. ) ;
#4631 = ADVANCED_FACE ( 'NONE', ( #4935 ), #7309, .F. ) ;
#4630 = CARTESIAN_POINT ( 'NONE',  ( -1.460912703473989271, 2.249999999999998668, -50.69946645012024078 ) ) ;
#4632 = CARTESIAN_POINT ( 'NONE',  ( 14.09999999999999964, 48.99999999999999289, -5.458128122775004698 ) ) ;
#4633 = DIRECTION ( 'NONE',  ( 0.0000000000000000000, 0.0000000000000000000, -1.000000000000000000 ) ) ;
#4634 = FACE_OUTER_BOUND ( 'NONE', #1421, .T. ) ;
#4635 = LINE ( 'NONE', #8514, #9919 ) ;
#4636 = DIRECTION ( 'NONE',  ( -0.0000000000000000000, -1.000000000000000000, 2.154182201811218676E-17 ) ) ;
#4637 = ORIENTED_EDGE ( 'NONE', *, *, #1347, .F. ) ;
#4638 = CIRCLE ( 'NONE', #1779, 0.5000000000000004441 ) ;
#4639 = VERTEX_POINT ( 'NONE', #214 ) ;
#4640 = CARTESIAN_POINT ( 'NONE',  ( 1.275644884359492526, 56.34207954692536902, 0.2958764490941487857 ) ) ;
#4641 = DIRECTION ( 'NONE',  ( 1.000000000000000000, 0.0000000000000000000, 0.0000000000000000000 ) ) ;
#4642 = CARTESIAN_POINT ( 'NONE',  ( -5.503499385153697077, 36.09533680887011542, -1.297607197594146777 ) ) ;
#4643 = CARTESIAN_POINT ( 'NONE',  ( 8.635845998161864046, 56.16550867856750529, -0.2258429852776329405 ) ) ;
#4644 = CARTESIAN_POINT ( 'NONE',  ( -11.46193117049262433, 59.70433971435109299, -0.9327240663641773732 ) ) ;
#4645 = AXIS2_PLACEMENT_3D ( 'NONE', #94, #2300, #9332 ) ;
#4646 = VERTEX_POINT ( 'NONE', #5597 ) ;
#4647 = CARTESIAN_POINT ( 'NONE',  ( 10.89210624762929669, 5.753355342438725373, -0.8416912602953204869 ) ) ;
#4648 = VERTEX_POINT ( 'NONE', #8659 ) ;
#4649 = CARTESIAN_POINT ( 'NONE',  ( 12.09999999999999964, 67.00195731433238677, -48.20000000000000995 ) ) ;
#4650 = CARTESIAN_POINT ( 'NONE',  ( -1.177738376695209643, 56.05561341830483713, -0.009760534569715321324 ) ) ;
#4651 = ORIENTED_EDGE ( 'NONE', *, *, #5229, .T. ) ;
#4652 = DIRECTION ( 'NONE',  ( -0.0000000000000000000, -0.0000000000000000000, 1.000000000000000000 ) ) ;
#4653 = VERTEX_POINT ( 'NONE', #7952 ) ;
#4654 = FACE_OUTER_BOUND ( 'NONE', #4240, .T. ) ;
#4655 = AXIS2_PLACEMENT_3D ( 'NONE', #7440, #8107, #561 ) ;
#4656 = ORIENTED_EDGE ( 'NONE', *, *, #2825, .T. ) ;
#4657 = CARTESIAN_POINT ( 'NONE',  ( 2.685218396309094313, 53.87253265680915604, 0.7023928024058537778 ) ) ;
#4658 = CARTESIAN_POINT ( 'NONE',  ( 14.09999999999999964, 56.33128306799007845, -46.72521209058222524 ) ) ;
#4659 = DIRECTION ( 'NONE',  ( 0.0000000000000000000, 0.0000000000000000000, -1.000000000000000000 ) ) ;
#4660 = DIRECTION ( 'NONE',  ( 1.000000000000000000, 0.0000000000000000000, 0.0000000000000000000 ) ) ;
#4661 = LINE ( 'NONE', #430, #612 ) ;
#4662 = CARTESIAN_POINT ( 'NONE',  ( 8.220521387605586483, 56.22682478463033107, -0.1763231678901109045 ) ) ;
#4663 = CARTESIAN_POINT ( 'NONE',  ( 0.4178539778228485546, 55.17644829683319330, -0.001231784103175592726 ) ) ;
#4664 = EDGE_CURVE ( 'NONE', #7434, #4275, #1096, .T. ) ;
#4665 = ORIENTED_EDGE ( 'NONE', *, *, #6914, .F. ) ;
#4666 = CARTESIAN_POINT ( 'NONE',  ( 10.07301798694780892, 53.83725172709050355, -0.3376507747238658985 ) ) ;
#4667 = CARTESIAN_POINT ( 'NONE',  ( -1.591991927139468022, 56.68318519194713900, -0.01788208903313301748 ) ) ;
#4668 = VERTEX_POINT ( 'NONE', #1283 ) ;
#4669 = CARTESIAN_POINT ( 'NONE',  ( 1.258656548291247512, 54.20916433152629565, 0.2888724832263706022 ) ) ;
#4670 = CARTESIAN_POINT ( 'NONE',  ( 10.59201843205770288, 55.69973546231562267, -0.4179459123721627201 ) ) ;
#4671 = CARTESIAN_POINT ( 'NONE',  ( 9.276715084596620642, 55.57623797561601009, -0.3071421640735411129 ) ) ;
#4672 = LINE ( 'NONE', #9185, #3624 ) ;
#4673 = CARTESIAN_POINT ( 'NONE',  ( -1.268294571607542887, 54.39828683631538553, -0.01317352179555240921 ) ) ;
#4674 = CARTESIAN_POINT ( 'NONE',  ( 7.896806220030174295, 56.37170430018855427, -0.4413050510729616405 ) ) ;
#4675 = ADVANCED_FACE ( 'NONE', ( #9025 ), #4320, .F. ) ;
#4676 = CARTESIAN_POINT ( 'NONE',  ( 1.831831649969295484, 55.65833265897884985, 0.2764308981901580364 ) ) ;
#4677 = CARTESIAN_POINT ( 'NONE',  ( 10.61012789734409090, 55.26699799405709257, -0.8009555158832000199 ) ) ;
#4678 = ORIENTED_EDGE ( 'NONE', *, *, #215, .T. ) ;
#4679 = CARTESIAN_POINT ( 'NONE',  ( -1.174162499756818745, 56.54669904818234727, 0.2903429653744680206 ) ) ;
#4680 = LINE ( 'NONE', #883, #7604 ) ;
#4681 = CARTESIAN_POINT ( 'NONE',  ( -14.09999999999999964, 56.50000000000000000, -3.618128122774996847 ) ) ;
#4682 = DIRECTION ( 'NONE',  ( -1.000000000000000000, -0.0000000000000000000, -0.0000000000000000000 ) ) ;
#4683 = PLANE ( 'NONE',  #1440 ) ;
#4684 = ADVANCED_FACE ( 'NONE', ( #9602 ), #2162, .F. ) ;
#4685 = EDGE_CURVE ( 'NONE', #1598, #9193, #6950, .T. ) ;
#4686 = CARTESIAN_POINT ( 'NONE',  ( -5.494198100116994610, 41.48906902151182408, -3.297607197594146111 ) ) ;
#4687 = CARTESIAN_POINT ( 'NONE',  ( 9.631025926242294588, 54.70678737165855665, -0.7260292448453813385 ) ) ;
#4688 = PLANE ( 'NONE',  #6045 ) ;
#4689 = ORIENTED_EDGE ( 'NONE', *, *, #3355, .F. ) ;
#4690 = VERTEX_POINT ( 'NONE', #5784 ) ;
#4691 = CARTESIAN_POINT ( 'NONE',  ( -14.59999999999999964, 37.59360607324528303, -2.797128122774994452 ) ) ;
#4692 = B_SPLINE_SURFACE_WITH_KNOTS ( 'NONE', 3, 1, ( 
 ( #941, #3039 ),
 ( #4580, #2373 ),
 ( #829, #882 ),
 ( #5280, #6296 ),
 ( #8354, #3191 ),
 ( #6136, #2428 ),
 ( #3929, #7013 ),
 ( #774, #65 ),
 ( #3242, #5490 ),
 ( #2218, #8554 ),
 ( #6908, #6085 ) ),
 .UNSPECIFIED., .F., .F., .F.,
 ( 4, 1, 1, 1, 1, 1, 1, 1, 4 ),
 ( 2, 2 ),
 ( 0.0000000000000000000, 0.1576871282468022273, 0.3068581896569178014, 0.4451776470395367169, 0.5751146085626457349, 0.6943103964995182009, 0.8052949340367179243, 0.9071903486975233522, 1.000000000000000000 ),
 ( 0.0000000000000000000, 1.000000000000000000 ),
 .UNSPECIFIED. ) ;
#4693 = CARTESIAN_POINT ( 'NONE',  ( -1.302091824376857332, 56.61439337905933655, -0.01193310036930517008 ) ) ;
#4694 = AXIS2_PLACEMENT_3D ( 'NONE', #1128, #4823, #1025 ) ;
#4695 = ADVANCED_FACE ( 'NONE', ( #555, #8233, #2826, #2732, #8288, #9733, #5969 ), #5117, .T. ) ;
#4696 = CARTESIAN_POINT ( 'NONE',  ( 5.677158548055492027, 56.50894940914950126, 0.1245479781011747389 ) ) ;
#4697 = CARTESIAN_POINT ( 'NONE',  ( 9.595971288436501823, 55.26699799405708546, -0.3498488801215022259 ) ) ;
#4698 = CARTESIAN_POINT ( 'NONE',  ( -0.7452138838777911944, 55.94693083998806316, -0.009782707134597034768 ) ) ;
#4699 = ORIENTED_EDGE ( 'NONE', *, *, #6657, .F. ) ;
#4700 = DIRECTION ( 'NONE',  ( -0.0000000000000000000, -0.0000000000000000000, -1.000000000000000000 ) ) ;
#4701 = EDGE_LOOP ( 'NONE', ( #4873, #4388, #6660, #2896 ) ) ;
#4702 = VECTOR ( 'NONE', #7550, 1000.000000000000000 ) ;
#4703 = CARTESIAN_POINT ( 'NONE',  ( 2.648437500000003997, 62.00000000000002842, -31.32733805661633397 ) ) ;
#4704 = ORIENTED_EDGE ( 'NONE', *, *, #6843, .F. ) ;
#4705 = CARTESIAN_POINT ( 'NONE',  ( -1.759652328649807806, 56.36885429310367357, 0.2868131980923047664 ) ) ;
#4706 = FACE_BOUND ( 'NONE', #5349, .T. ) ;
#4707 = DIRECTION ( 'NONE',  ( 0.0000000000000000000, 0.0000000000000000000, 1.000000000000000000 ) ) ;
#4708 = CIRCLE ( 'NONE', #8402, 70.87421554853963812 ) ;
#4709 = ORIENTED_EDGE ( 'NONE', *, *, #651, .F. ) ;
#4710 = CIRCLE ( 'NONE', #6160, 6.200000000000003730 ) ;
#4711 = CARTESIAN_POINT ( 'NONE',  ( -1.897049031705934530, 56.37170430018856138, 0.2747139157979611168 ) ) ;
#4712 = ORIENTED_EDGE ( 'NONE', *, *, #1691, .F. ) ;
#4713 = LINE ( 'NONE', #4771, #441 ) ;
#4714 = CARTESIAN_POINT ( 'NONE',  ( 7.896806220030174295, 56.37170430018855427, -0.4433067690960479923 ) ) ;
#4715 = ORIENTED_EDGE ( 'NONE', *, *, #4778, .F. ) ;
#4716 = CARTESIAN_POINT ( 'NONE',  ( 13.50000000000000000, 5.734092485736936418, -2.797607197594146555 ) ) ;
#4717 = ORIENTED_EDGE ( 'NONE', *, *, #2157, .F. ) ;
#4718 = DIRECTION ( 'NONE',  ( 0.0000000000000000000, 1.000000000000000000, -3.416052647483371876E-15 ) ) ;
#4719 = ORIENTED_EDGE ( 'NONE', *, *, #7183, .T. ) ;
#4720 = CIRCLE ( 'NONE', #9681, 5.499999999999998224 ) ;
#4721 = CARTESIAN_POINT ( 'NONE',  ( 14.09999999999999964, 67.00195731433238677, -48.20000000000000995 ) ) ;
#4722 = VECTOR ( 'NONE', #1154, 1000.000000000000000 ) ;
#4723 = DIRECTION ( 'NONE',  ( 0.0000000000000000000, -0.02617694830786612345, 0.9996573249755574819 ) ) ;
#4724 = PLANE ( 'NONE',  #3214 ) ;
#4725 = LINE ( 'NONE', #711, #9060 ) ;
#4726 = EDGE_CURVE ( 'NONE', #9768, #7602, #1974, .T. ) ;
#4727 = CARTESIAN_POINT ( 'NONE',  ( -1.018377732801044377, 55.15526468405540328, 0.2945660869772367407 ) ) ;
#4728 = CARTESIAN_POINT ( 'NONE',  ( 7.489981837563807865, 56.16479410324981814, -0.09519427340346683919 ) ) ;
#4729 = AXIS2_PLACEMENT_3D ( 'NONE', #8759, #994, #7305 ) ;
#4730 = CARTESIAN_POINT ( 'NONE',  ( 10.15630184522134449, 56.36982923036743642, -0.4283372681003431159 ) ) ;
#4731 = AXIS2_PLACEMENT_3D ( 'NONE', #9592, #8134, #9772 ) ;
#4732 = CARTESIAN_POINT ( 'NONE',  ( 7.275000000000002132, 57.00000000000002842, -30.69999999999994245 ) ) ;
#4733 = CARTESIAN_POINT ( 'NONE',  ( 1.618690653486480446, 54.87900106828413982, 0.2815928784561388398 ) ) ;
#4734 = ORIENTED_EDGE ( 'NONE', *, *, #6260, .F. ) ;
#4735 = CARTESIAN_POINT ( 'NONE',  ( 14.10000000000000142, 36.78974845414018091, -33.49521209058222126 ) ) ;
#4736 = CARTESIAN_POINT ( 'NONE',  ( -1.371240021635546258, 56.63711783155868318, 0.2868237562841284283 ) ) ;
#4737 = CARTESIAN_POINT ( 'NONE',  ( 5.025022572574452617, 55.65749356333511599, 0.7023928024058537778 ) ) ;
#4738 = EDGE_LOOP ( 'NONE', ( #4304, #3420, #7525, #4460 ) ) ;
#4739 = CARTESIAN_POINT ( 'NONE',  ( 1.383089246759910074, 54.24212819885396897, -0.02103992808024615635 ) ) ;
#4740 = VECTOR ( 'NONE', #2565, 1000.000000000000000 ) ;
#4741 = EDGE_CURVE ( 'NONE', #7029, #8073, #2114, .T. ) ;
#4742 = CARTESIAN_POINT ( 'NONE',  ( 1.505883285149240525, 55.73248958682901844, -0.01857861185664076362 ) ) ;
#4743 = CYLINDRICAL_SURFACE ( 'NONE', #9615, 70.87421554853963812 ) ;
#4744 = CARTESIAN_POINT ( 'NONE',  ( 0.0000000000000000000, 54.19851156681517068, -70.87421554853963812 ) ) ;
#4745 = CARTESIAN_POINT ( 'NONE',  ( 9.704749307780096146, 54.43632621071392919, -0.3476052596559754959 ) ) ;
#4746 = CARTESIAN_POINT ( 'NONE',  ( 14.09999999999999964, 1.124056870942714004E-13, -40.19521439518904771 ) ) ;
#4747 = CIRCLE ( 'NONE', #1715, 7.249999999999999112 ) ;
#4748 = VERTEX_POINT ( 'NONE', #3620 ) ;
#4749 = EDGE_LOOP ( 'NONE', ( #6212, #8848, #3521, #8259 ) ) ;
#4750 = CARTESIAN_POINT ( 'NONE',  ( 1.481703929866174274, 56.18219771163887799, 0.2958764490941492298 ) ) ;
#4751 = CARTESIAN_POINT ( 'NONE',  ( -14.09999999999999964, 54.52787485811878554, -46.23359756302511414 ) ) ;
#4752 = EDGE_CURVE ( 'NONE', #8322, #1763, #6181, .T. ) ;
#4753 = EDGE_CURVE ( 'NONE', #6248, #7029, #2916, .T. ) ;
#4754 = DIRECTION ( 'NONE',  ( 0.0000000000000000000, 0.0000000000000000000, -1.000000000000000000 ) ) ;
#4755 = VECTOR ( 'NONE', #9477, 999.9999999999998863 ) ;
#4756 = CARTESIAN_POINT ( 'NONE',  ( 7.874386866492837811, 54.16285624540294918, -0.4992116007269608580 ) ) ;
#4757 = VERTEX_POINT ( 'NONE', #2868 ) ;
#4758 = LINE ( 'NONE', #6975, #7967 ) ;
#4759 = CARTESIAN_POINT ( 'NONE',  ( 4.333781329145700134, 36.09533680887011542, -3.297607197594146111 ) ) ;
#4760 = EDGE_LOOP ( 'NONE', ( #3806, #5158, #6428, #854 ) ) ;
#4761 = CARTESIAN_POINT ( 'NONE',  ( 14.09999999999999964, 22.88128306798727962, -40.19521439518901929 ) ) ;
#4762 = DIRECTION ( 'NONE',  ( 0.0000000000000000000, 5.782411586589357639E-16, 1.000000000000000000 ) ) ;
#4763 = VECTOR ( 'NONE', #9431, 1000.000000000000000 ) ;
#4764 = VERTEX_POINT ( 'NONE', #5925 ) ;
#4765 = CARTESIAN_POINT ( 'NONE',  ( 10.40933043212139353, 53.88942444348570149, -0.7685384705081452772 ) ) ;
#4766 = EDGE_CURVE ( 'NONE', #6307, #615, #8981, .T. ) ;
#4767 = CARTESIAN_POINT ( 'NONE',  ( 9.601981995841844864, 56.51401135155303734, -0.6534187802523494515 ) ) ;
#4768 = CARTESIAN_POINT ( 'NONE',  ( 8.278326446211147882, 56.13895758665552904, -0.4851261376673561276 ) ) ;
#4769 = EDGE_LOOP ( 'NONE', ( #3104, #2506, #9335, #536 ) ) ;
#4770 = EDGE_LOOP ( 'NONE', ( #8739, #3856, #8082, #5196 ) ) ;
#4771 = CARTESIAN_POINT ( 'NONE',  ( 8.379018258399952401, 12.60844834401830283, -1.297607197594146333 ) ) ;
#4772 = VERTEX_POINT ( 'NONE', #4414 ) ;
#4773 = FACE_OUTER_BOUND ( 'NONE', #8160, .T. ) ;
#4774 = EDGE_LOOP ( 'NONE', ( #6308, #8895, #1729, #7962, #2631, #5803 ) ) ;
#4775 = FACE_OUTER_BOUND ( 'NONE', #6767, .T. ) ;
#4776 = ORIENTED_EDGE ( 'NONE', *, *, #4664, .T. ) ;
#4777 = AXIS2_PLACEMENT_3D ( 'NONE', #5609, #1105, #5497 ) ;
#4778 = EDGE_CURVE ( 'NONE', #8035, #4822, #7166, .T. ) ;
#4779 = CARTESIAN_POINT ( 'NONE',  ( 13.50000000000000000, 55.41031726735194951, -4.178165316334196078 ) ) ;
#4780 = CARTESIAN_POINT ( 'NONE',  ( 1.547240293805136613, 55.37463378019743487, -0.02740559966098426656 ) ) ;
#4781 = CARTESIAN_POINT ( 'NONE',  ( 0.9645477748120938610, 55.50242720683921505, -0.01345756636718506080 ) ) ;
#4782 = DIRECTION ( 'NONE',  ( -1.000000000000000000, -0.0000000000000000000, -0.0000000000000000000 ) ) ;
#4783 = CARTESIAN_POINT ( 'NONE',  ( -1.017110831011386551, 55.25489752971617463, -0.01317352179555262431 ) ) ;
#4784 = AXIS2_PLACEMENT_3D ( 'NONE', #4286, #7360, #9139 ) ;
#4785 = DIRECTION ( 'NONE',  ( 0.0000000000000000000, 0.0000000000000000000, 1.000000000000000000 ) ) ;
#4786 = CARTESIAN_POINT ( 'NONE',  ( 10.57494833584607008, 54.70776166365689619, -0.8009555158831997979 ) ) ;
#4787 = VERTEX_POINT ( 'NONE', #9783 ) ;
#4788 = CARTESIAN_POINT ( 'NONE',  ( -0.6542544373080282361, 55.30038819490839330, -0.003019842864396156228 ) ) ;
#4789 = B_SPLINE_CURVE_WITH_KNOTS ( 'NONE', 3,
 ( #3085, #1628, #7649, #1481 ),
 .UNSPECIFIED., .F., .F.,
 ( 4, 4 ),
 ( 0.0000000000000000000, 0.0003210533133767911685 ),
 .UNSPECIFIED. ) ;
#4790 = CARTESIAN_POINT ( 'NONE',  ( 10.49999999999999822, 5.734092485736936418, -2.797607197594146555 ) ) ;
#4791 = CARTESIAN_POINT ( 'NONE',  ( 7.055958999959321076, 55.96810257045618187, -0.03977020646210387839 ) ) ;
#4792 = ORIENTED_EDGE ( 'NONE', *, *, #7051, .F. ) ;
#4793 = CARTESIAN_POINT ( 'NONE',  ( 1.647150066875875174, 54.62269808645909563, 0.2903803895346374619 ) ) ;
#4794 = CARTESIAN_POINT ( 'NONE',  ( 1.395839451359428551, 55.59139719047380623, 0.2902530130439309186 ) ) ;
#4795 = CARTESIAN_POINT ( 'NONE',  ( -1.066009308324974647, 55.78198229286874010, 0.2945886685900931945 ) ) ;
#4796 = CARTESIAN_POINT ( 'NONE',  ( 9.904480518879832829, 54.21412205834855769, -0.7260292448453815606 ) ) ;
#4797 = VECTOR ( 'NONE', #3532, 1000.000000000000000 ) ;
#4798 = ADVANCED_FACE ( 'NONE', ( #3528, #653 ), #1237, .T. ) ;
#4799 = EDGE_CURVE ( 'NONE', #7509, #8717, #2165, .T. ) ;
#4800 = VERTEX_POINT ( 'NONE', #506 ) ;
#4801 = VERTEX_POINT ( 'NONE', #8933 ) ;
#4802 = DIRECTION ( 'NONE',  ( 0.0000000000000000000, 1.000000000000000000, 0.0000000000000000000 ) ) ;
#4803 = CARTESIAN_POINT ( 'NONE',  ( 7.880394087408345349, 53.83631277791960201, -0.4418531884689681499 ) ) ;
#4804 = CARTESIAN_POINT ( 'NONE',  ( 8.296231204195223086, 55.62030086367722248, -0.1407445101694965450 ) ) ;
#4805 = CARTESIAN_POINT ( 'NONE',  ( 7.965995985348967245, 54.17210946385315395, -0.4992116007269601918 ) ) ;
#4806 = LINE ( 'NONE', #1008, #922 ) ;
#4807 = CARTESIAN_POINT ( 'NONE',  ( 1.589059789048277382, 54.42080504661768714, -0.01780896630156673238 ) ) ;
#4808 = EDGE_CURVE ( 'NONE', #8214, #3698, #2361, .T. ) ;
#4809 = EDGE_LOOP ( 'NONE', ( #4065, #6719 ) ) ;
#4810 = DIRECTION ( 'NONE',  ( 0.0000000000000000000, 1.000000000000000000, 0.0000000000000000000 ) ) ;
#4811 = VERTEX_POINT ( 'NONE', #3026 ) ;
#4812 = CARTESIAN_POINT ( 'NONE',  ( -14.09999999999999964, 13.78128306799197489, -48.19521439518879902 ) ) ;
#4813 = CARTESIAN_POINT ( 'NONE',  ( -1.377453828351207665, 56.26793400732729111, 0.2866796789836288939 ) ) ;
#4814 = DIRECTION ( 'NONE',  ( 0.0000000000000000000, 0.02617694830786615121, -0.9996573249755574819 ) ) ;
#4815 = CARTESIAN_POINT ( 'NONE',  ( 13.10007765978578398, 58.36537956331905974, -1.221112143716980292 ) ) ;
#4816 = VERTEX_POINT ( 'NONE', #6020 ) ;
#4817 = CARTESIAN_POINT ( 'NONE',  ( -1.440904931940586220, 56.65693584644382241, 0.2854131177700985900 ) ) ;
#4818 = EDGE_LOOP ( 'NONE', ( #5037, #2355, #5939, #6906 ) ) ;
#4819 = EDGE_CURVE ( 'NONE', #2084, #4041, #2017, .T. ) ;
#4820 = CARTESIAN_POINT ( 'NONE',  ( 14.09999999999999964, 17.78128306799196778, 7.711402292758857425E-15 ) ) ;
#4821 = EDGE_CURVE ( 'NONE', #9539, #4867, #9181, .T. ) ;
#4822 = VERTEX_POINT ( 'NONE', #6789 ) ;
#4823 = DIRECTION ( 'NONE',  ( -1.000000000000000000, -0.0000000000000000000, -0.0000000000000000000 ) ) ;
#4824 = VERTEX_POINT ( 'NONE', #8343 ) ;
#4825 = LINE ( 'NONE', #6232, #62 ) ;
#4826 = ORIENTED_EDGE ( 'NONE', *, *, #6775, .T. ) ;
#4827 = CARTESIAN_POINT ( 'NONE',  ( -2.429028502896303010, 54.19851156681517068, -0.04163653186839422204 ) ) ;
#4828 = CARTESIAN_POINT ( 'NONE',  ( -14.09999999999999964, 66.64840392373909594, -48.55355339059328657 ) ) ;
#4829 = LINE ( 'NONE', #9593, #7372 ) ;
#4830 = CARTESIAN_POINT ( 'NONE',  ( 9.639202677618875725, 56.54256022981891050, -0.7262907717472798508 ) ) ;
#4831 = CARTESIAN_POINT ( 'NONE',  ( -1.209124184412025294, 54.47147494119114697, 0.2945660869772371848 ) ) ;
#4832 = CARTESIAN_POINT ( 'NONE',  ( 10.60722451081847062, 55.04113118582681352, -0.4948449037330572842 ) ) ;
#4833 = EDGE_CURVE ( 'NONE', #235, #6661, #3072, .T. ) ;
#4834 = PLANE ( 'NONE',  #1041 ) ;
#4835 = CARTESIAN_POINT ( 'NONE',  ( 7.718608886489513488, 56.68006257809761905, -0.06796898991423519498 ) ) ;
#4836 = ORIENTED_EDGE ( 'NONE', *, *, #9906, .F. ) ;
#4837 = DIRECTION ( 'NONE',  ( -2.975397705995419023E-13, 0.0000000000000000000, 1.000000000000000000 ) ) ;
#4838 = CARTESIAN_POINT ( 'NONE',  ( 7.651256813167409909, 56.31325329683924963, -0.4141937200658446505 ) ) ;
#4839 = CARTESIAN_POINT ( 'NONE',  ( 7.005064916546808185, 55.74137868655083849, -0.03977020646210344124 ) ) ;
#4840 = ORIENTED_EDGE ( 'NONE', *, *, #1156, .F. ) ;
#4841 = CARTESIAN_POINT ( 'NONE',  ( 10.84495010319541386, 54.46183513892063388, -0.8513888723903014766 ) ) ;
#4842 = AXIS2_PLACEMENT_3D ( 'NONE', #1174, #2762, #6534 ) ;
#4843 = CARTESIAN_POINT ( 'NONE',  ( 1.395839451359428551, 55.59139719047380623, -0.01857861185664119730 ) ) ;
#4844 = CARTESIAN_POINT ( 'NONE',  ( 7.775954719434263751, 54.16572239270306710, -0.1260352839134623870 ) ) ;
#4845 = CARTESIAN_POINT ( 'NONE',  ( 13.50000000000000000, 12.90000000000007141, -6.348128122775007043 ) ) ;
#4846 = CARTESIAN_POINT ( 'NONE',  ( 13.60000000000000142, 37.61060073634368450, -2.148128122775001980 ) ) ;
#4847 = DIRECTION ( 'NONE',  ( 0.0000000000000000000, 0.0000000000000000000, 1.000000000000000000 ) ) ;
#4848 = CARTESIAN_POINT ( 'NONE',  ( 7.308071436618530647, 54.65090034037199018, -0.3777861099418038382 ) ) ;
#4849 = VERTEX_POINT ( 'NONE', #9131 ) ;
#4850 = ORIENTED_EDGE ( 'NONE', *, *, #4993, .T. ) ;
#4851 = DIRECTION ( 'NONE',  ( -1.000000000000000000, 9.462128050782584868E-16, 0.0000000000000000000 ) ) ;
#4852 = AXIS2_PLACEMENT_3D ( 'NONE', #4577, #2979, #9188 ) ;
#4853 = DIRECTION ( 'NONE',  ( 0.0000000000000000000, 0.0000000000000000000, -1.000000000000000000 ) ) ;
#4854 = CARTESIAN_POINT ( 'NONE',  ( 1.939859605537455733, 55.01091029804335619, -0.03042540325696768688 ) ) ;
#4855 = ADVANCED_FACE ( 'NONE', ( #2310 ), #9882, .F. ) ;
#4856 = CARTESIAN_POINT ( 'NONE',  ( 8.112948964579786093, 54.22771137210848735, -0.4992116007269606359 ) ) ;
#4857 = CARTESIAN_POINT ( 'NONE',  ( -8.673617379884035472E-16, 14.00000000001000444, -25.20200572722874810 ) ) ;
#4858 = CARTESIAN_POINT ( 'NONE',  ( 14.09999999999999964, 9.999999999999994671, -40.19521439518901929 ) ) ;
#4859 = EDGE_LOOP ( 'NONE', ( #4223, #8290, #8371, #6930 ) ) ;
#4860 = DIRECTION ( 'NONE',  ( -1.000000000000000000, 0.0000000000000000000, -0.0000000000000000000 ) ) ;
#4861 = FACE_BOUND ( 'NONE', #2615, .T. ) ;
#4862 = ORIENTED_EDGE ( 'NONE', *, *, #3100, .F. ) ;
#4863 = CARTESIAN_POINT ( 'NONE',  ( 7.899183936855859400, 55.71865026031528600, -0.4472155396743593969 ) ) ;
#4864 = FACE_OUTER_BOUND ( 'NONE', #5986, .T. ) ;
#4865 = CARTESIAN_POINT ( 'NONE',  ( 12.75396841791843094, 58.84541881419844600, -1.156853857898031412 ) ) ;
#4866 = ADVANCED_FACE ( 'NONE', ( #2256 ), #3178, .F. ) ;
#4867 = VERTEX_POINT ( 'NONE', #6234 ) ;
#4868 = SHAPE_DEFINITION_REPRESENTATION ( #6313, #715 ) ;
#4869 = VERTEX_POINT ( 'NONE', #1669 ) ;
#4870 = CARTESIAN_POINT ( 'NONE',  ( 9.629809947670434411, 55.81047806844527770, -0.6572569290230124706 ) ) ;
#4871 = ORIENTED_EDGE ( 'NONE', *, *, #5845, .T. ) ;
#4872 = CARTESIAN_POINT ( 'NONE',  ( 1.786575002451754601, 56.37043506513745683, 0.2775805804683321165 ) ) ;
#4873 = ORIENTED_EDGE ( 'NONE', *, *, #7159, .F. ) ;
#4874 = CARTESIAN_POINT ( 'NONE',  ( -12.10000000000000142, 9.047425266573053904, 9.047425266573011271 ) ) ;
#4875 = VERTEX_POINT ( 'NONE', #5269 ) ;
#4876 = DIRECTION ( 'NONE',  ( 0.1104315260748425093, -0.9938837346736194567, 0.0000000000000000000 ) ) ;
#4877 = FACE_OUTER_BOUND ( 'NONE', #336, .T. ) ;
#4878 = DIRECTION ( 'NONE',  ( -1.000000000000000000, -0.0000000000000000000, -0.0000000000000000000 ) ) ;
#4879 = ADVANCED_FACE ( 'NONE', ( #7735 ), #6944, .F. ) ;
#4880 = CYLINDRICAL_SURFACE ( 'NONE', #9865, 70.87421554853963812 ) ;
#4881 = AXIS2_PLACEMENT_3D ( 'NONE', #6855, #8456, #7698 ) ;
#4882 = EDGE_CURVE ( 'NONE', #2406, #5299, #706, .T. ) ;
#4883 = VECTOR ( 'NONE', #2698, 1000.000000000000000 ) ;
#4884 = DIRECTION ( 'NONE',  ( 0.0000000000000000000, -3.469446951953647321E-15, 1.000000000000000000 ) ) ;
#4885 = VERTEX_POINT ( 'NONE', #6073 ) ;
#4886 = FACE_OUTER_BOUND ( 'NONE', #5768, .T. ) ;
#4887 = FACE_BOUND ( 'NONE', #8824, .T. ) ;
#4888 = VECTOR ( 'NONE', #3455, 1000.000000000000000 ) ;
#4889 = AXIS2_PLACEMENT_3D ( 'NONE', #9497, #7055, #981 ) ;
#4890 = ORIENTED_EDGE ( 'NONE', *, *, #5068, .T. ) ;
#4891 = LINE ( 'NONE', #1094, #9032 ) ;
#4892 = DIRECTION ( 'NONE',  ( -1.000000000000000000, 0.0000000000000000000, -0.0000000000000000000 ) ) ;
#4893 = CARTESIAN_POINT ( 'NONE',  ( 7.076393975897490307, 56.03703330436233188, -0.3737647796839232983 ) ) ;
#4894 = CARTESIAN_POINT ( 'NONE',  ( 10.76318145851536201, 54.24905710854564944, -0.4181348863512490133 ) ) ;
#4895 = VECTOR ( 'NONE', #319, 1000.000000000000000 ) ;
#4896 = AXIS2_PLACEMENT_3D ( 'NONE', #4242, #8067, #4853 ) ;
#4897 = CARTESIAN_POINT ( 'NONE',  ( 0.0000000000000000000, 0.0000000000000000000, -70.87421554853963812 ) ) ;
#4898 = CARTESIAN_POINT ( 'NONE',  ( 4.315112946339142219, 54.19851156681517068, 0.1690723765720297811 ) ) ;
#4899 = ORIENTED_EDGE ( 'NONE', *, *, #9146, .T. ) ;
#4900 = AXIS2_PLACEMENT_3D ( 'NONE', #7394, #463, #8146 ) ;
#4901 = VERTEX_POINT ( 'NONE', #3863 ) ;
#4902 = DIRECTION ( 'NONE',  ( 1.000000000000000000, 0.0000000000000000000, 0.0000000000000000000 ) ) ;
#4903 = CARTESIAN_POINT ( 'NONE',  ( 0.0000000000000000000, 53.87253265680915604, -70.87421554853963812 ) ) ;
#4904 = CARTESIAN_POINT ( 'NONE',  ( 8.618190358169531606, 55.25143308334491365, -0.1407445101694958789 ) ) ;
#4905 = ADVANCED_FACE ( 'NONE', ( #758 ), #8495, .T. ) ;
#4906 = AXIS2_PLACEMENT_3D ( 'NONE', #9748, #523, #1432 ) ;
#4907 = CARTESIAN_POINT ( 'NONE',  ( 8.370916259261093728, 54.65468337737085136, -0.1326601476622903120 ) ) ;
#4908 = CARTESIAN_POINT ( 'NONE',  ( -0.6771018925002156852, 55.65496182815905257, -0.009782707134596817927 ) ) ;
#4909 = ORIENTED_EDGE ( 'NONE', *, *, #456, .T. ) ;
#4910 = FACE_OUTER_BOUND ( 'NONE', #2667, .T. ) ;
#4911 = ORIENTED_EDGE ( 'NONE', *, *, #5110, .F. ) ;
#4912 = ADVANCED_FACE ( 'NONE', ( #8444 ), #8541, .T. ) ;
#4913 = CARTESIAN_POINT ( 'NONE',  ( 7.929630485273836626, 55.71974648017654630, -0.07234574897400491977 ) ) ;
#4914 = VECTOR ( 'NONE', #3030, 1000.000000000000000 ) ;
#4915 = CARTESIAN_POINT ( 'NONE',  ( 1.902869012294670537, 55.96536253389634652, 0.1291482578980804596 ) ) ;
#4916 = CARTESIAN_POINT ( 'NONE',  ( 0.1499999999999997446, 7.749999999999998224, -50.69816221708081372 ) ) ;
#4917 = VERTEX_POINT ( 'NONE', #7686 ) ;
#4918 = ORIENTED_EDGE ( 'NONE', *, *, #8229, .F. ) ;
#4919 = CARTESIAN_POINT ( 'NONE',  ( 5.530687066759540471, 56.34484637429633835, -0.2160927333353475088 ) ) ;
#4920 = ORIENTED_EDGE ( 'NONE', *, *, #370, .T. ) ;
#4921 = LINE ( 'NONE', #4716, #2129 ) ;
#4922 = EDGE_LOOP ( 'NONE', ( #3900, #3605, #2946, #3607 ) ) ;
#4923 = CARTESIAN_POINT ( 'NONE',  ( 0.05565518892728234246, 53.87253265680915604, 0.2999782400093589652 ) ) ;
#4924 = CARTESIAN_POINT ( 'NONE',  ( 8.378983357747397775, 54.79161208363164803, -0.4970383707680748886 ) ) ;
#4925 = CARTESIAN_POINT ( 'NONE',  ( 1.686534490701090183, 55.47042998382479340, 0.2857021154571451893 ) ) ;
#4926 = CARTESIAN_POINT ( 'NONE',  ( -14.09999999999999964, 11.98128306799195464, -48.19521209059478650 ) ) ;
#4927 = CARTESIAN_POINT ( 'NONE',  ( 9.737676577821009261, 56.61069400578272592, -0.3037559157698060952 ) ) ;
#4928 = CARTESIAN_POINT ( 'NONE',  ( 2.011528648963340160, 54.68182057574768606, 0.2715693683785491697 ) ) ;
#4929 = ORIENTED_EDGE ( 'NONE', *, *, #4821, .F. ) ;
#4930 = DIRECTION ( 'NONE',  ( 0.0000000000000000000, -1.000000000000000000, 0.0000000000000000000 ) ) ;
#4931 = CARTESIAN_POINT ( 'NONE',  ( 14.09999999999999964, 57.00000000000013500, -1.916705977385280630E-13 ) ) ;
#4932 = ADVANCED_FACE ( 'NONE', ( #1519 ), #1618, .F. ) ;
#4933 = EDGE_CURVE ( 'NONE', #8595, #8692, #2030, .T. ) ;
#4934 = DIRECTION ( 'NONE',  ( 1.000000000000000000, 0.0000000000000000000, 0.0000000000000000000 ) ) ;
#4935 = FACE_OUTER_BOUND ( 'NONE', #7543, .T. ) ;
#4936 = CARTESIAN_POINT ( 'NONE',  ( 14.09999999999999964, 67.00195731433238677, -48.70000000000000995 ) ) ;
#4937 = ORIENTED_EDGE ( 'NONE', *, *, #1719, .T. ) ;
#4938 = CARTESIAN_POINT ( 'NONE',  ( 10.90074221823427436, 54.72191805135575748, -0.8513888723903012545 ) ) ;
#4939 = AXIS2_PLACEMENT_3D ( 'NONE', #7143, #1723, #6227 ) ;
#4940 = CARTESIAN_POINT ( 'NONE',  ( 1.505883285149240525, 55.73248958682901844, 0.2902530130439313627 ) ) ;
#4941 = CARTESIAN_POINT ( 'NONE',  ( 1.832205303570730415, 55.65910202455836497, -0.02367862130161996551 ) ) ;
#4942 = EDGE_CURVE ( 'NONE', #6781, #1827, #3421, .T. ) ;
#4943 = DIRECTION ( 'NONE',  ( -0.0000000000000000000, -0.0000000000000000000, 1.000000000000000000 ) ) ;
#4944 = CARTESIAN_POINT ( 'NONE',  ( 14.09999999999999964, 21.98128306799569387, -46.02739446895115805 ) ) ;
#4945 = EDGE_CURVE ( 'NONE', #1075, #8365, #6444, .T. ) ;
#4946 = EDGE_CURVE ( 'NONE', #1264, #786, #2249, .T. ) ;
#4947 = VERTEX_POINT ( 'NONE', #4172 ) ;
#4948 = VECTOR ( 'NONE', #7220, 999.9999999999998863 ) ;
#4949 = ORIENTED_EDGE ( 'NONE', *, *, #2438, .T. ) ;
#4950 = LINE ( 'NONE', #1153, #722 ) ;
#4951 = CARTESIAN_POINT ( 'NONE',  ( -3.349999999999996980, 0.0000000000000000000, -48.70000000000000995 ) ) ;
#4952 = LINE ( 'NONE', #4195, #4883 ) ;
#4953 = AXIS2_PLACEMENT_3D ( 'NONE', #3687, #5301, #2287 ) ;
#4954 = LINE ( 'NONE', #2702, #422 ) ;
#4955 = CARTESIAN_POINT ( 'NONE',  ( 7.794762991214519765, 56.36461846073498805, -0.1280985874321433626 ) ) ;
#4956 = EDGE_CURVE ( 'NONE', #5470, #744, #7247, .T. ) ;
#4957 = ORIENTED_EDGE ( 'NONE', *, *, #5973, .F. ) ;
#4958 = CARTESIAN_POINT ( 'NONE',  ( 8.148890681477135800, 55.68887712317314964, -0.4700043576588005534 ) ) ;
#4959 = CARTESIAN_POINT ( 'NONE',  ( 7.312245326429803960, 55.37731278989693351, -0.4472155396743593969 ) ) ;
#4960 = FACE_OUTER_BOUND ( 'NONE', #5153, .T. ) ;
#4961 = CARTESIAN_POINT ( 'NONE',  ( 1.036421596983557958, 56.69768321019457602, -0.02745724643013827682 ) ) ;
#4962 = DIRECTION ( 'NONE',  ( 1.000000000000000000, 0.0000000000000000000, 0.0000000000000000000 ) ) ;
#4963 = FACE_OUTER_BOUND ( 'NONE', #8125, .T. ) ;
#4964 = CIRCLE ( 'NONE', #5297, 0.5000000000000004441 ) ;
#4965 = EDGE_LOOP ( 'NONE', ( #96, #4413, #151, #2851 ) ) ;
#4966 = CARTESIAN_POINT ( 'NONE',  ( 5.069512187323249819, 56.01473877531613965, 0.1245479781011751691 ) ) ;
#4967 = CARTESIAN_POINT ( 'NONE',  ( -0.6872908812275124735, 55.71782689765596075, -0.003331180760838806879 ) ) ;
#4968 = EDGE_LOOP ( 'NONE', ( #5709, #1083, #6464, #7369 ) ) ;
#4969 = VECTOR ( 'NONE', #9073, 1000.000000000000000 ) ;
#4970 = CARTESIAN_POINT ( 'NONE',  ( 7.630064424900712794, 54.20648255656981007, -0.07239559482833268778 ) ) ;
#4971 = EDGE_LOOP ( 'NONE', ( #3193, #3645, #7773, #1882 ) ) ;
#4972 = CARTESIAN_POINT ( 'NONE',  ( 5.103389429604716199, 56.03251378559602358, 0.1168440815974887831 ) ) ;
#4973 = CARTESIAN_POINT ( 'NONE',  ( 7.275000000000002132, 57.00000000000004263, -27.19999999999994245 ) ) ;
#4974 = CARTESIAN_POINT ( 'NONE',  ( 10.09965397924439934, 56.37170430018856138, -0.7232966727302378995 ) ) ;
#4975 = FACE_OUTER_BOUND ( 'NONE', #5134, .T. ) ;
#4976 = EDGE_CURVE ( 'NONE', #7808, #6717, #5124, .T. ) ;
#4977 = CARTESIAN_POINT ( 'NONE',  ( -2.429028502896317665, 56.37170430018856138, 0.2585390690210409570 ) ) ;
#4978 = CARTESIAN_POINT ( 'NONE',  ( 13.50000000000000000, 7.800000000000001599, -5.458128122775026014 ) ) ;
#4979 = ORIENTED_EDGE ( 'NONE', *, *, #5405, .F. ) ;
#4980 = DIRECTION ( 'NONE',  ( 0.0000000000000000000, -0.7071067811865460184, 0.7071067811865489050 ) ) ;
#4981 = CYLINDRICAL_SURFACE ( 'NONE', #589, 0.4999999999982032706 ) ;
#4982 = LINE ( 'NONE', #8709, #9695 ) ;
#4983 = CARTESIAN_POINT ( 'NONE',  ( 6.993846955562222689, 55.65873506482969901, -0.03977020646210344124 ) ) ;
#4984 = CIRCLE ( 'NONE', #647, 0.4999999999999952260 ) ;
#4985 = CARTESIAN_POINT ( 'NONE',  ( 10.93568447572007862, 55.22568290908133548, -0.4181348863512486802 ) ) ;
#4986 = EDGE_CURVE ( 'NONE', #4917, #3200, #5586, .T. ) ;
#4987 = CARTESIAN_POINT ( 'NONE',  ( -2.791227291791869014, 56.69768321019457602, 0.7023928024058537778 ) ) ;
#4988 = CARTESIAN_POINT ( 'NONE',  ( -1.251190770450190559, 56.14986624005993576, 0.2945886685900931945 ) ) ;
#4989 = CARTESIAN_POINT ( 'NONE',  ( 9.601962389219501404, 55.57875730961779226, -0.3506618356545293524 ) ) ;
#4990 = DIRECTION ( 'NONE',  ( 0.0000000000000000000, 3.784851220313034736E-15, 1.000000000000000000 ) ) ;
#4991 = VERTEX_POINT ( 'NONE', #4827 ) ;
#4992 = FACE_BOUND ( 'NONE', #9379, .T. ) ;
#4993 = EDGE_CURVE ( 'NONE', #8551, #4003, #6285, .T. ) ;
#4994 = ADVANCED_FACE ( 'NONE', ( #5640 ), #1730, .T. ) ;
#4995 = DIRECTION ( 'NONE',  ( 0.0000000000000000000, 0.0000000000000000000, 1.000000000000000000 ) ) ;
#4996 = ORIENTED_EDGE ( 'NONE', *, *, #7107, .F. ) ;
#4997 = CARTESIAN_POINT ( 'NONE',  ( 8.575721845288219569, 55.34479369722313180, -0.5207057380305061267 ) ) ;
#4998 = VERTEX_POINT ( 'NONE', #4779 ) ;
#4999 = DIRECTION ( 'NONE',  ( 0.0000000000000000000, 1.000000000000000000, 0.0000000000000000000 ) ) ;
#5000 = CARTESIAN_POINT ( 'NONE',  ( -1.020397745853499627, 55.50040354049886560, 0.2926861180917647021 ) ) ;
#5001 = DIRECTION ( 'NONE',  ( 0.0000000000000000000, 0.0000000000000000000, -1.000000000000000000 ) ) ;
#5002 = EDGE_CURVE ( 'NONE', #4764, #3200, #9558, .T. ) ;
#5003 = ORIENTED_EDGE ( 'NONE', *, *, #5002, .F. ) ;
#5004 = ORIENTED_EDGE ( 'NONE', *, *, #1210, .T. ) ;
#5005 = CARTESIAN_POINT ( 'NONE',  ( 7.038585232304893857, 55.91098446756108586, -0.04888331645324305724 ) ) ;
#5006 = ORIENTED_EDGE ( 'NONE', *, *, #4347, .F. ) ;
#5007 = ORIENTED_EDGE ( 'NONE', *, *, #5549, .T. ) ;
#5008 = CARTESIAN_POINT ( 'NONE',  ( 7.405044593619673599, 54.40909186909154016, -0.4388580514320238879 ) ) ;
#5009 = EDGE_LOOP ( 'NONE', ( #1870, #866, #2570, #9626 ) ) ;
#5010 = DIRECTION ( 'NONE',  ( -0.0000000000000000000, 1.000000000000000000, -3.362642065588203259E-15 ) ) ;
#5011 = CARTESIAN_POINT ( 'NONE',  ( 7.942673080805503716, 56.69719677480613740, -0.1393682611193155785 ) ) ;
#5012 = CARTESIAN_POINT ( 'NONE',  ( 8.704962267753410643, 54.80293079578463278, -0.5366149245643566656 ) ) ;
#5013 = CARTESIAN_POINT ( 'NONE',  ( 7.601403489652208023, 56.64586564396498858, -0.1070547916990778753 ) ) ;
#5014 = CARTESIAN_POINT ( 'NONE',  ( 0.9232344754536933040, 56.37170430018856138, -0.006013456739742406576 ) ) ;
#5015 = VERTEX_POINT ( 'NONE', #256 ) ;
#5016 = B_SPLINE_CURVE_WITH_KNOTS ( 'NONE', 3,
 ( #4064, #251, #6383, #2575, #4118, #1828, #4872, #7936, #5680, #1079, #8744, #1873, #1962, #4399 ),
 .UNSPECIFIED., .F., .F.,
 ( 4, 2, 2, 2, 2, 2, 4 ),
 ( 0.0000000000000000000, 0.0001587298935745187723, 0.0003174597871490375447, 0.0004761896807235563170, 0.0006349195742980750894, 0.0009523793614471131761, 0.001269839148596151263 ),
 .UNSPECIFIED. ) ;
#5017 = CARTESIAN_POINT ( 'NONE',  ( 14.09999999999999964, 22.72749655548991043, -46.52120933117344492 ) ) ;
#5018 = FACE_OUTER_BOUND ( 'NONE', #7961, .T. ) ;
#5019 = CARTESIAN_POINT ( 'NONE',  ( 7.506866337042376713, 53.91453635012909729, -0.09695763698373510708 ) ) ;
#5020 = ADVANCED_FACE ( 'NONE', ( #3327 ), #4122, .T. ) ;
#5021 = CARTESIAN_POINT ( 'NONE',  ( 0.0000000000000000000, 36.09533680887011542, -3.297607197594146111 ) ) ;
#5022 = AXIS2_PLACEMENT_3D ( 'NONE', #8381, #644, #7677 ) ;
#5023 = PLANE ( 'NONE',  #9819 ) ;
#5024 = ORIENTED_EDGE ( 'NONE', *, *, #4487, .F. ) ;
#5025 = CARTESIAN_POINT ( 'NONE',  ( 10.93610680735009666, 55.26586612284178557, -0.8513888723903014766 ) ) ;
#5026 = DIRECTION ( 'NONE',  ( 0.0000000000000000000, -0.0000000000000000000, 1.000000000000000000 ) ) ;
#5027 = VECTOR ( 'NONE', #194, 1000.000000000000000 ) ;
#5028 = AXIS2_PLACEMENT_3D ( 'NONE', #7198, #2623, #306 ) ;
#5029 = CARTESIAN_POINT ( 'NONE',  ( 9.281485125462916486, 54.86378206341451857, -0.3077628524613451044 ) ) ;
#5030 = FACE_OUTER_BOUND ( 'NONE', #1910, .T. ) ;
#5031 = EDGE_LOOP ( 'NONE', ( #2008, #6746, #5716, #1961 ) ) ;
#5032 = EDGE_CURVE ( 'NONE', #7814, #7184, #5857, .T. ) ;
#5033 = CARTESIAN_POINT ( 'NONE',  ( -1.202360545855508445, 54.01715463128093120, 0.2989210827142310123 ) ) ;
#5034 = CARTESIAN_POINT ( 'NONE',  ( -5.503499385153697077, 36.09533680887011542, -1.297607197594146777 ) ) ;
#5035 = DIRECTION ( 'NONE',  ( 0.0000000000000000000, 0.0000000000000000000, -1.000000000000000000 ) ) ;
#5036 = AXIS2_PLACEMENT_3D ( 'NONE', #8103, #4361, #9600 ) ;
#5037 = ORIENTED_EDGE ( 'NONE', *, *, #4375, .F. ) ;
#5038 = CARTESIAN_POINT ( 'NONE',  ( 10.84968212640439589, 56.04462315334636457, -0.4181348863512490133 ) ) ;
#5039 = CIRCLE ( 'NONE', #2011, 1.250000000000009770 ) ;
#5040 = ORIENTED_EDGE ( 'NONE', *, *, #5108, .F. ) ;
#5041 = ORIENTED_EDGE ( 'NONE', *, *, #9495, .F. ) ;
#5042 = ADVANCED_FACE ( 'NONE', ( #6727 ), #8133, .F. ) ;
#5043 = ADVANCED_FACE ( 'NONE', ( #1271 ), #2457, .T. ) ;
#5044 = DIRECTION ( 'NONE',  ( 0.0000000000000000000, 1.000000000000000000, 0.0000000000000000000 ) ) ;
#5045 = CARTESIAN_POINT ( 'NONE',  ( 0.4178539778228485546, 54.19851156681517068, -0.001231784103175592726 ) ) ;
#5046 = CARTESIAN_POINT ( 'NONE',  ( 1.896114503788377093, 54.23856841213415692, 0.2942797456913123222 ) ) ;
#5047 = CIRCLE ( 'NONE', #2820, 1.250000000000009770 ) ;
#5048 = ORIENTED_EDGE ( 'NONE', *, *, #4457, .T. ) ;
#5049 = DIRECTION ( 'NONE',  ( 1.492469013142523820E-17, -0.9925461516414275653, 0.1218693434042891904 ) ) ;
#5050 = VERTEX_POINT ( 'NONE', #3609 ) ;
#5051 = CARTESIAN_POINT ( 'NONE',  ( -4.724999999999997868, 57.00000000000004263, -27.19999999999994245 ) ) ;
#5052 = ORIENTED_EDGE ( 'NONE', *, *, #5919, .F. ) ;
#5053 = B_SPLINE_CURVE_WITH_KNOTS ( 'NONE', 3,
 ( #164, #823, #2472, #6903, #1623, #4674 ),
 .UNSPECIFIED., .F., .F.,
 ( 4, 2, 4 ),
 ( 5.421010862427521568E-20, 0.0001824361973370002151, 0.0003648723946740003760 ),
 .UNSPECIFIED. ) ;
#5054 = CARTESIAN_POINT ( 'NONE',  ( 8.500000000000000000, 9.999999999990905053, -21.78020498957910434 ) ) ;
#5055 = STYLED_ITEM ( 'NONE', ( #5879 ), #5494 ) ;
#5056 = ORIENTED_EDGE ( 'NONE', *, *, #8496, .T. ) ;
#5057 = ADVANCED_FACE ( 'NONE', ( #8092 ), #2099, .F. ) ;
#5058 = EDGE_CURVE ( 'NONE', #1124, #1078, #5367, .T. ) ;
#5059 = DIRECTION ( 'NONE',  ( 0.0000000000000000000, 0.7071067811865451302, 0.7071067811865499042 ) ) ;
#5060 = CARTESIAN_POINT ( 'NONE',  ( -1.018499950070867355, 55.14565316208838652, 0.2927123111876265837 ) ) ;
#5061 = DIRECTION ( 'NONE',  ( -0.0000000000000000000, -0.0000000000000000000, 1.000000000000000000 ) ) ;
#5062 = CARTESIAN_POINT ( 'NONE',  ( 10.92268437531138758, 55.63838442845919730, -0.8513888723903116906 ) ) ;
#5063 = CARTESIAN_POINT ( 'NONE',  ( 2.011528648963340160, 54.68182057574768606, -0.02855102264745618817 ) ) ;
#5064 = AXIS2_PLACEMENT_3D ( 'NONE', #5759, #6609, #9529 ) ;
#5065 = CARTESIAN_POINT ( 'NONE',  ( 0.4178539778228485546, 54.19851156681517068, 0.7023928024058537778 ) ) ;
#5066 = ORIENTED_EDGE ( 'NONE', *, *, #6985, .T. ) ;
#5067 = CARTESIAN_POINT ( 'NONE',  ( 5.144226827184583684, 55.70879867120189033, 0.1138761846570444519 ) ) ;
#5068 = EDGE_CURVE ( 'NONE', #8954, #3114, #803, .T. ) ;
#5069 = CIRCLE ( 'NONE', #7646, 3.421800737649697499 ) ;
#5070 = DIRECTION ( 'NONE',  ( 0.0000000000000000000, 0.0000000000000000000, 1.000000000000000000 ) ) ;
#5071 = DIRECTION ( 'NONE',  ( 0.0000000000000000000, 1.000000000000000000, 0.0000000000000000000 ) ) ;
#5072 = EDGE_LOOP ( 'NONE', ( #4067, #5884, #8963, #6576 ) ) ;
#5073 = DIRECTION ( 'NONE',  ( 0.0000000000000000000, 0.0000000000000000000, 1.000000000000000000 ) ) ;
#5074 = CARTESIAN_POINT ( 'NONE',  ( -13.19290931901297093, 7.397249959988843493, -1.238681890488529724 ) ) ;
#5075 = CARTESIAN_POINT ( 'NONE',  ( 12.09999999999999964, 56.99999999999997158, -48.70000000000000284 ) ) ;
#5076 = ORIENTED_EDGE ( 'NONE', *, *, #583, .F. ) ;
#5077 = CARTESIAN_POINT ( 'NONE',  ( -1.070312720522692995, 54.11347064932061812, -0.02630137221458202224 ) ) ;
#5078 = DIRECTION ( 'NONE',  ( -0.0000000000000000000, 0.7073004642249886009, -0.7069130450820070299 ) ) ;
#5079 = CARTESIAN_POINT ( 'NONE',  ( 8.704962267753408867, 54.80293079578463278, -0.5389759807138327918 ) ) ;
#5080 = CIRCLE ( 'NONE', #2718, 2.930662494044292021 ) ;
#5081 = VECTOR ( 'NONE', #6993, 1000.000000000000000 ) ;
#5082 = EDGE_CURVE ( 'NONE', #9193, #2436, #5361, .T. ) ;
#5083 = ADVANCED_FACE ( 'NONE', ( #6826 ), #3848, .T. ) ;
#5084 = CARTESIAN_POINT ( 'NONE',  ( 10.65728788233183089, 56.46039638664205995, -0.5023959254077003944 ) ) ;
#5085 = ORIENTED_EDGE ( 'NONE', *, *, #8754, .F. ) ;
#5086 = CARTESIAN_POINT ( 'NONE',  ( 7.506340885731736634, 55.58704459402898124, -0.3986000280795267137 ) ) ;
#5087 = CARTESIAN_POINT ( 'NONE',  ( 10.62122834994784348, 56.49780917657080437, -0.8513888723903116906 ) ) ;
#5088 = VERTEX_POINT ( 'NONE', #6933 ) ;
#5089 = VERTEX_POINT ( 'NONE', #90 ) ;
#5090 = CARTESIAN_POINT ( 'NONE',  ( -1.175694313960172765, 54.52849283042500872, -0.009748999399771455035 ) ) ;
#5091 = FACE_OUTER_BOUND ( 'NONE', #4033, .T. ) ;
#5092 = AXIS2_PLACEMENT_3D ( 'NONE', #7979, #7881, #4814 ) ;
#5093 = EDGE_LOOP ( 'NONE', ( #2811, #8153, #2842, #8247 ) ) ;
#5094 = EDGE_CURVE ( 'NONE', #3948, #5101, #2519, .T. ) ;
#5095 = DIRECTION ( 'NONE',  ( -0.0000000000000000000, -0.0000000000000000000, 1.000000000000000000 ) ) ;
#5096 = ORIENTED_EDGE ( 'NONE', *, *, #712, .T. ) ;
#5097 = CARTESIAN_POINT ( 'NONE',  ( 7.428023346010422578, 56.06759051368752012, -0.07255918057899200801 ) ) ;
#5098 = DIRECTION ( 'NONE',  ( 1.000000000000000000, 0.0000000000000000000, 0.0000000000000000000 ) ) ;
#5099 = ORIENTED_EDGE ( 'NONE', *, *, #6680, .T. ) ;
#5100 = CARTESIAN_POINT ( 'NONE',  ( 14.09999999999999964, 20.53462967740379952, -50.54876778578210406 ) ) ;
#5101 = VERTEX_POINT ( 'NONE', #9224 ) ;
#5102 = CARTESIAN_POINT ( 'NONE',  ( 8.433716812525092976, 54.06401556032408706, -0.5390089958205912524 ) ) ;
#5103 = CARTESIAN_POINT ( 'NONE',  ( 10.57826910113964658, 54.70363270115725385, -0.7938661122402521642 ) ) ;
#5104 = DIRECTION ( 'NONE',  ( 0.0000000000000000000, 0.0000000000000000000, -1.000000000000000000 ) ) ;
#5105 = DIRECTION ( 'NONE',  ( 0.0000000000000000000, 0.0000000000000000000, 1.000000000000000000 ) ) ;
#5106 = LINE ( 'NONE', #9872, #3023 ) ;
#5107 = EDGE_CURVE ( 'NONE', #8064, #2622, #8326, .T. ) ;
#5108 = EDGE_CURVE ( 'NONE', #3777, #7542, #3116, .T. ) ;
#5109 = CARTESIAN_POINT ( 'NONE',  ( -1.600210867544411331, 56.36729199836533155, 0.2821402484826112667 ) ) ;
#5110 = EDGE_CURVE ( 'NONE', #3493, #9539, #5047, .T. ) ;
#5111 = CARTESIAN_POINT ( 'NONE',  ( -10.50000000000000000, 59.85600527474578314, -1.588821672652679595 ) ) ;
#5112 = ORIENTED_EDGE ( 'NONE', *, *, #3763, .F. ) ;
#5113 = AXIS2_PLACEMENT_3D ( 'NONE', #157, #3229, #818 ) ;
#5114 = CARTESIAN_POINT ( 'NONE',  ( -1.774236247410059253, 54.20030275466288572, 0.2905820563629014641 ) ) ;
#5115 = CARTESIAN_POINT ( 'NONE',  ( 6.974330981510061811, 54.88564172667976493, -0.04252602680155904979 ) ) ;
#5116 = ORIENTED_EDGE ( 'NONE', *, *, #8110, .T. ) ;
#5117 = PLANE ( 'NONE',  #3753 ) ;
#5118 = CARTESIAN_POINT ( 'NONE',  ( 10.93610680735009666, 55.26586612284178557, -0.6347618793707752172 ) ) ;
#5119 = CARTESIAN_POINT ( 'NONE',  ( -14.09999999999999964, 53.00000000000000000, -5.754411018423114754 ) ) ;
#5120 = LINE ( 'NONE', #4987, #5786 ) ;
#5121 = PLANE ( 'NONE',  #8380 ) ;
#5122 = CARTESIAN_POINT ( 'NONE',  ( 10.10304959289029547, 54.16229168792561666, -0.3476052596559752739 ) ) ;
#5123 = CARTESIAN_POINT ( 'NONE',  ( 14.09999999999999964, 21.78128306799197844, -46.02739446895115805 ) ) ;
#5124 = B_SPLINE_CURVE_WITH_KNOTS ( 'NONE', 3,
 ( #8794, #2581, #354, #7057, #3278, #9450, #4023, #7990, #9396, #1919, #4972, #1133 ),
 .UNSPECIFIED., .F., .F.,
 ( 4, 2, 2, 2, 2, 4 ),
 ( 7.762191442519772347E-18, 0.0001320502690993993235, 0.0002641005381987908949, 0.0005282010763975740920, 0.0007923016145963572348, 0.001056402152795140378 ),
 .UNSPECIFIED. ) ;
#5125 = ORIENTED_EDGE ( 'NONE', *, *, #8792, .T. ) ;
#5126 = AXIS2_PLACEMENT_3D ( 'NONE', #6127, #3134, #9186 ) ;
#5127 = CARTESIAN_POINT ( 'NONE',  ( 14.09999999999999964, 13.78128306799197489, -48.19521439518879902 ) ) ;
#5128 = DIRECTION ( 'NONE',  ( -0.0000000000000000000, -1.000000000000000000, -0.0000000000000000000 ) ) ;
#5129 = LINE ( 'NONE', #9617, #6151 ) ;
#5130 = CARTESIAN_POINT ( 'NONE',  ( 14.09999999999999964, 13.78128306799197489, -48.19521439518879902 ) ) ;
#5131 = CARTESIAN_POINT ( 'NONE',  ( 10.93464475675314596, 55.42160982696955784, -0.5449719497145980585 ) ) ;
#5132 = CARTESIAN_POINT ( 'NONE',  ( 7.629924513052730006, 55.35447850812910531, -0.07240429746787246934 ) ) ;
#5133 = CARTESIAN_POINT ( 'NONE',  ( 10.47335707326888965, 56.60877413003483838, -0.8513888723903114686 ) ) ;
#5134 = EDGE_LOOP ( 'NONE', ( #8815, #153, #1948, #4699, #9782, #2881 ) ) ;
#5135 = EDGE_LOOP ( 'NONE', ( #3010, #1490, #4776, #8267 ) ) ;
#5136 = CARTESIAN_POINT ( 'NONE',  ( -14.09999999999999964, 13.99999999999999822, -5.754411018423092550 ) ) ;
#5137 = VERTEX_POINT ( 'NONE', #9869 ) ;
#5138 = CARTESIAN_POINT ( 'NONE',  ( 14.09999999999999964, 55.19999999999966889, -5.458128122774643209 ) ) ;
#5139 = DIRECTION ( 'NONE',  ( -0.0000000000000000000, -0.0000000000000000000, 1.000000000000000000 ) ) ;
#5140 = VERTEX_POINT ( 'NONE', #1557 ) ;
#5141 = DIRECTION ( 'NONE',  ( -1.000000000000000000, -0.0000000000000000000, -0.0000000000000000000 ) ) ;
#5142 = CARTESIAN_POINT ( 'NONE',  ( 0.1499999999999999667, 2.249999999999998668, -20.69999994376783903 ) ) ;
#5143 = CARTESIAN_POINT ( 'NONE',  ( 7.776529804318568218, 54.16508297715976994, -0.4388580514320241655 ) ) ;
#5145 = EDGE_CURVE ( 'NONE', #5730, #4116, #3012, .T. ) ;
#5144 = CARTESIAN_POINT ( 'NONE',  ( 7.899838537161430807, 53.83659389271769413, -0.1352089772695212189 ) ) ;
#5146 = AXIS2_PLACEMENT_3D ( 'NONE', #1149, #7960, #1895 ) ;
#5147 = CARTESIAN_POINT ( 'NONE',  ( 7.942673080805503716, 56.69719677480613740, -0.5344844159557691210 ) ) ;
#5148 = DIRECTION ( 'NONE',  ( 1.000000000000000000, -0.0000000000000000000, 0.0000000000000000000 ) ) ;
#5149 = LINE ( 'NONE', #8176, #3897 ) ;
#5150 = ORIENTED_EDGE ( 'NONE', *, *, #3679, .F. ) ;
#5151 = CARTESIAN_POINT ( 'NONE',  ( 14.09999999999999964, 57.14644660940672338, -39.05159607626087848 ) ) ;
#5152 = CARTESIAN_POINT ( 'NONE',  ( 10.86344972162399891, 54.49563535055379049, -0.8374878513065064922 ) ) ;
#5153 = EDGE_LOOP ( 'NONE', ( #4826, #761, #1093, #1118 ) ) ;
#5154 = EDGE_CURVE ( 'NONE', #247, #5862, #107, .T. ) ;
#5156 = EDGE_CURVE ( 'NONE', #592, #6669, #9168, .T. ) ;
#5155 = DIRECTION ( 'NONE',  ( -1.000000000000000000, 0.0000000000000000000, 0.0000000000000000000 ) ) ;
#5157 = CARTESIAN_POINT ( 'NONE',  ( 6.968266334435548437, 55.04028750804866377, -0.3433875553845976425 ) ) ;
#5158 = ORIENTED_EDGE ( 'NONE', *, *, #8506, .F. ) ;
#5159 = LINE ( 'NONE', #4366, #1548 ) ;
#5160 = CIRCLE ( 'NONE', #7918, 3.000000000000000000 ) ;
#5161 = CARTESIAN_POINT ( 'NONE',  ( 9.502368769254744052, 54.14091305075110228, -0.3042425055354368024 ) ) ;
#5162 = CYLINDRICAL_SURFACE ( 'NONE', #5809, 0.3000000000000085931 ) ;
#5163 = FACE_BOUND ( 'NONE', #8360, .T. ) ;
#5164 = VECTOR ( 'NONE', #4660, 1000.000000000000000 ) ;
#5165 = CIRCLE ( 'NONE', #9016, 2.930662494039244059 ) ;
#5166 = VERTEX_POINT ( 'NONE', #745 ) ;
#5167 = EDGE_CURVE ( 'NONE', #6717, #88, #9277, .T. ) ;
#5169 = ADVANCED_FACE ( 'NONE', ( #4453 ), #2200, .T. ) ;
#5168 = CARTESIAN_POINT ( 'NONE',  ( -0.7991321529296856463, 54.50471517671127231, -0.02630137221458180713 ) ) ;
#5170 = CARTESIAN_POINT ( 'NONE',  ( 14.09999999999999964, 57.33261707884981462, -50.55365023211250275 ) ) ;
#5171 = DIRECTION ( 'NONE',  ( 0.0000000000000000000, -0.7071067811865464625, 0.7071067811865486830 ) ) ;
#5172 = ORIENTED_EDGE ( 'NONE', *, *, #4993, .F. ) ;
#5173 = VECTOR ( 'NONE', #5743, 1000.000000000000000 ) ;
#5174 = VECTOR ( 'NONE', #2522, 1000.000000000000000 ) ;
#5175 = ORIENTED_EDGE ( 'NONE', *, *, #440, .F. ) ;
#5176 = CARTESIAN_POINT ( 'NONE',  ( 13.50000000000000000, 5.734092485736936418, -2.797607197594146555 ) ) ;
#5177 = CARTESIAN_POINT ( 'NONE',  ( 1.559043083878719704, 56.59894344375323527, -0.01710040822207941832 ) ) ;
#5178 = ORIENTED_EDGE ( 'NONE', *, *, #3438, .F. ) ;
#5179 = VECTOR ( 'NONE', #4802, 1000.000000000000000 ) ;
#5180 = EDGE_CURVE ( 'NONE', #3313, #1965, #7778, .T. ) ;
#5181 = VECTOR ( 'NONE', #5078, 1000.000000000000000 ) ;
#5182 = CARTESIAN_POINT ( 'NONE',  ( 1.283735457526312684, 55.53581740769050867, 0.2884219955050085216 ) ) ;
#5183 = CARTESIAN_POINT ( 'NONE',  ( 1.516334992270183202, 55.35754769128097763, -0.03042540325696768688 ) ) ;
#5184 = CARTESIAN_POINT ( 'NONE',  ( 14.09999999999999964, 13.28128306799197489, -48.19521439518879902 ) ) ;
#5185 = VECTOR ( 'NONE', #7748, 999.9999999999998863 ) ;
#5186 = EDGE_LOOP ( 'NONE', ( #6083, #6806, #633, #5911 ) ) ;
#5187 = CARTESIAN_POINT ( 'NONE',  ( 11.59999999999999964, 3.286843808525464039E-14, -50.70000000000000284 ) ) ;
#5188 = VECTOR ( 'NONE', #5587, 1000.000000000000000 ) ;
#5189 = ORIENTED_EDGE ( 'NONE', *, *, #4833, .F. ) ;
#5190 = CARTESIAN_POINT ( 'NONE',  ( 1.488851489090571079, 55.06504951209582543, 0.2948127524685536516 ) ) ;
#5191 = B_SPLINE_CURVE_WITH_KNOTS ( 'NONE', 3,
 ( #1718, #1772, #969, #7139, #4768, #8736, #7835, #4011 ),
 .UNSPECIFIED., .F., .F.,
 ( 4, 2, 2, 4 ),
 ( 7.155734338404329264E-18, 0.0001594378099472794775, 0.0002391567149209049997, 0.0003188756198945305489 ),
 .UNSPECIFIED. ) ;
#5192 = VERTEX_POINT ( 'NONE', #968 ) ;
#5193 = CARTESIAN_POINT ( 'NONE',  ( 2.149999999999998579, 64.99999999999998579, -20.69999994376783903 ) ) ;
#5194 = ORIENTED_EDGE ( 'NONE', *, *, #8449, .F. ) ;
#5195 = CARTESIAN_POINT ( 'NONE',  ( 7.597930991199185691, 53.87909479991660078, -0.03936411257272919711 ) ) ;
#5196 = ORIENTED_EDGE ( 'NONE', *, *, #3536, .F. ) ;
#5197 = AXIS2_PLACEMENT_3D ( 'NONE', #8701, #4876, #7940 ) ;
#5198 = DIRECTION ( 'NONE',  ( -0.0000000000000000000, -0.0000000000000000000, 1.000000000000000000 ) ) ;
#5199 = CARTESIAN_POINT ( 'NONE',  ( 1.120570724512287786, 54.19937188380175286, 0.2940854501769260554 ) ) ;
#5200 = CARTESIAN_POINT ( 'NONE',  ( 14.09999999999999964, 23.88128308585244497, -44.69521439518901218 ) ) ;
#5201 = CARTESIAN_POINT ( 'NONE',  ( 8.668742388863851289, 55.97328563240343158, -0.5344844159557688990 ) ) ;
#5202 = LINE ( 'NONE', #695, #5772 ) ;
#5203 = DIRECTION ( 'NONE',  ( -0.0000000000000000000, -1.000000000000000000, -0.0000000000000000000 ) ) ;
#5204 = EDGE_CURVE ( 'NONE', #8203, #9114, #143, .T. ) ;
#5205 = VECTOR ( 'NONE', #6300, 1000.000000000000000 ) ;
#5206 = ORIENTED_EDGE ( 'NONE', *, *, #5180, .F. ) ;
#5207 = DIRECTION ( 'NONE',  ( 0.0000000000000000000, 1.000000000000000000, 0.0000000000000000000 ) ) ;
#5208 = LINE ( 'NONE', #4703, #8239 ) ;
#5209 = DIRECTION ( 'NONE',  ( -1.000000000000000000, -0.0000000000000000000, -0.0000000000000000000 ) ) ;
#5210 = ORIENTED_EDGE ( 'NONE', *, *, #3641, .T. ) ;
#5211 = DIRECTION ( 'NONE',  ( 0.0000000000000000000, 1.000000000000000000, 0.0000000000000000000 ) ) ;
#5212 = CARTESIAN_POINT ( 'NONE',  ( 7.880394087408343573, 53.83631277791959491, -0.4394668896000124003 ) ) ;
#5213 = EDGE_LOOP ( 'NONE', ( #565, #5645, #9003, #3315 ) ) ;
#5214 = VECTOR ( 'NONE', #4782, 1000.000000000000000 ) ;
#5215 = DIRECTION ( 'NONE',  ( 0.0000000000000000000, -1.000000000000000000, 3.362642065588203259E-15 ) ) ;
#5216 = EDGE_CURVE ( 'NONE', #8283, #247, #1426, .T. ) ;
#5217 = EDGE_CURVE ( 'NONE', #2178, #7890, #5517, .T. ) ;
#5218 = CARTESIAN_POINT ( 'NONE',  ( -10.89210624762930024, 5.753355342438724485, -0.8416912602953148248 ) ) ;
#5219 = CARTESIAN_POINT ( 'NONE',  ( 10.20634643703437305, 54.17395144127736728, -0.8009555158832007971 ) ) ;
#5220 = AXIS2_PLACEMENT_3D ( 'NONE', #9903, #8362, #8254 ) ;
#5221 = ORIENTED_EDGE ( 'NONE', *, *, #1336, .F. ) ;
#5222 = CARTESIAN_POINT ( 'NONE',  ( -1.746905414861608108, 53.87391395321505172, 0.2989210827142310123 ) ) ;
#5223 = CARTESIAN_POINT ( 'NONE',  ( 14.09999999999999964, 3.373781136414991888, 3.375630115445115376 ) ) ;
#5224 = DIRECTION ( 'NONE',  ( 0.0000000000000000000, -1.000000000000000000, -6.832105294966743752E-15 ) ) ;
#5225 = ORIENTED_EDGE ( 'NONE', *, *, #6309, .T. ) ;
#5226 = FACE_OUTER_BOUND ( 'NONE', #1932, .T. ) ;
#5227 = DIRECTION ( 'NONE',  ( 0.0000000000000000000, 1.000000000000000000, 0.0000000000000000000 ) ) ;
#5228 = EDGE_CURVE ( 'NONE', #1107, #3788, #5573, .T. ) ;
#5229 = EDGE_CURVE ( 'NONE', #8641, #5651, #5627, .T. ) ;
#5230 = EDGE_CURVE ( 'NONE', #8536, #7186, #3367, .T. ) ;
#5231 = CARTESIAN_POINT ( 'NONE',  ( 7.249941820486998978, 56.37679772065740025, -0.2067674930730135086 ) ) ;
#5232 = FACE_OUTER_BOUND ( 'NONE', #3911, .T. ) ;
#5233 = DIRECTION ( 'NONE',  ( 1.000000000000000000, 0.0000000000000000000, 0.0000000000000000000 ) ) ;
#5234 = VERTEX_POINT ( 'NONE', #4160 ) ;
#5235 = VECTOR ( 'NONE', #9905, 1000.000000000000000 ) ;
#5236 = VERTEX_POINT ( 'NONE', #9794 ) ;
#5237 = CARTESIAN_POINT ( 'NONE',  ( -12.10000000000000142, 56.99999999999996447, -48.70000000000000284 ) ) ;
#5238 = LINE ( 'NONE', #676, #872 ) ;
#5239 = B_SPLINE_CURVE_WITH_KNOTS ( 'NONE', 3,
 ( #4107, #9485, #7975, #6375, #8074, #5717, #2707, #7187, #1212, #8864 ),
 .UNSPECIFIED., .F., .F.,
 ( 4, 2, 2, 2, 4 ),
 ( 1.742330095302998896E-18, 0.0002282961166606644568, 0.0004565922333213271790, 0.0006848883499819899282, 0.0009131844666426526232 ),
 .UNSPECIFIED. ) ;
#5240 = DIRECTION ( 'NONE',  ( 0.0000000000000000000, 0.0000000000000000000, 1.000000000000000000 ) ) ;
#5241 = AXIS2_PLACEMENT_3D ( 'NONE', #8868, #1171, #8124 ) ;
#5242 = ORIENTED_EDGE ( 'NONE', *, *, #429, .T. ) ;
#5243 = LINE ( 'NONE', #2090, #332 ) ;
#5244 = EDGE_CURVE ( 'NONE', #3156, #6245, #407, .T. ) ;
#5245 = ORIENTED_EDGE ( 'NONE', *, *, #7400, .F. ) ;
#5246 = CARTESIAN_POINT ( 'NONE',  ( 1.002465460524598395, 55.17644829683319330, 0.2948127524685536516 ) ) ;
#5247 = CARTESIAN_POINT ( 'NONE',  ( -1.010984762131589498, 56.40689417472754030, 0.2988225618489432356 ) ) ;
#5248 = B_SPLINE_CURVE_WITH_KNOTS ( 'NONE', 3,
 ( #1318, #4358, #4565, #5423, #3912, #6996, #9878, #2306, #6180, #9237, #3860, #2358 ),
 .UNSPECIFIED., .F., .F.,
 ( 4, 2, 2, 2, 2, 4 ),
 ( 0.0000000000000000000, 0.0001433121315852318187, 0.0002866242631704636373, 0.0005732485263409390925, 0.0008598727895114144934, 0.001146497052681890111 ),
 .UNSPECIFIED. ) ;
#5249 = LINE ( 'NONE', #9915, #5338 ) ;
#5250 = ORIENTED_EDGE ( 'NONE', *, *, #2327, .F. ) ;
#5251 = ORIENTED_EDGE ( 'NONE', *, *, #283, .T. ) ;
#5252 = AXIS2_PLACEMENT_3D ( 'NONE', #1089, #7208, #6449 ) ;
#5253 = CARTESIAN_POINT ( 'NONE',  ( -1.750459917244777897, 56.36979468995756548, -0.02146808258990002757 ) ) ;
#5254 = CARTESIAN_POINT ( 'NONE',  ( -4.724999999999997868, 52.00000000000006395, -21.69999999999992824 ) ) ;
#5255 = CARTESIAN_POINT ( 'NONE',  ( 8.359597627439654843, 54.98416522339287127, -0.1312072312784050010 ) ) ;
#5256 = DIRECTION ( 'NONE',  ( 0.0000000000000000000, -1.000000000000000000, 3.362642065588203259E-15 ) ) ;
#5257 = DIRECTION ( 'NONE',  ( -1.000000000000000000, -0.0000000000000000000, -0.0000000000000000000 ) ) ;
#5258 = CARTESIAN_POINT ( 'NONE',  ( 10.47350257268992735, 54.38329220041497081, -0.4748170482288219252 ) ) ;
#5259 = ORIENTED_EDGE ( 'NONE', *, *, #5780, .F. ) ;
#5260 = VECTOR ( 'NONE', #3505, 999.9999999999998863 ) ;
#5261 = PLANE ( 'NONE',  #9087 ) ;
#5262 = CARTESIAN_POINT ( 'NONE',  ( 7.820939448511898817, 56.36900634896703366, -0.4433067690960482143 ) ) ;
#5263 = EDGE_LOOP ( 'NONE', ( #3592, #8488, #5375, #2066 ) ) ;
#5264 = CARTESIAN_POINT ( 'NONE',  ( 9.702404405585987490, 53.94150185896640437, -0.3376507747238661206 ) ) ;
#5265 = CARTESIAN_POINT ( 'NONE',  ( -1.774236247410059253, 54.20030275466288572, -0.02704955251262356267 ) ) ;
#5266 = DIRECTION ( 'NONE',  ( 0.0000000000000000000, 0.0000000000000000000, 1.000000000000000000 ) ) ;
#5267 = DIRECTION ( 'NONE',  ( 0.0000000000000000000, -0.7071067811865486830, -0.7071067811865464625 ) ) ;
#5268 = ORIENTED_EDGE ( 'NONE', *, *, #7238, .T. ) ;
#5269 = CARTESIAN_POINT ( 'NONE',  ( 13.50000000000000000, 8.734092485736939082, -1.297607197594146777 ) ) ;
#5270 = CARTESIAN_POINT ( 'NONE',  ( 10.09965397924439934, 56.37170430018856138, -0.7254125390959409447 ) ) ;
#5271 = VERTEX_POINT ( 'NONE', #8780 ) ;
#5272 = CARTESIAN_POINT ( 'NONE',  ( 10.10304959289029547, 53.83631277791960201, -0.8513888723903014766 ) ) ;
#5273 = EDGE_CURVE ( 'NONE', #9163, #7709, #6801, .T. ) ;
#5274 = DIRECTION ( 'NONE',  ( 0.0000000000000000000, 0.0000000000000000000, -1.000000000000000000 ) ) ;
#5275 = CARTESIAN_POINT ( 'NONE',  ( 7.367072057663710538, 55.94000866414821616, -0.08229740657217603228 ) ) ;
#5276 = CIRCLE ( 'NONE', #4475, 0.5000000000000073275 ) ;
#5277 = CARTESIAN_POINT ( 'NONE',  ( 1.902869012294670759, 55.96536253389634652, 0.2745584990293947203 ) ) ;
#5278 = VERTEX_POINT ( 'NONE', #5284 ) ;
#5279 = CARTESIAN_POINT ( 'NONE',  ( 8.500000000000000000, 9.999999999990905053, -37.12380646486934666 ) ) ;
#5280 = CARTESIAN_POINT ( 'NONE',  ( -1.760619146562003356, 56.69586458989119393, 0.2872785925169829557 ) ) ;
#5281 = CARTESIAN_POINT ( 'NONE',  ( 9.768840270916797408, 56.20614721720664875, -0.3735830927500391474 ) ) ;
#5282 = VERTEX_POINT ( 'NONE', #6652 ) ;
#5283 = ADVANCED_FACE ( 'NONE', ( #6036 ), #3633, .T. ) ;
#5284 = CARTESIAN_POINT ( 'NONE',  ( -14.09999999999999964, 9.999999999999994671, -40.19521439518901929 ) ) ;
#5285 = ADVANCED_FACE ( 'NONE', ( #8197 ), #8947, .F. ) ;
#5286 = DIRECTION ( 'NONE',  ( 0.0000000000000000000, -1.000000000000000000, 0.0000000000000000000 ) ) ;
#5287 = LINE ( 'NONE', #7597, #8501 ) ;
#5288 = ORIENTED_EDGE ( 'NONE', *, *, #1807, .F. ) ;
#5289 = CARTESIAN_POINT ( 'NONE',  ( 7.929630485273836626, 55.71974648017653919, -0.4449929915081349829 ) ) ;
#5290 = DIRECTION ( 'NONE',  ( 0.0000000000000000000, 3.965082230804130614E-15, 1.000000000000000000 ) ) ;
#5291 = ORIENTED_EDGE ( 'NONE', *, *, #8765, .F. ) ;
#5292 = CARTESIAN_POINT ( 'NONE',  ( 5.539507811874147869, 55.95294827652625003, -0.2298278560399707182 ) ) ;
#5293 = CARTESIAN_POINT ( 'NONE',  ( -1.888559997591199968, 54.19851156681517068, 0.2749397527391032603 ) ) ;
#5294 = ADVANCED_FACE ( 'NONE', ( #5226 ), #8302, .T. ) ;
#5295 = ADVANCED_FACE ( 'NONE', ( #3675 ), #3581, .T. ) ;
#5296 = EDGE_CURVE ( 'NONE', #9710, #8365, #6518, .T. ) ;
#5297 = AXIS2_PLACEMENT_3D ( 'NONE', #8210, #3598, #7414 ) ;
#5298 = CARTESIAN_POINT ( 'NONE',  ( -10.89119793676842818, 59.83673487061519580, -0.8415552274432862578 ) ) ;
#5299 = VERTEX_POINT ( 'NONE', #2127 ) ;
#5300 = CARTESIAN_POINT ( 'NONE',  ( 1.609227440605492054, 54.90291667831172617, -0.02106636364446450721 ) ) ;
#5301 = DIRECTION ( 'NONE',  ( -0.0000000000000000000, 1.000000000000000000, -0.0000000000000000000 ) ) ;
#5302 = DIRECTION ( 'NONE',  ( -0.0000000000000000000, -0.0000000000000000000, 1.000000000000000000 ) ) ;
#5303 = VERTEX_POINT ( 'NONE', #721 ) ;
#5304 = EDGE_LOOP ( 'NONE', ( #9235, #5006, #8378, #9239 ) ) ;
#5305 = ADVANCED_FACE ( 'NONE', ( #4960 ), #1660, .T. ) ;
#5306 = CARTESIAN_POINT ( 'NONE',  ( -1.897049031705940081, 56.37170430018856138, -0.02539315471179680317 ) ) ;
#5307 = DIRECTION ( 'NONE',  ( 1.000000000000000000, -0.0000000000000000000, 0.0000000000000000000 ) ) ;
#5308 = CARTESIAN_POINT ( 'NONE',  ( 7.862692177044316111, 55.39345343785381459, -0.1312072312784056671 ) ) ;
#5309 = CARTESIAN_POINT ( 'NONE',  ( 1.043212824275349782, 53.87253265680915604, -0.007678052877243839516 ) ) ;
#5310 = CARTESIAN_POINT ( 'NONE',  ( 8.295833674291040793, 55.16121215598143124, -0.1851035897363118854 ) ) ;
#5311 = CARTESIAN_POINT ( 'NONE',  ( 7.543409397250526283, 56.23067736999770716, -0.4025749688870195464 ) ) ;
#5312 = CARTESIAN_POINT ( 'NONE',  ( 1.540670223399103866, 55.93027452622209239, 0.2833230135320110588 ) ) ;
#5313 = CARTESIAN_POINT ( 'NONE',  ( 7.607047188913720781, 56.28794583025646148, -0.1056836625365835114 ) ) ;
#5314 = VERTEX_POINT ( 'NONE', #9899 ) ;
#5315 = AXIS2_PLACEMENT_3D ( 'NONE', #4744, #1695, #5340 ) ;
#5316 = LINE ( 'NONE', #1566, #2477 ) ;
#5317 = ORIENTED_EDGE ( 'NONE', *, *, #4335, .T. ) ;
#5318 = DIRECTION ( 'NONE',  ( -0.0000000000000000000, -0.0000000000000000000, 1.000000000000000000 ) ) ;
#5319 = CARTESIAN_POINT ( 'NONE',  ( 9.903383874476318738, 56.32455024246083042, -0.7254125390959411668 ) ) ;
#5320 = ORIENTED_EDGE ( 'NONE', *, *, #8574, .F. ) ;
#5321 = CARTESIAN_POINT ( 'NONE',  ( 1.062954718431809109, 55.50349754213097953, 0.2952945052459341468 ) ) ;
#5322 = CARTESIAN_POINT ( 'NONE',  ( 9.305077820875338190, 55.81310129416102228, -0.7262907717472794067 ) ) ;
#5323 = AXIS2_PLACEMENT_3D ( 'NONE', #3187, #6851, #7645 ) ;
#5324 = CARTESIAN_POINT ( 'NONE',  ( 9.270701632138322879, 55.20227328973985692, -0.3042425055354368024 ) ) ;
#5325 = CARTESIAN_POINT ( 'NONE',  ( 7.390634972019843651, 55.16627722949679935, -0.08473794909887349958 ) ) ;
#5326 = CARTESIAN_POINT ( 'NONE',  ( 14.09999999999999964, 11.80000000000000426, -5.754411018423118307 ) ) ;
#5327 = CARTESIAN_POINT ( 'NONE',  ( 10.30136672111181717, 54.21456278246566995, -0.4184356817180832078 ) ) ;
#5328 = DIRECTION ( 'NONE',  ( 0.0000000000000000000, 1.000000000000000000, 0.0000000000000000000 ) ) ;
#5329 = EDGE_CURVE ( 'NONE', #6215, #9875, #5547, .T. ) ;
#5330 = ORIENTED_EDGE ( 'NONE', *, *, #5883, .F. ) ;
#5331 = B_SPLINE_SURFACE_WITH_KNOTS ( 'NONE', 3, 1, ( 
 ( #4151, #1007 ),
 ( #6211, #4756 ),
 ( #9319, #3359 ),
 ( #7968, #4805 ),
 ( #7821, #7180 ),
 ( #8723, #957 ),
 ( #7919, #4856 ),
 ( #134, #230 ),
 ( #3999, #1060 ),
 ( #5662, #7229 ),
 ( #3206, #6419 ),
 ( #6262, #284 ),
 ( #9270, #7083 ),
 ( #9476, #3309 ),
 ( #183, #2556 ),
 ( #4907, #6368 ),
 ( #2389, #333 ),
 ( #3257, #9427 ),
 ( #2501, #8626 ) ),
 .UNSPECIFIED., .F., .F., .F.,
 ( 4, 1, 1, 1, 1, 1, 1, 1, 1, 1, 1, 1, 1, 1, 1, 1, 4 ),
 ( 2, 2 ),
 ( 0.0000000000000000000, 0.06152362185495443420, 0.1211365785767547498, 0.1788115858199972041, 0.2354127842701596307, 0.2914777840287088306, 0.3477176091088849952, 0.4052352848276404296, 0.4647753592362260378, 0.5252435666251596968, 0.5864719029189874311, 0.6488518170496329063, 0.7135813534469324093, 0.7803551800192648491, 0.8496595037162879560, 0.9231521075412841837, 1.000000000000000000 ),
 ( 0.0000000000000000000, 1.000000000000000000 ),
 .UNSPECIFIED. ) ;
#5332 = LINE ( 'NONE', #7648, #538 ) ;
#5333 = CARTESIAN_POINT ( 'NONE',  ( 14.09999999999999964, 11.98128306799195641, -48.69521209059481492 ) ) ;
#5334 = CARTESIAN_POINT ( 'NONE',  ( -8.500000000000000000, 9.999999999990905053, -33.70200572722880850 ) ) ;
#5335 = CARTESIAN_POINT ( 'NONE',  ( 13.50000000000000000, 0.0000000000000000000, -2.797128122774994452 ) ) ;
#5336 = CARTESIAN_POINT ( 'NONE',  ( 14.09999999999999964, 10.52999999999999758, -3.118128122775018163 ) ) ;
#5337 = CARTESIAN_POINT ( 'NONE',  ( 12.09999999999999964, 57.00000000000000000, -38.69804268566760896 ) ) ;
#5338 = VECTOR ( 'NONE', #4652, 1000.000000000000000 ) ;
#5339 = VERTEX_POINT ( 'NONE', #3195 ) ;
#5340 = DIRECTION ( 'NONE',  ( -1.483257960899209138E-13, 0.0000000000000000000, 1.000000000000000000 ) ) ;
#5341 = CARTESIAN_POINT ( 'NONE',  ( 7.823576302345150779, 55.39346745326677279, -0.07240429746787224730 ) ) ;
#5342 = DIRECTION ( 'NONE',  ( -0.0000000000000000000, -1.000000000000000000, -0.0000000000000000000 ) ) ;
#5343 = ADVANCED_FACE ( 'NONE', ( #5392, #2377 ), #5493, .F. ) ;
#5344 = ORIENTED_EDGE ( 'NONE', *, *, #7708, .F. ) ;
#5345 = CARTESIAN_POINT ( 'NONE',  ( 1.508247738488568856, 56.12580393323675310, -0.01861215123666153104 ) ) ;
#5346 = CARTESIAN_POINT ( 'NONE',  ( -1.307636524652812104, 54.35807792273200789, 0.2879901732105296652 ) ) ;
#5347 = CIRCLE ( 'NONE', #9190, 70.87421554853963812 ) ;
#5348 = DIRECTION ( 'NONE',  ( 0.0000000000000000000, -1.000000000000000000, 0.0000000000000000000 ) ) ;
#5349 = EDGE_LOOP ( 'NONE', ( #4478, #8900, #8673, #1352, #217, #485 ) ) ;
#5350 = ORIENTED_EDGE ( 'NONE', *, *, #9280, .F. ) ;
#5351 = CARTESIAN_POINT ( 'NONE',  ( 1.488851489090571079, 55.06504951209582543, -0.02106636364446429210 ) ) ;
#5352 = CARTESIAN_POINT ( 'NONE',  ( -14.09999999999999964, 56.48757387419761500, -3.118282555226745245 ) ) ;
#5353 = AXIS2_PLACEMENT_3D ( 'NONE', #1119, #291, #6474 ) ;
#5354 = EDGE_CURVE ( 'NONE', #9114, #965, #5440, .T. ) ;
#5355 = EDGE_CURVE ( 'NONE', #100, #7974, #910, .T. ) ;
#5356 = AXIS2_PLACEMENT_3D ( 'NONE', #4658, #7515, #1558 ) ;
#5357 = EDGE_LOOP ( 'NONE', ( #4549, #6266, #5832, #1511 ) ) ;
#5358 = DIRECTION ( 'NONE',  ( -0.0000000000000000000, -0.0000000000000000000, 1.000000000000000000 ) ) ;
#5359 = VERTEX_POINT ( 'NONE', #6088 ) ;
#5360 = ORIENTED_EDGE ( 'NONE', *, *, #5549, .F. ) ;
#5361 = LINE ( 'NONE', #1504, #6825 ) ;
#5362 = PLANE ( 'NONE',  #222 ) ;
#5363 = DIRECTION ( 'NONE',  ( -1.000000000000000000, 0.0000000000000000000, 0.0000000000000000000 ) ) ;
#5364 = DIRECTION ( 'NONE',  ( -0.0000000000000000000, -0.0000000000000000000, 1.000000000000000000 ) ) ;
#5365 = CIRCLE ( 'NONE', #4729, 5.000000000000004441 ) ;
#5366 = AXIS2_PLACEMENT_3D ( 'NONE', #6749, #6650, #9702 ) ;
#5367 = B_SPLINE_CURVE_WITH_KNOTS ( 'NONE', 3,
 ( #6585, #5060, #7617, #3692, #6108, #689, #1457, #7676, #9813, #1606 ),
 .UNSPECIFIED., .F., .F.,
 ( 4, 2, 2, 2, 4 ),
 ( 6.952433221959954168E-18, 0.0004824446550135605936, 0.0007236669825203477209, 0.0008442781462737508798, 0.0009648893100271541470 ),
 .UNSPECIFIED. ) ;
#5368 = CARTESIAN_POINT ( 'NONE',  ( 7.292386991060698875, 55.34736085034327857, -0.3761622307815153943 ) ) ;
#5369 = CARTESIAN_POINT ( 'NONE',  ( 1.070506910176283411, 56.36982577817227025, 0.2919866489121494824 ) ) ;
#5370 = DIRECTION ( 'NONE',  ( 0.0000000000000000000, 0.0000000000000000000, -1.000000000000000000 ) ) ;
#5371 = EDGE_LOOP ( 'NONE', ( #3407, #6143 ) ) ;
#5372 = ADVANCED_FACE ( 'NONE', ( #885 ), #7044, .T. ) ;
#5373 = VECTOR ( 'NONE', #5696, 1000.000000000000000 ) ;
#5374 = CYLINDRICAL_SURFACE ( 'NONE', #2311, 0.5000000000000004441 ) ;
#5375 = ORIENTED_EDGE ( 'NONE', *, *, #9469, .F. ) ;
#5376 = CARTESIAN_POINT ( 'NONE',  ( 1.163641953119768147, 54.20075161691671894, 0.2904870529251241118 ) ) ;
#5377 = CARTESIAN_POINT ( 'NONE',  ( 10.50465201507848256, 56.08839895870458747, -0.4179459123721622760 ) ) ;
#5378 = CARTESIAN_POINT ( 'NONE',  ( 1.223297460283323534, 55.51837296732616522, -0.01345756636718527764 ) ) ;
#5379 = CARTESIAN_POINT ( 'NONE',  ( 9.362316408696516490, 56.07349750365096952, -0.7262907717472800728 ) ) ;
#5380 = AXIS2_PLACEMENT_3D ( 'NONE', #7581, #5426, #6999 ) ;
#5381 = CARTESIAN_POINT ( 'NONE',  ( 2.011528648963340160, 54.68182057574768606, 0.1276473614786055866 ) ) ;
#5382 = CARTESIAN_POINT ( 'NONE',  ( 13.50000000000000000, 59.85600527474578314, -1.588821672652679595 ) ) ;
#5383 = CARTESIAN_POINT ( 'NONE',  ( 7.302274354734031192, 54.95913585333479290, -0.07558320999959555753 ) ) ;
#5384 = EDGE_CURVE ( 'NONE', #8365, #9710, #8763, .T. ) ;
#5385 = B_SPLINE_CURVE_WITH_KNOTS ( 'NONE', 3,
 ( #6907, #20, #63, #3084, #6134, #828 ),
 .UNSPECIFIED., .F., .F.,
 ( 4, 2, 4 ),
 ( 5.421010862427522170E-20, 0.0001824280038276486157, 0.0003648560076552971772 ),
 .UNSPECIFIED. ) ;
#5386 = CARTESIAN_POINT ( 'NONE',  ( 0.0000000000000000000, 0.0000000000000000000, -70.87421554853963812 ) ) ;
#5387 = CARTESIAN_POINT ( 'NONE',  ( 1.157511832586118672, 55.17312186711098576, 0.2906284068995973469 ) ) ;
#5388 = ORIENTED_EDGE ( 'NONE', *, *, #8764, .F. ) ;
#5389 = CARTESIAN_POINT ( 'NONE',  ( 9.602156353086328977, 54.81371306796182807, -0.6534509845460441113 ) ) ;
#5390 = CIRCLE ( 'NONE', #4409, 70.87421554853963812 ) ;
#5391 = CARTESIAN_POINT ( 'NONE',  ( -11.60000000000000142, 2.016616040823038247E-14, -48.69521209059480782 ) ) ;
#5392 = FACE_BOUND ( 'NONE', #1684, .T. ) ;
#5393 = CARTESIAN_POINT ( 'NONE',  ( -1.016453226203594573, 55.30661348659253918, 0.1406962825908422698 ) ) ;
#5394 = VECTOR ( 'NONE', #5618, 1000.000000000000000 ) ;
#5395 = CARTESIAN_POINT ( 'NONE',  ( -0.6580711291479669489, 55.12255795210078446, 0.2969582616263896080 ) ) ;
#5396 = EDGE_LOOP ( 'NONE', ( #7175, #2193, #6072, #5350 ) ) ;
#5397 = CARTESIAN_POINT ( 'NONE',  ( 9.904480518879832829, 54.21412205834855769, -0.3476052596559752739 ) ) ;
#5398 = CARTESIAN_POINT ( 'NONE',  ( 14.09999999999999964, 56.46999999999999886, -4.118128122774996847 ) ) ;
#5399 = ORIENTED_EDGE ( 'NONE', *, *, #4431, .F. ) ;
#5400 = CARTESIAN_POINT ( 'NONE',  ( 1.047784499323015428, 56.36988547228307311, -0.01861215123666131593 ) ) ;
#5401 = CARTESIAN_POINT ( 'NONE',  ( 7.847516849393821659, 53.83731660224029270, -0.4418531884689681499 ) ) ;
#5402 = CARTESIAN_POINT ( 'NONE',  ( 1.727653892626016763, 55.25820462280093182, -0.03042540325696812403 ) ) ;
#5403 = CARTESIAN_POINT ( 'NONE',  ( -1.404936419611718224, 56.64670365767606341, -0.01648901386714415190 ) ) ;
#5404 = EDGE_CURVE ( 'NONE', #9180, #1699, #1631, .T. ) ;
#5405 = EDGE_CURVE ( 'NONE', #5623, #7149, #1657, .T. ) ;
#5406 = ORIENTED_EDGE ( 'NONE', *, *, #2970, .T. ) ;
#5407 = ORIENTED_EDGE ( 'NONE', *, *, #3641, .F. ) ;
#5408 = DIRECTION ( 'NONE',  ( 0.0000000000000000000, -3.357529308342205333E-15, -1.000000000000000000 ) ) ;
#5409 = CARTESIAN_POINT ( 'NONE',  ( -0.8819159165877480389, 56.23973383814713145, 0.2988225618489429025 ) ) ;
#5410 = ORIENTED_EDGE ( 'NONE', *, *, #3101, .T. ) ;
#5411 = DIRECTION ( 'NONE',  ( -0.0000000000000000000, -0.0000000000000000000, 1.000000000000000000 ) ) ;
#5412 = ORIENTED_EDGE ( 'NONE', *, *, #9496, .F. ) ;
#5413 = ORIENTED_EDGE ( 'NONE', *, *, #773, .F. ) ;
#5414 = DIRECTION ( 'NONE',  ( 0.0000000000000000000, 0.0000000000000000000, 1.000000000000000000 ) ) ;
#5415 = CARTESIAN_POINT ( 'NONE',  ( -13.50000000000000000, 13.99999999999999822, -5.458128122775026014 ) ) ;
#5416 = CARTESIAN_POINT ( 'NONE',  ( 8.323958918992200751, 55.09493895927697338, -0.4992202662322273166 ) ) ;
#5417 = LINE ( 'NONE', #9122, #8871 ) ;
#5418 = CIRCLE ( 'NONE', #1410, 8.450000000000006395 ) ;
#5419 = EDGE_CURVE ( 'NONE', #5779, #4377, #6405, .T. ) ;
#5420 = B_SPLINE_SURFACE_WITH_KNOTS ( 'NONE', 3, 1, ( 
 ( #6725, #4803 ),
 ( #7511, #5401 ),
 ( #5954, #2334 ),
 ( #3203, #8468 ),
 ( #5195, #6311 ),
 ( #790, #9009 ),
 ( #7712, #3153 ),
 ( #2147, #952 ),
 ( #9316, #8520 ),
 ( #2441, #6207 ),
 ( #3836, #9265 ),
 ( #5503, #3995 ),
 ( #227, #374 ),
 ( #1942, #5614 ),
 ( #3495, #2747 ),
 ( #8675, #1805 ),
 ( #1199, #8719 ),
 ( #3353, #7124 ),
 ( #3307, #3444 ) ),
 .UNSPECIFIED., .F., .F., .F.,
 ( 4, 1, 1, 1, 1, 1, 1, 1, 1, 1, 1, 1, 1, 1, 1, 1, 4 ),
 ( 2, 2 ),
 ( 0.0000000000000000000, 0.05330506483188586497, 0.1050128772668509625, 0.1551910902535581505, 0.2044486966080258650, 0.2540150717228912836, 0.3041979478956101102, 0.3559564205739529363, 0.4096925813603102262, 0.4659609563212875338, 0.5261779207602106379, 0.5906039522007076048, 0.6603224806511256428, 0.7359242004951206395, 0.8173995957284436731, 0.9054396786447630463, 1.000000000000000000 ),
 ( 0.0000000000000000000, 1.000000000000000000 ),
 .UNSPECIFIED. ) ;
#5421 = DIRECTION ( 'NONE',  ( -1.000000000000000000, -0.0000000000000000000, -0.0000000000000000000 ) ) ;
#5422 = ORIENTED_EDGE ( 'NONE', *, *, #8058, .F. ) ;
#5423 = CARTESIAN_POINT ( 'NONE',  ( 8.106855223709398928, 56.67917012432918966, -0.4651568205125644062 ) ) ;
#5424 = DIRECTION ( 'NONE',  ( 0.0000000000000000000, 0.0000000000000000000, 1.000000000000000000 ) ) ;
#5425 = ORIENTED_EDGE ( 'NONE', *, *, #6926, .F. ) ;
#5426 = DIRECTION ( 'NONE',  ( 0.0000000000000000000, 0.0000000000000000000, -1.000000000000000000 ) ) ;
#5427 = LINE ( 'NONE', #8497, #7283 ) ;
#5428 = CARTESIAN_POINT ( 'NONE',  ( 10.36218097608793798, 56.28049762733796513, -0.7615835744194462409 ) ) ;
#5429 = ADVANCED_FACE ( 'NONE', ( #1190 ), #5553, .F. ) ;
#5430 = DIRECTION ( 'NONE',  ( 1.492469013142523820E-17, -0.9925461516414275653, 0.1218693434042891904 ) ) ;
#5431 = AXIS2_PLACEMENT_3D ( 'NONE', #8440, #7627, #6178 ) ;
#5432 = CARTESIAN_POINT ( 'NONE',  ( 12.09999999999999964, 57.14644660940672338, -39.05159607626087848 ) ) ;
#5433 = FACE_OUTER_BOUND ( 'NONE', #4336, .T. ) ;
#5434 = FACE_OUTER_BOUND ( 'NONE', #3597, .T. ) ;
#5435 = CARTESIAN_POINT ( 'NONE',  ( 10.60974352761725115, 55.21265925772742378, -0.4184356817180834298 ) ) ;
#5436 = CARTESIAN_POINT ( 'NONE',  ( 9.597593533299846769, 55.04114469690857447, -0.6528467875190313574 ) ) ;
#5437 = CIRCLE ( 'NONE', #6385, 0.5000000000000902611 ) ;
#5438 = DIRECTION ( 'NONE',  ( 1.492469013142523820E-17, -0.9925461516414275653, 0.1218693434042891904 ) ) ;
#5439 = DIRECTION ( 'NONE',  ( -0.0000000000000000000, -1.000000000000000000, -0.0000000000000000000 ) ) ;
#5440 = LINE ( 'NONE', #943, #5205 ) ;
#5441 = ADVANCED_FACE ( 'NONE', ( #6352 ), #1933, .F. ) ;
#5442 = LINE ( 'NONE', #9848, #2044 ) ;
#5443 = DIRECTION ( 'NONE',  ( 0.0000000000000000000, 0.9996573249755574819, -0.02617694830786604018 ) ) ;
#5444 = CARTESIAN_POINT ( 'NONE',  ( 1.080059449931419557, 55.17561986711971400, -0.008187557425039839951 ) ) ;
#5445 = FACE_OUTER_BOUND ( 'NONE', #3804, .T. ) ;
#5446 = ORIENTED_EDGE ( 'NONE', *, *, #2235, .F. ) ;
#5447 = CIRCLE ( 'NONE', #3833, 71.17421554853964949 ) ;
#5448 = ORIENTED_EDGE ( 'NONE', *, *, #4262, .F. ) ;
#5449 = CARTESIAN_POINT ( 'NONE',  ( -12.10000000000000142, 0.0000000000000000000, -48.70000000000000995 ) ) ;
#5450 = CARTESIAN_POINT ( 'NONE',  ( 8.360874821759551878, 55.57663554954608998, -0.5389759807138325698 ) ) ;
#5451 = DIRECTION ( 'NONE',  ( 0.0000000000000000000, 0.0000000000000000000, -1.000000000000000000 ) ) ;
#5452 =( GEOMETRIC_REPRESENTATION_CONTEXT ( 3 ) GLOBAL_UNCERTAINTY_ASSIGNED_CONTEXT ( ( #2739 ) ) GLOBAL_UNIT_ASSIGNED_CONTEXT ( ( #7885, #808, #9923 ) ) REPRESENTATION_CONTEXT ( 'NONE', 'WORKASPACE' ) );
#5453 = CARTESIAN_POINT ( 'NONE',  ( 5.502692560084743612, 56.31862557104727074, -0.2393030870521566655 ) ) ;
#5454 = ORIENTED_EDGE ( 'NONE', *, *, #7205, .T. ) ;
#5455 = CARTESIAN_POINT ( 'NONE',  ( -14.09999999999999964, 56.33128306799007845, -46.72521209058222524 ) ) ;
#5456 = CARTESIAN_POINT ( 'NONE',  ( -0.7819152326554289489, 56.04360582557047366, 0.2988225618489429025 ) ) ;
#5457 = ORIENTED_EDGE ( 'NONE', *, *, #5960, .F. ) ;
#5458 = DIRECTION ( 'NONE',  ( 1.000000000000000000, -0.0000000000000000000, 0.0000000000000000000 ) ) ;
#5459 = ORIENTED_EDGE ( 'NONE', *, *, #9295, .F. ) ;
#5460 = ADVANCED_FACE ( 'NONE', ( #2735 ), #2025, .F. ) ;
#5461 = CARTESIAN_POINT ( 'NONE',  ( 13.50000000000000000, 12.60844834401830283, -1.297607197594146333 ) ) ;
#5462 = AXIS2_PLACEMENT_3D ( 'NONE', #5997, #7506, #4221 ) ;
#5463 = ORIENTED_EDGE ( 'NONE', *, *, #7049, .T. ) ;
#5464 = CARTESIAN_POINT ( 'NONE',  ( -1.542454734840312369, 56.33961128822669195, -0.02725522043429430899 ) ) ;
#5465 = CARTESIAN_POINT ( 'NONE',  ( 2.423437499999999467, 62.00000000000003553, -28.40927304964332833 ) ) ;
#5466 = CARTESIAN_POINT ( 'NONE',  ( -14.09999999999999964, 56.46999999999999886, -3.118128122774877387 ) ) ;
#5467 = DIRECTION ( 'NONE',  ( 0.0000000000000000000, 0.0000000000000000000, -1.000000000000000000 ) ) ;
#5468 = EDGE_LOOP ( 'NONE', ( #3096, #1917, #7099, #7660 ) ) ;
#5469 = CARTESIAN_POINT ( 'NONE',  ( 8.278326827612708882, 56.13895679687946227, -0.1830673679704203638 ) ) ;
#5470 = VERTEX_POINT ( 'NONE', #1099 ) ;
#5471 = CARTESIAN_POINT ( 'NONE',  ( -0.9739445561780660787, 54.21139915754670113, -0.006673294508614697855 ) ) ;
#5472 = CARTESIAN_POINT ( 'NONE',  ( 7.674400245067066528, 56.32650158020060616, -0.4433067690960488805 ) ) ;
#5473 = EDGE_LOOP ( 'NONE', ( #7470, #5953, #4712, #2054 ) ) ;
#5474 = CARTESIAN_POINT ( 'NONE',  ( 10.10304959289029547, 53.83631277791960201, -0.7260886155308459156 ) ) ;
#5475 = EDGE_CURVE ( 'NONE', #2116, #8698, #5390, .T. ) ;
#5476 = CARTESIAN_POINT ( 'NONE',  ( 0.4178539778228485546, 54.19851156681517068, 0.7023928024058537778 ) ) ;
#5477 = VERTEX_POINT ( 'NONE', #6506 ) ;
#5478 = CARTESIAN_POINT ( 'NONE',  ( 1.239768439432351155, 54.20633691371320850, 0.2892040844961519253 ) ) ;
#5479 = CARTESIAN_POINT ( 'NONE',  ( 10.11819464078882724, 56.37109059595935889, -0.4179459123721622760 ) ) ;
#5480 = CARTESIAN_POINT ( 'NONE',  ( 9.312728081437194660, 55.88292073555577133, -0.3118857649318902969 ) ) ;
#5481 = CARTESIAN_POINT ( 'NONE',  ( 0.0000000000000000000, 54.19851156681517068, -70.87421554853963812 ) ) ;
#5482 = CARTESIAN_POINT ( 'NONE',  ( -1.116814527539505608, 54.65311064657262108, 0.2945660869772367407 ) ) ;
#5483 = CARTESIAN_POINT ( 'NONE',  ( 7.292386991060698875, 54.81028795868408565, -0.07456829714020223043 ) ) ;
#5484 = DIRECTION ( 'NONE',  ( 0.0000000000000000000, 3.122502256758250246E-14, 1.000000000000000000 ) ) ;
#5485 = AXIS2_PLACEMENT_3D ( 'NONE', #6254, #9312, #9417 ) ;
#5486 = CYLINDRICAL_SURFACE ( 'NONE', #8208, 0.2000000000037180370 ) ;
#5487 = DIRECTION ( 'NONE',  ( 0.0000000000000000000, 0.0000000000000000000, 1.000000000000000000 ) ) ;
#5488 = ADVANCED_FACE ( 'NONE', ( #5601 ), #6133, .T. ) ;
#5489 = ORIENTED_EDGE ( 'NONE', *, *, #9834, .F. ) ;
#5490 = CARTESIAN_POINT ( 'NONE',  ( -1.484067763792421335, 56.66724782447153075, -0.02736481479098749198 ) ) ;
#5491 = CARTESIAN_POINT ( 'NONE',  ( 8.342763478857840198, 55.93706575351387755, -0.1906442148427391903 ) ) ;
#5492 = ORIENTED_EDGE ( 'NONE', *, *, #1692, .F. ) ;
#5493 = PLANE ( 'NONE',  #6189 ) ;
#5494 = MANIFOLD_SOLID_BREP ( 'Extrude18', #8190 ) ;
#5495 = CARTESIAN_POINT ( 'NONE',  ( 1.540670223399103866, 55.93027452622209239, -0.01857861185664097872 ) ) ;
#5496 = CARTESIAN_POINT ( 'NONE',  ( -1.858565410385785821, 53.87253265680915604, 0.2757295924462485615 ) ) ;
#5497 = DIRECTION ( 'NONE',  ( -1.000000000000000000, 0.0000000000000000000, 0.0000000000000000000 ) ) ;
#5498 = EDGE_CURVE ( 'NONE', #5314, #7129, #2669, .T. ) ;
#5499 = EDGE_CURVE ( 'NONE', #7933, #4542, #4467, .T. ) ;
#5500 = ORIENTED_EDGE ( 'NONE', *, *, #467, .F. ) ;
#5501 = VERTEX_POINT ( 'NONE', #5119 ) ;
#5502 = CARTESIAN_POINT ( 'NONE',  ( -14.09999999999999964, 56.13128306799008982, 0.0000000000000000000 ) ) ;
#5503 = CARTESIAN_POINT ( 'NONE',  ( 7.106513581460826678, 54.33806124144058458, -0.03936411257272898201 ) ) ;
#5504 = CARTESIAN_POINT ( 'NONE',  ( 8.008133446672333733, 55.71754220495179766, -0.5389759807138325698 ) ) ;
#5505 = B_SPLINE_SURFACE_WITH_KNOTS ( 'NONE', 3, 1, ( 
 ( #36, #6820 ),
 ( #7508, #9161 ),
 ( #3686, #7467 ),
 ( #3646, #3789 ),
 ( #6718, #5300 ),
 ( #636, #6876 ),
 ( #4598, #3107 ),
 ( #5190, #5351 ),
 ( #2341, #8268 ),
 ( #1356, #3006 ),
 ( #1497, #6765 ),
 ( #588, #9913 ),
 ( #6103, #8372 ),
 ( #4398, #6157 ),
 ( #5246, #3057 ) ),
 .UNSPECIFIED., .F., .F., .F.,
 ( 4, 1, 1, 1, 1, 1, 1, 1, 1, 1, 1, 1, 4 ),
 ( 2, 2 ),
 ( 0.0000000000000000000, 0.08285228598673671785, 0.1615704153705273816, 0.2369671336907192005, 0.3112344992242581654, 0.3838500414216300394, 0.4548170057604813410, 0.5248211012900242389, 0.5971994163521523458, 0.6770626901398743014, 0.7702457161666116381, 0.8777226845268824018, 0.9999999999999998890 ),
 ( 0.0000000000000000000, 1.000000000000000000 ),
 .UNSPECIFIED. ) ;
#5506 = CARTESIAN_POINT ( 'NONE',  ( -1.116649856027133181, 56.50209650368221759, -0.008775877293557015138 ) ) ;
#5507 = VECTOR ( 'NONE', #9164, 1000.000000000000000 ) ;
#5508 = CARTESIAN_POINT ( 'NONE',  ( 5.777104940012514511, 56.66670149473252849, 0.1245479781011749471 ) ) ;
#5509 = DIRECTION ( 'NONE',  ( -1.000000000000000000, -0.0000000000000000000, -0.0000000000000000000 ) ) ;
#5510 = DIRECTION ( 'NONE',  ( 0.0000000000000000000, 0.0000000000000000000, -1.000000000000000000 ) ) ;
#5511 = EDGE_CURVE ( 'NONE', #7751, #1617, #2509, .T. ) ;
#5512 = VERTEX_POINT ( 'NONE', #611 ) ;
#5513 = DIRECTION ( 'NONE',  ( 0.0000000000000000000, -1.000000000000000000, -8.652902722719879942E-16 ) ) ;
#5514 = EDGE_LOOP ( 'NONE', ( #2009, #3927, #3277, #2915 ) ) ;
#5515 = VECTOR ( 'NONE', #1200, 1000.000000000000000 ) ;
#5516 = CARTESIAN_POINT ( 'NONE',  ( 10.18137163110741561, 53.83761306863913632, -0.7350655472139265845 ) ) ;
#5517 = LINE ( 'NONE', #9381, #2331 ) ;
#5518 = CARTESIAN_POINT ( 'NONE',  ( -2.600000000000000089, 4.999999999999998224, -50.69881433360053080 ) ) ;
#5519 = DIRECTION ( 'NONE',  ( 0.0000000000000000000, -1.000000000000000000, 0.0000000000000000000 ) ) ;
#5520 = DIRECTION ( 'NONE',  ( 1.000000000000000000, 0.0000000000000000000, 0.0000000000000000000 ) ) ;
#5521 = AXIS2_PLACEMENT_3D ( 'NONE', #7882, #1169, #5575 ) ;
#5522 = ORIENTED_EDGE ( 'NONE', *, *, #1573, .F. ) ;
#5523 = EDGE_CURVE ( 'NONE', #4824, #1531, #5159, .T. ) ;
#5524 = VECTOR ( 'NONE', #4641, 1000.000000000000000 ) ;
#5525 = EDGE_LOOP ( 'NONE', ( #670, #681, #5407, #2321, #861, #7571 ) ) ;
#5526 = DIRECTION ( 'NONE',  ( 0.0000000000000000000, 0.0000000000000000000, 1.000000000000000000 ) ) ;
#5527 = ORIENTED_EDGE ( 'NONE', *, *, #3264, .T. ) ;
#5528 = CARTESIAN_POINT ( 'NONE',  ( 14.09999999999999964, 56.50000000000000000, -3.618128122774996847 ) ) ;
#5529 = ORIENTED_EDGE ( 'NONE', *, *, #4345, .F. ) ;
#5530 = CARTESIAN_POINT ( 'NONE',  ( 14.09999999999999964, 17.78128306799198910, -48.19521439518879191 ) ) ;
#5531 = VECTOR ( 'NONE', #239, 1000.000000000000000 ) ;
#5532 = DIRECTION ( 'NONE',  ( 0.0000000000000000000, 1.000000000000000000, -1.613696256724364402E-15 ) ) ;
#5533 = CIRCLE ( 'NONE', #2652, 71.17421554853964949 ) ;
#5534 = CARTESIAN_POINT ( 'NONE',  ( 9.602156404216223962, 54.81372427811696468, -0.3506712282180404761 ) ) ;
#5535 = CARTESIAN_POINT ( 'NONE',  ( 10.31602234645729332, 56.31499483523102612, -0.7547687916906036243 ) ) ;
#5536 = CARTESIAN_POINT ( 'NONE',  ( 9.847981230112544893, 56.65950330450468186, -0.3037559157698060952 ) ) ;
#5537 = ADVANCED_FACE ( 'NONE', ( #9736 ), #3622, .T. ) ;
#5538 = CARTESIAN_POINT ( 'NONE',  ( -1.463542356246558818, 56.31341293260068426, 0.1388144815197078774 ) ) ;
#5539 = VECTOR ( 'NONE', #662, 1000.000000000000000 ) ;
#5540 = CARTESIAN_POINT ( 'NONE',  ( -14.09999999999999964, 10.49999999999999467, -3.618128122775018163 ) ) ;
#5541 = CARTESIAN_POINT ( 'NONE',  ( 8.032650659122481329, 56.35224890046748669, -0.1373998474905828715 ) ) ;
#5542 = CARTESIAN_POINT ( 'NONE',  ( 10.60215962331741579, 54.96047819081320540, -0.4184356817180829857 ) ) ;
#5543 = ORIENTED_EDGE ( 'NONE', *, *, #9649, .F. ) ;
#5544 = PLANE ( 'NONE',  #1074 ) ;
#5545 = CARTESIAN_POINT ( 'NONE',  ( 1.220779177199194931, 54.20447800843747643, -0.01051448924289559786 ) ) ;
#5546 = ORIENTED_EDGE ( 'NONE', *, *, #2426, .F. ) ;
#5547 = LINE ( 'NONE', #5335, #1239 ) ;
#5548 = AXIS2_PLACEMENT_3D ( 'NONE', #8992, #2837, #5720 ) ;
#5549 = EDGE_CURVE ( 'NONE', #1862, #1912, #4672, .T. ) ;
#5550 = CARTESIAN_POINT ( 'NONE',  ( 1.765009944891056781, 55.55269560581318444, -0.02197282435491940827 ) ) ;
#5551 = LINE ( 'NONE', #4686, #6612 ) ;
#5552 = CARTESIAN_POINT ( 'NONE',  ( 7.552007246137565133, 54.24506996465323283, -0.4034638490598875249 ) ) ;
#5553 = CONICAL_SURFACE ( 'NONE', #3149, 3.421800737640534606, 0.1221730476387383191 ) ;
#5554 = ORIENTED_EDGE ( 'NONE', *, *, #2529, .F. ) ;
#5555 = ORIENTED_EDGE ( 'NONE', *, *, #9268, .T. ) ;
#5556 = CARTESIAN_POINT ( 'NONE',  ( 1.239945530432513987, 56.34957645035529339, -0.01861215123666109736 ) ) ;
#5557 = LINE ( 'NONE', #2385, #5524 ) ;
#5558 = CARTESIAN_POINT ( 'NONE',  ( 2.004564845531866091, 54.79913067852968567, 0.2857201262141788600 ) ) ;
#5559 = EDGE_CURVE ( 'NONE', #6661, #8954, #9223, .T. ) ;
#5560 = CARTESIAN_POINT ( 'NONE',  ( 14.09999999999999964, 0.0000000000000000000, -2.797128122774994452 ) ) ;
#5561 = AXIS2_PLACEMENT_3D ( 'NONE', #1032, #4072, #4125 ) ;
#5562 = EDGE_CURVE ( 'NONE', #730, #6426, #3938, .T. ) ;
#5563 = EDGE_CURVE ( 'NONE', #4639, #7129, #4725, .T. ) ;
#5564 = CARTESIAN_POINT ( 'NONE',  ( -13.50000000000000000, 54.09999999999998010, -2.797607197594146555 ) ) ;
#5565 = DIRECTION ( 'NONE',  ( 1.000000000000000000, 0.0000000000000000000, 0.0000000000000000000 ) ) ;
#5566 = LINE ( 'NONE', #3404, #1916 ) ;
#5567 = VERTEX_POINT ( 'NONE', #6899 ) ;
#5568 = PLANE ( 'NONE',  #8128 ) ;
#5569 = CIRCLE ( 'NONE', #6688, 0.1999999999978477327 ) ;
#5570 = ORIENTED_EDGE ( 'NONE', *, *, #4605, .T. ) ;
#5571 = CARTESIAN_POINT ( 'NONE',  ( 14.09999999999999964, 13.99999999999999822, -5.458128122775026014 ) ) ;
#5572 = B_SPLINE_CURVE_WITH_KNOTS ( 'NONE', 3,
 ( #2491, #1053, #4040, #9418, #1801, #5552, #4094, #8619, #1750, #223, #4848, #7912, #3348, #2595 ),
 .UNSPECIFIED., .F., .F.,
 ( 4, 2, 2, 2, 2, 2, 4 ),
 ( 0.0000000000000000000, 0.0001193847060184818578, 0.0002387694120369637156, 0.0004775388240739297623, 0.0007163082361108958360, 0.0008356929421293788187, 0.0009550776481478619098 ),
 .UNSPECIFIED. ) ;
#5573 = LINE ( 'NONE', #8633, #4740 ) ;
#5574 = CARTESIAN_POINT ( 'NONE',  ( 10.10304959289029547, 56.69768321019457602, -0.7237856243798188594 ) ) ;
#5575 = DIRECTION ( 'NONE',  ( 0.0000000000000000000, 0.0000000000000000000, 1.000000000000000000 ) ) ;
#5576 = EDGE_CURVE ( 'NONE', #2888, #4015, #4747, .T. ) ;
#5577 = ORIENTED_EDGE ( 'NONE', *, *, #2429, .T. ) ;
#5578 = CARTESIAN_POINT ( 'NONE',  ( 7.275000000000002132, 52.00000000000003553, -30.69999999999992468 ) ) ;
#5579 = CARTESIAN_POINT ( 'NONE',  ( -0.9849228404983476626, 56.38223986086135397, -0.006802325061059650083 ) ) ;
#5580 = ORIENTED_EDGE ( 'NONE', *, *, #5355, .T. ) ;
#5581 = CYLINDRICAL_SURFACE ( 'NONE', #6630, 2.500000000000000444 ) ;
#5582 = ORIENTED_EDGE ( 'NONE', *, *, #4203, .F. ) ;
#5583 = CARTESIAN_POINT ( 'NONE',  ( -14.09999999999999964, 13.99999999999999822, -5.458128122775026014 ) ) ;
#5584 = VERTEX_POINT ( 'NONE', #819 ) ;
#5585 = CIRCLE ( 'NONE', #1260, 0.2000000000037180370 ) ;
#5586 = LINE ( 'NONE', #8749, #9854 ) ;
#5587 = DIRECTION ( 'NONE',  ( -0.0000000000000000000, -1.000000000000000000, -0.0000000000000000000 ) ) ;
#5588 = CARTESIAN_POINT ( 'NONE',  ( 8.378983357747397775, 54.79161208363164803, -0.3159358741946251548 ) ) ;
#5589 = CARTESIAN_POINT ( 'NONE',  ( 9.639202677618875725, 56.54256022981891050, -0.3037559157698063728 ) ) ;
#5590 = CARTESIAN_POINT ( 'NONE',  ( -1.017110831011386551, 55.25489752971617463, 0.2945660869772367407 ) ) ;
#5591 = CIRCLE ( 'NONE', #1270, 0.5000000000000004441 ) ;
#5592 = LINE ( 'NONE', #9347, #4213 ) ;
#5593 = CARTESIAN_POINT ( 'NONE',  ( 7.816157513667909562, 56.69473378622170401, -0.06796898991423473702 ) ) ;
#5594 = ORIENTED_EDGE ( 'NONE', *, *, #7183, .F. ) ;
#5595 = CARTESIAN_POINT ( 'NONE',  ( 0.05565518892728234246, 53.87253265680915604, -2.185209746485838878E-05 ) ) ;
#5596 = EDGE_CURVE ( 'NONE', #4015, #686, #6947, .T. ) ;
#5597 = CARTESIAN_POINT ( 'NONE',  ( -4.724999999999997868, 62.00000000000007105, -18.74999999999995381 ) ) ;
#5598 = CARTESIAN_POINT ( 'NONE',  ( 1.036421596983557958, 56.69768321019457602, -0.007578405987404557287 ) ) ;
#5599 = ORIENTED_EDGE ( 'NONE', *, *, #7764, .F. ) ;
#5600 = AXIS2_PLACEMENT_3D ( 'NONE', #857, #6885, #6987 ) ;
#5601 = FACE_OUTER_BOUND ( 'NONE', #6101, .T. ) ;
#5602 =( BOUNDED_CURVE ( )  B_SPLINE_CURVE ( 3, ( #1365, #3346, #4408, #4273 ),
 .UNSPECIFIED., .F., .T. ) 
 B_SPLINE_CURVE_WITH_KNOTS ( ( 4, 4 ),
 ( 4.712388980384690562, 6.283185307179586232 ),
 .UNSPECIFIED. ) 
 CURVE ( )  GEOMETRIC_REPRESENTATION_ITEM ( )  RATIONAL_B_SPLINE_CURVE ( ( 1.000000000000000000, 0.8047378541243652705, 0.8047378541243652705, 1.000000000000000000 ) ) 
 REPRESENTATION_ITEM ( '' )  );
#5603 = CARTESIAN_POINT ( 'NONE',  ( 1.304063004796177649, 55.54341437917025814, 0.2902530130439313627 ) ) ;
#5604 = CARTESIAN_POINT ( 'NONE',  ( -1.033313936900177588, 55.61033218600905315, 0.2945886685900924173 ) ) ;
#5605 = DIRECTION ( 'NONE',  ( -1.000000000000000000, -0.0000000000000000000, -0.0000000000000000000 ) ) ;
#5606 = CARTESIAN_POINT ( 'NONE',  ( 1.589059868167181477, 54.42080519606068378, 0.2822661156031162077 ) ) ;
#5607 = CARTESIAN_POINT ( 'NONE',  ( 0.1499999999999999667, 4.999999999999998224, -48.69521209059480782 ) ) ;
#5608 = AXIS2_PLACEMENT_3D ( 'NONE', #1595, #6759, #3838 ) ;
#5609 = CARTESIAN_POINT ( 'NONE',  ( 0.1499999999999999667, 4.999999999999998224, -48.69521209059480782 ) ) ;
#5610 = EDGE_LOOP ( 'NONE', ( #3274, #8592, #9717, #996 ) ) ;
#5611 = VERTEX_POINT ( 'NONE', #6188 ) ;
#5612 = ADVANCED_FACE ( 'NONE', ( #6289 ), #7002, .T. ) ;
#5613 = CARTESIAN_POINT ( 'NONE',  ( -5.494198100116994610, 41.33504442748403562, -3.297607197594146111 ) ) ;
#5614 = CARTESIAN_POINT ( 'NONE',  ( 7.027937307412201129, 54.57461023220844964, -0.4418531884689677058 ) ) ;
#5615 = CARTESIAN_POINT ( 'NONE',  ( 1.939859605537455733, 55.01091029804335619, 0.2857201262141788600 ) ) ;
#5616 = CARTESIAN_POINT ( 'NONE',  ( 10.25753304328630300, 56.68834479248230451, -0.4429898514038920210 ) ) ;
#5617 = AXIS2_PLACEMENT_3D ( 'NONE', #4845, #5605, #998 ) ;
#5618 = DIRECTION ( 'NONE',  ( -0.0000000000000000000, -0.0000000000000000000, 1.000000000000000000 ) ) ;
#5619 = FACE_OUTER_BOUND ( 'NONE', #2701, .T. ) ;
#5620 = ORIENTED_EDGE ( 'NONE', *, *, #1251, .F. ) ;
#5621 = CARTESIAN_POINT ( 'NONE',  ( -4.724999999999997868, 62.00000000000004263, -27.19999999999996021 ) ) ;
#5622 = ADVANCED_FACE ( 'NONE', ( #763 ), #6024, .F. ) ;
#5623 = VERTEX_POINT ( 'NONE', #7795 ) ;
#5624 = EDGE_CURVE ( 'NONE', #6788, #8831, #9232, .T. ) ;
#5625 = EDGE_CURVE ( 'NONE', #9050, #8983, #3973, .T. ) ;
#5626 = CARTESIAN_POINT ( 'NONE',  ( 7.350951513866339049, 55.43569257676744400, -0.4472155396743593969 ) ) ;
#5627 = LINE ( 'NONE', #4915, #2325 ) ;
#5628 = CARTESIAN_POINT ( 'NONE',  ( 9.312730449058193472, 55.88293594464186498, -0.6144987034733698783 ) ) ;
#5629 = DIRECTION ( 'NONE',  ( 1.000000000000000000, 0.0000000000000000000, -0.0000000000000000000 ) ) ;
#5630 = CARTESIAN_POINT ( 'NONE',  ( -14.59999999999999964, 37.59360607324528303, -2.797128122774994452 ) ) ;
#5631 = VERTEX_POINT ( 'NONE', #3133 ) ;
#5632 = ORIENTED_EDGE ( 'NONE', *, *, #9890, .T. ) ;
#5633 = CARTESIAN_POINT ( 'NONE',  ( 9.728725794680894268, 56.14394430455678275, -0.6708916332450134412 ) ) ;
#5634 = ORIENTED_EDGE ( 'NONE', *, *, #9906, .T. ) ;
#5635 = VECTOR ( 'NONE', #121, 1000.000000000000000 ) ;
#5636 = DIRECTION ( 'NONE',  ( 3.552713678800500929E-14, 0.0000000000000000000, 1.000000000000000000 ) ) ;
#5637 = VERTEX_POINT ( 'NONE', #3919 ) ;
#5638 = ADVANCED_FACE ( 'NONE', ( #3181 ), #7570, .T. ) ;
#5639 = VERTEX_POINT ( 'NONE', #7250 ) ;
#5640 = FACE_OUTER_BOUND ( 'NONE', #117, .T. ) ;
#5641 = CARTESIAN_POINT ( 'NONE',  ( -14.09999999999999964, 0.0000000000000000000, -2.797128122774994452 ) ) ;
#5642 = DIRECTION ( 'NONE',  ( 0.0000000000000000000, 0.0000000000000000000, 1.000000000000000000 ) ) ;
#5643 = CARTESIAN_POINT ( 'NONE',  ( 9.444965247573836820, 56.28630497113547904, -0.3037559157698058732 ) ) ;
#5644 = CARTESIAN_POINT ( 'NONE',  ( -1.018377732801044377, 55.15526468405540328, -0.01317352179555262431 ) ) ;
#5645 = ORIENTED_EDGE ( 'NONE', *, *, #1778, .F. ) ;
#5646 = FACE_OUTER_BOUND ( 'NONE', #7416, .T. ) ;
#5647 = LINE ( 'NONE', #9506, #8454 ) ;
#5648 = EDGE_CURVE ( 'NONE', #1531, #1699, #5719, .T. ) ;
#5649 = CARTESIAN_POINT ( 'NONE',  ( 0.4178539778228486656, 55.50242720683921505, 0.2987734079682932697 ) ) ;
#5650 = CARTESIAN_POINT ( 'NONE',  ( 7.238199962883551386, 56.36092338544064972, -0.03977020646210366328 ) ) ;
#5651 = VERTEX_POINT ( 'NONE', #7943 ) ;
#5652 = CARTESIAN_POINT ( 'NONE',  ( 10.92371235803487828, 54.92334465131426668, -0.4181348863512484582 ) ) ;
#5653 = DIRECTION ( 'NONE',  ( -0.0000000000000000000, 1.000000000000000000, 8.673617379879377248E-16 ) ) ;
#5654 = CARTESIAN_POINT ( 'NONE',  ( 8.220521387605586483, 56.22682478463033107, -0.4783530441510952524 ) ) ;
#5655 = EDGE_CURVE ( 'NONE', #3768, #787, #572, .T. ) ;
#5656 = ORIENTED_EDGE ( 'NONE', *, *, #8886, .T. ) ;
#5657 = ORIENTED_EDGE ( 'NONE', *, *, #4055, .T. ) ;
#5658 = DIRECTION ( 'NONE',  ( 0.0000000000000000000, 1.000000000000000000, 0.0000000000000000000 ) ) ;
#5659 = CARTESIAN_POINT ( 'NONE',  ( 0.0000000000000000000, 59.85600527474578314, 0.0000000000000000000 ) ) ;
#5660 = CARTESIAN_POINT ( 'NONE',  ( 8.421951623950219457, 55.52404108247339565, -0.1407445101694965450 ) ) ;
#5661 = ADVANCED_FACE ( 'NONE', ( #4975 ), #4880, .T. ) ;
#5662 = CARTESIAN_POINT ( 'NONE',  ( 8.234497627510981133, 54.33104094601061007, -0.1326601476622898956 ) ) ;
#5663 = CARTESIAN_POINT ( 'NONE',  ( 9.522965595049740273, 54.10852780519892491, -0.6426873301080210377 ) ) ;
#5664 = ORIENTED_EDGE ( 'NONE', *, *, #7345, .T. ) ;
#5665 = DIRECTION ( 'NONE',  ( 0.0000000000000000000, -8.652902722719878956E-16, 1.000000000000000000 ) ) ;
#5666 = CARTESIAN_POINT ( 'NONE',  ( 10.49999999999999822, 8.734092485736935529, -6.348128122774982174 ) ) ;
#5667 = EDGE_LOOP ( 'NONE', ( #8611, #925, #4840, #7937 ) ) ;
#5668 = CARTESIAN_POINT ( 'NONE',  ( 7.929630485273836626, 55.71974648017654630, -0.4472155396743596190 ) ) ;
#5669 = CARTESIAN_POINT ( 'NONE',  ( -1.897049031705940081, 56.37170430018856138, 0.2868131980923047664 ) ) ;
#5670 = AXIS2_PLACEMENT_3D ( 'NONE', #8087, #3513, #1915 ) ;
#5671 = DIRECTION ( 'NONE',  ( 0.0000000000000000000, -1.000000000000000000, 3.362642065588203259E-15 ) ) ;
#5672 = VERTEX_POINT ( 'NONE', #9594 ) ;
#5673 = EDGE_CURVE ( 'NONE', #4869, #80, #1733, .T. ) ;
#5674 =( NAMED_UNIT ( * ) SI_UNIT ( $, .STERADIAN. ) SOLID_ANGLE_UNIT ( ) );
#5675 = EDGE_CURVE ( 'NONE', #5089, #8073, #986, .T. ) ;
#5676 = EDGE_LOOP ( 'NONE', ( #5360, #6832, #6632, #114 ) ) ;
#5677 = CARTESIAN_POINT ( 'NONE',  ( -1.680513931326638177, 53.87745409224957882, -0.01987206483659924999 ) ) ;
#5678 = ORIENTED_EDGE ( 'NONE', *, *, #8613, .T. ) ;
#5679 = CIRCLE ( 'NONE', #1350, 4.000000000000327738 ) ;
#5680 = CARTESIAN_POINT ( 'NONE',  ( 1.685872939138126636, 56.49588706841716146, 0.2800429503015117727 ) ) ;
#5681 = EDGE_LOOP ( 'NONE', ( #6039, #7674, #5125, #4212 ) ) ;
#5682 = LINE ( 'NONE', #5530, #8731 ) ;
#5683 = ORIENTED_EDGE ( 'NONE', *, *, #7963, .T. ) ;
#5684 = CARTESIAN_POINT ( 'NONE',  ( -5.503499385153697077, 41.33504442748403562, -3.297607197594146111 ) ) ;
#5685 = DIRECTION ( 'NONE',  ( -0.0000000000000000000, 0.0000000000000000000, 1.000000000000000000 ) ) ;
#5686 = DIRECTION ( 'NONE',  ( 0.0000000000000000000, 0.0000000000000000000, 1.000000000000000000 ) ) ;
#5687 = CIRCLE ( 'NONE', #5521, 71.17421554853964949 ) ;
#5688 = ADVANCED_FACE ( 'NONE', ( #6341 ), #1784, .F. ) ;
#5689 = EDGE_CURVE ( 'NONE', #9074, #525, #8704, .T. ) ;
#5690 = DIRECTION ( 'NONE',  ( -1.000000000000000000, -0.0000000000000000000, -0.0000000000000000000 ) ) ;
#5691 = CARTESIAN_POINT ( 'NONE',  ( 9.595971288436501823, 55.26699799405708546, -0.6526251033470719110 ) ) ;
#5692 = CARTESIAN_POINT ( 'NONE',  ( 1.518681206739667555, 53.93384806784841601, 0.2838170243050288644 ) ) ;
#5693 = VECTOR ( 'NONE', #6348, 1000.000000000000000 ) ;
#5694 = AXIS2_PLACEMENT_3D ( 'NONE', #2786, #1338, #4289 ) ;
#5695 = CARTESIAN_POINT ( 'NONE',  ( 3.047417185204659873, 56.69768321019457602, 0.2347304951847081766 ) ) ;
#5696 = DIRECTION ( 'NONE',  ( 0.0000000000000000000, -1.000000000000000000, 3.362642065588203259E-15 ) ) ;
#5697 = CARTESIAN_POINT ( 'NONE',  ( 7.238199962883551386, 56.36092338544064972, -0.3737647796839237424 ) ) ;
#5698 = ORIENTED_EDGE ( 'NONE', *, *, #5230, .T. ) ;
#5699 = CARTESIAN_POINT ( 'NONE',  ( 10.90074221823427436, 54.72191805135575748, -0.4181348863512486802 ) ) ;
#5700 = AXIS2_PLACEMENT_3D ( 'NONE', #7014, #6957, #66 ) ;
#5701 = CARTESIAN_POINT ( 'NONE',  ( 1.343408943085429463, 55.55811905391821170, -0.01857861185664054504 ) ) ;
#5702 = CARTESIAN_POINT ( 'NONE',  ( -1.214496956473605005, 56.10185020046353799, 0.2945886685900925839 ) ) ;
#5703 = DIRECTION ( 'NONE',  ( -0.0000000000000000000, -0.0000000000000000000, 1.000000000000000000 ) ) ;
#5704 = B_SPLINE_CURVE_WITH_KNOTS ( 'NONE', 3,
 ( #2016, #4405, #1969, #4354, #2816, #5013, #500, #7426, #7517, #8095 ),
 .UNSPECIFIED., .F., .F.,
 ( 4, 2, 2, 2, 4 ),
 ( 8.690541527449942710E-19, 0.0001908520947685513319, 0.0003817041895371017964, 0.0005725562843056522608, 0.0007634083790742027253 ),
 .UNSPECIFIED. ) ;
#5705 = LINE ( 'NONE', #7222, #8059 ) ;
#5706 = CARTESIAN_POINT ( 'NONE',  ( 14.09999999999999964, 11.80000000000000426, -5.754411018423118307 ) ) ;
#5707 = ORIENTED_EDGE ( 'NONE', *, *, #5648, .T. ) ;
#5708 = AXIS2_PLACEMENT_3D ( 'NONE', #4464, #7436, #5829 ) ;
#5709 = ORIENTED_EDGE ( 'NONE', *, *, #3562, .T. ) ;
#5710 = LINE ( 'NONE', #3352, #6989 ) ;
#5711 = CARTESIAN_POINT ( 'NONE',  ( 8.500000000000000000, 13.99999999999999467, -25.20200572722880139 ) ) ;
#5712 = CARTESIAN_POINT ( 'NONE',  ( 8.704393285981851136, 54.83597669337176939, -0.1407445101694958789 ) ) ;
#5713 = AXIS2_PLACEMENT_3D ( 'NONE', #8357, #4334, #7404 ) ;
#5714 = ORIENTED_EDGE ( 'NONE', *, *, #5167, .T. ) ;
#5715 = CARTESIAN_POINT ( 'NONE',  ( 1.516334992270183202, 55.35754769128097763, -0.01622264857050991979 ) ) ;
#5716 = ORIENTED_EDGE ( 'NONE', *, *, #3820, .T. ) ;
#5717 = CARTESIAN_POINT ( 'NONE',  ( 8.295829083563130979, 55.16121938502701738, -0.4871705990104426842 ) ) ;
#5718 = ADVANCED_FACE ( 'NONE', ( #3330 ), #9453, .F. ) ;
#5719 = CIRCLE ( 'NONE', #743, 4.000000000000001776 ) ;
#5720 = DIRECTION ( 'NONE',  ( 0.0000000000000000000, -3.284683504808154273E-15, -1.000000000000000000 ) ) ;
#5721 = CARTESIAN_POINT ( 'NONE',  ( 12.47702440583563188, 59.12084839484518284, -1.106758281664957710 ) ) ;
#5722 = VERTEX_POINT ( 'NONE', #7556 ) ;
#5723 = DIRECTION ( 'NONE',  ( 0.0000000000000000000, 1.000000000000000000, -3.362642065588203259E-15 ) ) ;
#5724 = CARTESIAN_POINT ( 'NONE',  ( -0.7700200500300394824, 56.02248762728508780, -0.004176374588372578148 ) ) ;
#5725 = AXIS2_PLACEMENT_3D ( 'NONE', #9641, #2588, #6592 ) ;
#5726 = CARTESIAN_POINT ( 'NONE',  ( 0.05565518892728234246, 56.69768321019457602, -2.185209746485838878E-05 ) ) ;
#5727 = DIRECTION ( 'NONE',  ( 0.0000000000000000000, 0.0000000000000000000, 1.000000000000000000 ) ) ;
#5728 = ORIENTED_EDGE ( 'NONE', *, *, #261, .T. ) ;
#5729 = CARTESIAN_POINT ( 'NONE',  ( 7.294767181720745342, 54.72560050549010668, -0.07239559482833290982 ) ) ;
#5730 = VERTEX_POINT ( 'NONE', #4446 ) ;
#5732 = EDGE_CURVE ( 'NONE', #6505, #9542, #3323, .T. ) ;
#5731 = DIRECTION ( 'NONE',  ( -0.0000000000000000000, -0.0000000000000000000, 1.000000000000000000 ) ) ;
#5733 = DIRECTION ( 'NONE',  ( 0.0000000000000000000, 0.0000000000000000000, 1.000000000000000000 ) ) ;
#5734 = LINE ( 'NONE', #3280, #1146 ) ;
#5735 = CARTESIAN_POINT ( 'NONE',  ( 9.970007542539930157, 56.68904289421046627, -0.7262907717472796287 ) ) ;
#5736 = CIRCLE ( 'NONE', #9424, 0.3000000000000085931 ) ;
#5737 = LINE ( 'NONE', #9806, #6916 ) ;
#5738 = ORIENTED_EDGE ( 'NONE', *, *, #3998, .F. ) ;
#5739 = DIRECTION ( 'NONE',  ( 0.0000000000000000000, 1.000000000000000000, -5.782411586589355667E-16 ) ) ;
#5740 = FACE_BOUND ( 'NONE', #9587, .T. ) ;
#5741 = EDGE_LOOP ( 'NONE', ( #2272, #6463, #4131, #5422 ) ) ;
#5742 = B_SPLINE_CURVE_WITH_KNOTS ( 'NONE', 3,
 ( #1887, #2686, #266, #2636, #4838, #8609 ),
 .UNSPECIFIED., .F., .F.,
 ( 4, 2, 4 ),
 ( 5.421010862427522170E-20, 0.0001540566686894058663, 0.0003081133373788116784 ),
 .UNSPECIFIED. ) ;
#5743 = DIRECTION ( 'NONE',  ( 1.000000000000000000, -0.0000000000000000000, 0.0000000000000000000 ) ) ;
#5744 = ADVANCED_FACE ( 'NONE', ( #4495 ), #9764, .F. ) ;
#5746 = ADVANCED_FACE ( 'NONE', ( #8213 ), #5505, .T. ) ;
#5745 = CARTESIAN_POINT ( 'NONE',  ( -14.09999999999999964, 36.78974845414018091, -33.49521209058222126 ) ) ;
#5747 = CARTESIAN_POINT ( 'NONE',  ( 6.983151188041133217, 55.57277978927492512, -0.3737647796839237424 ) ) ;
#5748 = VERTEX_POINT ( 'NONE', #9808 ) ;
#5749 = CARTESIAN_POINT ( 'NONE',  ( 10.88498431680880962, 54.62958079268961598, -0.8513888723903021427 ) ) ;
#5750 = DIRECTION ( 'NONE',  ( 0.0000000000000000000, 8.652902722719878956E-16, -1.000000000000000000 ) ) ;
#5751 = CARTESIAN_POINT ( 'NONE',  ( -1.023397268144975225, 55.51469391270197207, 0.2945886685900929725 ) ) ;
#5752 = CARTESIAN_POINT ( 'NONE',  ( -4.724999999999997868, 62.00000000000001421, -34.44999999999996021 ) ) ;
#5753 = AXIS2_PLACEMENT_3D ( 'NONE', #6228, #5370, #8335 ) ;
#5754 = EDGE_CURVE ( 'NONE', #7647, #6661, #2897, .T. ) ;
#5755 = CARTESIAN_POINT ( 'NONE',  ( 2.685218396309094313, 56.69768321019457602, 0.2493288029204107636 ) ) ;
#5756 = DIRECTION ( 'NONE',  ( 1.000000000000000000, 0.0000000000000000000, 0.0000000000000000000 ) ) ;
#5757 = AXIS2_PLACEMENT_3D ( 'NONE', #232, #3360, #335 ) ;
#5758 = CARTESIAN_POINT ( 'NONE',  ( 10.89389364142524563, 55.88534963440353209, -0.5386457209662437462 ) ) ;
#5759 = CARTESIAN_POINT ( 'NONE',  ( 14.09999999999999964, 55.19999999999969731, 0.0000000000000000000 ) ) ;
#5760 = ORIENTED_EDGE ( 'NONE', *, *, #3586, .T. ) ;
#5761 = EDGE_LOOP ( 'NONE', ( #5344, #9861, #660, #1976, #8620 ) ) ;
#5762 = DIRECTION ( 'NONE',  ( 0.0000000000000000000, -3.469446951953647321E-15, 1.000000000000000000 ) ) ;
#5763 = FACE_OUTER_BOUND ( 'NONE', #970, .T. ) ;
#5764 = CARTESIAN_POINT ( 'NONE',  ( 1.159036624799694382, 53.87375243501202959, -0.03047645466537987277 ) ) ;
#5765 = AXIS2_PLACEMENT_3D ( 'NONE', #9148, #9849, #6038 ) ;
#5766 = ORIENTED_EDGE ( 'NONE', *, *, #4128, .T. ) ;
#5767 = CARTESIAN_POINT ( 'NONE',  ( 9.522965595049740273, 54.10852780519892491, -0.6426873301080210377 ) ) ;
#5768 = EDGE_LOOP ( 'NONE', ( #1295, #9531, #8455, #2980 ) ) ;
#5769 = CARTESIAN_POINT ( 'NONE',  ( -0.7082569464158720018, 55.82143527461133203, -0.003532219728077229653 ) ) ;
#5770 = EDGE_CURVE ( 'NONE', #3114, #3738, #5950, .T. ) ;
#5771 = ORIENTED_EDGE ( 'NONE', *, *, #2983, .T. ) ;
#5772 = VECTOR ( 'NONE', #2197, 1000.000000000000000 ) ;
#5773 = LINE ( 'NONE', #8089, #2143 ) ;
#5774 = CARTESIAN_POINT ( 'NONE',  ( 7.275000000000002132, 57.00000000000004263, -27.19999999999994245 ) ) ;
#5775 = CARTESIAN_POINT ( 'NONE',  ( 7.917179901905550210, 56.69768321019456891, -0.5344844159557688990 ) ) ;
#5776 = DIRECTION ( 'NONE',  ( 0.0000000000000000000, -1.000000000000000000, 3.362642065588203259E-15 ) ) ;
#5777 = CARTESIAN_POINT ( 'NONE',  ( 8.430209114122074965, 56.50581542223466869, -0.5344844159557691210 ) ) ;
#5778 = CARTESIAN_POINT ( 'NONE',  ( 1.331694207941456431, 54.22422613778251588, 0.2875613147674129233 ) ) ;
#5779 = VERTEX_POINT ( 'NONE', #8426 ) ;
#5780 = EDGE_CURVE ( 'NONE', #2242, #1470, #1552, .T. ) ;
#5781 = CARTESIAN_POINT ( 'NONE',  ( 10.77433916526289259, 56.25728206233883810, -0.8237421178548918199 ) ) ;
#5782 = DIRECTION ( 'NONE',  ( -1.000000000000000000, -0.0000000000000000000, -0.0000000000000000000 ) ) ;
#5783 = DIRECTION ( 'NONE',  ( -1.000000000000000000, -0.0000000000000000000, -0.0000000000000000000 ) ) ;
#5784 = CARTESIAN_POINT ( 'NONE',  ( 7.929630485273836626, 55.71974648017653919, -0.4449929915081349829 ) ) ;
#5785 = CARTESIAN_POINT ( 'NONE',  ( 6.966408081054688672, 55.19512417188561670, -0.3432040141154769630 ) ) ;
#5786 = VECTOR ( 'NONE', #5026, 1000.000000000000000 ) ;
#5787 = ORIENTED_EDGE ( 'NONE', *, *, #3115, .F. ) ;
#5788 = DIRECTION ( 'NONE',  ( 0.0000000000000000000, 0.0000000000000000000, -1.000000000000000000 ) ) ;
#5789 = CARTESIAN_POINT ( 'NONE',  ( 9.459686901261333603, 54.20802352638218480, -0.6447058877098518215 ) ) ;
#5790 = CARTESIAN_POINT ( 'NONE',  ( -8.500000000000000000, 9.999999999990905053, -30.28020498957406659 ) ) ;
#5791 = ADVANCED_FACE ( 'NONE', ( #9006 ), #2141, .T. ) ;
#5792 = CARTESIAN_POINT ( 'NONE',  ( -13.34476599995691437, 7.761356681643865940, -1.267623730324159093 ) ) ;
#5793 = DIRECTION ( 'NONE',  ( 0.0000000000000000000, 0.0000000000000000000, 1.000000000000000000 ) ) ;
#5794 = EDGE_LOOP ( 'NONE', ( #5678, #5931, #3466, #1811 ) ) ;
#5795 = DIRECTION ( 'NONE',  ( -0.0000000000000000000, -0.0000000000000000000, 1.000000000000000000 ) ) ;
#5796 = LINE ( 'NONE', #7870, #8102 ) ;
#5797 = DIRECTION ( 'NONE',  ( 1.000000000000000000, 0.0000000000000000000, 0.0000000000000000000 ) ) ;
#5798 = EDGE_CURVE ( 'NONE', #635, #7933, #1449, .T. ) ;
#5799 = EDGE_CURVE ( 'NONE', #9494, #3980, #9215, .T. ) ;
#5800 = ORIENTED_EDGE ( 'NONE', *, *, #9741, .F. ) ;
#5801 = FACE_OUTER_BOUND ( 'NONE', #4922, .T. ) ;
#5802 = CIRCLE ( 'NONE', #5315, 71.17421554853964949 ) ;
#5803 = ORIENTED_EDGE ( 'NONE', *, *, #6165, .T. ) ;
#5804 = CARTESIAN_POINT ( 'NONE',  ( 7.312245326429803960, 55.37731278989693351, -0.07234574897400469773 ) ) ;
#5805 = CYLINDRICAL_SURFACE ( 'NONE', #6795, 0.5000000000000004441 ) ;
#5806 = DIRECTION ( 'NONE',  ( 0.0000000000000000000, 0.0000000000000000000, 1.000000000000000000 ) ) ;
#5807 = CARTESIAN_POINT ( 'NONE',  ( 1.082852186104543479, 53.87295011185135252, -0.03047645466538030645 ) ) ;
#5808 = B_SPLINE_CURVE_WITH_KNOTS ( 'NONE', 3,
 ( #2407, #2516, #7194, #3322, #2617, #974, #4016, #5471, #7047, #149, #3909, #6381, #3270, #5677, #8534, #8742 ),
 .UNSPECIFIED., .F., .F.,
 ( 4, 2, 2, 2, 2, 2, 2, 4 ),
 ( 0.0000000000000000000, 0.0002648917316571280673, 0.0005297834633142561346, 0.001059566926628512269, 0.001324458658285640337, 0.001589350389942768404, 0.001854242121599896471, 0.002119133853257024538 ),
 .UNSPECIFIED. ) ;
#5809 = AXIS2_PLACEMENT_3D ( 'NONE', #8294, #1288, #6647 ) ;
#5810 = ORIENTED_EDGE ( 'NONE', *, *, #5475, .F. ) ;
#5811 = EDGE_CURVE ( 'NONE', #6709, #6622, #265, .T. ) ;
#5812 = ORIENTED_EDGE ( 'NONE', *, *, #5798, .T. ) ;
#5813 = CARTESIAN_POINT ( 'NONE',  ( 2.423437499999999911, 62.00000000000003553, -28.40927304964332833 ) ) ;
#5814 = LINE ( 'NONE', #6093, #6113 ) ;
#5815 = DIRECTION ( 'NONE',  ( -2.001604010742469516E-16, 1.000000000000000000, 0.0000000000000000000 ) ) ;
#5816 = ORIENTED_EDGE ( 'NONE', *, *, #2789, .F. ) ;
#5817 = DIRECTION ( 'NONE',  ( 0.0000000000000000000, -1.000000000000000000, 0.0000000000000000000 ) ) ;
#5818 = ORIENTED_EDGE ( 'NONE', *, *, #3101, .F. ) ;
#5819 = DIRECTION ( 'NONE',  ( 0.0000000000000000000, -1.000000000000000000, 3.362642065588203259E-15 ) ) ;
#5820 = DIRECTION ( 'NONE',  ( -1.000000000000000000, -0.0000000000000000000, -0.0000000000000000000 ) ) ;
#5821 = CARTESIAN_POINT ( 'NONE',  ( 7.939669249418266794, 53.83716973841025322, -0.4460987246690290564 ) ) ;
#5822 = CARTESIAN_POINT ( 'NONE',  ( 2.685218396309094313, 53.87253265680915604, 0.2493288029204107636 ) ) ;
#5823 = DIRECTION ( 'NONE',  ( 0.0000000000000000000, -1.000000000000000000, 0.0000000000000000000 ) ) ;
#5824 = LINE ( 'NONE', #5065, #9413 ) ;
#5825 = EDGE_LOOP ( 'NONE', ( #1355, #8661, #8772, #518 ) ) ;
#5826 = DIRECTION ( 'NONE',  ( -0.0000000000000000000, -5.782411586589357639E-16, -1.000000000000000000 ) ) ;
#5827 = CARTESIAN_POINT ( 'NONE',  ( 13.50000000000000000, 41.48906902151180986, -1.297607197594146999 ) ) ;
#5828 = VECTOR ( 'NONE', #6549, 1000.000000000000000 ) ;
#5829 = DIRECTION ( 'NONE',  ( 0.0000000000000000000, 0.0000000000000000000, -1.000000000000000000 ) ) ;
#5830 = AXIS2_PLACEMENT_3D ( 'NONE', #5666, #4762, #8728 ) ;
#5831 = CARTESIAN_POINT ( 'NONE',  ( 7.803336050768942656, 53.83866555254287789, -0.4308454675337467510 ) ) ;
#5832 = ORIENTED_EDGE ( 'NONE', *, *, #4933, .F. ) ;
#5834 = EDGE_CURVE ( 'NONE', #7101, #6932, #8358, .T. ) ;
#5833 = CARTESIAN_POINT ( 'NONE',  ( 10.41609893743032167, 53.89660420528988283, -0.4181348863512484582 ) ) ;
#5835 = EDGE_CURVE ( 'NONE', #5964, #4947, #1761, .T. ) ;
#5836 = CARTESIAN_POINT ( 'NONE',  ( 7.842476401695838817, 55.39376757017053166, -0.1333891267425460769 ) ) ;
#5837 = VECTOR ( 'NONE', #5520, 1000.000000000000000 ) ;
#5838 = CARTESIAN_POINT ( 'NONE',  ( -12.47702440583563366, 6.469249365637548266, -1.106758281664952603 ) ) ;
#5839 = DIRECTION ( 'NONE',  ( 0.0000000000000000000, 0.0000000000000000000, -1.000000000000000000 ) ) ;
#5840 = ORIENTED_EDGE ( 'NONE', *, *, #5835, .T. ) ;
#5841 = PLANE ( 'NONE',  #3922 ) ;
#5842 = CARTESIAN_POINT ( 'NONE',  ( -1.268294571607542887, 54.39828683631538553, -0.01134897866054038022 ) ) ;
#5843 = FACE_OUTER_BOUND ( 'NONE', #8980, .T. ) ;
#5844 = VECTOR ( 'NONE', #4934, 1000.000000000000000 ) ;
#5845 = EDGE_CURVE ( 'NONE', #279, #8040, #1880, .T. ) ;
#5846 = CIRCLE ( 'NONE', #4245, 3.421800737649697499 ) ;
#5847 = VERTEX_POINT ( 'NONE', #8478 ) ;
#5848 = CARTESIAN_POINT ( 'NONE',  ( 10.87470714071903188, 55.94715397325047945, -0.8513888723903112465 ) ) ;
#5849 = VECTOR ( 'NONE', #4524, 1000.000000000000000 ) ;
#5850 = ORIENTED_EDGE ( 'NONE', *, *, #5296, .T. ) ;
#5851 = ORIENTED_EDGE ( 'NONE', *, *, #9630, .T. ) ;
#5852 = DIRECTION ( 'NONE',  ( 0.0000000000000000000, 1.000000000000000000, -3.362642065588203259E-15 ) ) ;
#5853 = DIRECTION ( 'NONE',  ( 0.0000000000000000000, 0.0000000000000000000, 1.000000000000000000 ) ) ;
#5854 = EDGE_CURVE ( 'NONE', #3755, #9443, #4585, .T. ) ;
#5855 = EDGE_CURVE ( 'NONE', #5140, #7563, #4806, .T. ) ;
#5856 = DIRECTION ( 'NONE',  ( -1.000000000000000000, -0.0000000000000000000, -0.0000000000000000000 ) ) ;
#5857 = CIRCLE ( 'NONE', #1376, 6.200000000000001066 ) ;
#5858 = ORIENTED_EDGE ( 'NONE', *, *, #4260, .T. ) ;
#5859 = CARTESIAN_POINT ( 'NONE',  ( 6.649999999999999467, 7.749999999999998224, -50.69816221708081372 ) ) ;
#5860 = CARTESIAN_POINT ( 'NONE',  ( 7.316519960098870179, 55.70939895726604618, -0.07255918057899243823 ) ) ;
#5861 = AXIS2_PLACEMENT_3D ( 'NONE', #6702, #9704, #4526 ) ;
#5862 = VERTEX_POINT ( 'NONE', #7717 ) ;
#5863 = FACE_OUTER_BOUND ( 'NONE', #2912, .T. ) ;
#5864 = ORIENTED_EDGE ( 'NONE', *, *, #8754, .T. ) ;
#5865 = EDGE_CURVE ( 'NONE', #5101, #1090, #9406, .T. ) ;
#5866 = CARTESIAN_POINT ( 'NONE',  ( 8.257046301164010060, 53.92922517048245368, -0.1352089772695214409 ) ) ;
#5867 = CARTESIAN_POINT ( 'NONE',  ( 8.323140310256176733, 56.59052926864164590, -0.1393682611193153564 ) ) ;
#5868 = CARTESIAN_POINT ( 'NONE',  ( 8.700929826588135185, 54.68403600099514961, -0.5361154872320034181 ) ) ;
#5869 = DIRECTION ( 'NONE',  ( 0.0000000000000000000, 0.0000000000000000000, -1.000000000000000000 ) ) ;
#5870 = DIRECTION ( 'NONE',  ( 0.0000000000000000000, 0.0000000000000000000, -1.000000000000000000 ) ) ;
#5871 = VERTEX_POINT ( 'NONE', #849 ) ;
#5872 = CARTESIAN_POINT ( 'NONE',  ( 7.801281959322603043, 55.71168768981299024, -0.1288068346863130709 ) ) ;
#5873 = FACE_OUTER_BOUND ( 'NONE', #8193, .T. ) ;
#5874 = LINE ( 'NONE', #8053, #716 ) ;
#5875 = ORIENTED_EDGE ( 'NONE', *, *, #3399, .F. ) ;
#5876 = VECTOR ( 'NONE', #5458, 1000.000000000000000 ) ;
#5877 = DIRECTION ( 'NONE',  ( 1.000000000000000000, -0.0000000000000000000, 0.0000000000000000000 ) ) ;
#5878 = DIRECTION ( 'NONE',  ( 0.0000000000000000000, 0.0000000000000000000, -1.000000000000000000 ) ) ;
#5879 = PRESENTATION_STYLE_ASSIGNMENT (( #466 ) ) ;
#5880 = LINE ( 'NONE', #468, #7851 ) ;
#5881 = DIRECTION ( 'NONE',  ( 1.000000000000000000, -0.0000000000000000000, 0.0000000000000000000 ) ) ;
#5882 = CARTESIAN_POINT ( 'NONE',  ( 7.275000000000003020, 62.00000000000005684, -22.19999999999995666 ) ) ;
#5883 = EDGE_CURVE ( 'NONE', #5946, #85, #4758, .T. ) ;
#5884 = ORIENTED_EDGE ( 'NONE', *, *, #2167, .T. ) ;
#5885 = CARTESIAN_POINT ( 'NONE',  ( -0.7991321529296856463, 54.50471517671127231, 0.2989210827142310123 ) ) ;
#5886 = DIRECTION ( 'NONE',  ( -1.000000000000000000, -0.0000000000000000000, -0.0000000000000000000 ) ) ;
#5887 = DIRECTION ( 'NONE',  ( 1.000000000000000000, -0.0000000000000000000, 0.0000000000000000000 ) ) ;
#5888 = CONICAL_SURFACE ( 'NONE', #967, 3.421800737635538603, 0.1221730476387383191 ) ;
#5889 = AXIS2_PLACEMENT_3D ( 'NONE', #3697, #9823, #7731 ) ;
#5890 = CARTESIAN_POINT ( 'NONE',  ( 9.708730393197056330, 56.10778261683552870, -0.6754602429355875959 ) ) ;
#5891 = EDGE_LOOP ( 'NONE', ( #140, #7878, #3173, #1405 ) ) ;
#5892 = CARTESIAN_POINT ( 'NONE',  ( 7.292693086323885687, 54.83163447152571734, -0.07240429746787224730 ) ) ;
#5893 = VECTOR ( 'NONE', #5049, 999.9999999999998863 ) ;
#5894 = CARTESIAN_POINT ( 'NONE',  ( 10.10304959289029547, 56.69768321019457602, -0.4181348863512486802 ) ) ;
#5895 = ADVANCED_FACE ( 'NONE', ( #7127 ), #2445, .F. ) ;
#5896 = VERTEX_POINT ( 'NONE', #231 ) ;
#5897 = CARTESIAN_POINT ( 'NONE',  ( 5.189655126804346708, 55.73223200482439665, -0.2298278560399703019 ) ) ;
#5898 = CARTESIAN_POINT ( 'NONE',  ( 8.371073622492039235, 56.56390150474523182, -0.1939578001255681250 ) ) ;
#5899 = CARTESIAN_POINT ( 'NONE',  ( 0.4178539778228485546, 56.37170430018856138, 0.7023928024058537778 ) ) ;
#5900 = ORIENTED_EDGE ( 'NONE', *, *, #9325, .T. ) ;
#5901 = CARTESIAN_POINT ( 'NONE',  ( 14.09999999999999964, 56.13128306799008982, -44.69521285878447969 ) ) ;
#5902 = B_SPLINE_SURFACE_WITH_KNOTS ( 'NONE', 3, 1, ( 
 ( #873, #4673 ),
 ( #7899, #1036 ),
 ( #4831, #3920 ),
 ( #7061, #6394 ),
 ( #5482, #7004 ),
 ( #2530, #8602 ),
 ( #1735, #9454 ),
 ( #4076, #3333 ),
 ( #4727, #5644 ),
 ( #5590, #4783 ),
 ( #9345, #8654 ) ),
 .UNSPECIFIED., .F., .F., .F.,
 ( 4, 1, 1, 1, 1, 1, 1, 1, 4 ),
 ( 2, 2 ),
 ( 0.0000000000000000000, 0.09566404286931083634, 0.1974677842366858449, 0.3064819045181931267, 0.4238731871534560658, 0.5517193105029596367, 0.6893496890279113831, 0.8387521908130710635, 0.9999999999999998890 ),
 ( 0.0000000000000000000, 1.000000000000000000 ),
 .UNSPECIFIED. ) ;
#5903 = ORIENTED_EDGE ( 'NONE', *, *, #835, .T. ) ;
#5904 = EDGE_CURVE ( 'NONE', #4772, #8692, #9428, .T. ) ;
#5905 = CARTESIAN_POINT ( 'NONE',  ( 7.294173942911871933, 55.44605857183516662, -0.4114301739047735440 ) ) ;
#5906 = EDGE_CURVE ( 'NONE', #8955, #1862, #8448, .T. ) ;
#5907 = ORIENTED_EDGE ( 'NONE', *, *, #8414, .F. ) ;
#5908 = DIRECTION ( 'NONE',  ( -0.0000000000000000000, 1.000000000000000000, 0.0000000000000000000 ) ) ;
#5909 = VECTOR ( 'NONE', #6873, 1000.000000000000000 ) ;
#5910 = CARTESIAN_POINT ( 'NONE',  ( 7.451606329122190786, 54.34390811759688944, -0.07239559482833268778 ) ) ;
#5911 = ORIENTED_EDGE ( 'NONE', *, *, #250, .T. ) ;
#5912 = CARTESIAN_POINT ( 'NONE',  ( 8.647461491947801449, 54.42422439634842135, -0.5390089958205919185 ) ) ;
#5913 = CARTESIAN_POINT ( 'NONE',  ( 10.15895734564144881, 54.16493630498668210, -0.7318548153634414355 ) ) ;
#5914 = CARTESIAN_POINT ( 'NONE',  ( 10.93578804259782800, 55.29982226866012951, -0.4181348863512484582 ) ) ;
#5915 = DIRECTION ( 'NONE',  ( 0.0000000000000000000, -1.000000000000000000, 0.0000000000000000000 ) ) ;
#5916 = LINE ( 'NONE', #1508, #4316 ) ;
#5917 = CARTESIAN_POINT ( 'NONE',  ( 10.57827072313986072, 54.70364609044229098, -0.4904825423891860936 ) ) ;
#5918 = CARTESIAN_POINT ( 'NONE',  ( 7.275000000000002132, 62.00000000000002132, -33.39999999999996305 ) ) ;
#5919 = EDGE_CURVE ( 'NONE', #9356, #686, #4418, .T. ) ;
#5920 = VECTOR ( 'NONE', #309, 1000.000000000000000 ) ;
#5921 = DIRECTION ( 'NONE',  ( 0.0000000000000000000, 3.965082230804130614E-15, 1.000000000000000000 ) ) ;
#5922 = CARTESIAN_POINT ( 'NONE',  ( -1.577008260969279929, 54.22546000232702568, 0.2905820563629017972 ) ) ;
#5923 = CARTESIAN_POINT ( 'NONE',  ( 10.93610680735009666, 55.26586612284178557, -0.8488201728683405500 ) ) ;
#5924 = ORIENTED_EDGE ( 'NONE', *, *, #4946, .T. ) ;
#5925 = CARTESIAN_POINT ( 'NONE',  ( -14.09999999999999964, 56.00022187457094702, -45.69295510895366164 ) ) ;
#5926 = DIRECTION ( 'NONE',  ( 0.0000000000000000000, 0.0000000000000000000, 1.000000000000000000 ) ) ;
#5927 = VERTEX_POINT ( 'NONE', #4697 ) ;
#5928 = CARTESIAN_POINT ( 'NONE',  ( -4.724999999999997868, 62.00000000000004263, -27.19999999999996021 ) ) ;
#5929 = CARTESIAN_POINT ( 'NONE',  ( 9.522965595049740273, 54.10852780519892491, -0.6447058877098518215 ) ) ;
#5930 = CARTESIAN_POINT ( 'NONE',  ( 0.4178539778228486656, 55.17644829683319330, 0.2987734079682932697 ) ) ;
#5931 = ORIENTED_EDGE ( 'NONE', *, *, #1978, .F. ) ;
#5932 = VECTOR ( 'NONE', #6025, 1000.000000000000000 ) ;
#5933 = DIRECTION ( 'NONE',  ( 0.0000000000000000000, 0.0000000000000000000, 1.000000000000000000 ) ) ;
#5934 = LINE ( 'NONE', #663, #6811 ) ;
#5935 = CARTESIAN_POINT ( 'NONE',  ( 14.09999999999999964, -2.820156308864571841E-14, -48.69521209059480782 ) ) ;
#5936 = CARTESIAN_POINT ( 'NONE',  ( 9.631945658611577699, 55.82334416640456709, -0.6754602429355873738 ) ) ;
#5937 = EDGE_CURVE ( 'NONE', #9322, #6715, #3477, .T. ) ;
#5938 = CARTESIAN_POINT ( 'NONE',  ( 7.842476401695838817, 55.39376757017052455, -0.07240429746787224730 ) ) ;
#5939 = ORIENTED_EDGE ( 'NONE', *, *, #5960, .T. ) ;
#5940 = ORIENTED_EDGE ( 'NONE', *, *, #3551, .F. ) ;
#5941 = CARTESIAN_POINT ( 'NONE',  ( 1.363130911163481951, 55.56845148827586200, 0.2869533355470265668 ) ) ;
#5942 = LINE ( 'NONE', #8907, #1051 ) ;
#5943 = DIRECTION ( 'NONE',  ( 0.0000000000000000000, 1.000000000000000000, 0.0000000000000000000 ) ) ;
#5944 = CARTESIAN_POINT ( 'NONE',  ( 1.459160198459489077, 53.91733615285140502, 0.2942797456913122112 ) ) ;
#5945 = ADVANCED_FACE ( 'NONE', ( #958 ), #7030, .F. ) ;
#5946 = VERTEX_POINT ( 'NONE', #4102 ) ;
#5947 = CARTESIAN_POINT ( 'NONE',  ( 10.49999999999999822, 59.85600527474578314, -1.588821672652679595 ) ) ;
#5948 = CARTESIAN_POINT ( 'NONE',  ( 5.025022572574452617, 55.99139557184822280, 0.1245479781011751691 ) ) ;
#5949 = ORIENTED_EDGE ( 'NONE', *, *, #8129, .T. ) ;
#5950 = LINE ( 'NONE', #3735, #7179 ) ;
#5951 = VERTEX_POINT ( 'NONE', #3259 ) ;
#5952 = DIRECTION ( 'NONE',  ( -1.000000000000000000, -0.0000000000000000000, -0.0000000000000000000 ) ) ;
#5953 = ORIENTED_EDGE ( 'NONE', *, *, #9066, .F. ) ;
#5954 = CARTESIAN_POINT ( 'NONE',  ( 7.782747518911230067, 53.83929417192374700, -0.03936411257272984937 ) ) ;
#5955 = EDGE_LOOP ( 'NONE', ( #949, #6004, #1605, #3226 ) ) ;
#5956 = CARTESIAN_POINT ( 'NONE',  ( 7.938434980645257433, 53.83715189418110469, -0.5390089958205919185 ) ) ;
#5957 = CARTESIAN_POINT ( 'NONE',  ( 8.065855791153913046, 56.68707440433254163, -0.5344844159557691210 ) ) ;
#5958 = CARTESIAN_POINT ( 'NONE',  ( 10.93329675978131554, 55.46210666541737311, -0.4181348863512486802 ) ) ;
#5959 = CYLINDRICAL_SURFACE ( 'NONE', #6961, 1.249999999999968248 ) ;
#5960 = EDGE_CURVE ( 'NONE', #7611, #2461, #7084, .T. ) ;
#5961 = EDGE_CURVE ( 'NONE', #9443, #1098, #4954, .T. ) ;
#5962 = CARTESIAN_POINT ( 'NONE',  ( 14.09999999999999964, 57.14644660940672338, -39.05159607626087848 ) ) ;
#5963 = LINE ( 'NONE', #1, #113 ) ;
#5964 = VERTEX_POINT ( 'NONE', #8821 ) ;
#5965 = DIRECTION ( 'NONE',  ( 0.0000000000000000000, -1.000000000000000000, 5.782411586589356653E-16 ) ) ;
#5966 = CARTESIAN_POINT ( 'NONE',  ( 5.085110418712618596, 55.68221032531193515, 0.1181378398081250752 ) ) ;
#5967 = CARTESIAN_POINT ( 'NONE',  ( 10.65734697474964854, 54.07928991822279841, -0.8058394952496367170 ) ) ;
#5968 = VERTEX_POINT ( 'NONE', #2037 ) ;
#5969 = FACE_BOUND ( 'NONE', #2665, .T. ) ;
#5970 = VERTEX_POINT ( 'NONE', #526 ) ;
#5971 = ADVANCED_FACE ( 'NONE', ( #5801 ), #3499, .F. ) ;
#5972 = CARTESIAN_POINT ( 'NONE',  ( 10.12589529443275360, 53.83669205882664954, -0.8513888723903014766 ) ) ;
#5973 = EDGE_CURVE ( 'NONE', #7528, #100, #1724, .T. ) ;
#5974 = DIRECTION ( 'NONE',  ( 0.0000000000000000000, 0.0000000000000000000, -1.000000000000000000 ) ) ;
#5975 = CARTESIAN_POINT ( 'NONE',  ( -11.27721607060885312, 5.829875481714189789, -0.9026725157468162841 ) ) ;
#5976 = FACE_OUTER_BOUND ( 'NONE', #5955, .T. ) ;
#5977 = CIRCLE ( 'NONE', #8872, 0.5000000000000004441 ) ;
#5978 = VERTEX_POINT ( 'NONE', #8724 ) ;
#5979 = DIRECTION ( 'NONE',  ( -0.0000000000000000000, 0.0000000000000000000, -1.000000000000000000 ) ) ;
#5980 = CARTESIAN_POINT ( 'NONE',  ( -1.448869551571882131, 54.26665897738461553, -0.01479397223240562151 ) ) ;
#5981 = CARTESIAN_POINT ( 'NONE',  ( 11.59999999999999964, 3.286843808525464039E-14, -50.70000000000000284 ) ) ;
#5982 = CARTESIAN_POINT ( 'NONE',  ( 9.747642031286519071, 56.17815432237249951, -0.6754602429355873738 ) ) ;
#5983 = EDGE_CURVE ( 'NONE', #3106, #7745, #7367, .T. ) ;
#5984 = CONICAL_SURFACE ( 'NONE', #8409, 3.421800737649697499, 0.1221730476387383191 ) ;
#5985 = VECTOR ( 'NONE', #77, 1000.000000000000000 ) ;
#5986 = EDGE_LOOP ( 'NONE', ( #4349, #6031 ) ) ;
#5987 = FACE_OUTER_BOUND ( 'NONE', #9812, .T. ) ;
#5988 = DIRECTION ( 'NONE',  ( 0.0000000000000000000, -1.000000000000000000, 0.0000000000000000000 ) ) ;
#5989 = VERTEX_POINT ( 'NONE', #379 ) ;
#5990 = CIRCLE ( 'NONE', #547, 3.499999999999999556 ) ;
#5991 = VECTOR ( 'NONE', #8856, 1000.000000000000000 ) ;
#5992 = CARTESIAN_POINT ( 'NONE',  ( 5.612779211288419390, 56.01210803000674332, -0.2298278560399709403 ) ) ;
#5993 = CARTESIAN_POINT ( 'NONE',  ( -8.500000000000000000, 14.00000000001000444, -33.70200572722880850 ) ) ;
#5994 = CARTESIAN_POINT ( 'NONE',  ( -1.088710469886958965, 56.47808545099027810, 0.2939208690156466242 ) ) ;
#5995 = CIRCLE ( 'NONE', #8891, 2.534890514885638879 ) ;
#5996 = ORIENTED_EDGE ( 'NONE', *, *, #9804, .T. ) ;
#5997 = CARTESIAN_POINT ( 'NONE',  ( 7.275000000000002132, 52.00000000000004263, -27.19999999999992468 ) ) ;
#5998 = VECTOR ( 'NONE', #3435, 1000.000000000000000 ) ;
#5999 = VERTEX_POINT ( 'NONE', #3403 ) ;
#6000 = CARTESIAN_POINT ( 'NONE',  ( 14.09999999999999964, 7.800000000000001599, -5.458128122775026014 ) ) ;
#6001 = CARTESIAN_POINT ( 'NONE',  ( -1.061728074815540435, 56.45489683451302199, -0.009782707134597034768 ) ) ;
#6002 = EDGE_LOOP ( 'NONE', ( #9029, #3808, #4552, #1567, #8236 ) ) ;
#6003 = CARTESIAN_POINT ( 'NONE',  ( 8.261583373272136654, 56.17343711283683660, -0.4946340216350790242 ) ) ;
#6004 = ORIENTED_EDGE ( 'NONE', *, *, #1033, .F. ) ;
#6005 = EDGE_CURVE ( 'NONE', #8430, #2793, #1949, .T. ) ;
#6006 = ORIENTED_EDGE ( 'NONE', *, *, #1625, .T. ) ;
#6007 = VECTOR ( 'NONE', #9550, 999.9999999999998863 ) ;
#6008 = CARTESIAN_POINT ( 'NONE',  ( 7.852546325853206000, 56.69579618473430571, -0.4363267662355864718 ) ) ;
#6009 = CARTESIAN_POINT ( 'NONE',  ( 8.170425490134968882, 53.88638050713852579, -0.1704961959052543330 ) ) ;
#6010 = FACE_OUTER_BOUND ( 'NONE', #9303, .T. ) ;
#6011 = DIRECTION ( 'NONE',  ( 0.0000000000000000000, 1.000000000000000000, 0.0000000000000000000 ) ) ;
#6012 = CARTESIAN_POINT ( 'NONE',  ( -13.49999999999998579, 52.87253265680915604, -1.297607197594144335 ) ) ;
#6013 = PLANE ( 'NONE',  #5889 ) ;
#6014 = ORIENTED_EDGE ( 'NONE', *, *, #4202, .T. ) ;
#6015 = CARTESIAN_POINT ( 'NONE',  ( 9.772689492844685688, 53.90228566968152535, -0.3376507747238656765 ) ) ;
#6016 = CARTESIAN_POINT ( 'NONE',  ( 5.314411371116746885, 55.80244363637874727, 0.1013369029051767595 ) ) ;
#6017 = EDGE_CURVE ( 'NONE', #8909, #5730, #2517, .T. ) ;
#6018 = DIRECTION ( 'NONE',  ( 0.0000000000000000000, 0.0000000000000000000, 1.000000000000000000 ) ) ;
#6019 = FACE_OUTER_BOUND ( 'NONE', #4701, .T. ) ;
#6020 = CARTESIAN_POINT ( 'NONE',  ( 13.50000000000000000, 12.90000000000007851, -2.797607197594146555 ) ) ;
#6021 = CARTESIAN_POINT ( 'NONE',  ( 10.53273753422732995, 56.01187217740147872, -0.4179459123721620539 ) ) ;
#6022 = ORIENTED_EDGE ( 'NONE', *, *, #3159, .T. ) ;
#6023 = CARTESIAN_POINT ( 'NONE',  ( 10.23665846692604831, 53.84494711033142522, -0.4181348863512487912 ) ) ;
#6024 = CONICAL_SURFACE ( 'NONE', #7012, 3.421800737640590118, 0.1221730476387383191 ) ;
#6025 = DIRECTION ( 'NONE',  ( 0.0000000000000000000, 1.000000000000000000, 0.0000000000000000000 ) ) ;
#6026 = CARTESIAN_POINT ( 'NONE',  ( 1.516334992270183202, 55.35754769128098474, 0.2838457456046812877 ) ) ;
#6027 = ADVANCED_FACE ( 'NONE', ( #6520 ), #3542, .F. ) ;
#6028 = FACE_BOUND ( 'NONE', #3112, .T. ) ;
#6029 = VECTOR ( 'NONE', #4860, 1000.000000000000000 ) ;
#6030 = EDGE_CURVE ( 'NONE', #3553, #1161, #1204, .T. ) ;
#6031 = ORIENTED_EDGE ( 'NONE', *, *, #4369, .T. ) ;
#6032 = CARTESIAN_POINT ( 'NONE',  ( 9.888681982246280811, 54.22050913406989991, -0.6932276319377769225 ) ) ;
#6033 = CARTESIAN_POINT ( 'NONE',  ( -1.276191726251256986, 53.97796123332430085, 0.2989210827142307902 ) ) ;
#6034 = CARTESIAN_POINT ( 'NONE',  ( 4.315112946339142219, 54.19851156681517068, 0.7023928024058537778 ) ) ;
#6035 = LINE ( 'NONE', #5935, #1988 ) ;
#6036 = FACE_OUTER_BOUND ( 'NONE', #8638, .T. ) ;
#6037 = CARTESIAN_POINT ( 'NONE',  ( 4.333781329145699246, 0.0000000000000000000, -3.297607197594146111 ) ) ;
#6038 = DIRECTION ( 'NONE',  ( 0.0000000000000000000, -3.828355257328126355E-15, -1.000000000000000000 ) ) ;
#6039 = ORIENTED_EDGE ( 'NONE', *, *, #5228, .F. ) ;
#6040 = ORIENTED_EDGE ( 'NONE', *, *, #2051, .F. ) ;
#6041 = CARTESIAN_POINT ( 'NONE',  ( 7.629924513052730006, 55.35447850812910531, -0.4373989088692312732 ) ) ;
#6042 = CARTESIAN_POINT ( 'NONE',  ( 13.50000000000000000, 59.85600527474578314, -2.797607197594146555 ) ) ;
#6043 = EDGE_CURVE ( 'NONE', #1918, #4690, #4164, .T. ) ;
#6044 = ORIENTED_EDGE ( 'NONE', *, *, #7383, .F. ) ;
#6045 = AXIS2_PLACEMENT_3D ( 'NONE', #8669, #278, #7756 ) ;
#6046 = CARTESIAN_POINT ( 'NONE',  ( 5.277548484537716078, 55.78104838390538589, -0.2298278560399711623 ) ) ;
#6047 = CARTESIAN_POINT ( 'NONE',  ( 1.573794233878553550, 55.33802180474965127, 0.2857201262141788600 ) ) ;
#6048 = CARTESIAN_POINT ( 'NONE',  ( 13.50000000000000000, 54.09999999999998721, -3.813237607889367720 ) ) ;
#6049 = CARTESIAN_POINT ( 'NONE',  ( 14.09999999999999964, 11.79999999999999716, -5.458128122775026014 ) ) ;
#6050 = CIRCLE ( 'NONE', #3652, 4.000000000000001776 ) ;
#6051 = ORIENTED_EDGE ( 'NONE', *, *, #7109, .T. ) ;
#6052 = CARTESIAN_POINT ( 'NONE',  ( 13.40317499886402963, 7.952919818120201434, -1.278878980825681078 ) ) ;
#6053 = ORIENTED_EDGE ( 'NONE', *, *, #5244, .F. ) ;
#6054 = DIRECTION ( 'NONE',  ( -1.000000000000000000, -0.0000000000000000000, -0.0000000000000000000 ) ) ;
#6055 = ORIENTED_EDGE ( 'NONE', *, *, #4203, .T. ) ;
#6056 = CARTESIAN_POINT ( 'NONE',  ( 8.261583373272136654, 56.17343711283683660, -0.1744246936133153902 ) ) ;
#6057 = ORIENTED_EDGE ( 'NONE', *, *, #2731, .F. ) ;
#6058 = VERTEX_POINT ( 'NONE', #9708 ) ;
#6059 = AXIS2_PLACEMENT_3D ( 'NONE', #7516, #5104, #6774 ) ;
#6060 = DIRECTION ( 'NONE',  ( -1.000000000000000000, 0.0000000000000000000, 0.0000000000000000000 ) ) ;
#6061 = CARTESIAN_POINT ( 'NONE',  ( 14.09999999999999964, 72.50000000000000000, -48.70000000000000995 ) ) ;
#6062 = CARTESIAN_POINT ( 'NONE',  ( 8.323958918992200751, 55.09493895927697338, -0.1312072312784054451 ) ) ;
#6063 = DIRECTION ( 'NONE',  ( 0.0000000000000000000, 0.0000000000000000000, -1.000000000000000000 ) ) ;
#6064 = DIRECTION ( 'NONE',  ( 0.0000000000000000000, -0.0000000000000000000, -1.000000000000000000 ) ) ;
#6065 = ADVANCED_FACE ( 'NONE', ( #5987 ), #2274, .F. ) ;
#6066 = AXIS2_PLACEMENT_3D ( 'NONE', #6598, #9608, #7260 ) ;
#6067 = CARTESIAN_POINT ( 'NONE',  ( -14.09999999999999964, 11.28555064151142240, -3.495747750507893770 ) ) ;
#6068 = FACE_OUTER_BOUND ( 'NONE', #9750, .T. ) ;
#6069 = ORIENTED_EDGE ( 'NONE', *, *, #1847, .T. ) ;
#6070 = LINE ( 'NONE', #4761, #9873 ) ;
#6071 = CARTESIAN_POINT ( 'NONE',  ( 1.747387448220329764, 56.42851917960068420, 0.2943615570823886474 ) ) ;
#6072 = ORIENTED_EDGE ( 'NONE', *, *, #8681, .F. ) ;
#6073 = CARTESIAN_POINT ( 'NONE',  ( 4.333781329145700134, 41.33504442748403562, -1.297607197594146777 ) ) ;
#6074 = CARTESIAN_POINT ( 'NONE',  ( 9.997150051721915176, 56.36093255375724453, -0.3685364120818595546 ) ) ;
#6075 = DIRECTION ( 'NONE',  ( -0.0000000000000000000, -1.000000000000000000, -0.0000000000000000000 ) ) ;
#6076 = CARTESIAN_POINT ( 'NONE',  ( 9.292529745957651244, 55.71483187444678720, -0.3037559157698065393 ) ) ;
#6077 = EDGE_CURVE ( 'NONE', #7745, #5359, #4593, .T. ) ;
#6078 = LINE ( 'NONE', #5381, #8179 ) ;
#6079 = DIRECTION ( 'NONE',  ( 0.0000000000000000000, -0.0000000000000000000, -1.000000000000000000 ) ) ;
#6080 = AXIS2_PLACEMENT_3D ( 'NONE', #3345, #9515, #7221 ) ;
#6081 = CARTESIAN_POINT ( 'NONE',  ( 14.09999999999999964, 0.0000000000000000000, -2.797128122774994452 ) ) ;
#6082 = DIRECTION ( 'NONE',  ( 0.0000000000000000000, 0.0000000000000000000, -1.000000000000000000 ) ) ;
#6083 = ORIENTED_EDGE ( 'NONE', *, *, #4152, .T. ) ;
#6084 = CARTESIAN_POINT ( 'NONE',  ( 9.667130869211648658, 54.53879132965083443, -0.6623847617100033780 ) ) ;
#6085 = CARTESIAN_POINT ( 'NONE',  ( -1.440904931940586442, 56.65693584644382241, -0.02736481479098749198 ) ) ;
#6086 = FACE_OUTER_BOUND ( 'NONE', #8269, .T. ) ;
#6087 = ORIENTED_EDGE ( 'NONE', *, *, #4262, .T. ) ;
#6088 = CARTESIAN_POINT ( 'NONE',  ( -14.09999999999999964, 67.00195731433238677, -48.70000000000000995 ) ) ;
#6089 = ADVANCED_FACE ( 'NONE', ( #5232 ), #9894, .T. ) ;
#6090 = EDGE_CURVE ( 'NONE', #4800, #3777, #2184, .T. ) ;
#6091 = LINE ( 'NONE', #724, #4469 ) ;
#6092 = VERTEX_POINT ( 'NONE', #3677 ) ;
#6093 = CARTESIAN_POINT ( 'NONE',  ( -11.60000000000000142, 0.0000000000000000000, 0.0000000000000000000 ) ) ;
#6094 = CARTESIAN_POINT ( 'NONE',  ( 7.292693086323885687, 54.83163447152571734, -0.4373989088692310512 ) ) ;
#6095 = CARTESIAN_POINT ( 'NONE',  ( -14.09999999999999964, 55.19999999999969731, 0.0000000000000000000 ) ) ;
#6096 = ORIENTED_EDGE ( 'NONE', *, *, #6166, .F. ) ;
#6097 = CARTESIAN_POINT ( 'NONE',  ( 1.199368625580780279, 56.35647288841498437, 0.2958764490941492298 ) ) ;
#6098 = DIRECTION ( 'NONE',  ( 0.0000000000000000000, 3.784851220313034736E-15, 1.000000000000000000 ) ) ;
#6099 = CARTESIAN_POINT ( 'NONE',  ( -1.234395258593804057, 56.58113600369784990, 0.2939208690156468462 ) ) ;
#6100 = ADVANCED_FACE ( 'NONE', ( #6754 ), #677, .T. ) ;
#6101 = EDGE_LOOP ( 'NONE', ( #9612, #6105, #3811, #5771 ) ) ;
#6102 = ORIENTED_EDGE ( 'NONE', *, *, #5799, .T. ) ;
#6103 = CARTESIAN_POINT ( 'NONE',  ( 1.111695735769923976, 55.17528210333915695, 0.2948127524685536516 ) ) ;
#6104 = CARTESIAN_POINT ( 'NONE',  ( 7.692209890529588812, 55.38038462103237691, -0.4186332257446455096 ) ) ;
#6105 = ORIENTED_EDGE ( 'NONE', *, *, #2663, .T. ) ;
#6106 = FACE_OUTER_BOUND ( 'NONE', #6384, .T. ) ;
#6107 = ORIENTED_EDGE ( 'NONE', *, *, #5596, .T. ) ;
#6108 = CARTESIAN_POINT ( 'NONE',  ( -1.108361114084337906, 54.67222392420244859, 0.2913770170703254281 ) ) ;
#6109 = DIRECTION ( 'NONE',  ( 0.0000000000000000000, 0.0000000000000000000, 1.000000000000000000 ) ) ;
#6110 = DIRECTION ( 'NONE',  ( -1.000000000000000000, -0.0000000000000000000, -0.0000000000000000000 ) ) ;
#6111 = CARTESIAN_POINT ( 'NONE',  ( 14.09999999999999964, 20.53462967740379241, -50.54876778578210406 ) ) ;
#6112 = ADVANCED_FACE ( 'NONE', ( #8243, #5163 ), #1333, .F. ) ;
#6113 = VECTOR ( 'NONE', #2273, 1000.000000000000000 ) ;
#6114 = ORIENTED_EDGE ( 'NONE', *, *, #2167, .F. ) ;
#6115 = LINE ( 'NONE', #7625, #9727 ) ;
#6116 = CARTESIAN_POINT ( 'NONE',  ( 7.292386991060699764, 54.81028795868407855, -0.3761622307815153943 ) ) ;
#6117 = ORIENTED_EDGE ( 'NONE', *, *, #7752, .F. ) ;
#6118 = CARTESIAN_POINT ( 'NONE',  ( 9.540696162282683801, 54.08668181036706812, -0.3376507747238656765 ) ) ;
#6119 = CARTESIAN_POINT ( 'NONE',  ( 1.603520672241665945, 56.56369883963058953, -0.02745724643013806171 ) ) ;
#6120 = ORIENTED_EDGE ( 'NONE', *, *, #6182, .T. ) ;
#6121 = CARTESIAN_POINT ( 'NONE',  ( 1.182713770139830700, 54.20149496593515437, 0.2901752021677190818 ) ) ;
#6122 = CARTESIAN_POINT ( 'NONE',  ( 10.25864260403789352, 56.34259521006762839, -0.8009584369727303921 ) ) ;
#6123 = ORIENTED_EDGE ( 'NONE', *, *, #4056, .F. ) ;
#6124 = CARTESIAN_POINT ( 'NONE',  ( 10.60681128832595910, 55.49279364362999445, -0.7981850694459171613 ) ) ;
#6125 = CARTESIAN_POINT ( 'NONE',  ( 9.274869657974573300, 55.50101255927737753, -0.7262907717472800728 ) ) ;
#6126 = VECTOR ( 'NONE', #2632, 1000.000000000000000 ) ;
#6127 = CARTESIAN_POINT ( 'NONE',  ( 0.9232344754536933040, 56.37170430018856138, 0.7023928024058537778 ) ) ;
#6128 = CARTESIAN_POINT ( 'NONE',  ( 6.649999999999999467, 2.249999999999999556, -50.69946645012024788 ) ) ;
#6129 = CARTESIAN_POINT ( 'NONE',  ( 10.21318600151388623, 56.36159012381986599, -0.4365658769764891867 ) ) ;
#6130 = CARTESIAN_POINT ( 'NONE',  ( -14.09999999999999964, 10.52999999999999758, -4.118128122775018163 ) ) ;
#6131 = DIRECTION ( 'NONE',  ( 0.0000000000000000000, -0.0000000000000000000, 1.000000000000000000 ) ) ;
#6132 = ORIENTED_EDGE ( 'NONE', *, *, #3679, .T. ) ;
#6133 = B_SPLINE_SURFACE_WITH_KNOTS ( 'NONE', 3, 1, ( 
 ( #417, #5025 ),
 ( #4985, #6551 ),
 ( #2689, #9512 ),
 ( #3487, #6456 ),
 ( #5652, #8762 ),
 ( #4034, #218 ),
 ( #5699, #4938 ),
 ( #8712, #5749 ),
 ( #8662, #2639 ),
 ( #1793, #4841 ),
 ( #1891, #7907 ),
 ( #1044, #1846 ),
 ( #4894, #7956 ),
 ( #7217, #321 ),
 ( #3392, #8808 ),
 ( #2919, #6743 ),
 ( #9835, #1286 ),
 ( #9786, #1422 ),
 ( #9692, #7397 ),
 ( #3667, #2976 ),
 ( #5833, #2778 ),
 ( #4283, #2872 ),
 ( #4417, #509 ),
 ( #6023, #2024 ),
 ( #3571, #8237 ),
 ( #6693, #5972 ),
 ( #7355, #5272 ) ),
 .UNSPECIFIED., .F., .F., .F.,
 ( 4, 1, 1, 1, 1, 1, 1, 1, 1, 1, 1, 1, 1, 1, 1, 1, 1, 1, 1, 1, 1, 1, 1, 1, 4 ),
 ( 2, 2 ),
 ( 0.0000000000000000000, 0.06464335626444352167, 0.1262823169275902324, 0.1846800070141847994, 0.2404811472875955647, 0.2934416272825524086, 0.3436300681337489116, 0.3911271071693290802, 0.4360278845291360450, 0.4784450139249081246, 0.5191878169940477017, 0.5581655764436697087, 0.5950992692647976146, 0.6308727954199486732, 0.6655283872054700289, 0.6988440762337716494, 0.7314854103468996227, 0.7637165024372425393, 0.7956259934037839265, 0.8277898732583138797, 0.8603620145281022369, 0.8935003290245209229, 0.9278395954124525336, 0.9632613016399679262, 0.9999999999999998890 ),
 ( 0.0000000000000000000, 1.000000000000000000 ),
 .UNSPECIFIED. ) ;
#6134 = CARTESIAN_POINT ( 'NONE',  ( 7.958446067968206528, 56.37005359298861862, -0.1463148165198527584 ) ) ;
#6135 = ADVANCED_FACE ( 'NONE', ( #9035 ), #9092, .T. ) ;
#6136 = CARTESIAN_POINT ( 'NONE',  ( -1.636646003971047314, 56.68793800241944325, 0.2872785925169826782 ) ) ;
#6137 = AXIS2_PLACEMENT_3D ( 'NONE', #5193, #4448, #638 ) ;
#6138 = CARTESIAN_POINT ( 'NONE',  ( 10.03003842876434959, 56.36826863441567781, -0.4102640522461586392 ) ) ;
#6139 = CARTESIAN_POINT ( 'NONE',  ( 1.622250008411605826, 54.50186497375135986, -0.02103992808024702371 ) ) ;
#6140 = DIRECTION ( 'NONE',  ( 0.0000000000000000000, 0.0000000000000000000, 1.000000000000000000 ) ) ;
#6141 = DIRECTION ( 'NONE',  ( 0.0000000000000000000, 0.02617694830786604018, 0.9996573249755574819 ) ) ;
#6142 = AXIS2_PLACEMENT_3D ( 'NONE', #3845, #1402, #8323 ) ;
#6143 = ORIENTED_EDGE ( 'NONE', *, *, #8177, .T. ) ;
#6144 = CARTESIAN_POINT ( 'NONE',  ( 9.650881841310233966, 54.60210554981019726, -0.3476052596559754959 ) ) ;
#6145 = LINE ( 'NONE', #6042, #5235 ) ;
#6146 = ORIENTED_EDGE ( 'NONE', *, *, #9293, .F. ) ;
#6147 = DIRECTION ( 'NONE',  ( -0.0000000000000000000, -6.832105294966743752E-15, 1.000000000000000000 ) ) ;
#6148 = DIRECTION ( 'NONE',  ( -0.0000000000000000000, -1.000000000000000000, -0.0000000000000000000 ) ) ;
#6149 = CARTESIAN_POINT ( 'NONE',  ( 1.628664476073159673, 55.31502285313487022, -0.03042540325696790546 ) ) ;
#6150 = CIRCLE ( 'NONE', #1848, 4.000000000000003553 ) ;
#6151 = VECTOR ( 'NONE', #2748, 1000.000000000000000 ) ;
#6152 = CARTESIAN_POINT ( 'NONE',  ( 8.655703281248467107, 56.06997537503090001, -0.2282819625548540010 ) ) ;
#6153 = CARTESIAN_POINT ( 'NONE',  ( -11.27258080563849063, 59.76132860411595260, -0.9019308486080304110 ) ) ;
#6154 = ORIENTED_EDGE ( 'NONE', *, *, #3076, .T. ) ;
#6155 = CARTESIAN_POINT ( 'NONE',  ( 13.10007765978578398, 7.224718197163670474, -1.221112143716981624 ) ) ;
#6156 = ORIENTED_EDGE ( 'NONE', *, *, #4543, .F. ) ;
#6157 = CARTESIAN_POINT ( 'NONE',  ( 1.040406329616179626, 55.17604322237380643, -0.02106636364446385495 ) ) ;
#6158 = CARTESIAN_POINT ( 'NONE',  ( -0.8453680757322630246, 56.17767766756360714, 0.2988225618489430691 ) ) ;
#6159 = AXIS2_PLACEMENT_3D ( 'NONE', #8260, #8311, #6812 ) ;
#6160 = AXIS2_PLACEMENT_3D ( 'NONE', #7929, #6377, #8688 ) ;
#6161 = EDGE_LOOP ( 'NONE', ( #6577, #9082, #9445, #9761 ) ) ;
#6162 = CARTESIAN_POINT ( 'NONE',  ( 8.342763478857840198, 55.93706575351387755, -0.4946340216350792462 ) ) ;
#6163 = ADVANCED_FACE ( 'NONE', ( #3188 ), #6193, .T. ) ;
#6164 = VERTEX_POINT ( 'NONE', #3139 ) ;
#6165 = EDGE_CURVE ( 'NONE', #8588, #9043, #2971, .T. ) ;
#6166 = EDGE_CURVE ( 'NONE', #9720, #5946, #2475, .T. ) ;
#6167 = ORIENTED_EDGE ( 'NONE', *, *, #7051, .T. ) ;
#6168 = DIRECTION ( 'NONE',  ( -0.0000000000000000000, -0.0000000000000000000, 1.000000000000000000 ) ) ;
#6169 = DIRECTION ( 'NONE',  ( 1.000000000000000000, 0.0000000000000000000, 0.0000000000000000000 ) ) ;
#6170 = FACE_OUTER_BOUND ( 'NONE', #4968, .T. ) ;
#6171 = DIRECTION ( 'NONE',  ( 0.0000000000000000000, -1.000000000000000000, 3.362642065588203259E-15 ) ) ;
#6172 = VECTOR ( 'NONE', #1005, 1000.000000000000000 ) ;
#6173 = VECTOR ( 'NONE', #7069, 1000.000000000000000 ) ;
#6174 = LINE ( 'NONE', #971, #169 ) ;
#6175 = B_SPLINE_CURVE_WITH_KNOTS ( 'NONE', 3,
 ( #2246, #9816, #7726, #9172, #3119, #1460, #6988, #3166, #93, #7567, #6830, #1654, #7781, #5309 ),
 .UNSPECIFIED., .F., .F.,
 ( 4, 2, 2, 2, 2, 2, 4 ),
 ( 0.0000000000000000000, 0.0001780234671279175100, 0.0003560469342558350201, 0.0007120938685116700402, 0.0008901173356395874689, 0.001068140802767505006, 0.001424187737023339430 ),
 .UNSPECIFIED. ) ;
#6176 = CARTESIAN_POINT ( 'NONE',  ( 7.295488057058076237, 55.51864031035565006, -0.3764830080551310187 ) ) ;
#6177 = ORIENTED_EDGE ( 'NONE', *, *, #6360, .T. ) ;
#6178 = DIRECTION ( 'NONE',  ( 0.0000000000000000000, -3.828355257328126355E-15, -1.000000000000000000 ) ) ;
#6179 = ORIENTED_EDGE ( 'NONE', *, *, #1488, .T. ) ;
#6180 = CARTESIAN_POINT ( 'NONE',  ( 8.560949135168417712, 56.34337464181704291, -0.5189314341448142409 ) ) ;
#6181 = CIRCLE ( 'NONE', #5708, 2.930662494030081167 ) ;
#6182 = EDGE_CURVE ( 'NONE', #4869, #8203, #4126, .T. ) ;
#6183 = CARTESIAN_POINT ( 'NONE',  ( -1.642418631875766311, 56.68877474174861675, -0.01901507041860522190 ) ) ;
#6184 = VERTEX_POINT ( 'NONE', #937 ) ;
#6185 = CARTESIAN_POINT ( 'NONE',  ( -14.59999999999999964, 30.21025154585982264, -33.49521209058222126 ) ) ;
#6186 = CARTESIAN_POINT ( 'NONE',  ( 10.25864260403789352, 56.34259521006762839, -0.4179459123721620539 ) ) ;
#6187 = CARTESIAN_POINT ( 'NONE',  ( 1.265157174125216555, 55.53045508975070277, -0.01345756636718506080 ) ) ;
#6188 = CARTESIAN_POINT ( 'NONE',  ( 7.880394087408343573, 53.83631277791959491, -0.1376030485257355163 ) ) ;
#6189 = AXIS2_PLACEMENT_3D ( 'NONE', #778, #4583, #3041 ) ;
#6190 = CARTESIAN_POINT ( 'NONE',  ( 9.270701632138322879, 55.20227328973985692, -0.6447058877098518215 ) ) ;
#6191 = CARTESIAN_POINT ( 'NONE',  ( 10.59101800424358153, 55.71752342991025841, -0.4924042592860261580 ) ) ;
#6192 = CARTESIAN_POINT ( 'NONE',  ( 9.522965595049740273, 54.10852780519892491, -0.6426873301080210377 ) ) ;
#6193 = PLANE ( 'NONE',  #9250 ) ;
#6194 = VERTEX_POINT ( 'NONE', #3979 ) ;
#6195 = CARTESIAN_POINT ( 'NONE',  ( -2.600000000000000089, 4.999999999999998224, -50.69881433360053080 ) ) ;
#6196 = DIRECTION ( 'NONE',  ( 0.0000000000000000000, 0.0000000000000000000, 1.000000000000000000 ) ) ;
#6197 = ORIENTED_EDGE ( 'NONE', *, *, #7816, .F. ) ;
#6198 = CARTESIAN_POINT ( 'NONE',  ( 8.377614053811020867, 54.71446964544990976, -0.1947663174037485845 ) ) ;
#6199 = LINE ( 'NONE', #6037, #2069 ) ;
#6200 = VECTOR ( 'NONE', #2423, 1000.000000000000000 ) ;
#6201 = DIRECTION ( 'NONE',  ( 0.0000000000000000000, -0.9925461516414275653, -0.1218693434042891904 ) ) ;
#6202 = B_SPLINE_CURVE_WITH_KNOTS ( 'NONE', 3,
 ( #4535, #4437, #5346, #1545, #791, #3726, #2231, #78, #4592, #5293 ),
 .UNSPECIFIED., .F., .F.,
 ( 4, 2, 2, 2, 4 ),
 ( 0.0000000000000000000, 8.339912439306513582E-05, 0.0001667982487861302716, 0.0003335964975722605433, 0.0006671929951445158824 ),
 .UNSPECIFIED. ) ;
#6203 = CARTESIAN_POINT ( 'NONE',  ( 1.873778607529311024, 56.17802834921177180, -0.02477289037759995705 ) ) ;
#6204 = VERTEX_POINT ( 'NONE', #6346 ) ;
#6205 = ORIENTED_EDGE ( 'NONE', *, *, #6238, .T. ) ;
#6206 = DIRECTION ( 'NONE',  ( 0.0000000000000000000, 1.000000000000000000, 0.0000000000000000000 ) ) ;
#6207 = CARTESIAN_POINT ( 'NONE',  ( 7.218396393043089887, 54.15252116317443409, -0.4418531884689681499 ) ) ;
#6208 = CARTESIAN_POINT ( 'NONE',  ( 1.812920791105605112, 55.18799413148762767, -0.03042540325696768688 ) ) ;
#6209 = CARTESIAN_POINT ( 'NONE',  ( 0.0000000000000000000, 12.60844834401830283, -70.87421554853963812 ) ) ;
#6210 = ADVANCED_FACE ( 'NONE', ( #3239 ), #954, .T. ) ;
#6211 = CARTESIAN_POINT ( 'NONE',  ( 7.874386866492837811, 54.16285624540294918, -0.1326601476622898956 ) ) ;
#6212 = ORIENTED_EDGE ( 'NONE', *, *, #9613, .T. ) ;
#6213 = DIRECTION ( 'NONE',  ( 0.0000000000000000000, -3.828355257328127933E-15, -1.000000000000000000 ) ) ;
#6214 = CARTESIAN_POINT ( 'NONE',  ( -0.9218399266103826095, 56.29850422924105402, -0.009782707134596817927 ) ) ;
#6215 = VERTEX_POINT ( 'NONE', #8757 ) ;
#6216 = LINE ( 'NONE', #3316, #233 ) ;
#6217 = ORIENTED_EDGE ( 'NONE', *, *, #9439, .F. ) ;
#6218 = CARTESIAN_POINT ( 'NONE',  ( -2.791227291791869902, 0.0000000000000000000, -0.05498454575046662907 ) ) ;
#6219 = CARTESIAN_POINT ( 'NONE',  ( 1.120570724512287786, 54.19937188380175286, -0.01333718144718419249 ) ) ;
#6220 = CARTESIAN_POINT ( 'NONE',  ( 7.959891325150024954, 55.38449050461130696, -0.4992202662322268725 ) ) ;
#6221 = CARTESIAN_POINT ( 'NONE',  ( -14.09999999999999964, 54.91745697782607749, -48.13981301903218224 ) ) ;
#6222 = VECTOR ( 'NONE', #4636, 1000.000000000000000 ) ;
#6223 = ORIENTED_EDGE ( 'NONE', *, *, #1635, .T. ) ;
#6224 = EDGE_CURVE ( 'NONE', #2031, #7070, #1973, .T. ) ;
#6225 = B_SPLINE_SURFACE_WITH_KNOTS ( 'NONE', 3, 1, ( 
 ( #3885, #731 ),
 ( #2279, #1755 ),
 ( #6967, #2495 ),
 ( #3942, #3202 ),
 ( #1592, #5345 ),
 ( #4750, #7817 ),
 ( #3994, #3253 ),
 ( #3835, #29 ),
 ( #3782, #9264 ),
 ( #6310, #9368 ),
 ( #4640, #3051 ),
 ( #6870, #5556 ),
 ( #6097, #9152 ),
 ( #1544, #4591 ),
 ( #7661, #6922 ),
 ( #3097, #5400 ),
 ( #8467, #7711 ),
 ( #76, #2384 ),
 ( #8519, #3306 ) ),
 .UNSPECIFIED., .F., .F., .F.,
 ( 4, 1, 1, 1, 1, 1, 1, 1, 1, 1, 1, 1, 1, 1, 1, 1, 4 ),
 ( 2, 2 ),
 ( 0.0000000000000000000, 0.07896346034227616495, 0.1537781972411037812, 0.2255465585819432517, 0.2963670513721651245, 0.3648069591797933331, 0.4300950364811366167, 0.4944706578967765775, 0.5607237513261631445, 0.5970092348313902342, 0.6383736035166178713, 0.6845258959620286188, 0.7368363650277701682, 0.7941102123890665387, 0.8570401664147453413, 0.9256479368973148381, 1.000000000000000000 ),
 ( 0.0000000000000000000, 1.000000000000000000 ),
 .UNSPECIFIED. ) ;
#6226 = VERTEX_POINT ( 'NONE', #7211 ) ;
#6227 = DIRECTION ( 'NONE',  ( -1.000000000000000000, 0.0000000000000000000, -0.0000000000000000000 ) ) ;
#6228 = CARTESIAN_POINT ( 'NONE',  ( 0.1499999999999999667, 4.999999999999998224, -20.69999994376783903 ) ) ;
#6229 = ORIENTED_EDGE ( 'NONE', *, *, #4942, .T. ) ;
#6230 = CARTESIAN_POINT ( 'NONE',  ( 10.10304959289029547, 53.83631277791960201, -0.3376507747238656765 ) ) ;
#6231 = VECTOR ( 'NONE', #3183, 1000.000000000000000 ) ;
#6232 = CARTESIAN_POINT ( 'NONE',  ( 14.09999999999999964, 56.13128306799008982, 0.0000000000000000000 ) ) ;
#6233 = EDGE_LOOP ( 'NONE', ( #1697, #5760, #1043, #48, #893, #795, #6197, #3125 ) ) ;
#6234 = CARTESIAN_POINT ( 'NONE',  ( 14.09999999999999964, 13.99999999999999822, -5.754411018423092550 ) ) ;
#6235 = CARTESIAN_POINT ( 'NONE',  ( 9.269992378430492508, 55.26586612284178557, -0.3062610631372481018 ) ) ;
#6236 = DIRECTION ( 'NONE',  ( 0.0000000000000000000, 0.0000000000000000000, 1.000000000000000000 ) ) ;
#6237 = CIRCLE ( 'NONE', #6882, 1.250000000000009770 ) ;
#6238 = EDGE_CURVE ( 'NONE', #493, #8214, #7476, .T. ) ;
#6239 = EDGE_CURVE ( 'NONE', #9125, #4947, #7886, .T. ) ;
#6240 = FACE_OUTER_BOUND ( 'NONE', #9054, .T. ) ;
#6241 = CARTESIAN_POINT ( 'NONE',  ( 2.009530666641016872, 54.75727291289288701, 0.2716258580031442049 ) ) ;
#6242 = CARTESIAN_POINT ( 'NONE',  ( 9.747642031286519071, 56.17815432237249951, -0.6735182268551918039 ) ) ;
#6243 = DIRECTION ( 'NONE',  ( 0.0000000000000000000, -1.000000000000000000, 3.362642065588203259E-15 ) ) ;
#6244 = CARTESIAN_POINT ( 'NONE',  ( 14.09999999999999964, 75.00000000000000000, 0.0000000000000000000 ) ) ;
#6245 = VERTEX_POINT ( 'NONE', #1884 ) ;
#6246 = CARTESIAN_POINT ( 'NONE',  ( -1.061728074815540435, 56.45489683451302199, 0.2920804942159606066 ) ) ;
#6247 = DIRECTION ( 'NONE',  ( 0.0000000000000000000, 0.0000000000000000000, 1.000000000000000000 ) ) ;
#6248 = VERTEX_POINT ( 'NONE', #2729 ) ;
#6249 = CARTESIAN_POINT ( 'NONE',  ( 1.622250008411605826, 54.50186497375135986, 0.2903803895346366293 ) ) ;
#6250 = VECTOR ( 'NONE', #8293, 999.9999999999998863 ) ;
#6251 = ADVANCED_FACE ( 'NONE', ( #5018 ), #4981, .T. ) ;
#6252 = CARTESIAN_POINT ( 'NONE',  ( 1.540045838660880850, 55.90606299316908689, -0.01857861185664097872 ) ) ;
#6253 = FACE_OUTER_BOUND ( 'NONE', #9621, .T. ) ;
#6254 = CARTESIAN_POINT ( 'NONE',  ( 0.0000000000000000000, 0.0000000000000000000, -70.87421554853963812 ) ) ;
#6255 = VERTEX_POINT ( 'NONE', #3524 ) ;
#6256 = VECTOR ( 'NONE', #9553, 1000.000000000000000 ) ;
#6257 = ORIENTED_EDGE ( 'NONE', *, *, #9836, .T. ) ;
#6258 = CARTESIAN_POINT ( 'NONE',  ( 14.09999999999999964, 9.999999999999994671, -40.19521439518901929 ) ) ;
#6259 = CARTESIAN_POINT ( 'NONE',  ( 2.010998901704809327, 54.70182609246614902, -0.03042540325696747178 ) ) ;
#6260 = EDGE_CURVE ( 'NONE', #9768, #3984, #4423, .T. ) ;
#6261 = DIRECTION ( 'NONE',  ( 0.0000000000000000000, -0.02617694830786611998, -0.9996573249755574819 ) ) ;
#6262 = CARTESIAN_POINT ( 'NONE',  ( 8.297714230248358191, 54.42371375068655937, -0.1326601476622896736 ) ) ;
#6263 = EDGE_LOOP ( 'NONE', ( #490, #7548, #7989, #447 ) ) ;
#6264 = CARTESIAN_POINT ( 'NONE',  ( 1.043212824275349782, 53.87253265680915604, 0.7023928024058537778 ) ) ;
#6265 = CARTESIAN_POINT ( 'NONE',  ( -2.600000000000000089, 4.999999999999998224, -48.69521209059480782 ) ) ;
#6266 = ORIENTED_EDGE ( 'NONE', *, *, #5904, .T. ) ;
#6267 = LINE ( 'NONE', #7774, #3483 ) ;
#6268 = ORIENTED_EDGE ( 'NONE', *, *, #4956, .T. ) ;
#6269 = CARTESIAN_POINT ( 'NONE',  ( 10.60409128542833734, 54.01959353224398797, -0.7977462288414781666 ) ) ;
#6270 = VECTOR ( 'NONE', #821, 1000.000000000000000 ) ;
#6271 = ORIENTED_EDGE ( 'NONE', *, *, #8342, .T. ) ;
#6273 = ADVANCED_FACE ( 'NONE', ( #4887, #7948, #5740 ), #8656, .F. ) ;
#6272 = CARTESIAN_POINT ( 'NONE',  ( 7.188428002365146341, 56.29363447661995679, -0.3654589544898308451 ) ) ;
#6274 = CARTESIAN_POINT ( 'NONE',  ( -14.09999999999999964, 0.0000000000000000000, 0.0000000000000000000 ) ) ;
#6275 = CARTESIAN_POINT ( 'NONE',  ( 8.359597627439654843, 54.98416522339287127, -0.4992202662322268725 ) ) ;
#6276 = DIRECTION ( 'NONE',  ( 2.957634137601416519E-13, 0.0000000000000000000, 1.000000000000000000 ) ) ;
#6277 = ORIENTED_EDGE ( 'NONE', *, *, #948, .F. ) ;
#6278 = ORIENTED_EDGE ( 'NONE', *, *, #494, .F. ) ;
#6279 = CARTESIAN_POINT ( 'NONE',  ( -1.061728074815540435, 56.45489683451302909, -0.007953031626794261622 ) ) ;
#6280 = ORIENTED_EDGE ( 'NONE', *, *, #5770, .T. ) ;
#6281 = FACE_OUTER_BOUND ( 'NONE', #1649, .T. ) ;
#6282 = ORIENTED_EDGE ( 'NONE', *, *, #4594, .F. ) ;
#6283 = LINE ( 'NONE', #4874, #1683 ) ;
#6284 = ORIENTED_EDGE ( 'NONE', *, *, #9556, .F. ) ;
#6286 = EDGE_CURVE ( 'NONE', #8035, #9720, #5647, .T. ) ;
#6285 = LINE ( 'NONE', #5684, #8112 ) ;
#6287 = CARTESIAN_POINT ( 'NONE',  ( 9.766266059378727604, 54.33707646553065729, -0.3732190043131219381 ) ) ;
#6288 = CARTESIAN_POINT ( 'NONE',  ( 10.21317749537356789, 56.36159182773970855, -0.7397152224719569791 ) ) ;
#6289 = FACE_OUTER_BOUND ( 'NONE', #1661, .T. ) ;
#6290 = CARTESIAN_POINT ( 'NONE',  ( 9.768840939976872306, 56.20614810072002854, -0.6764617784330362316 ) ) ;
#6291 = CARTESIAN_POINT ( 'NONE',  ( 10.10304959289029547, 56.69768321019457602, -0.7237856243798188594 ) ) ;
#6292 = CARTESIAN_POINT ( 'NONE',  ( 10.34553683901193821, 54.24464392090095544, -0.8009555158832000199 ) ) ;
#6293 = ORIENTED_EDGE ( 'NONE', *, *, #7739, .F. ) ;
#6294 = EDGE_CURVE ( 'NONE', #4648, #8761, #2633, .T. ) ;
#6295 = EDGE_CURVE ( 'NONE', #88, #7555, #3080, .T. ) ;
#6297 = EDGE_CURVE ( 'NONE', #8837, #6194, #650, .T. ) ;
#6296 = CARTESIAN_POINT ( 'NONE',  ( -1.760619146562003356, 56.69586458989119393, -0.02736481479098727687 ) ) ;
#6298 = CARTESIAN_POINT ( 'NONE',  ( 9.790445830511556480, 56.23373035816540266, -0.3765788952127489542 ) ) ;
#6299 = ORIENTED_EDGE ( 'NONE', *, *, #6580, .F. ) ;
#6300 = DIRECTION ( 'NONE',  ( -1.000000000000000000, -0.0000000000000000000, -0.0000000000000000000 ) ) ;
#6301 = CIRCLE ( 'NONE', #3258, 2.930662494044292021 ) ;
#6302 = FACE_BOUND ( 'NONE', #2138, .T. ) ;
#6303 = CARTESIAN_POINT ( 'NONE',  ( -14.09999999999999964, 23.38128306798728673, -44.19521439518901929 ) ) ;
#6304 = CARTESIAN_POINT ( 'NONE',  ( 9.817916509697921512, 54.28100125110108820, -0.7260292448453811165 ) ) ;
#6305 = DIRECTION ( 'NONE',  ( 0.0000000000000000000, 1.000000000000000000, 2.796494278874283485E-15 ) ) ;
#6306 = AXIS2_PLACEMENT_3D ( 'NONE', #1737, #8706, #4785 ) ;
#6307 = VERTEX_POINT ( 'NONE', #2020 ) ;
#6308 = ORIENTED_EDGE ( 'NONE', *, *, #6654, .T. ) ;
#6309 = EDGE_CURVE ( 'NONE', #1898, #4602, #3565, .T. ) ;
#6310 = CARTESIAN_POINT ( 'NONE',  ( 1.316061654163225292, 56.32926276619874528, 0.2958764490941487857 ) ) ;
#6311 = CARTESIAN_POINT ( 'NONE',  ( 7.597930991199185691, 53.87909479991660078, -0.4418531884689677058 ) ) ;
#6312 = CARTESIAN_POINT ( 'NONE',  ( 8.649766359876462474, 55.17053386278391969, -0.5389759807138333469 ) ) ;
#6313 = PRODUCT_DEFINITION_SHAPE ( 'NONE', 'NONE',  #7256 ) ;
#6314 = DIRECTION ( 'NONE',  ( 1.000000000000000000, 0.0000000000000000000, 0.0000000000000000000 ) ) ;
#6315 = DIRECTION ( 'NONE',  ( 0.0000000000000000000, -1.000000000000000000, 0.0000000000000000000 ) ) ;
#6316 = CARTESIAN_POINT ( 'NONE',  ( 7.275000000000002132, 62.00000000000004263, -27.19999999999996021 ) ) ;
#6317 = CARTESIAN_POINT ( 'NONE',  ( 12.09999999999999964, 67.00195731433238677, -48.70000000000000995 ) ) ;
#6318 = ORIENTED_EDGE ( 'NONE', *, *, #9564, .T. ) ;
#6319 = DIRECTION ( 'NONE',  ( 1.000000000000000000, 0.0000000000000000000, 0.0000000000000000000 ) ) ;
#6320 = VECTOR ( 'NONE', #2687, 1000.000000000000000 ) ;
#6321 = ORIENTED_EDGE ( 'NONE', *, *, #1311, .T. ) ;
#6322 = AXIS2_PLACEMENT_3D ( 'NONE', #2787, #5887, #1902 ) ;
#6323 = LINE ( 'NONE', #5461, #1058 ) ;
#6324 = CARTESIAN_POINT ( 'NONE',  ( 9.726149296026660451, 56.60833480588699729, -0.6705092582519608380 ) ) ;
#6325 = DIRECTION ( 'NONE',  ( 0.0000000000000000000, -0.9996573249755574819, 0.02617694830786611998 ) ) ;
#6326 = AXIS2_PLACEMENT_3D ( 'NONE', #9488, #7094, #3411 ) ;
#6327 = VERTEX_POINT ( 'NONE', #604 ) ;
#6328 = VECTOR ( 'NONE', #2254, 1000.000000000000000 ) ;
#6329 = EDGE_LOOP ( 'NONE', ( #7976, #4143, #2550, #7888, #444, #6487 ) ) ;
#6330 = CARTESIAN_POINT ( 'NONE',  ( 5.703861340049921402, 56.54520845623923719, -0.2298882291189174587 ) ) ;
#6331 = ORIENTED_EDGE ( 'NONE', *, *, #84, .F. ) ;
#6332 = CARTESIAN_POINT ( 'NONE',  ( 12.09999999999999964, 57.00000000000000000, -18.70000000000000639 ) ) ;
#6333 = ORIENTED_EDGE ( 'NONE', *, *, #394, .T. ) ;
#6334 = DIRECTION ( 'NONE',  ( 0.0000000000000000000, 0.0000000000000000000, 1.000000000000000000 ) ) ;
#6335 = ORIENTED_EDGE ( 'NONE', *, *, #2117, .F. ) ;
#6336 = VECTOR ( 'NONE', #385, 1000.000000000000000 ) ;
#6337 = CARTESIAN_POINT ( 'NONE',  ( 8.300209834315086965, 54.41795971234603968, -0.4876887905094768327 ) ) ;
#6338 = AXIS2_PLACEMENT_3D ( 'NONE', #8989, #2125, #6196 ) ;
#6339 = CARTESIAN_POINT ( 'NONE',  ( 1.901580302950714785, 55.93510454301345192, 0.2857021154571451893 ) ) ;
#6340 = LINE ( 'NONE', #1921, #5920 ) ;
#6341 = FACE_OUTER_BOUND ( 'NONE', #5741, .T. ) ;
#6342 = CARTESIAN_POINT ( 'NONE',  ( 10.06474864891984033, 56.37075739310655820, -0.7182713392925834661 ) ) ;
#6343 = CIRCLE ( 'NONE', #9847, 4.000000000000001776 ) ;
#6344 = EDGE_CURVE ( 'NONE', #606, #9851, #8143, .T. ) ;
#6345 = CARTESIAN_POINT ( 'NONE',  ( 8.151692710582100432, 56.29051675519055919, -0.4803865622226345944 ) ) ;
#6346 = CARTESIAN_POINT ( 'NONE',  ( -8.500000000000000000, 9.999999999990905053, -21.78020498957910434 ) ) ;
#6347 = EDGE_LOOP ( 'NONE', ( #9672, #7494, #6154, #5116, #550, #2518, #198 ) ) ;
#6348 = DIRECTION ( 'NONE',  ( 0.0000000000000000000, 0.0000000000000000000, 1.000000000000000000 ) ) ;
#6349 = FACE_OUTER_BOUND ( 'NONE', #6263, .T. ) ;
#6350 = LINE ( 'NONE', #1189, #5998 ) ;
#6351 = EDGE_LOOP ( 'NONE', ( #5851, #8111, #9166, #1127 ) ) ;
#6352 = FACE_OUTER_BOUND ( 'NONE', #1502, .T. ) ;
#6353 = AXIS2_PLACEMENT_3D ( 'NONE', #7483, #608, #2022 ) ;
#6354 = CARTESIAN_POINT ( 'NONE',  ( -10.50000000000000000, 59.85600527474578314, -0.7821016581677914248 ) ) ;
#6355 = CARTESIAN_POINT ( 'NONE',  ( -1.023397268144975225, 55.51469391270197207, -0.01695970555067678742 ) ) ;
#6356 = EDGE_CURVE ( 'NONE', #6715, #9366, #9826, .T. ) ;
#6357 = CARTESIAN_POINT ( 'NONE',  ( 1.572082321098562385, 55.38836776971119491, -0.01741562090812841246 ) ) ;
#6358 = EDGE_CURVE ( 'NONE', #1172, #9629, #8929, .T. ) ;
#6359 = B_SPLINE_CURVE_WITH_KNOTS ( 'NONE', 3,
 ( #8986, #9248, #1624, #60, #9138, #4676, #2214, #4624, #3082, #5277 ),
 .UNSPECIFIED., .F., .F.,
 ( 4, 2, 2, 2, 4 ),
 ( 3.469870442581001870E-18, 0.0001887688185146188416, 0.0003775376370292342137, 0.0005663064555438495316, 0.0007550752740584649580 ),
 .UNSPECIFIED. ) ;
#6360 = EDGE_CURVE ( 'NONE', #3768, #9798, #9573, .T. ) ;
#6361 = CARTESIAN_POINT ( 'NONE',  ( 9.675321634622001454, 54.51190455268336166, -0.3476052596559752739 ) ) ;
#6362 = ORIENTED_EDGE ( 'NONE', *, *, #2844, .F. ) ;
#6363 = ORIENTED_EDGE ( 'NONE', *, *, #9338, .F. ) ;
#6364 = DIRECTION ( 'NONE',  ( -0.0000000000000000000, -0.0000000000000000000, 1.000000000000000000 ) ) ;
#6365 = DIRECTION ( 'NONE',  ( -1.000000000000000000, -0.0000000000000000000, -0.0000000000000000000 ) ) ;
#6366 = CARTESIAN_POINT ( 'NONE',  ( 2.011528648963340160, 54.68182057574768606, 0.2857201262141788600 ) ) ;
#6367 = ADVANCED_FACE ( 'NONE', ( #6634 ), #2822, .F. ) ;
#6368 = CARTESIAN_POINT ( 'NONE',  ( 8.370916259261093728, 54.65468337737085136, -0.4992116007269613021 ) ) ;
#6369 = DIRECTION ( 'NONE',  ( 0.0000000000000000000, 0.0000000000000000000, 1.000000000000000000 ) ) ;
#6370 = CARTESIAN_POINT ( 'NONE',  ( -0.6542544373080282361, 55.30038819490839330, -0.009782707134597034768 ) ) ;
#6371 = ORIENTED_EDGE ( 'NONE', *, *, #7546, .F. ) ;
#6372 = LINE ( 'NONE', #8727, #4763 ) ;
#6373 = VECTOR ( 'NONE', #702, 1000.000000000000000 ) ;
#6374 = ORIENTED_EDGE ( 'NONE', *, *, #639, .T. ) ;
#6375 = CARTESIAN_POINT ( 'NONE',  ( 8.135551962491623712, 55.32499064448893478, -0.4684472010834017097 ) ) ;
#6376 = CARTESIAN_POINT ( 'NONE',  ( -1.826671814375091740, 56.37078749913729325, 0.2868131980923045443 ) ) ;
#6377 = DIRECTION ( 'NONE',  ( 0.0000000000000000000, -1.000000000000000000, 3.362642065588203259E-15 ) ) ;
#6378 = CARTESIAN_POINT ( 'NONE',  ( 1.970425221383006686, 54.40221031077319935, 0.2942797456913125442 ) ) ;
#6379 = EDGE_LOOP ( 'NONE', ( #9380, #1897, #2521, #2885 ) ) ;
#6380 = ORIENTED_EDGE ( 'NONE', *, *, #4347, .T. ) ;
#6381 = CARTESIAN_POINT ( 'NONE',  ( -1.417640707946950851, 53.92472520098604605, -0.01413009427108409891 ) ) ;
#6382 = ORIENTED_EDGE ( 'NONE', *, *, #7095, .F. ) ;
#6383 = CARTESIAN_POINT ( 'NONE',  ( 1.897580692026226146, 56.07221793935234189, 0.2747006769128305659 ) ) ;
#6384 = EDGE_LOOP ( 'NONE', ( #9661, #2437, #796, #3884 ) ) ;
#6385 = AXIS2_PLACEMENT_3D ( 'NONE', #4058, #4962, #242 ) ;
#6386 = LINE ( 'NONE', #9394, #5174 ) ;
#6387 = ORIENTED_EDGE ( 'NONE', *, *, #122, .F. ) ;
#6388 = CIRCLE ( 'NONE', #9262, 2.930662494030136678 ) ;
#6389 = CARTESIAN_POINT ( 'NONE',  ( 8.147541131732442210, 54.24385687014429180, -0.4698350694584209619 ) ) ;
#6390 = CARTESIAN_POINT ( 'NONE',  ( 9.888670941990488572, 54.22051587891711932, -0.3902754462652655021 ) ) ;
#6391 = CARTESIAN_POINT ( 'NONE',  ( 9.558341294100017649, 54.06494108129596299, -0.3447299066672097068 ) ) ;
#6392 = CARTESIAN_POINT ( 'NONE',  ( 9.514109553980349077, 56.40351574255722511, -0.3037559157698063728 ) ) ;
#6393 = ADVANCED_FACE ( 'NONE', ( #5873 ), #1493, .T. ) ;
#6394 = CARTESIAN_POINT ( 'NONE',  ( -1.159846520823312632, 54.55692738198894887, -0.01317352179555240921 ) ) ;
#6395 = CIRCLE ( 'NONE', #125, 2.534890514885638879 ) ;
#6396 = CARTESIAN_POINT ( 'NONE',  ( 7.988958338455569574, 56.36341867034105491, -0.4803865622226340948 ) ) ;
#6397 = CARTESIAN_POINT ( 'NONE',  ( 2.010133369979735019, 54.62174883024812999, 0.2716088175694196805 ) ) ;
#6398 = EDGE_LOOP ( 'NONE', ( #7307, #1971, #7354, #905 ) ) ;
#6399 = CARTESIAN_POINT ( 'NONE',  ( 8.703992813842411636, 54.85923571847251878, -0.5364949452127584228 ) ) ;
#6400 = DIRECTION ( 'NONE',  ( -0.0000000000000000000, -1.000000000000000000, -0.0000000000000000000 ) ) ;
#6401 = CARTESIAN_POINT ( 'NONE',  ( 14.09999999999999964, 10.81999999999999673, -3.678128122775022657 ) ) ;
#6402 = CARTESIAN_POINT ( 'NONE',  ( 7.005064916546808185, 55.74137868655083849, -0.3737647796839235759 ) ) ;
#6403 = ORIENTED_EDGE ( 'NONE', *, *, #8342, .F. ) ;
#6404 = CIRCLE ( 'NONE', #7053, 2.930662494030081167 ) ;
#6405 = LINE ( 'NONE', #9607, #7957 ) ;
#6406 = EDGE_CURVE ( 'NONE', #2332, #5748, #6533, .T. ) ;
#6407 = CARTESIAN_POINT ( 'NONE',  ( 0.9645477748120938610, 55.50242720683921505, 0.1409184694393747772 ) ) ;
#6408 = CARTESIAN_POINT ( 'NONE',  ( 7.317856033323562492, 54.61154827916536192, -0.07719515626134616781 ) ) ;
#6409 = DIRECTION ( 'NONE',  ( 0.0000000000000000000, 0.0000000000000000000, 1.000000000000000000 ) ) ;
#6410 = CARTESIAN_POINT ( 'NONE',  ( 1.613101864599274293, 54.47219133618554565, 0.2817194882697149905 ) ) ;
#6411 = LINE ( 'NONE', #4898, #201 ) ;
#6412 = CARTESIAN_POINT ( 'NONE',  ( -14.09999999999999964, 22.88128306798727962, -40.19521439518901218 ) ) ;
#6413 = ORIENTED_EDGE ( 'NONE', *, *, #6497, .T. ) ;
#6414 = DIRECTION ( 'NONE',  ( 0.0000000000000000000, 0.0000000000000000000, -1.000000000000000000 ) ) ;
#6415 = CARTESIAN_POINT ( 'NONE',  ( -13.50000000000000000, 54.09999999999998721, -6.348128122775007043 ) ) ;
#6416 = CARTESIAN_POINT ( 'NONE',  ( 8.532867609410322629, 55.39877394850373094, -0.5389759807138325698 ) ) ;
#6417 = EDGE_CURVE ( 'NONE', #7542, #4208, #9072, .T. ) ;
#6418 = EDGE_CURVE ( 'NONE', #5192, #9322, #6267, .T. ) ;
#6419 = CARTESIAN_POINT ( 'NONE',  ( 8.268507715339604047, 54.37525515744912497, -0.4992116007269610800 ) ) ;
#6420 = CIRCLE ( 'NONE', #5765, 7.249999999999999112 ) ;
#6421 = DIRECTION ( 'NONE',  ( 0.0000000000000000000, -0.0000000000000000000, -1.000000000000000000 ) ) ;
#6422 = DIRECTION ( 'NONE',  ( -0.0000000000000000000, 1.000000000000000000, -3.362642065588203259E-15 ) ) ;
#6423 = ORIENTED_EDGE ( 'NONE', *, *, #8537, .F. ) ;
#6424 = CARTESIAN_POINT ( 'NONE',  ( 11.59999999999999964, 2.500000000000000000, 2.163225680679969936E-15 ) ) ;
#6425 = CARTESIAN_POINT ( 'NONE',  ( 13.50000000000000000, 12.60844834401830283, -1.297607197594146333 ) ) ;
#6426 = VERTEX_POINT ( 'NONE', #8581 ) ;
#6427 = CARTESIAN_POINT ( 'NONE',  ( 7.575407585117959641, 55.62947841706270680, -0.4472155396743593969 ) ) ;
#6428 = ORIENTED_EDGE ( 'NONE', *, *, #4945, .T. ) ;
#6429 = EDGE_CURVE ( 'NONE', #8390, #3777, #6372, .T. ) ;
#6430 = CARTESIAN_POINT ( 'NONE',  ( 3.047417185204659873, 54.19851156681517068, 0.7023928024058537778 ) ) ;
#6431 = EDGE_CURVE ( 'NONE', #4208, #8361, #2395, .T. ) ;
#6432 = CARTESIAN_POINT ( 'NONE',  ( 1.234665622228571014, 54.20543634813386547, -0.01333718144718441106 ) ) ;
#6433 = CARTESIAN_POINT ( 'NONE',  ( 14.09999999999999964, 66.64840392373909594, -48.55355339059327946 ) ) ;
#6434 = CARTESIAN_POINT ( 'NONE',  ( 1.993766753814008252, 54.49258968705331085, -0.03047645466538052503 ) ) ;
#6435 = ORIENTED_EDGE ( 'NONE', *, *, #9694, .F. ) ;
#6436 = ORIENTED_EDGE ( 'NONE', *, *, #3989, .F. ) ;
#6437 = CARTESIAN_POINT ( 'NONE',  ( 9.672158614110713870, 56.00022079741352599, -0.6630777321517506984 ) ) ;
#6438 = ORIENTED_EDGE ( 'NONE', *, *, #3952, .F. ) ;
#6439 = CIRCLE ( 'NONE', #9311, 0.5000000000000004441 ) ;
#6440 = DIRECTION ( 'NONE',  ( 0.0000000000000000000, 1.000000000000000000, -5.782411586589357639E-16 ) ) ;
#6441 = ORIENTED_EDGE ( 'NONE', *, *, #3175, .T. ) ;
#6442 = ORIENTED_EDGE ( 'NONE', *, *, #6689, .F. ) ;
#6443 = ADVANCED_FACE ( 'NONE', ( #2605 ), #1066, .T. ) ;
#6444 = LINE ( 'NONE', #3380, #6007 ) ;
#6445 = CARTESIAN_POINT ( 'NONE',  ( 1.753885360136929750, 55.54009551742137063, -0.02740559966098426656 ) ) ;
#6446 = CARTESIAN_POINT ( 'NONE',  ( 14.09999999999999964, 53.00000000000000000, 0.0000000000000000000 ) ) ;
#6447 = CARTESIAN_POINT ( 'NONE',  ( 9.478042572551848011, 56.34728831046332687, -0.3037559157698060952 ) ) ;
#6448 = DIRECTION ( 'NONE',  ( 0.0000000000000000000, -0.0000000000000000000, -1.000000000000000000 ) ) ;
#6449 = DIRECTION ( 'NONE',  ( -1.000000000000000000, 0.0000000000000000000, -0.0000000000000000000 ) ) ;
#6450 = CARTESIAN_POINT ( 'NONE',  ( 8.074349009513486664, 56.33614720717620372, -0.4803865622226343723 ) ) ;
#6451 = CARTESIAN_POINT ( 'NONE',  ( 1.283620922513070584, 53.87949576517150518, 0.2885223106942430560 ) ) ;
#6452 = PLANE ( 'NONE',  #878 ) ;
#6453 = CARTESIAN_POINT ( 'NONE',  ( 6.966408081054688672, 55.19512417188561670, -0.2067674930730135086 ) ) ;
#6454 = CARTESIAN_POINT ( 'NONE',  ( 1.087511112057093499, 54.19897204262139923, -0.008333778304646566673 ) ) ;
#6455 = EDGE_LOOP ( 'NONE', ( #4494, #2571, #148, #4410, #3056 ) ) ;
#6456 = CARTESIAN_POINT ( 'NONE',  ( 10.93124850324969977, 55.03241427903551397, -0.8513888723903023648 ) ) ;
#6457 = VECTOR ( 'NONE', #72, 1000.000000000000000 ) ;
#6458 = FACE_OUTER_BOUND ( 'NONE', #189, .T. ) ;
#6459 = CARTESIAN_POINT ( 'NONE',  ( -1.033313936900177588, 55.61033218600905315, -0.01695970555067743621 ) ) ;
#6460 = CARTESIAN_POINT ( 'NONE',  ( 13.50000000000000000, 54.09999999999998721, -6.348128122775007043 ) ) ;
#6461 = CARTESIAN_POINT ( 'NONE',  ( 12.09999999999999964, 66.64840392373909594, -48.55355339059327946 ) ) ;
#6462 = ADVANCED_FACE ( 'NONE', ( #8683 ), #2560, .F. ) ;
#6463 = ORIENTED_EDGE ( 'NONE', *, *, #2292, .F. ) ;
#6464 = ORIENTED_EDGE ( 'NONE', *, *, #1378, .F. ) ;
#6465 = CARTESIAN_POINT ( 'NONE',  ( -0.6542544373080282361, 55.30038819490839330, 0.2989210827142310123 ) ) ;
#6466 = VECTOR ( 'NONE', #8062, 1000.000000000000000 ) ;
#6467 = DIRECTION ( 'NONE',  ( 0.0000000000000000000, 1.000000000000000000, -0.0000000000000000000 ) ) ;
#6468 = CARTESIAN_POINT ( 'NONE',  ( 8.704962267753408867, 54.80293079578463278, -0.1407445101694961009 ) ) ;
#6469 = B_SPLINE_CURVE_WITH_KNOTS ( 'NONE', 3,
 ( #1364, #3658, #9123, #4406, #2248, #5310, #8280, #7477, #9820, #7622 ),
 .UNSPECIFIED., .F., .F.,
 ( 4, 2, 2, 2, 4 ),
 ( 1.740009378519740812E-18, 0.0002282898176136580204, 0.0004565796352273143060, 0.0006848694528409706187, 0.0009131592704546268773 ),
 .UNSPECIFIED. ) ;
#6470 = DIRECTION ( 'NONE',  ( -0.0000000000000000000, -1.000000000000000000, -0.0000000000000000000 ) ) ;
#6471 = CARTESIAN_POINT ( 'NONE',  ( 0.0000000000000000000, 53.87253265680915604, -70.87421554853963812 ) ) ;
#6472 = EDGE_CURVE ( 'NONE', #2255, #2031, #4155, .T. ) ;
#6473 = ORIENTED_EDGE ( 'NONE', *, *, #3878, .T. ) ;
#6474 = DIRECTION ( 'NONE',  ( 0.0000000000000000000, 0.0000000000000000000, 1.000000000000000000 ) ) ;
#6475 = AXIS2_PLACEMENT_3D ( 'NONE', #4411, #2156, #5921 ) ;
#6476 = CARTESIAN_POINT ( 'NONE',  ( -1.301844958443011624, 56.20587472798459316, 0.2881030501117101128 ) ) ;
#6477 = PLANE ( 'NONE',  #7435 ) ;
#6478 = EDGE_LOOP ( 'NONE', ( #9548, #6146, #2824, #3587 ) ) ;
#6479 = CARTESIAN_POINT ( 'NONE',  ( 8.220521387605586483, 56.22682478463033107, -0.1763231678901109045 ) ) ;
#6480 = ORIENTED_EDGE ( 'NONE', *, *, #5937, .F. ) ;
#6481 = EDGE_CURVE ( 'NONE', #6636, #992, #1249, .T. ) ;
#6482 = FACE_OUTER_BOUND ( 'NONE', #6978, .T. ) ;
#6483 = ORIENTED_EDGE ( 'NONE', *, *, #4945, .F. ) ;
#6484 = EDGE_CURVE ( 'NONE', #3049, #9165, #4279, .T. ) ;
#6485 = VECTOR ( 'NONE', #6813, 1000.000000000000000 ) ;
#6486 = CARTESIAN_POINT ( 'NONE',  ( 14.09999999999999964, 21.94655343246308377, -46.22435601955750428 ) ) ;
#6487 = ORIENTED_EDGE ( 'NONE', *, *, #9630, .F. ) ;
#6488 = CARTESIAN_POINT ( 'NONE',  ( -4.483120059218620803E-16, 9.999999999990905053, -21.78020498959320861 ) ) ;
#6489 = ORIENTED_EDGE ( 'NONE', *, *, #2198, .T. ) ;
#6490 = DIRECTION ( 'NONE',  ( -1.000000000000000000, -0.0000000000000000000, -0.0000000000000000000 ) ) ;
#6491 = CARTESIAN_POINT ( 'NONE',  ( 1.283735457526311574, 55.53581740769051578, -0.01345756636718506080 ) ) ;
#6492 = DIRECTION ( 'NONE',  ( 0.0000000000000000000, 3.122502256758250246E-14, 1.000000000000000000 ) ) ;
#6493 = VECTOR ( 'NONE', #1841, 1000.000000000000000 ) ;
#6494 = AXIS2_PLACEMENT_3D ( 'NONE', #1358, #4214, #2810 ) ;
#6495 = DIRECTION ( 'NONE',  ( 0.0000000000000000000, 1.000000000000000000, 0.0000000000000000000 ) ) ;
#6496 = FACE_OUTER_BOUND ( 'NONE', #8493, .T. ) ;
#6497 = EDGE_CURVE ( 'NONE', #7129, #7509, #6070, .T. ) ;
#6498 = EDGE_LOOP ( 'NONE', ( #9077, #5632, #5657, #411 ) ) ;
#6499 = CARTESIAN_POINT ( 'NONE',  ( 7.896806220030174295, 56.37170430018855427, -0.4803865622226340948 ) ) ;
#6500 = CARTESIAN_POINT ( 'NONE',  ( 1.628805005445707721, 53.98087763539433581, 0.2813814660309152949 ) ) ;
#6501 = CIRCLE ( 'NONE', #6645, 70.87421554853963812 ) ;
#6502 = AXIS2_PLACEMENT_3D ( 'NONE', #5334, #3243, #2269 ) ;
#6503 = CARTESIAN_POINT ( 'NONE',  ( -14.09999999999999964, 56.17999999999999972, -3.678128122775001341 ) ) ;
#6504 = CARTESIAN_POINT ( 'NONE',  ( 6.966408081054688672, 55.19512417188561670, -0.3737647796839235759 ) ) ;
#6505 = VERTEX_POINT ( 'NONE', #289 ) ;
#6506 = CARTESIAN_POINT ( 'NONE',  ( 14.09999999999999964, 54.33128306799008556, -46.72521209058222524 ) ) ;
#6507 = AXIS2_PLACEMENT_3D ( 'NONE', #4230, #3433, #3338 ) ;
#6508 = VECTOR ( 'NONE', #5071, 1000.000000000000000 ) ;
#6509 = LINE ( 'NONE', #8985, #465 ) ;
#6510 = CARTESIAN_POINT ( 'NONE',  ( -1.066009308324974647, 55.78198229286874010, -0.01695970555067656885 ) ) ;
#6511 = CARTESIAN_POINT ( 'NONE',  ( -8.500000000000000000, 14.00000000001000444, -33.70200572722880850 ) ) ;
#6512 = LINE ( 'NONE', #5123, #7349 ) ;
#6513 = EDGE_LOOP ( 'NONE', ( #738, #3716, #557, #8787 ) ) ;
#6514 = AXIS2_PLACEMENT_3D ( 'NONE', #1227, #452, #2013 ) ;
#6515 = CARTESIAN_POINT ( 'NONE',  ( -12.10000000000000142, 57.00000000000013500, -1.916705977385280630E-13 ) ) ;
#6516 = CARTESIAN_POINT ( 'NONE',  ( 0.4178539778228485546, 55.17644829683319330, -0.001231784103175592726 ) ) ;
#6517 = CARTESIAN_POINT ( 'NONE',  ( 8.378983357747397775, 54.79161208363164803, -0.4970383707680748886 ) ) ;
#6518 = CIRCLE ( 'NONE', #5861, 3.421800737654745461 ) ;
#6519 = CARTESIAN_POINT ( 'NONE',  ( 14.09999999999999964, 54.09999999999998721, -6.348128122775007043 ) ) ;
#6520 = FACE_OUTER_BOUND ( 'NONE', #6891, .T. ) ;
#6521 = CARTESIAN_POINT ( 'NONE',  ( 10.13650723900385664, 56.69662023515699190, -0.4181348863512487912 ) ) ;
#6522 = ORIENTED_EDGE ( 'NONE', *, *, #9556, .T. ) ;
#6523 = ORIENTED_EDGE ( 'NONE', *, *, #2894, .F. ) ;
#6524 = CARTESIAN_POINT ( 'NONE',  ( -4.724999999999997868, 62.00000000000007105, -19.94999999999996021 ) ) ;
#6525 = CARTESIAN_POINT ( 'NONE',  ( 1.363797770671304033, 56.66459439780022223, 0.2943615570823886474 ) ) ;
#6526 = CARTESIAN_POINT ( 'NONE',  ( 1.936257759506731846, 54.31724625589701105, 0.2942797456913127663 ) ) ;
#6527 = EDGE_CURVE ( 'NONE', #594, #5927, #4004, .T. ) ;
#6528 = ORIENTED_EDGE ( 'NONE', *, *, #2104, .F. ) ;
#6529 = DIRECTION ( 'NONE',  ( 0.0000000000000000000, 0.0000000000000000000, 1.000000000000000000 ) ) ;
#6530 = CARTESIAN_POINT ( 'NONE',  ( 9.596516158125087514, 54.02321130827670004, -0.6526858714814225415 ) ) ;
#6531 = EDGE_LOOP ( 'NONE', ( #8272, #8296, #4416, #1004, #6277, #2023, #6684, #4637, #6156, #9633, #8443, #436, #4957, #8532, #3391, #3616, #2357, #7377, #5040, #7777, #7045, #2492, #2398, #9430, #8504, #2253, #2285, #6998, #137, #2508, #4918, #1626, #1781, #5907, #4689, #8568, #6205, #1054, #8202, #4836, #9128, #1480, #4449, #1203, #979, #920, #801, #325, #4121, #350, #1914, #6278, #9884, #2391, #6480, #4499, #2449, #224, #3151, #8429, #7331 ) ) ;
#6532 = LINE ( 'NONE', #1307, #8784 ) ;
#6533 = CIRCLE ( 'NONE', #7336, 70.87421554853963812 ) ;
#6534 = DIRECTION ( 'NONE',  ( 0.0000000000000000000, 0.0000000000000000000, 1.000000000000000000 ) ) ;
#6535 = ORIENTED_EDGE ( 'NONE', *, *, #7996, .F. ) ;
#6536 = CARTESIAN_POINT ( 'NONE',  ( 7.293184081613590664, 54.78192738655744165, -0.07239559482833268778 ) ) ;
#6537 = ORIENTED_EDGE ( 'NONE', *, *, #4055, .F. ) ;
#6538 = CARTESIAN_POINT ( 'NONE',  ( 8.105003733456255688, 53.86627801594457310, -0.1352089772695212189 ) ) ;
#6539 = CARTESIAN_POINT ( 'NONE',  ( 7.917179901905550210, 56.69768321019456891, -0.1393682611193153564 ) ) ;
#6540 = CARTESIAN_POINT ( 'NONE',  ( 10.10304959289029547, 53.83631277791960201, -0.4207035858732040556 ) ) ;
#6541 = DIRECTION ( 'NONE',  ( 0.0000000000000000000, 0.0000000000000000000, 1.000000000000000000 ) ) ;
#6542 = EDGE_CURVE ( 'NONE', #642, #5896, #5569, .T. ) ;
#6543 = FACE_OUTER_BOUND ( 'NONE', #5135, .T. ) ;
#6544 = DIRECTION ( 'NONE',  ( 0.0000000000000000000, 0.0000000000000000000, 1.000000000000000000 ) ) ;
#6545 = ORIENTED_EDGE ( 'NONE', *, *, #5405, .T. ) ;
#6546 = CYLINDRICAL_SURFACE ( 'NONE', #6475, 3.499999999999999556 ) ;
#6547 = CARTESIAN_POINT ( 'NONE',  ( 7.540237907996563571, 56.61896563798787696, -0.4458325920447150925 ) ) ;
#6548 = DIRECTION ( 'NONE',  ( 0.0000000000000000000, 0.0000000000000000000, -1.000000000000000000 ) ) ;
#6549 = DIRECTION ( 'NONE',  ( -1.000000000000000000, -0.0000000000000000000, -0.0000000000000000000 ) ) ;
#6550 = ORIENTED_EDGE ( 'NONE', *, *, #7432, .F. ) ;
#6551 = CARTESIAN_POINT ( 'NONE',  ( 10.93568447572007862, 55.22568290908133548, -0.8513888723903012545 ) ) ;
#6552 = ADVANCED_FACE ( 'NONE', ( #2505 ), #5568, .T. ) ;
#6553 = EDGE_CURVE ( 'NONE', #4690, #7195, #2110, .T. ) ;
#6554 = CIRCLE ( 'NONE', #1583, 2.930662494039244059 ) ;
#6555 = CARTESIAN_POINT ( 'NONE',  ( 0.0000000000000000000, 56.69768321019457602, -70.87421554853963812 ) ) ;
#6556 = CARTESIAN_POINT ( 'NONE',  ( -1.448067397069555673, 56.30622521654679247, 0.2945886685900925839 ) ) ;
#6557 = DIRECTION ( 'NONE',  ( 0.0000000000000000000, -0.02617694830786612345, 0.9996573249755574819 ) ) ;
#6558 = FACE_OUTER_BOUND ( 'NONE', #7681, .T. ) ;
#6559 = ORIENTED_EDGE ( 'NONE', *, *, #9817, .F. ) ;
#6560 = CIRCLE ( 'NONE', #5431, 7.249999999999999112 ) ;
#6561 = CARTESIAN_POINT ( 'NONE',  ( -11.59999999999999964, 75.00000000000000000, -48.70000000000000995 ) ) ;
#6562 = CARTESIAN_POINT ( 'NONE',  ( 2.423437499999999911, 57.00000000000003553, -28.40927304964331412 ) ) ;
#6563 = DIRECTION ( 'NONE',  ( 1.000000000000000000, 0.0000000000000000000, 0.0000000000000000000 ) ) ;
#6564 = EDGE_CURVE ( 'NONE', #5970, #1142, #5824, .T. ) ;
#6565 = B_SPLINE_SURFACE_WITH_KNOTS ( 'NONE', 3, 1, ( 
 ( #7219, #7072 ),
 ( #5603, #9513 ),
 ( #7958, #5701 ),
 ( #4794, #4843 ),
 ( #1100, #1046 ),
 ( #4089, #7861 ),
 ( #4940, #4742 ),
 ( #8007, #7017 ),
 ( #120, #3197 ),
 ( #3987, #6252 ),
 ( #8664, #5495 ) ),
 .UNSPECIFIED., .F., .F., .F.,
 ( 4, 1, 1, 1, 1, 1, 1, 1, 4 ),
 ( 2, 2 ),
 ( 0.0000000000000000000, 0.1281412457737310107, 0.2480298031821701610, 0.3650452897789243090, 0.4811839231264367633, 0.6000595990764561183, 0.7250490251641009687, 0.8568730197558093176, 1.000000000000000000 ),
 ( 0.0000000000000000000, 1.000000000000000000 ),
 .UNSPECIFIED. ) ;
#6566 = VECTOR ( 'NONE', #5629, 1000.000000000000000 ) ;
#6567 = CARTESIAN_POINT ( 'NONE',  ( 14.09999999999999964, 56.48757387419761500, -3.118282555226745245 ) ) ;
#6568 = ORIENTED_EDGE ( 'NONE', *, *, #9516, .F. ) ;
#6569 = DIRECTION ( 'NONE',  ( 1.000000000000000000, 0.0000000000000000000, 0.0000000000000000000 ) ) ;
#6570 = ORIENTED_EDGE ( 'NONE', *, *, #3233, .T. ) ;
#6571 = ORIENTED_EDGE ( 'NONE', *, *, #1634, .T. ) ;
#6572 = EDGE_CURVE ( 'NONE', #864, #939, #5069, .T. ) ;
#6573 = CARTESIAN_POINT ( 'NONE',  ( 1.283735457526311574, 55.53581740769051578, 0.1409184694393747772 ) ) ;
#6574 = CARTESIAN_POINT ( 'NONE',  ( -1.901010580959484830, 56.69768321019456891, 0.2746081783573592339 ) ) ;
#6575 = VECTOR ( 'NONE', #4878, 1000.000000000000000 ) ;
#6576 = ORIENTED_EDGE ( 'NONE', *, *, #3448, .F. ) ;
#6577 = ORIENTED_EDGE ( 'NONE', *, *, #1357, .F. ) ;
#6578 = DIRECTION ( 'NONE',  ( -1.000000000000000000, -0.0000000000000000000, 0.0000000000000000000 ) ) ;
#6579 = LINE ( 'NONE', #5231, #9642 ) ;
#6580 = EDGE_CURVE ( 'NONE', #4653, #7101, #4246, .T. ) ;
#6581 = ORIENTED_EDGE ( 'NONE', *, *, #1326, .T. ) ;
#6582 = EDGE_CURVE ( 'NONE', #8761, #6756, #1316, .T. ) ;
#6583 = COLOUR_RGB ( '',0.7921568627450980005, 0.8196078431372548767, 0.9333333333333333481 ) ;
#6584 = PLANE ( 'NONE',  #7762 ) ;
#6585 = CARTESIAN_POINT ( 'NONE',  ( -1.016453226203594573, 55.30661348659254628, 0.2927415438422247829 ) ) ;
#6586 = CARTESIAN_POINT ( 'NONE',  ( 8.323140310256176733, 56.59052926864164590, -0.5344844159557688990 ) ) ;
#6587 = CARTESIAN_POINT ( 'NONE',  ( 8.170418246840448262, 53.88637770215211020, -0.4725002315635773442 ) ) ;
#6588 = CARTESIAN_POINT ( 'NONE',  ( 8.668742388863851289, 55.97328563240343158, -0.1393682611193153564 ) ) ;
#6589 = CARTESIAN_POINT ( 'NONE',  ( 1.277510165842169032, 54.21209402139874811, 0.2885340240152073910 ) ) ;
#6590 = ORIENTED_EDGE ( 'NONE', *, *, #3868, .F. ) ;
#6591 = CARTESIAN_POINT ( 'NONE',  ( 7.328143359622839803, 55.40129148299325124, -0.07825121488164211991 ) ) ;
#6592 = DIRECTION ( 'NONE',  ( 0.0000000000000000000, 0.0000000000000000000, 1.000000000000000000 ) ) ;
#6593 = EDGE_CURVE ( 'NONE', #3698, #5896, #7911, .T. ) ;
#6594 = CARTESIAN_POINT ( 'NONE',  ( 7.803333451087345551, 53.83866563191764953, -0.1290181281941892300 ) ) ;
#6595 = DIRECTION ( 'NONE',  ( 0.0000000000000000000, -0.0000000000000000000, -1.000000000000000000 ) ) ;
#6596 = CARTESIAN_POINT ( 'NONE',  ( 0.1499999999999997446, 7.749999999999998224, -50.69816221708081372 ) ) ;
#6597 = ORIENTED_EDGE ( 'NONE', *, *, #2529, .T. ) ;
#6598 = CARTESIAN_POINT ( 'NONE',  ( 7.275000000000002132, 62.00000000000004263, -27.19999999999996021 ) ) ;
#6599 = EDGE_CURVE ( 'NONE', #1078, #2619, #8225, .T. ) ;
#6600 = FACE_OUTER_BOUND ( 'NONE', #4965, .T. ) ;
#6601 = EDGE_CURVE ( 'NONE', #7631, #8648, #6631, .T. ) ;
#6602 = EDGE_CURVE ( 'NONE', #8698, #6615, #9683, .T. ) ;
#6603 = ORIENTED_EDGE ( 'NONE', *, *, #9325, .F. ) ;
#6604 = CARTESIAN_POINT ( 'NONE',  ( -1.276191726251256986, 53.97796123332430085, -0.02630137221458202224 ) ) ;
#6605 = CYLINDRICAL_SURFACE ( 'NONE', #6977, 8.450000000000006395 ) ;
#6606 = CARTESIAN_POINT ( 'NONE',  ( 5.314673104825866190, 55.80259955584151044, -0.1995260825169182517 ) ) ;
#6607 = CARTESIAN_POINT ( 'NONE',  ( 14.09999999999999964, 11.58968273264776627, -4.178165316334405688 ) ) ;
#6608 = ORIENTED_EDGE ( 'NONE', *, *, #7266, .F. ) ;
#6609 = DIRECTION ( 'NONE',  ( 0.0000000000000000000, 1.000000000000000000, 0.0000000000000000000 ) ) ;
#6610 = CARTESIAN_POINT ( 'NONE',  ( 10.38827472239463567, 56.64790281146275674, -0.8513888723903119127 ) ) ;
#6611 = ADVANCED_FACE ( 'NONE', ( #1231 ), #6683, .F. ) ;
#6612 = VECTOR ( 'NONE', #6918, 1000.000000000000114 ) ;
#6613 = ORIENTED_EDGE ( 'NONE', *, *, #3634, .T. ) ;
#6614 = CARTESIAN_POINT ( 'NONE',  ( 8.701959071775572596, 54.91545171818463444, -0.5362429105013686303 ) ) ;
#6615 = VERTEX_POINT ( 'NONE', #9729 ) ;
#6616 = CARTESIAN_POINT ( 'NONE',  ( -1.157423265694932146, 54.56385224416786173, -0.009449463370438164478 ) ) ;
#6617 = CARTESIAN_POINT ( 'NONE',  ( 10.49999999999999822, 59.85600527474578314, -0.7821016581677946444 ) ) ;
#6618 = CIRCLE ( 'NONE', #5323, 71.17421554853964949 ) ;
#6619 =( BOUNDED_CURVE ( )  B_SPLINE_CURVE ( 3, ( #109, #2420, #1677, #6128 ),
 .UNSPECIFIED., .F., .T. ) 
 B_SPLINE_CURVE_WITH_KNOTS ( ( 4, 4 ),
 ( 3.141592653589793116, 6.283185307179586232 ),
 .UNSPECIFIED. ) 
 CURVE ( )  GEOMETRIC_REPRESENTATION_ITEM ( )  RATIONAL_B_SPLINE_CURVE ( ( 1.000000000000000000, 0.3333333333333333703, 0.3333333333333333703, 1.000000000000000000 ) ) 
 REPRESENTATION_ITEM ( '' )  );
#6620 = ORIENTED_EDGE ( 'NONE', *, *, #6431, .T. ) ;
#6621 = CARTESIAN_POINT ( 'NONE',  ( 7.481501975840745722, 56.15326912907538315, -0.4114301739047737660 ) ) ;
#6622 = VERTEX_POINT ( 'NONE', #5918 ) ;
#6623 = ORIENTED_EDGE ( 'NONE', *, *, #1433, .F. ) ;
#6624 = CARTESIAN_POINT ( 'NONE',  ( 7.309800134787980852, 54.64213933095551567, -0.07239559482833247961 ) ) ;
#6625 = CARTESIAN_POINT ( 'NONE',  ( 8.393368981407601126, 54.02489341864558980, -0.5390089958205916965 ) ) ;
#6626 = CARTESIAN_POINT ( 'NONE',  ( 8.135300149356051946, 56.67164144320774710, -0.1393682611193155785 ) ) ;
#6627 = DIRECTION ( 'NONE',  ( 0.0000000000000000000, 0.0000000000000000000, -1.000000000000000000 ) ) ;
#6628 = PLANE ( 'NONE',  #3111 ) ;
#6629 = DIRECTION ( 'NONE',  ( -1.000000000000000000, 0.0000000000000000000, 0.0000000000000000000 ) ) ;
#6630 = AXIS2_PLACEMENT_3D ( 'NONE', #1726, #7986, #2621 ) ;
#6631 = LINE ( 'NONE', #8180, #2838 ) ;
#6632 = ORIENTED_EDGE ( 'NONE', *, *, #4387, .T. ) ;
#6633 = CARTESIAN_POINT ( 'NONE',  ( 7.617179131109448775, 55.65172592286523212, -0.1087532976400771428 ) ) ;
#6634 = FACE_OUTER_BOUND ( 'NONE', #4198, .T. ) ;
#6635 = CARTESIAN_POINT ( 'NONE',  ( -14.09999999999999964, 54.33128306799008556, -46.72521209058222524 ) ) ;
#6636 = VERTEX_POINT ( 'NONE', #2106 ) ;
#6637 = AXIS2_PLACEMENT_3D ( 'NONE', #6797, #1627, #9304 ) ;
#6638 = CARTESIAN_POINT ( 'NONE',  ( 8.342763478857840198, 55.93706575351388466, -0.4927355473582651357 ) ) ;
#6639 = AXIS2_PLACEMENT_3D ( 'NONE', #3674, #5224, #6750 ) ;
#6640 = CARTESIAN_POINT ( 'NONE',  ( 14.09999999999999964, 13.99999999999999822, -5.458128122775026014 ) ) ;
#6641 = ORIENTED_EDGE ( 'NONE', *, *, #5673, .F. ) ;
#6642 =( NAMED_UNIT ( * ) SI_UNIT ( $, .STERADIAN. ) SOLID_ANGLE_UNIT ( ) );
#6643 = EDGE_CURVE ( 'NONE', #525, #5282, #5602, .T. ) ;
#6644 = CARTESIAN_POINT ( 'NONE',  ( -14.09999999999999964, 0.0000000000000000000, -48.70000000000000995 ) ) ;
#6645 = AXIS2_PLACEMENT_3D ( 'NONE', #3702, #7832, #9827 ) ;
#6646 = AXIS2_PLACEMENT_3D ( 'NONE', #9870, #3013, #6773 ) ;
#6647 = DIRECTION ( 'NONE',  ( 0.0000000000000000000, 0.0000000000000000000, 1.000000000000000000 ) ) ;
#6648 = ORIENTED_EDGE ( 'NONE', *, *, #2387, .T. ) ;
#6649 = CARTESIAN_POINT ( 'NONE',  ( 14.09999999999999964, 54.33128306799007845, 0.0000000000000000000 ) ) ;
#6650 = DIRECTION ( 'NONE',  ( -0.0000000000000000000, 1.000000000000000000, -3.362642065588203259E-15 ) ) ;
#6651 = DIRECTION ( 'NONE',  ( 0.0000000000000000000, -1.000000000000000000, 0.0000000000000000000 ) ) ;
#6652 = CARTESIAN_POINT ( 'NONE',  ( -11.60000000000000142, 3.286843808525464039E-14, -50.70000000000000284 ) ) ;
#6653 = CIRCLE ( 'NONE', #8240, 0.2000000000000196065 ) ;
#6654 = EDGE_CURVE ( 'NONE', #9043, #8595, #8575, .T. ) ;
#6655 = ADVANCED_FACE ( 'NONE', ( #1413 ), #4506, .T. ) ;
#6656 = B_SPLINE_CURVE_WITH_KNOTS ( 'NONE', 3,
 ( #6729, #8839, #3610, #453, #5103, #8920, #3557, #9724, #405, #1179, #2149, #7473, #4218, #5913, #9636, #8877 ),
 .UNSPECIFIED., .F., .F.,
 ( 4, 2, 2, 2, 2, 2, 2, 4 ),
 ( 0.0000000000000000000, 0.0003387615475819379953, 0.0006775230951638759906, 0.0008469038689548549900, 0.001016284642745834098, 0.001185665416536813097, 0.001270355803432305199, 0.001355046190327797084 ),
 .UNSPECIFIED. ) ;
#6657 = EDGE_CURVE ( 'NONE', #1142, #2084, #8334, .T. ) ;
#6658 = ORIENTED_EDGE ( 'NONE', *, *, #9516, .T. ) ;
#6659 = AXIS2_PLACEMENT_3D ( 'NONE', #7792, #867, #3916 ) ;
#6660 = ORIENTED_EDGE ( 'NONE', *, *, #3955, .F. ) ;
#6661 = VERTEX_POINT ( 'NONE', #6939 ) ;
#6662 = CARTESIAN_POINT ( 'NONE',  ( 5.368500442609819956, 55.83532823284778601, -0.2298278560399703019 ) ) ;
#6663 = CARTESIAN_POINT ( 'NONE',  ( 8.152970614559304607, 56.66746296845359154, -0.1684866553870957295 ) ) ;
#6664 = VECTOR ( 'NONE', #1406, 1000.000000000000000 ) ;
#6665 = EDGE_CURVE ( 'NONE', #7509, #7519, #5963, .T. ) ;
#6666 = ORIENTED_EDGE ( 'NONE', *, *, #8449, .T. ) ;
#6667 = CARTESIAN_POINT ( 'NONE',  ( 14.09999999999999964, 2.500000000000043077, -50.69940716680027037 ) ) ;
#6668 = FACE_OUTER_BOUND ( 'NONE', #1766, .T. ) ;
#6669 = VERTEX_POINT ( 'NONE', #6782 ) ;
#6670 = CARTESIAN_POINT ( 'NONE',  ( 7.292386991060698875, 55.34736085034327857, -0.4114301739047735440 ) ) ;
#6671 = ORIENTED_EDGE ( 'NONE', *, *, #3288, .T. ) ;
#6672 = CARTESIAN_POINT ( 'NONE',  ( 13.50000000000000000, 5.734092485736936418, -2.797607197594146555 ) ) ;
#6673 = COLOUR_RGB ( '',0.7921568627450980005, 0.8196078431372548767, 0.9333333333333333481 ) ;
#6674 = ORIENTED_EDGE ( 'NONE', *, *, #6043, .F. ) ;
#6675 = CARTESIAN_POINT ( 'NONE',  ( 7.451606329122190786, 54.34390811759688944, -0.4388580514320238879 ) ) ;
#6676 = CARTESIAN_POINT ( 'NONE',  ( 8.703658541744504262, 54.75927596475067105, -0.1352089772695212189 ) ) ;
#6677 = CARTESIAN_POINT ( 'NONE',  ( -8.500000000000000000, 9.999999999990905053, -25.20200572722880139 ) ) ;
#6678 = PLANE ( 'NONE',  #9904 ) ;
#6679 = CARTESIAN_POINT ( 'NONE',  ( 8.657726387205674001, 56.05497330586479166, -0.1393682611193153564 ) ) ;
#6680 = EDGE_CURVE ( 'NONE', #3676, #7186, #751, .T. ) ;
#6681 = AXIS2_PLACEMENT_3D ( 'NONE', #8861, #8021, #1253 ) ;
#6682 = CARTESIAN_POINT ( 'NONE',  ( 1.277510165842169032, 54.21209402139875522, -0.01151451762331658947 ) ) ;
#6683 = CYLINDRICAL_SURFACE ( 'NONE', #3790, 7.249999999999999112 ) ;
#6684 = ORIENTED_EDGE ( 'NONE', *, *, #7020, .F. ) ;
#6685 = CARTESIAN_POINT ( 'NONE',  ( -1.367623075320881787, 54.31227330536837172, 0.2905820563629011866 ) ) ;
#6686 = FACE_OUTER_BOUND ( 'NONE', #4097, .T. ) ;
#6687 = ORIENTED_EDGE ( 'NONE', *, *, #5384, .T. ) ;
#6688 = AXIS2_PLACEMENT_3D ( 'NONE', #3262, #6319, #3362 ) ;
#6689 = EDGE_CURVE ( 'NONE', #7890, #3313, #5736, .T. ) ;
#6690 = CARTESIAN_POINT ( 'NONE',  ( 8.451453445868443382, 55.94914241651506615, -0.5056192589153258865 ) ) ;
#6691 = CARTESIAN_POINT ( 'NONE',  ( 7.727046766357402063, 53.84492260233660232, -0.4224400568807614165 ) ) ;
#6692 = ORIENTED_EDGE ( 'NONE', *, *, #583, .T. ) ;
#6693 = CARTESIAN_POINT ( 'NONE',  ( 10.12589529443275360, 53.83669205882664954, -0.4181348863512487912 ) ) ;
#6694 = DIRECTION ( 'NONE',  ( 0.0000000000000000000, 1.000000000000000000, 0.0000000000000000000 ) ) ;
#6695 = DIRECTION ( 'NONE',  ( -1.000000000000000000, 0.0000000000000000000, 0.0000000000000000000 ) ) ;
#6696 = EDGE_LOOP ( 'NONE', ( #3028, #6282, #7628, #4157 ) ) ;
#6697 = B_SPLINE_CURVE_WITH_KNOTS ( 'NONE', 3,
 ( #8331, #2060, #5109, #8178 ),
 .UNSPECIFIED., .F., .F.,
 ( 4, 4 ),
 ( 5.640196438877653847E-18, 0.0004405757269541722221 ),
 .UNSPECIFIED. ) ;
#6698 = CARTESIAN_POINT ( 'NONE',  ( -1.858565410385785821, 53.87253265680915604, -0.02630137221458180713 ) ) ;
#6699 = CARTESIAN_POINT ( 'NONE',  ( 5.792997192154582642, 56.69768321019457602, -0.2371458672982829086 ) ) ;
#6700 = PLANE ( 'NONE',  #6639 ) ;
#6701 = CIRCLE ( 'NONE', #7492, 70.87421554853963812 ) ;
#6702 = CARTESIAN_POINT ( 'NONE',  ( -8.500000000000000000, 9.999999999990905053, -33.70200572722880850 ) ) ;
#6703 = CARTESIAN_POINT ( 'NONE',  ( 5.792997192154582642, 56.69768321019456891, 0.06385703932866200472 ) ) ;
#6704 = EDGE_LOOP ( 'NONE', ( #4521, #7981, #6875, #9917 ) ) ;
#6705 = CARTESIAN_POINT ( 'NONE',  ( 7.331286174448562676, 55.04667324749205903, -0.4373989088692312732 ) ) ;
#6706 = CIRCLE ( 'NONE', #8474, 0.3000000000000085931 ) ;
#6707 = CARTESIAN_POINT ( 'NONE',  ( 10.87470714071903188, 55.94715397325047945, -0.4181348863512481806 ) ) ;
#6708 = VERTEX_POINT ( 'NONE', #4610 ) ;
#6709 = VERTEX_POINT ( 'NONE', #3805 ) ;
#6710 = EDGE_CURVE ( 'NONE', #6505, #8831, #6115, .T. ) ;
#6711 = CARTESIAN_POINT ( 'NONE',  ( -1.268294571607542887, 54.39828683631538553, -0.01134897866054038022 ) ) ;
#6712 = LINE ( 'NONE', #4255, #5260 ) ;
#6713 = CARTESIAN_POINT ( 'NONE',  ( 1.368413977697755524, 53.89660821379196420, 0.2942797456913129883 ) ) ;
#6714 = AXIS2_PLACEMENT_3D ( 'NONE', #6471, #3311, #2558 ) ;
#6715 = VERTEX_POINT ( 'NONE', #6067 ) ;
#6716 = CARTESIAN_POINT ( 'NONE',  ( 0.0000000000000000000, 0.0000000000000000000, -70.87421554853963812 ) ) ;
#6717 = VERTEX_POINT ( 'NONE', #9231 ) ;
#6718 = CARTESIAN_POINT ( 'NONE',  ( 1.609227440605492054, 54.90291667831172617, 0.2948127524685534295 ) ) ;
#6719 = ORIENTED_EDGE ( 'NONE', *, *, #6791, .T. ) ;
#6720 = FACE_OUTER_BOUND ( 'NONE', #8516, .T. ) ;
#6721 = EDGE_CURVE ( 'NONE', #326, #6708, #3196, .T. ) ;
#6722 = AXIS2_PLACEMENT_3D ( 'NONE', #8614, #5653, #8559 ) ;
#6723 = EDGE_CURVE ( 'NONE', #2186, #1439, #7026, .T. ) ;
#6724 = ADVANCED_FACE ( 'NONE', ( #7518 ), #5261, .F. ) ;
#6725 = CARTESIAN_POINT ( 'NONE',  ( 7.880394087408345349, 53.83631277791960201, -0.03936411257272963427 ) ) ;
#6726 = ORIENTED_EDGE ( 'NONE', *, *, #5058, .T. ) ;
#6727 = FACE_OUTER_BOUND ( 'NONE', #3893, .T. ) ;
#6728 = CIRCLE ( 'NONE', #820, 0.5000000000002385869 ) ;
#6729 = CARTESIAN_POINT ( 'NONE',  ( 10.61012789734409090, 55.26699799405709257, -0.7986876117280679033 ) ) ;
#6730 = CARTESIAN_POINT ( 'NONE',  ( 8.500000000000000000, 14.00000000001000444, -33.70200572722880850 ) ) ;
#6731 = FACE_OUTER_BOUND ( 'NONE', #852, .T. ) ;
#6732 = CARTESIAN_POINT ( 'NONE',  ( 1.291860966941823508, 56.34513890082987331, 0.2883045165500882079 ) ) ;
#6733 = ORIENTED_EDGE ( 'NONE', *, *, #2743, .T. ) ;
#6734 = AXIS2_PLACEMENT_3D ( 'NONE', #8224, #2961, #1461 ) ;
#6735 = CARTESIAN_POINT ( 'NONE',  ( 10.93047908573382898, 55.57710318621866463, -0.8479390562469568682 ) ) ;
#6736 = CARTESIAN_POINT ( 'NONE',  ( -1.283172538743396318, 54.38293561659781972, -0.02704955251262334409 ) ) ;
#6737 = EDGE_CURVE ( 'NONE', #8595, #9807, #7572, .T. ) ;
#6738 = CARTESIAN_POINT ( 'NONE',  ( -14.09999999999999964, 53.00000000000000000, -5.458128122775004698 ) ) ;
#6739 = ORIENTED_EDGE ( 'NONE', *, *, #160, .T. ) ;
#6740 = CARTESIAN_POINT ( 'NONE',  ( -0.5999999999999998668, 64.99999999999998579, -20.69999994376783903 ) ) ;
#6741 = LINE ( 'NONE', #8982, #6508 ) ;
#6742 = EDGE_LOOP ( 'NONE', ( #7924, #307, #7252, #4600 ) ) ;
#6743 = CARTESIAN_POINT ( 'NONE',  ( 10.65482897409155782, 54.08039977757485417, -0.8513888723903014766 ) ) ;
#6744 = LINE ( 'NONE', #1525, #8038 ) ;
#6745 = CARTESIAN_POINT ( 'NONE',  ( 9.469414830084790680, 54.19344699737232673, -0.3327410268131344995 ) ) ;
#6746 = ORIENTED_EDGE ( 'NONE', *, *, #1479, .T. ) ;
#6747 = VECTOR ( 'NONE', #1330, 1000.000000000000000 ) ;
#6748 = CARTESIAN_POINT ( 'NONE',  ( -0.6913601305471774872, 54.86108203447777498, -0.02630137221458158855 ) ) ;
#6749 = CARTESIAN_POINT ( 'NONE',  ( -4.724999999999997868, 57.00000000000003553, -27.19999999999994245 ) ) ;
#6750 = DIRECTION ( 'NONE',  ( 0.0000000000000000000, 6.832105294966743752E-15, -1.000000000000000000 ) ) ;
#6751 = CARTESIAN_POINT ( 'NONE',  ( 9.653396470048990707, 55.93092750737699248, -0.3479068640411292490 ) ) ;
#6752 = ADVANCED_FACE ( 'NONE', ( #9876 ), #6013, .T. ) ;
#6753 = ORIENTED_EDGE ( 'NONE', *, *, #7684, .F. ) ;
#6754 = FACE_OUTER_BOUND ( 'NONE', #4252, .T. ) ;
#6755 = DIRECTION ( 'NONE',  ( -1.000000000000000000, -0.0000000000000000000, -0.0000000000000000000 ) ) ;
#6756 = VERTEX_POINT ( 'NONE', #699 ) ;
#6757 = PLANE ( 'NONE',  #6159 ) ;
#6758 = CARTESIAN_POINT ( 'NONE',  ( 1.812920791105605112, 55.18799413148762767, 0.2857201262141788600 ) ) ;
#6759 = DIRECTION ( 'NONE',  ( 1.000000000000000000, -0.0000000000000000000, 0.0000000000000000000 ) ) ;
#6760 = CARTESIAN_POINT ( 'NONE',  ( -0.9848948404773609777, 56.38221337312512560, 0.2932267671923797780 ) ) ;
#6761 = ORIENTED_EDGE ( 'NONE', *, *, #2596, .F. ) ;
#6762 = CYLINDRICAL_SURFACE ( 'NONE', #9288, 4.000000000000001776 ) ;
#6763 = ADVANCED_FACE ( 'NONE', ( #3857 ), #47, .F. ) ;
#6764 = ORIENTED_EDGE ( 'NONE', *, *, #6481, .F. ) ;
#6765 = CARTESIAN_POINT ( 'NONE',  ( 1.297564457940892924, 55.15229324481963147, -0.02106636364446450721 ) ) ;
#6766 = DIRECTION ( 'NONE',  ( 1.000000000000000000, 0.0000000000000000000, 0.0000000000000000000 ) ) ;
#6767 = EDGE_LOOP ( 'NONE', ( #6363, #6107, #5052, #2424 ) ) ;
#6768 = CARTESIAN_POINT ( 'NONE',  ( 14.09999999999999964, 21.78128306799197844, 0.0000000000000000000 ) ) ;
#6769 = ORIENTED_EDGE ( 'NONE', *, *, #899, .T. ) ;
#6770 = ORIENTED_EDGE ( 'NONE', *, *, #7752, .T. ) ;
#6771 = B_SPLINE_CURVE_WITH_KNOTS ( 'NONE', 3,
 ( #862, #2911, #3749, #4870, #301, #6437, #9334, #1774, #5633, #9444 ),
 .UNSPECIFIED., .F., .F.,
 ( 4, 2, 2, 2, 4 ),
 ( 0.0000000000000000000, 0.0004670985674453500863, 0.0007006478511680151820, 0.0008174224930293476485, 0.0009341971348906802234 ),
 .UNSPECIFIED. ) ;
#6772 = CARTESIAN_POINT ( 'NONE',  ( -1.463542356246558818, 56.31341293260068426, 0.2868131980923047664 ) ) ;
#6773 = DIRECTION ( 'NONE',  ( 0.0000000000000000000, 0.0000000000000000000, -1.000000000000000000 ) ) ;
#6774 = DIRECTION ( 'NONE',  ( -1.000000000000000000, 0.0000000000000000000, 0.0000000000000000000 ) ) ;
#6775 = EDGE_CURVE ( 'NONE', #594, #7775, #6771, .T. ) ;
#6776 = EDGE_CURVE ( 'NONE', #4562, #7716, #2572, .T. ) ;
#6777 = DIRECTION ( 'NONE',  ( 0.0000000000000000000, 0.9848077530132441915, -0.1736481776610538375 ) ) ;
#6778 = EDGE_CURVE ( 'NONE', #1599, #7264, #4713, .T. ) ;
#6779 = CARTESIAN_POINT ( 'NONE',  ( 10.15896086917452834, 54.16493659317485054, -0.4287385687405785850 ) ) ;
#6780 = B_SPLINE_SURFACE_WITH_KNOTS ( 'NONE', 3, 1, ( 
 ( #6465, #2696 ),
 ( #4043, #4146 ),
 ( #7225, #8816 ),
 ( #327, #8855 ),
 ( #8248, #6748 ),
 ( #7401, #9744 ),
 ( #9843, #9039 ),
 ( #5885, #5168 ),
 ( #8113, #1384 ),
 ( #7363, #9653 ),
 ( #8944, #3578 ),
 ( #3713, #9791 ),
 ( #619, #5077 ),
 ( #2984, #4425 ),
 ( #5033, #7489 ),
 ( #6033, #6604 ),
 ( #6798, #1291 ),
 ( #8988, #9701 ),
 ( #2785, #4474 ),
 ( #2170, #519 ),
 ( #5222, #4288 ),
 ( #7536, #8298 ),
 ( #3671, #6698 ) ),
 .UNSPECIFIED., .F., .F., .F.,
 ( 4, 1, 1, 1, 1, 1, 1, 1, 1, 1, 1, 1, 1, 1, 1, 1, 1, 1, 1, 1, 4 ),
 ( 2, 2 ),
 ( 0.0000000000000000000, 0.07317038960316293861, 0.1423162930157947370, 0.2077967428901427160, 0.2698274116477321627, 0.3280819620789659496, 0.3822675771444083437, 0.4330015283762089773, 0.4801757826130717555, 0.5244432766130815438, 0.5663809604889368243, 0.6059191026401220537, 0.6439554333794977881, 0.6815161519434257409, 0.7203942862170843453, 0.7611886130706725373, 0.8039348186207448954, 0.8487454827028778626, 0.8964548369408131823, 0.9467187617174437353, 1.000000000000000000 ),
 ( 0.0000000000000000000, 1.000000000000000000 ),
 .UNSPECIFIED. ) ;
#6781 = VERTEX_POINT ( 'NONE', #3170 ) ;
#6782 = CARTESIAN_POINT ( 'NONE',  ( -2.791227291791869458, 56.69768321019457602, -0.05498454575047356796 ) ) ;
#6783 = EDGE_LOOP ( 'NONE', ( #4445, #2309, #9914, #5522, #8170 ) ) ;
#6784 = CARTESIAN_POINT ( 'NONE',  ( 10.01438775189761543, 53.83908482288616426, -0.3376507747238656765 ) ) ;
#6785 = CARTESIAN_POINT ( 'NONE',  ( 5.424641519475951412, 55.87100594212838445, 0.09299715137148546751 ) ) ;
#6786 = CARTESIAN_POINT ( 'NONE',  ( 7.929630485273838403, 55.71974648017654630, -0.1431055663189427229 ) ) ;
#6787 = CARTESIAN_POINT ( 'NONE',  ( 1.802127723196642828, 56.34385618603065637, -0.02745724643013827682 ) ) ;
#6788 = VERTEX_POINT ( 'NONE', #8591 ) ;
#6789 = CARTESIAN_POINT ( 'NONE',  ( 10.49999999999999822, 59.85600527474578314, -2.797607197594146555 ) ) ;
#6790 = CARTESIAN_POINT ( 'NONE',  ( 10.60200369353356820, 55.56783508214973466, -0.8009584369727306141 ) ) ;
#6791 = EDGE_CURVE ( 'NONE', #992, #6636, #6388, .T. ) ;
#6792 = CARTESIAN_POINT ( 'NONE',  ( 14.09999999999999964, 56.17999999999999972, -3.678128122775001341 ) ) ;
#6793 = LINE ( 'NONE', #2072, #4048 ) ;
#6794 = AXIS2_PLACEMENT_3D ( 'NONE', #4270, #544, #2723 ) ;
#6795 = AXIS2_PLACEMENT_3D ( 'NONE', #1996, #9757, #5853 ) ;
#6796 = VERTEX_POINT ( 'NONE', #3375 ) ;
#6797 = CARTESIAN_POINT ( 'NONE',  ( 14.09999999999999964, 21.43845525164900678, -58.38395669707587388 ) ) ;
#6798 = CARTESIAN_POINT ( 'NONE',  ( -1.357591251341212057, 53.94644599868037460, 0.2989210827142314564 ) ) ;
#6799 = CARTESIAN_POINT ( 'NONE',  ( -1.662549064591748671, 54.20455921570126634, -0.01942059679323374782 ) ) ;
#6800 = CARTESIAN_POINT ( 'NONE',  ( 8.619158148109148598, 54.33939645662132989, -0.2238064506127805664 ) ) ;
#6801 = LINE ( 'NONE', #2174, #7172 ) ;
#6802 = CIRCLE ( 'NONE', #8729, 4.000000000001405098 ) ;
#6803 = CIRCLE ( 'NONE', #3907, 70.87421554853963812 ) ;
#6804 = DIRECTION ( 'NONE',  ( 0.0000000000000000000, 5.782411586589357639E-16, 1.000000000000000000 ) ) ;
#6805 = CARTESIAN_POINT ( 'NONE',  ( 0.0000000000000000000, 55.50242720683921505, -70.87421554853963812 ) ) ;
#6806 = ORIENTED_EDGE ( 'NONE', *, *, #173, .F. ) ;
#6807 = ORIENTED_EDGE ( 'NONE', *, *, #7034, .T. ) ;
#6808 = CARTESIAN_POINT ( 'NONE',  ( 7.680023091106359168, 55.37215254110100204, -0.4373989088692308291 ) ) ;
#6809 = CARTESIAN_POINT ( 'NONE',  ( -5.494198100116994610, 36.09533680887011542, -3.297607197594146111 ) ) ;
#6810 = EDGE_LOOP ( 'NONE', ( #1391, #5840, #3398, #2177 ) ) ;
#6811 = VECTOR ( 'NONE', #3579, 1000.000000000000000 ) ;
#6812 = DIRECTION ( 'NONE',  ( 0.0000000000000000000, 3.362642065588203259E-15, 1.000000000000000000 ) ) ;
#6813 = DIRECTION ( 'NONE',  ( -0.0000000000000000000, -1.000000000000000000, -0.0000000000000000000 ) ) ;
#6814 = ADVANCED_FACE ( 'NONE', ( #1826 ), #1023, .F. ) ;
#6815 = CARTESIAN_POINT ( 'NONE',  ( -1.142721994011540732, 56.52450284703544980, 0.2939208690156466242 ) ) ;
#6816 = VECTOR ( 'NONE', #9690, 1000.000000000000000 ) ;
#6817 = EDGE_LOOP ( 'NONE', ( #5683, #3427, #1539, #8791, #9211, #7982, #7562 ) ) ;
#6818 = DIRECTION ( 'NONE',  ( -0.0000000000000000000, 0.0000000000000000000, 1.000000000000000000 ) ) ;
#6819 = ORIENTED_EDGE ( 'NONE', *, *, #5834, .T. ) ;
#6820 = CARTESIAN_POINT ( 'NONE',  ( 1.649329860067773934, 54.68747993182417844, -0.02106636364446429210 ) ) ;
#6821 = ORIENTED_EDGE ( 'NONE', *, *, #9191, .F. ) ;
#6822 = FACE_OUTER_BOUND ( 'NONE', #8863, .T. ) ;
#6823 = ORIENTED_EDGE ( 'NONE', *, *, #3044, .F. ) ;
#6824 = ORIENTED_EDGE ( 'NONE', *, *, #5648, .F. ) ;
#6825 = VECTOR ( 'NONE', #5198, 1000.000000000000000 ) ;
#6827 = EDGE_CURVE ( 'NONE', #3661, #8621, #3643, .T. ) ;
#6826 = FACE_OUTER_BOUND ( 'NONE', #8088, .T. ) ;
#6828 = PLANE ( 'NONE',  #384 ) ;
#6829 = CARTESIAN_POINT ( 'NONE',  ( 8.377753933286085086, 54.85854948089803429, -0.1312072312784056671 ) ) ;
#6830 = CARTESIAN_POINT ( 'NONE',  ( 1.460963241229391141, 53.91728756088046026, -0.01503469049089612049 ) ) ;
#6831 = DIRECTION ( 'NONE',  ( 0.0000000000000000000, 0.9999999718839048812, 0.0002371332732279563134 ) ) ;
#6832 = ORIENTED_EDGE ( 'NONE', *, *, #5906, .F. ) ;
#6833 = DIRECTION ( 'NONE',  ( 0.0000000000000000000, 0.0000000000000000000, -1.000000000000000000 ) ) ;
#6834 = LINE ( 'NONE', #7573, #1428 ) ;
#6835 = EDGE_LOOP ( 'NONE', ( #4268, #7946, #249, #9156 ) ) ;
#6836 = CARTESIAN_POINT ( 'NONE',  ( 9.575621554971920801, 54.04364991306981381, -0.3376507747238661206 ) ) ;
#6837 = DIRECTION ( 'NONE',  ( 1.000000000000000000, 0.0000000000000000000, 0.0000000000000000000 ) ) ;
#6838 = EDGE_LOOP ( 'NONE', ( #6597, #1020, #9569, #37 ) ) ;
#6839 = CYLINDRICAL_SURFACE ( 'NONE', #3131, 70.87421554853963812 ) ;
#6840 = ORIENTED_EDGE ( 'NONE', *, *, #7033, .F. ) ;
#6841 = ADVANCED_FACE ( 'NONE', ( #4114, #9491 ), #7839, .F. ) ;
#6843 = EDGE_CURVE ( 'NONE', #3637, #9494, #5808, .T. ) ;
#6842 = DIRECTION ( 'NONE',  ( -1.000000000000000000, -0.0000000000000000000, -0.0000000000000000000 ) ) ;
#6844 = CARTESIAN_POINT ( 'NONE',  ( 10.55697760344747316, 55.92170833154739285, -0.4179459123721624980 ) ) ;
#6845 = ORIENTED_EDGE ( 'NONE', *, *, #7228, .T. ) ;
#6846 = CARTESIAN_POINT ( 'NONE',  ( 0.9990895922871018131, 55.50280290518858806, 0.2952945052459343689 ) ) ;
#6847 = CARTESIAN_POINT ( 'NONE',  ( 9.271242276016227635, 55.38530302774956482, -0.7262907717472796287 ) ) ;
#6848 = VECTOR ( 'NONE', #334, 1000.000000000000000 ) ;
#6849 = CARTESIAN_POINT ( 'NONE',  ( 9.272073066949225506, 55.07930822931513859, -0.3042425055354368024 ) ) ;
#6850 = CARTESIAN_POINT ( 'NONE',  ( -2.791227291791869014, 53.87253265680915604, 0.2452473934394586164 ) ) ;
#6851 = DIRECTION ( 'NONE',  ( -0.0000000000000000000, -1.000000000000000000, -0.0000000000000000000 ) ) ;
#6852 = DIRECTION ( 'NONE',  ( 0.0000000000000000000, 0.0000000000000000000, 1.000000000000000000 ) ) ;
#6853 = AXIS2_PLACEMENT_3D ( 'NONE', #138, #7923, #4105 ) ;
#6854 = ORIENTED_EDGE ( 'NONE', *, *, #5655, .F. ) ;
#6855 = CARTESIAN_POINT ( 'NONE',  ( 3.047417185204659873, 54.19851156681517068, 0.7023928024058537778 ) ) ;
#6856 = EDGE_CURVE ( 'NONE', #610, #2332, #424, .T. ) ;
#6858 = EDGE_CURVE ( 'NONE', #5470, #3637, #8100, .T. ) ;
#6857 = DIRECTION ( 'NONE',  ( 1.000000000000000000, 0.0000000000000000000, 0.0000000000000000000 ) ) ;
#6859 = PLANE ( 'NONE',  #9205 ) ;
#6860 = ORIENTED_EDGE ( 'NONE', *, *, #6689, .T. ) ;
#6861 = CYLINDRICAL_SURFACE ( 'NONE', #3991, 0.4999999999999935052 ) ;
#6862 = CARTESIAN_POINT ( 'NONE',  ( -14.09999999999999964, 11.80000000000000071, -5.458128122775026014 ) ) ;
#6863 = ORIENTED_EDGE ( 'NONE', *, *, #1807, .T. ) ;
#6864 = CARTESIAN_POINT ( 'NONE',  ( 1.630673126427433228, 54.84173760547396625, -0.01876131116596152157 ) ) ;
#6865 = CARTESIAN_POINT ( 'NONE',  ( 7.414756941543831914, 55.19124467223810626, -0.07240429746787181708 ) ) ;
#6866 = CARTESIAN_POINT ( 'NONE',  ( 14.09999999999999964, 23.88128306798727607, -44.69521439518901218 ) ) ;
#6867 = EDGE_LOOP ( 'NONE', ( #7323, #8860, #2963 ) ) ;
#6868 = ORIENTED_EDGE ( 'NONE', *, *, #1705, .T. ) ;
#6869 = EDGE_CURVE ( 'NONE', #3525, #3828, #6532, .T. ) ;
#6870 = CARTESIAN_POINT ( 'NONE',  ( 1.239945530432513987, 56.34957645035529339, 0.2958764490941490077 ) ) ;
#6871 = CARTESIAN_POINT ( 'NONE',  ( 1.679904282151564177, 55.28823533503597076, -0.03042540325696790546 ) ) ;
#6872 = B_SPLINE_SURFACE_WITH_KNOTS ( 'NONE', 3, 1, ( 
 ( #5948, #1911 ),
 ( #4966, #8034 ),
 ( #8266, #2237 ),
 ( #3787, #9213 ),
 ( #8476, #9158 ),
 ( #1709, #5453 ),
 ( #1642, #8677 ),
 ( #4696, #7126 ),
 ( #2444, #1808 ),
 ( #5508, #8524 ),
 ( #1858, #902 ) ),
 .UNSPECIFIED., .F., .F., .F.,
 ( 4, 1, 1, 1, 1, 1, 1, 1, 4 ),
 ( 2, 2 ),
 ( 0.0000000000000000000, 0.1420765849891836574, 0.2804952907398982620, 0.4158254902573878531, 0.5497097145037996846, 0.6772521315688451171, 0.7942937847160126408, 0.9016196999854966254, 1.000000000000000000 ),
 ( 0.0000000000000000000, 1.000000000000000000 ),
 .UNSPECIFIED. ) ;
#6873 = DIRECTION ( 'NONE',  ( 0.0000000000000000000, 1.000000000000000000, 0.0000000000000000000 ) ) ;
#6874 = LINE ( 'NONE', #9267, #8096 ) ;
#6875 = ORIENTED_EDGE ( 'NONE', *, *, #2540, .F. ) ;
#6876 = CARTESIAN_POINT ( 'NONE',  ( 1.576873863021069244, 54.96409764466076098, -0.02106636364446429210 ) ) ;
#6877 = LINE ( 'NONE', #8427, #7362 ) ;
#6878 = ORIENTED_EDGE ( 'NONE', *, *, #6710, .T. ) ;
#6879 = CARTESIAN_POINT ( 'NONE',  ( 8.335450537999724574, 55.96818342886631825, -0.4946340216350792462 ) ) ;
#6880 = ORIENTED_EDGE ( 'NONE', *, *, #6417, .T. ) ;
#6881 = VERTEX_POINT ( 'NONE', #4305 ) ;
#6882 = AXIS2_PLACEMENT_3D ( 'NONE', #7032, #1859, #2503 ) ;
#6883 = CARTESIAN_POINT ( 'NONE',  ( 7.430728134819853281, 56.55555728107639624, -0.3905925536521525632 ) ) ;
#6884 = CARTESIAN_POINT ( 'NONE',  ( 1.183645893033587360, 54.20115681645107486, -0.01333718144718441106 ) ) ;
#6885 = DIRECTION ( 'NONE',  ( 0.0000000000000000000, 1.000000000000000000, 0.0000000000000000000 ) ) ;
#6886 = CARTESIAN_POINT ( 'NONE',  ( 9.522965595049740273, 54.10852780519892491, -0.4744741966226442842 ) ) ;
#6887 = CARTESIAN_POINT ( 'NONE',  ( 10.21331016019929727, 54.17614988435611423, -0.4365976982432785980 ) ) ;
#6888 = ORIENTED_EDGE ( 'NONE', *, *, #1033, .T. ) ;
#6889 = CARTESIAN_POINT ( 'NONE',  ( 3.047417185204659873, 56.69768321019457602, 0.2347304951847012378 ) ) ;
#6890 = ADVANCED_FACE ( 'NONE', ( #6482 ), #3803, .T. ) ;
#6891 = EDGE_LOOP ( 'NONE', ( #8540, #7984, #2721, #5189 ) ) ;
#6892 = EDGE_CURVE ( 'NONE', #9178, #8264, #4020, .T. ) ;
#6893 = ORIENTED_EDGE ( 'NONE', *, *, #5217, .T. ) ;
#6894 = CARTESIAN_POINT ( 'NONE',  ( -13.50000000000000000, 15.01351728617092895, -2.797128122774994452 ) ) ;
#6895 = EDGE_LOOP ( 'NONE', ( #2089, #2996 ) ) ;
#6896 = CARTESIAN_POINT ( 'NONE',  ( 1.201783838025272333, 54.20261850827512973, 0.2898556916792549010 ) ) ;
#6897 = CARTESIAN_POINT ( 'NONE',  ( 10.30594539834442180, 56.31739174498967770, -0.8009584369727303921 ) ) ;
#6898 = CARTESIAN_POINT ( 'NONE',  ( 0.9645477748120938610, 55.50242720683921505, 0.2952945052459345909 ) ) ;
#6899 = CARTESIAN_POINT ( 'NONE',  ( 8.668742388863851289, 55.97328563240343158, -0.2298819870607156368 ) ) ;
#6900 = CARTESIAN_POINT ( 'NONE',  ( 14.09999999999999964, 55.19999999999968310, -5.458128122774824398 ) ) ;
#6901 = CARTESIAN_POINT ( 'NONE',  ( -4.724999999999997868, 52.00000000000006395, -21.69999999999992824 ) ) ;
#6902 = VECTOR ( 'NONE', #9387, 1000.000000000000000 ) ;
#6903 = CARTESIAN_POINT ( 'NONE',  ( 8.018599992575316193, 56.36035356956772802, -0.4550443299782609419 ) ) ;
#6904 = CARTESIAN_POINT ( 'NONE',  ( 14.09999999999999964, 21.98128306799569387, -46.02739446895115805 ) ) ;
#6905 = CARTESIAN_POINT ( 'NONE',  ( 10.55539111374417161, 54.60293604012184687, -0.4184356817180832078 ) ) ;
#6906 = ORIENTED_EDGE ( 'NONE', *, *, #2128, .F. ) ;
#6907 = CARTESIAN_POINT ( 'NONE',  ( 8.220521387605586483, 56.22682478463033107, -0.1763231678901109045 ) ) ;
#6908 = CARTESIAN_POINT ( 'NONE',  ( -1.440904931940586442, 56.65693584644382241, 0.2872785925169826782 ) ) ;
#6909 = CARTESIAN_POINT ( 'NONE',  ( 9.962236401702101674, 56.35081689904551183, -0.4006461963981841623 ) ) ;
#6910 = CARTESIAN_POINT ( 'NONE',  ( 1.429726048350873580, 54.26286201060590031, -0.02103992808024594124 ) ) ;
#6911 = DIRECTION ( 'NONE',  ( 0.0000000000000000000, 0.0000000000000000000, 1.000000000000000000 ) ) ;
#6912 = EDGE_CURVE ( 'NONE', #9721, #9050, #2093, .T. ) ;
#6913 = CARTESIAN_POINT ( 'NONE',  ( -0.6542544373080282361, 55.30038819490839330, 0.2969928863411547271 ) ) ;
#6914 = EDGE_CURVE ( 'NONE', #2807, #4282, #1126, .T. ) ;
#6915 = EDGE_CURVE ( 'NONE', #6796, #6709, #5418, .T. ) ;
#6916 = VECTOR ( 'NONE', #1139, 1000.000000000000000 ) ;
#6917 = ORIENTED_EDGE ( 'NONE', *, *, #9603, .F. ) ;
#6918 = DIRECTION ( 'NONE',  ( -0.6691306063588621234, -0.0000000000000000000, 0.7431448254773906914 ) ) ;
#6919 = CARTESIAN_POINT ( 'NONE',  ( 9.675321634622001454, 54.51190455268336166, -0.7260292448453815606 ) ) ;
#6920 = DIRECTION ( 'NONE',  ( 0.0000000000000000000, 0.0000000000000000000, 1.000000000000000000 ) ) ;
#6921 = ORIENTED_EDGE ( 'NONE', *, *, #1379, .T. ) ;
#6922 = CARTESIAN_POINT ( 'NONE',  ( 1.103258261553768049, 56.36639661915481980, -0.01861215123666087878 ) ) ;
#6923 = DIRECTION ( 'NONE',  ( -1.000000000000000000, 0.0000000000000000000, -0.0000000000000000000 ) ) ;
#6924 = CARTESIAN_POINT ( 'NONE',  ( -0.6560961764624596571, 55.40549024103093245, 0.2969759558148836187 ) ) ;
#6925 = VERTEX_POINT ( 'NONE', #5813 ) ;
#6926 = EDGE_CURVE ( 'NONE', #5672, #3156, #605, .T. ) ;
#6927 = ORIENTED_EDGE ( 'NONE', *, *, #9668, .T. ) ;
#6928 = DIRECTION ( 'NONE',  ( -0.0000000000000000000, 0.0000000000000000000, 1.000000000000000000 ) ) ;
#6929 = CARTESIAN_POINT ( 'NONE',  ( -0.9218399266103826095, 56.29850422924105402, 0.2988225618489430691 ) ) ;
#6930 = ORIENTED_EDGE ( 'NONE', *, *, #9236, .T. ) ;
#6931 = DIRECTION ( 'NONE',  ( -0.0000000000000000000, 1.000000000000000000, -3.362642065588203259E-15 ) ) ;
#6932 = VERTEX_POINT ( 'NONE', #3723 ) ;
#6933 = CARTESIAN_POINT ( 'NONE',  ( -1.016453226203594573, 55.30661348659253918, -0.007289183275296880204 ) ) ;
#6934 = CARTESIAN_POINT ( 'NONE',  ( 7.939670835034575269, 53.83716976133401744, -0.1442067593199892195 ) ) ;
#6935 = CARTESIAN_POINT ( 'NONE',  ( 8.198845143692825133, 55.27098747570342141, -0.1312072312784058614 ) ) ;
#6936 = DIRECTION ( 'NONE',  ( -1.000000000000000000, 0.0000000000000000000, -0.0000000000000000000 ) ) ;
#6937 = FACE_OUTER_BOUND ( 'NONE', #4738, .T. ) ;
#6938 = ORIENTED_EDGE ( 'NONE', *, *, #3288, .F. ) ;
#6939 = CARTESIAN_POINT ( 'NONE',  ( -13.50000000000000000, 55.19999999999971863, -5.754411018422679547 ) ) ;
#6940 = DIRECTION ( 'NONE',  ( 0.0000000000000000000, 0.0000000000000000000, -1.000000000000000000 ) ) ;
#6941 = ORIENTED_EDGE ( 'NONE', *, *, #2266, .F. ) ;
#6942 = CARTESIAN_POINT ( 'NONE',  ( 1.802127723196642828, 56.34385618603065637, 0.2943615570823886474 ) ) ;
#6943 = ORIENTED_EDGE ( 'NONE', *, *, #5811, .T. ) ;
#6944 = PLANE ( 'NONE',  #5380 ) ;
#6945 = CARTESIAN_POINT ( 'NONE',  ( 10.35130629771682287, 56.28670132026935136, -0.8009584369727308362 ) ) ;
#6946 = CARTESIAN_POINT ( 'NONE',  ( 10.43949610330174238, 56.19833289413752198, -0.7730538033248328667 ) ) ;
#6947 = LINE ( 'NONE', #8346, #2982 ) ;
#6948 = CARTESIAN_POINT ( 'NONE',  ( 6.650000000000000355, 4.999999999999999112, -20.69999994376783903 ) ) ;
#6949 = FACE_BOUND ( 'NONE', #6783, .T. ) ;
#6950 =( BOUNDED_CURVE ( )  B_SPLINE_CURVE ( 3, ( #1325, #3568, #6690, #6638 ),
 .UNSPECIFIED., .F., .T. ) 
 B_SPLINE_CURVE_WITH_KNOTS ( ( 4, 4 ),
 ( 1.448177636679960356, 1.452810526034029825 ),
 .UNSPECIFIED. ) 
 CURVE ( )  GEOMETRIC_REPRESENTATION_ITEM ( )  RATIONAL_B_SPLINE_CURVE ( ( 1.000000000000000000, 0.9999982113621525004, 0.9999982113621525004, 1.000000000000000000 ) ) 
 REPRESENTATION_ITEM ( '' )  );
#6951 = LINE ( 'NONE', #59, #4620 ) ;
#6952 = CARTESIAN_POINT ( 'NONE',  ( 1.275000000000002132, 62.00000000000004263, -27.19999999999996021 ) ) ;
#6953 = ORIENTED_EDGE ( 'NONE', *, *, #3218, .T. ) ;
#6954 = CARTESIAN_POINT ( 'NONE',  ( -1.901010580959484830, 56.69768321019456891, 0.2746081783573592339 ) ) ;
#6955 = CARTESIAN_POINT ( 'NONE',  ( -1.440904931940586220, 56.65693584644382241, 0.2854131177700985900 ) ) ;
#6956 = CIRCLE ( 'NONE', #2783, 71.17421554853964949 ) ;
#6957 = DIRECTION ( 'NONE',  ( 0.0000000000000000000, 1.000000000000000000, 0.0000000000000000000 ) ) ;
#6958 = ORIENTED_EDGE ( 'NONE', *, *, #7453, .F. ) ;
#6959 = CARTESIAN_POINT ( 'NONE',  ( 1.649329860067773934, 54.68747993182417844, 0.2903803895346374619 ) ) ;
#6960 = ADVANCED_FACE ( 'NONE', ( #7497 ), #3969, .F. ) ;
#6961 = AXIS2_PLACEMENT_3D ( 'NONE', #8922, #2059, #5105 ) ;
#6962 = CARTESIAN_POINT ( 'NONE',  ( -0.7541524339089344942, 54.60111094388270914, 0.2960168820006772727 ) ) ;
#6963 = CARTESIAN_POINT ( 'NONE',  ( -14.59999999999999964, 37.59360607324528303, -2.797128122774994452 ) ) ;
#6964 = CARTESIAN_POINT ( 'NONE',  ( 1.036421596983557958, 56.69768321019457602, -0.007578405987404557287 ) ) ;
#6965 = ORIENTED_EDGE ( 'NONE', *, *, #835, .F. ) ;
#6966 = EDGE_LOOP ( 'NONE', ( #167, #9877, #3993, #8730 ) ) ;
#6967 = CARTESIAN_POINT ( 'NONE',  ( 1.538444835794471999, 55.99881222849504070, 0.2958764490941487857 ) ) ;
#6968 = CARTESIAN_POINT ( 'NONE',  ( 2.685218396309093869, 0.0000000000000000000, -0.05088583449003314385 ) ) ;
#6969 = FACE_OUTER_BOUND ( 'NONE', #4544, .T. ) ;
#6970 = VECTOR ( 'NONE', #3997, 1000.000000000000000 ) ;
#6971 = EDGE_CURVE ( 'NONE', #4822, #6615, #6145, .T. ) ;
#6972 = CIRCLE ( 'NONE', #2644, 3.999999999999996447 ) ;
#6973 = CARTESIAN_POINT ( 'NONE',  ( -13.19218796874358901, 58.19413410236318640, -1.238545543343707367 ) ) ;
#6974 = ORIENTED_EDGE ( 'NONE', *, *, #4313, .T. ) ;
#6975 = CARTESIAN_POINT ( 'NONE',  ( 13.50000000000000000, 12.60844834401830283, -1.297607197594146333 ) ) ;
#6976 = CARTESIAN_POINT ( 'NONE',  ( -1.268005292419695618, 56.17026389510241557, -0.01133741180457296244 ) ) ;
#6977 = AXIS2_PLACEMENT_3D ( 'NONE', #8945, #2171, #1430 ) ;
#6978 = EDGE_LOOP ( 'NONE', ( #3361, #410, #840, #3413 ) ) ;
#6979 = CARTESIAN_POINT ( 'NONE',  ( 8.293288513899693015, 56.10622840710477988, -0.4946340216350792462 ) ) ;
#6980 = ORIENTED_EDGE ( 'NONE', *, *, #7621, .F. ) ;
#6981 = LINE ( 'NONE', #7135, #5531 ) ;
#6982 = ORIENTED_EDGE ( 'NONE', *, *, #6542, .T. ) ;
#6983 = EDGE_CURVE ( 'NONE', #4748, #2624, #4434, .T. ) ;
#6984 = CARTESIAN_POINT ( 'NONE',  ( 7.661791371209559998, 56.66628763051166828, -0.4153241851240736526 ) ) ;
#6985 = EDGE_CURVE ( 'NONE', #3984, #5946, #6701, .T. ) ;
#6986 = PLANE ( 'NONE',  #6646 ) ;
#6987 = DIRECTION ( 'NONE',  ( 0.0000000000000000000, 0.0000000000000000000, 1.000000000000000000 ) ) ;
#6988 = CARTESIAN_POINT ( 'NONE',  ( 1.825189595652587871, 54.11870507191089530, -0.02344203741348318062 ) ) ;
#6989 = VECTOR ( 'NONE', #8065, 1000.000000000000000 ) ;
#6990 = CIRCLE ( 'NONE', #4731, 70.87421554853963812 ) ;
#6991 = SURFACE_STYLE_USAGE ( .BOTH. , #859 ) ;
#6992 = CARTESIAN_POINT ( 'NONE',  ( 7.607047188913720781, 56.28794583025646148, -0.4094210573435557166 ) ) ;
#6993 = DIRECTION ( 'NONE',  ( 0.0000000000000000000, 1.000000000000000000, 0.0000000000000000000 ) ) ;
#6994 = CARTESIAN_POINT ( 'NONE',  ( 7.674400245067066528, 56.32650158020060616, -0.1056836625365843718 ) ) ;
#6995 = EDGE_LOOP ( 'NONE', ( #7375, #4309, #1245, #6974 ) ) ;
#6996 = CARTESIAN_POINT ( 'NONE',  ( 8.288519213119910134, 56.61730962305991000, -0.4862680272575708451 ) ) ;
#6997 = CARTESIAN_POINT ( 'NONE',  ( 1.680000550628548472, 56.50175099677001356, -0.02745724643013784314 ) ) ;
#6998 = ORIENTED_EDGE ( 'NONE', *, *, #4150, .T. ) ;
#6999 = DIRECTION ( 'NONE',  ( -1.000000000000000000, 0.0000000000000000000, -0.0000000000000000000 ) ) ;
#7000 = CARTESIAN_POINT ( 'NONE',  ( 10.08207027291845570, 56.37122729178059188, -0.3685364120818593325 ) ) ;
#7001 = CARTESIAN_POINT ( 'NONE',  ( 13.50000000000000000, 13.99999999999999822, -5.754411018423092550 ) ) ;
#7002 = PLANE ( 'NONE',  #3628 ) ;
#7003 =( GEOMETRIC_REPRESENTATION_CONTEXT ( 3 ) GLOBAL_UNCERTAINTY_ASSIGNED_CONTEXT ( ( #2921 ) ) GLOBAL_UNIT_ASSIGNED_CONTEXT ( ( #4323, #9030, #6642 ) ) REPRESENTATION_CONTEXT ( 'NONE', 'WORKASPACE' ) );
#7004 = CARTESIAN_POINT ( 'NONE',  ( -1.116814527539505608, 54.65311064657262108, -0.01317352179555262431 ) ) ;
#7005 = LINE ( 'NONE', #6901, #296 ) ;
#7006 = CARTESIAN_POINT ( 'NONE',  ( 7.555252170279600499, 55.32126892404466645, -0.1021033353638769736 ) ) ;
#7007 = CARTESIAN_POINT ( 'NONE',  ( 0.9232344754536933040, 56.37170430018856138, 0.1386321489287439535 ) ) ;
#7008 = CARTESIAN_POINT ( 'NONE',  ( 10.53006114030407225, 54.51304589750286311, -0.8009555158832000199 ) ) ;
#7009 = EDGE_CURVE ( 'NONE', #5166, #3561, #27, .T. ) ;
#7010 = ORIENTED_EDGE ( 'NONE', *, *, #396, .F. ) ;
#7011 = CARTESIAN_POINT ( 'NONE',  ( 9.595971288436501823, 55.26699799405708546, -0.6526251033470719110 ) ) ;
#7012 = AXIS2_PLACEMENT_3D ( 'NONE', #9344, #4573, #9243 ) ;
#7013 = CARTESIAN_POINT ( 'NONE',  ( -1.581360747497561503, 56.68219209168288586, -0.02736481479098705830 ) ) ;
#7014 = CARTESIAN_POINT ( 'NONE',  ( 14.09999999999999964, 54.33128306799007845, 0.0000000000000000000 ) ) ;
#7015 = ORIENTED_EDGE ( 'NONE', *, *, #4069, .T. ) ;
#7016 = CARTESIAN_POINT ( 'NONE',  ( 1.649329860067773934, 54.68747993182417844, -0.02103992808024615635 ) ) ;
#7017 = CARTESIAN_POINT ( 'NONE',  ( 1.525891280735767852, 55.79294344846778841, -0.01857861185664163098 ) ) ;
#7018 = VECTOR ( 'NONE', #5207, 1000.000000000000000 ) ;
#7019 = FACE_OUTER_BOUND ( 'NONE', #6817, .T. ) ;
#7020 = EDGE_CURVE ( 'NONE', #8356, #7647, #4589, .T. ) ;
#7021 = ORIENTED_EDGE ( 'NONE', *, *, #9056, .T. ) ;
#7022 = ORIENTED_EDGE ( 'NONE', *, *, #8764, .T. ) ;
#7023 = CARTESIAN_POINT ( 'NONE',  ( 1.002465460524598395, 55.17644829683319330, 0.7023928024058537778 ) ) ;
#7024 = CARTESIAN_POINT ( 'NONE',  ( 14.09999999999999964, 21.43845525164900678, -58.38395669707587388 ) ) ;
#7025 = CARTESIAN_POINT ( 'NONE',  ( 1.883807322700046694, 55.10455777643296926, -0.03042540325696768688 ) ) ;
#7026 = CIRCLE ( 'NONE', #756, 0.5000000000000004441 ) ;
#7027 = LINE ( 'NONE', #3205, #4073 ) ;
#7028 = FACE_OUTER_BOUND ( 'NONE', #361, .T. ) ;
#7029 = VERTEX_POINT ( 'NONE', #6809 ) ;
#7030 = PLANE ( 'NONE',  #1095 ) ;
#7031 = VECTOR ( 'NONE', #73, 1000.000000000000000 ) ;
#7032 = CARTESIAN_POINT ( 'NONE',  ( -13.50000000000000000, 12.90000000000000924, -6.348128122775027471 ) ) ;
#7033 = EDGE_CURVE ( 'NONE', #3546, #3968, #1590, .T. ) ;
#7034 = EDGE_CURVE ( 'NONE', #7422, #2264, #2275, .T. ) ;
#7035 = VERTEX_POINT ( 'NONE', #9201 ) ;
#7036 = CARTESIAN_POINT ( 'NONE',  ( -1.897049031705940081, 56.37170430018856138, 0.1297789888290053484 ) ) ;
#7037 = ORIENTED_EDGE ( 'NONE', *, *, #1223, .F. ) ;
#7038 = PLANE ( 'NONE',  #3446 ) ;
#7039 = CARTESIAN_POINT ( 'NONE',  ( 8.370864062654183257, 54.92327079065989892, -0.1312072312784056671 ) ) ;
#7040 = CARTESIAN_POINT ( 'NONE',  ( 11.99806991194858519, 59.46264540497521978, -1.022741366972913069 ) ) ;
#7041 = CIRCLE ( 'NONE', #3807, 3.421800737640534606 ) ;
#7042 = ORIENTED_EDGE ( 'NONE', *, *, #1691, .T. ) ;
#7043 = DIRECTION ( 'NONE',  ( 0.0000000000000000000, 6.071532165916691751E-15, 1.000000000000000000 ) ) ;
#7044 = B_SPLINE_SURFACE_WITH_KNOTS ( 'NONE', 3, 1, ( 
 ( #1743, #9145 ),
 ( #7071, #7809 ),
 ( #9357, #8459 ),
 ( #1689, #4739 ),
 ( #8612, #6910 ),
 ( #3986, #172 ),
 ( #1584, #3087 ),
 ( #9307, #2483 ),
 ( #1535, #8408 ),
 ( #2270, #8512 ),
 ( #6249, #6139 ),
 ( #3826, #3244 ),
 ( #4793, #3932 ),
 ( #23, #7859 ),
 ( #6959, #7016 ) ),
 .UNSPECIFIED., .F., .F., .F.,
 ( 4, 1, 1, 1, 1, 1, 1, 1, 1, 1, 1, 1, 4 ),
 ( 2, 2 ),
 ( 0.0000000000000000000, 0.08619580776520444076, 0.1675163601715090322, 0.2435925666660490596, 0.3168537733561293535, 0.3891674349065147309, 0.4647383059534158090, 0.5431948282119229976, 0.6269209431467847038, 0.7154434555707696042, 0.8058060067570677054, 0.9007683023799784028, 0.9999999999999998890 ),
 ( 0.0000000000000000000, 1.000000000000000000 ),
 .UNSPECIFIED. ) ;
#7045 = ORIENTED_EDGE ( 'NONE', *, *, #2616, .F. ) ;
#7046 = ADVANCED_FACE ( 'NONE', ( #2330 ), #2995, .T. ) ;
#7047 = CARTESIAN_POINT ( 'NONE',  ( -1.032855392873388789, 54.14456008005876697, -0.007492456609508938749 ) ) ;
#7048 = CARTESIAN_POINT ( 'NONE',  ( 7.607047188913720781, 56.28794583025646148, -0.4433067690960479923 ) ) ;
#7049 = EDGE_CURVE ( 'NONE', #5748, #508, #838, .T. ) ;
#7050 = ORIENTED_EDGE ( 'NONE', *, *, #928, .T. ) ;
#7051 = EDGE_CURVE ( 'NONE', #615, #488, #766, .T. ) ;
#7052 = CARTESIAN_POINT ( 'NONE',  ( 14.09999999999999964, 10.49999999999999467, -3.118128122775017719 ) ) ;
#7053 = AXIS2_PLACEMENT_3D ( 'NONE', #6730, #4271, #8094 ) ;
#7054 = ORIENTED_EDGE ( 'NONE', *, *, #4799, .F. ) ;
#7055 = DIRECTION ( 'NONE',  ( 0.0000000000000000000, -1.000000000000000000, 3.362642065588203259E-15 ) ) ;
#7056 = ORIENTED_EDGE ( 'NONE', *, *, #7985, .T. ) ;
#7057 = CARTESIAN_POINT ( 'NONE',  ( 5.703866974507760368, 56.54521457048602429, 0.07108343494334176671 ) ) ;
#7058 = DIRECTION ( 'NONE',  ( 1.000000000000000000, 0.0000000000000000000, 0.0000000000000000000 ) ) ;
#7059 = DIRECTION ( 'NONE',  ( 0.0000000000000000000, -3.828355257328126355E-15, -1.000000000000000000 ) ) ;
#7060 = CIRCLE ( 'NONE', #6066, 5.000000000000004441 ) ;
#7061 = CARTESIAN_POINT ( 'NONE',  ( -1.159846520823312632, 54.55692738198894887, 0.2945660869772369628 ) ) ;
#7062 = CARTESIAN_POINT ( 'NONE',  ( 1.837841422669839186, 55.16628073959737577, 0.2762816569744449002 ) ) ;
#7063 = CARTESIAN_POINT ( 'NONE',  ( 6.002959302592481450, 53.87253265680915604, 0.04639808784537985398 ) ) ;
#7064 = ADVANCED_FACE ( 'NONE', ( #9800 ), #8465, .T. ) ;
#7065 = CARTESIAN_POINT ( 'NONE',  ( 14.09999999999999964, 53.00000000000000000, -5.458128122775004698 ) ) ;
#7066 = CARTESIAN_POINT ( 'NONE',  ( 10.60900915539183131, 55.10884031482221701, -0.4184356817180834298 ) ) ;
#7067 = ORIENTED_EDGE ( 'NONE', *, *, #5523, .T. ) ;
#7068 = DIRECTION ( 'NONE',  ( 1.000000000000000000, 0.0000000000000000000, 0.0000000000000000000 ) ) ;
#7069 = DIRECTION ( 'NONE',  ( -0.0000000000000000000, -0.0000000000000000000, -1.000000000000000000 ) ) ;
#7070 = VERTEX_POINT ( 'NONE', #4484 ) ;
#7071 = CARTESIAN_POINT ( 'NONE',  ( 1.296098501966966188, 54.21625605598512010, 0.2903803895346370179 ) ) ;
#7072 = CARTESIAN_POINT ( 'NONE',  ( 1.283735457526311574, 55.53581740769051578, -0.01857861185664097872 ) ) ;
#7073 = FACE_OUTER_BOUND ( 'NONE', #268, .T. ) ;
#7074 = CARTESIAN_POINT ( 'NONE',  ( 9.739234633444748823, 54.37423729671716899, -0.3476052596559750518 ) ) ;
#7075 = B_SPLINE_CURVE_WITH_KNOTS ( 'NONE', 3,
 ( #6540, #7202, #4025, #258, #7249, #356, #8703, #1833, #6391, #9452 ),
 .UNSPECIFIED., .F., .F.,
 ( 4, 2, 2, 2, 4 ),
 ( 5.421010862427522170E-20, 0.0001656791763223983160, 0.0003313583526447965778, 0.0004970375289671947854, 0.0006627167052895930471 ),
 .UNSPECIFIED. ) ;
#7076 = ORIENTED_EDGE ( 'NONE', *, *, #947, .T. ) ;
#7077 = EDGE_LOOP ( 'NONE', ( #246, #3498, #9130, #263 ) ) ;
#7078 = FACE_OUTER_BOUND ( 'NONE', #6995, .T. ) ;
#7079 = CARTESIAN_POINT ( 'NONE',  ( -4.724999999999997868, 52.00000000000002842, -32.69999999999992468 ) ) ;
#7080 = CARTESIAN_POINT ( 'NONE',  ( 7.929630485273834850, 55.71974648017653919, -0.1407445101694961009 ) ) ;
#7081 = B_SPLINE_CURVE_WITH_KNOTS ( 'NONE', 3,
 ( #4276, #6591, #4317, #501, #3564, #6633, #9685, #5872, #2063, #8182 ),
 .UNSPECIFIED., .F., .F.,
 ( 4, 2, 2, 2, 4 ),
 ( 4.065758146820641628E-20, 0.0001927678902069632585, 0.0003855357804139265170, 0.0005783036706208897213, 0.0007710715608278529256 ),
 .UNSPECIFIED. ) ;
#7082 = CARTESIAN_POINT ( 'NONE',  ( -1.174247933837009317, 56.54675366957442151, -0.009699331512813602618 ) ) ;
#7083 = CARTESIAN_POINT ( 'NONE',  ( 8.323816195959214070, 54.47542625733814248, -0.4992116007269606359 ) ) ;
#7084 = LINE ( 'NONE', #184, #4755 ) ;
#7085 = FACE_OUTER_BOUND ( 'NONE', #8903, .T. ) ;
#7086 = ORIENTED_EDGE ( 'NONE', *, *, #3832, .F. ) ;
#7087 = CARTESIAN_POINT ( 'NONE',  ( 9.595971288436501823, 55.26699799405708546, -0.5368172522506784450 ) ) ;
#7088 = CYLINDRICAL_SURFACE ( 'NONE', #5830, 3.000000000000000000 ) ;
#7089 = ORIENTED_EDGE ( 'NONE', *, *, #272, .T. ) ;
#7090 = CARTESIAN_POINT ( 'NONE',  ( 7.985587303441822549, 55.71817527539971593, -0.1493788581040679242 ) ) ;
#7091 = VECTOR ( 'NONE', #9557, 1000.000000000000000 ) ;
#7092 = DIRECTION ( 'NONE',  ( 1.000000000000000000, -0.0000000000000000000, 0.0000000000000000000 ) ) ;
#7093 = LINE ( 'NONE', #2568, #6566 ) ;
#7094 = DIRECTION ( 'NONE',  ( 0.0000000000000000000, 0.0000000000000000000, 1.000000000000000000 ) ) ;
#7095 = EDGE_CURVE ( 'NONE', #2504, #8641, #1035, .T. ) ;
#7096 = ORIENTED_EDGE ( 'NONE', *, *, #8047, .F. ) ;
#7097 = ORIENTED_EDGE ( 'NONE', *, *, #4185, .T. ) ;
#7098 = CARTESIAN_POINT ( 'NONE',  ( 5.181081856129940988, 56.07475691092029990, -0.1895901920573870303 ) ) ;
#7099 = ORIENTED_EDGE ( 'NONE', *, *, #7322, .T. ) ;
#7100 = DIRECTION ( 'NONE',  ( -0.0000000000000000000, -0.0000000000000000000, 1.000000000000000000 ) ) ;
#7101 = VERTEX_POINT ( 'NONE', #1393 ) ;
#7102 = CARTESIAN_POINT ( 'NONE',  ( 2.149999999999997247, 68.99999999999998579, -50.69999997188391916 ) ) ;
#7103 = VERTEX_POINT ( 'NONE', #8309 ) ;
#7104 = CARTESIAN_POINT ( 'NONE',  ( -1.061728074815540435, 56.45489683451302199, 0.1445199273571729226 ) ) ;
#7105 = CARTESIAN_POINT ( 'NONE',  ( 1.849872494729781547, 55.70038226112105662, -0.02740559966098404798 ) ) ;
#7106 = LINE ( 'NONE', #7942, #980 ) ;
#7107 = EDGE_CURVE ( 'NONE', #9018, #8203, #3780, .T. ) ;
#7108 = CARTESIAN_POINT ( 'NONE',  ( 9.790960997870303828, 56.63837926550363022, -0.7262907717472798508 ) ) ;
#7109 = EDGE_CURVE ( 'NONE', #4748, #8050, #3496, .T. ) ;
#7110 = DIRECTION ( 'NONE',  ( -0.6691306063588626785, 0.0000000000000000000, -0.7431448254773902473 ) ) ;
#7111 = DIRECTION ( 'NONE',  ( 0.0000000000000000000, 1.000000000000000000, 0.0000000000000000000 ) ) ;
#7112 = ORIENTED_EDGE ( 'NONE', *, *, #3232, .T. ) ;
#7113 = PLANE ( 'NONE',  #7782 ) ;
#7114 = CARTESIAN_POINT ( 'NONE',  ( 6.970421464503671949, 55.39024766243378650, -0.03977020646210366328 ) ) ;
#7115 = CARTESIAN_POINT ( 'NONE',  ( 0.0000000000000000000, 59.85600527474578314, -70.87421554853963812 ) ) ;
#7116 = CIRCLE ( 'NONE', #4517, 1.000000000000119682 ) ;
#7117 = DIRECTION ( 'NONE',  ( -0.0000000000000000000, -0.0000000000000000000, 1.000000000000000000 ) ) ;
#7118 = CARTESIAN_POINT ( 'NONE',  ( -1.017966232004039684, 55.41269609065810897, -0.01695970555067743621 ) ) ;
#7119 = LINE ( 'NONE', #7959, #1934 ) ;
#7120 = CARTESIAN_POINT ( 'NONE',  ( 0.4178539778228485546, 55.50242720683921505, 0.7023928024058537778 ) ) ;
#7121 = EDGE_LOOP ( 'NONE', ( #5875, #2404, #3127, #3219, #7381 ) ) ;
#7122 = ORIENTED_EDGE ( 'NONE', *, *, #2489, .T. ) ;
#7123 = DIRECTION ( 'NONE',  ( 0.0000000000000000000, 0.0000000000000000000, 1.000000000000000000 ) ) ;
#7124 = CARTESIAN_POINT ( 'NONE',  ( 6.967107929350189188, 55.13681017855007838, -0.4418531884689679279 ) ) ;
#7125 = DIRECTION ( 'NONE',  ( -0.0000000000000000000, -0.0000000000000000000, 1.000000000000000000 ) ) ;
#7126 = CARTESIAN_POINT ( 'NONE',  ( 5.677158548055492027, 56.50894940914950126, -0.2393030870521568876 ) ) ;
#7127 = FACE_OUTER_BOUND ( 'NONE', #5891, .T. ) ;
#7128 = CARTESIAN_POINT ( 'NONE',  ( 1.482721890880251081, 54.29318575794133039, -0.01549453657257555267 ) ) ;
#7129 = VERTEX_POINT ( 'NONE', #6412 ) ;
#7130 = DIRECTION ( 'NONE',  ( 0.0000000000000000000, -1.000000000000000000, 3.362642065588203259E-15 ) ) ;
#7131 = CIRCLE ( 'NONE', #8252, 70.87421554853963812 ) ;
#7132 = ORIENTED_EDGE ( 'NONE', *, *, #1197, .T. ) ;
#7133 = ADVANCED_FACE ( 'NONE', ( #5445 ), #4688, .T. ) ;
#7134 = VECTOR ( 'NONE', #5358, 1000.000000000000000 ) ;
#7135 = CARTESIAN_POINT ( 'NONE',  ( 14.09999999999999964, 55.19999999999969731, -5.754411018422733726 ) ) ;
#7136 = CARTESIAN_POINT ( 'NONE',  ( -1.500888334919309619, 56.32813590296044737, -0.02725522043429387531 ) ) ;
#7137 = CARTESIAN_POINT ( 'NONE',  ( 8.379018258399952401, 35.93013281871203901, -1.297607197594146333 ) ) ;
#7138 = DIRECTION ( 'NONE',  ( -1.000000000000000000, -0.0000000000000000000, -0.0000000000000000000 ) ) ;
#7139 = CARTESIAN_POINT ( 'NONE',  ( 8.288815328275076055, 56.11470075193614804, -0.4863610318527369913 ) ) ;
#7140 = VERTEX_POINT ( 'NONE', #8566 ) ;
#7141 = AXIS2_PLACEMENT_3D ( 'NONE', #1818, #914, #1072 ) ;
#7142 = VERTEX_POINT ( 'NONE', #3937 ) ;
#7143 = CARTESIAN_POINT ( 'NONE',  ( 14.09999999999999964, 0.0000000000000000000, -48.70000000000000995 ) ) ;
#7144 = ORIENTED_EDGE ( 'NONE', *, *, #6238, .F. ) ;
#7145 = FACE_OUTER_BOUND ( 'NONE', #6455, .T. ) ;
#7146 = ORIENTED_EDGE ( 'NONE', *, *, #457, .T. ) ;
#7147 = ADVANCED_FACE ( 'NONE', ( #3250 ), #1002, .T. ) ;
#7148 = CARTESIAN_POINT ( 'NONE',  ( 7.292386991060698875, 55.34736085034327857, -0.2597806443241820196 ) ) ;
#7149 = VERTEX_POINT ( 'NONE', #9363 ) ;
#7150 = AXIS2_PLACEMENT_3D ( 'NONE', #7537, #1247, #2927 ) ;
#7151 = DIRECTION ( 'NONE',  ( 8.673617379884021667E-16, -2.775557561562887012E-15, -1.000000000000000000 ) ) ;
#7152 = CARTESIAN_POINT ( 'NONE',  ( -14.09999999999999964, 2.500000000000042188, 0.0000000000000000000 ) ) ;
#7153 = B_SPLINE_CURVE_WITH_KNOTS ( 'NONE', 3,
 ( #4492, #8473, #5298, #6153, #4644, #8369, #735, #7714, #844, #3889, #3785, #9155, #6973, #79, #2283, #3155 ),
 .UNSPECIFIED., .F., .F.,
 ( 4, 2, 2, 2, 2, 2, 2, 4 ),
 ( 5.259218770392464432E-18, 0.0005899648026576346984, 0.001179929605315263976, 0.001769894407972893253, 0.002359859210630522747, 0.002949824013288152025, 0.003539788815945781302, 0.004719718421261042025 ),
 .UNSPECIFIED. ) ;
#7154 = CARTESIAN_POINT ( 'NONE',  ( 14.09999999999999964, 10.81999999999999673, -3.678128122775022657 ) ) ;
#7155 = DIRECTION ( 'NONE',  ( 0.0000000000000000000, -0.9999999718839048812, -0.0002371332732276601636 ) ) ;
#7156 = AXIS2_PLACEMENT_3D ( 'NONE', #6503, #9407, #414 ) ;
#7157 = CARTESIAN_POINT ( 'NONE',  ( 8.220521387605586483, 56.22682478463033107, -0.4803865622226340948 ) ) ;
#7158 = CARTESIAN_POINT ( 'NONE',  ( 1.460963304270376684, 53.91728757665051575, 0.2850286928781471940 ) ) ;
#7159 = EDGE_CURVE ( 'NONE', #786, #5236, #5572, .T. ) ;
#7160 = EDGE_CURVE ( 'NONE', #493, #2932, #6512, .T. ) ;
#7161 = VERTEX_POINT ( 'NONE', #5706 ) ;
#7162 = DIRECTION ( 'NONE',  ( 0.0000000000000000000, 0.0000000000000000000, 1.000000000000000000 ) ) ;
#7163 = DIRECTION ( 'NONE',  ( -1.000000000000000000, -0.0000000000000000000, -0.0000000000000000000 ) ) ;
#7164 = CARTESIAN_POINT ( 'NONE',  ( 6.976326410128449673, 55.48324094146708774, -0.03977020646210366328 ) ) ;
#7165 = VERTEX_POINT ( 'NONE', #5075 ) ;
#7166 = CIRCLE ( 'NONE', #6353, 3.000000000000000000 ) ;
#7167 = CARTESIAN_POINT ( 'NONE',  ( 1.516334992270183202, 55.35754769128097763, -0.01622264857050991979 ) ) ;
#7168 = CARTESIAN_POINT ( 'NONE',  ( 7.391206693615197665, 54.42479606485687782, -0.08479938000455838898 ) ) ;
#7169 = DIRECTION ( 'NONE',  ( 0.0000000000000000000, 0.0000000000000000000, 1.000000000000000000 ) ) ;
#7170 = DIRECTION ( 'NONE',  ( 0.0000000000000000000, -1.000000000000000000, 3.362642065588203259E-15 ) ) ;
#7171 = DIRECTION ( 'NONE',  ( 0.0000000000000000000, 0.0000000000000000000, -1.000000000000000000 ) ) ;
#7172 = VECTOR ( 'NONE', #665, 1000.000000000000000 ) ;
#7173 = EDGE_CURVE ( 'NONE', #7232, #4571, #1334, .T. ) ;
#7174 = ADVANCED_FACE ( 'NONE', ( #9611 ), #8152, .T. ) ;
#7175 = ORIENTED_EDGE ( 'NONE', *, *, #1158, .F. ) ;
#7176 = FACE_OUTER_BOUND ( 'NONE', #9868, .T. ) ;
#7177 = LINE ( 'NONE', #4194, #9688 ) ;
#7178 = CARTESIAN_POINT ( 'NONE',  ( 8.229324273126973566, 55.65726408525519986, -0.5389759807138325698 ) ) ;
#7179 = VECTOR ( 'NONE', #6054, 1000.000000000000000 ) ;
#7180 = CARTESIAN_POINT ( 'NONE',  ( 8.017934251832091519, 54.18488663419197593, -0.4992116007269606359 ) ) ;
#7181 = CARTESIAN_POINT ( 'NONE',  ( 1.323691690862844439, 55.55075016672267196, -0.01235086129811903757 ) ) ;
#7182 = CARTESIAN_POINT ( 'NONE',  ( 1.277510165842169032, 54.21209402139875522, -0.01151451762331658947 ) ) ;
#7183 = EDGE_CURVE ( 'NONE', #701, #2932, #5585, .T. ) ;
#7184 = VERTEX_POINT ( 'NONE', #8011 ) ;
#7185 = VECTOR ( 'NONE', #5870, 1000.000000000000000 ) ;
#7186 = VERTEX_POINT ( 'NONE', #8894 ) ;
#7187 = CARTESIAN_POINT ( 'NONE',  ( 8.370864758358141700, 54.94356154381635093, -0.4960693175303682589 ) ) ;
#7188 = CARTESIAN_POINT ( 'NONE',  ( 14.09999999999999964, 3.193950341528352897E-06, -44.69521610176141024 ) ) ;
#7189 = CARTESIAN_POINT ( 'NONE',  ( 9.344709112847834120, 56.03655302578648900, -0.6187249889459621732 ) ) ;
#7190 = CARTESIAN_POINT ( 'NONE',  ( 0.4178539778228487211, 0.0000000000000000000, 0.2987734079683002086 ) ) ;
#7191 = CARTESIAN_POINT ( 'NONE',  ( 13.50000000000000000, 52.87253265680915604, -1.297607197594147221 ) ) ;
#7192 = VERTEX_POINT ( 'NONE', #1939 ) ;
#7193 = EDGE_LOOP ( 'NONE', ( #9916, #7822, #4996, #3068 ) ) ;
#7194 = CARTESIAN_POINT ( 'NONE',  ( -0.6580711335684631402, 55.12255782184875841, -0.003054614191660749972 ) ) ;
#7195 = VERTEX_POINT ( 'NONE', #3534 ) ;
#7196 = CARTESIAN_POINT ( 'NONE',  ( 9.522965595049740273, 54.10852780519892491, -0.3376507747238656765 ) ) ;
#7197 = ORIENTED_EDGE ( 'NONE', *, *, #9439, .T. ) ;
#7198 = CARTESIAN_POINT ( 'NONE',  ( 0.0000000000000000000, 55.50242720683921505, -70.87421554853963812 ) ) ;
#7199 = ORIENTED_EDGE ( 'NONE', *, *, #4976, .T. ) ;
#7200 = CARTESIAN_POINT ( 'NONE',  ( 2.149999999999997691, 68.99999999999998579, -20.69999994376783903 ) ) ;
#7201 = CARTESIAN_POINT ( 'NONE',  ( 9.683497018682984958, 54.48493519834158860, -0.3618091948803834335 ) ) ;
#7202 = CARTESIAN_POINT ( 'NONE',  ( 10.04766508473424125, 53.83804439487384741, -0.4127614348435259539 ) ) ;
#7203 = DIRECTION ( 'NONE',  ( -0.0000000000000000000, 1.000000000000000000, 9.912705577010318647E-16 ) ) ;
#7204 = ADVANCED_FACE ( 'NONE', ( #6558 ), #8769, .F. ) ;
#7205 = EDGE_CURVE ( 'NONE', #3305, #8529, #8941, .T. ) ;
#7206 = CARTESIAN_POINT ( 'NONE',  ( 13.50000000000000000, 53.00000000000000000, 0.0000000000000000000 ) ) ;
#7207 = VECTOR ( 'NONE', #1111, 1000.000000000000000 ) ;
#7208 = DIRECTION ( 'NONE',  ( 0.0000000000000000000, 0.0000000000000000000, -1.000000000000000000 ) ) ;
#7209 = VERTEX_POINT ( 'NONE', #1896 ) ;
#7210 = CARTESIAN_POINT ( 'NONE',  ( 10.47693329621024105, 56.60929381163011698, -0.7786210847068495422 ) ) ;
#7211 = CARTESIAN_POINT ( 'NONE',  ( 0.0000000000000000000, 12.60844834401830283, 0.0000000000000000000 ) ) ;
#7212 = DIRECTION ( 'NONE',  ( 0.0000000000000000000, 0.0000000000000000000, -1.000000000000000000 ) ) ;
#7213 = CARTESIAN_POINT ( 'NONE',  ( 14.09999999999999964, 15.01351728617092718, -2.797128122774994452 ) ) ;
#7214 = CARTESIAN_POINT ( 'NONE',  ( 7.182865573249207714, 56.27726120866638126, -0.3737647796839237424 ) ) ;
#7215 = ORIENTED_EDGE ( 'NONE', *, *, #1357, .T. ) ;
#7216 = AXIS2_PLACEMENT_3D ( 'NONE', #1736, #8399, #573 ) ;
#7217 = CARTESIAN_POINT ( 'NONE',  ( 10.73010057196453104, 54.18792849601950934, -0.4181348863512487912 ) ) ;
#7218 = EDGE_CURVE ( 'NONE', #1448, #3058, #1123, .T. ) ;
#7219 = CARTESIAN_POINT ( 'NONE',  ( 1.283735457526311574, 55.53581740769051578, 0.2902530130439311407 ) ) ;
#7220 = DIRECTION ( 'NONE',  ( 1.492469013142523820E-17, -0.9925461516414275653, 0.1218693434042891904 ) ) ;
#7221 = DIRECTION ( 'NONE',  ( 0.0000000000000000000, -0.0000000000000000000, 1.000000000000000000 ) ) ;
#7222 = CARTESIAN_POINT ( 'NONE',  ( -14.09999999999999964, 30.21025154585982264, -33.49521209058222126 ) ) ;
#7223 = ORIENTED_EDGE ( 'NONE', *, *, #3169, .T. ) ;
#7224 = EDGE_LOOP ( 'NONE', ( #5446, #1503, #4390, #1382 ) ) ;
#7225 = CARTESIAN_POINT ( 'NONE',  ( -0.6570455554284473365, 55.14699510684392436, 0.2989210827142306792 ) ) ;
#7226 = DIRECTION ( 'NONE',  ( 1.000000000000000000, 0.0000000000000000000, 0.0000000000000000000 ) ) ;
#7227 = CARTESIAN_POINT ( 'NONE',  ( 1.961797587576256330, 54.96103736986939481, -0.03042540325696790546 ) ) ;
#7228 = EDGE_CURVE ( 'NONE', #1436, #7866, #6395, .T. ) ;
#7229 = CARTESIAN_POINT ( 'NONE',  ( 8.234497627510981133, 54.33104094601061007, -0.4992116007269608580 ) ) ;
#7230 = VECTOR ( 'NONE', #8384, 1000.000000000000000 ) ;
#7231 = CARTESIAN_POINT ( 'NONE',  ( -5.503499385153697077, 36.09533680887011542, -1.297607197594146333 ) ) ;
#7232 = VERTEX_POINT ( 'NONE', #7263 ) ;
#7233 = ORIENTED_EDGE ( 'NONE', *, *, #4419, .F. ) ;
#7234 = LINE ( 'NONE', #7370, #4888 ) ;
#7235 = CARTESIAN_POINT ( 'NONE',  ( 9.427655186339420013, 56.25553859873831186, -0.6298241322396809228 ) ) ;
#7236 = LINE ( 'NONE', #6433, #4628 ) ;
#7237 = CARTESIAN_POINT ( 'NONE',  ( -14.09999999999999964, 56.13128306799008982, -45.50521209058222638 ) ) ;
#7238 = EDGE_CURVE ( 'NONE', #1965, #2178, #6706, .T. ) ;
#7239 = ORIENTED_EDGE ( 'NONE', *, *, #8822, .F. ) ;
#7240 = ORIENTED_EDGE ( 'NONE', *, *, #3878, .F. ) ;
#7241 = CARTESIAN_POINT ( 'NONE',  ( 6.966408081054688672, 55.19512417188561670, -0.04175041144166525414 ) ) ;
#7242 = ORIENTED_EDGE ( 'NONE', *, *, #1433, .T. ) ;
#7243 = AXIS2_PLACEMENT_3D ( 'NONE', #4518, #1424, #4468 ) ;
#7244 = DIRECTION ( 'NONE',  ( 1.000000000000000000, 0.0000000000000000000, 0.0000000000000000000 ) ) ;
#7245 = ORIENTED_EDGE ( 'NONE', *, *, #7432, .T. ) ;
#7246 = DIRECTION ( 'NONE',  ( -0.0000000000000000000, 0.7071067811865460184, -0.7071067811865489050 ) ) ;
#7247 = LINE ( 'NONE', #7104, #8756 ) ;
#7248 = CARTESIAN_POINT ( 'NONE',  ( 1.516334992270183202, 55.35754769128097763, -0.02740559966098426656 ) ) ;
#7249 = CARTESIAN_POINT ( 'NONE',  ( 9.832418770836550692, 53.87754767562230285, -0.3824062520834281553 ) ) ;
#7250 = CARTESIAN_POINT ( 'NONE',  ( 13.60000000000000142, 29.40639392675472052, -2.797128122774994452 ) ) ;
#7251 = DIRECTION ( 'NONE',  ( 0.0000000000000000000, 0.0000000000000000000, 1.000000000000000000 ) ) ;
#7252 = ORIENTED_EDGE ( 'NONE', *, *, #8352, .T. ) ;
#7253 = CARTESIAN_POINT ( 'NONE',  ( 8.074349009513486664, 56.33614720717620372, -0.1373998474905828715 ) ) ;
#7254 = DIRECTION ( 'NONE',  ( 0.0000000000000000000, 1.000000000000000000, 0.0000000000000000000 ) ) ;
#7255 = DIRECTION ( 'NONE',  ( 0.0000000000000000000, -1.000000000000000000, 0.0000000000000000000 ) ) ;
#7256 = PRODUCT_DEFINITION ( 'UNKNOWN', '', #1454, #4138 ) ;
#7257 = ADVANCED_FACE ( 'NONE', ( #1150 ), #369, .T. ) ;
#7258 = LINE ( 'NONE', #6453, #1226 ) ;
#7259 = DIRECTION ( 'NONE',  ( 0.0000000000000000000, -1.000000000000000000, 0.0000000000000000000 ) ) ;
#7260 = DIRECTION ( 'NONE',  ( 0.0000000000000000000, -2.775557561562888984E-15, -1.000000000000000000 ) ) ;
#7261 = CARTESIAN_POINT ( 'NONE',  ( -1.416958070119978430, 56.29177574329240485, -0.01695970555067765478 ) ) ;
#7262 = DIRECTION ( 'NONE',  ( 0.0000000000000000000, -2.775557561562888984E-15, -1.000000000000000000 ) ) ;
#7263 = CARTESIAN_POINT ( 'NONE',  ( -14.09999999999999964, 37.59360607324528303, -2.797128122774994452 ) ) ;
#7264 = VERTEX_POINT ( 'NONE', #8063 ) ;
#7265 = ORIENTED_EDGE ( 'NONE', *, *, #2616, .T. ) ;
#7266 = EDGE_CURVE ( 'NONE', #1022, #1427, #1194, .T. ) ;
#7267 = FACE_BOUND ( 'NONE', #3351, .T. ) ;
#7268 = CIRCLE ( 'NONE', #8066, 5.000000000000007994 ) ;
#7269 = CARTESIAN_POINT ( 'NONE',  ( 7.275000000000002132, 62.00000000000004263, -27.19999999999996021 ) ) ;
#7270 = CARTESIAN_POINT ( 'NONE',  ( -13.50000000000000178, 8.734092485736935529, -1.297607197594143891 ) ) ;
#7271 = PLANE ( 'NONE',  #7836 ) ;
#7272 = DIRECTION ( 'NONE',  ( 0.0000000000000000000, 0.0000000000000000000, 1.000000000000000000 ) ) ;
#7273 = CARTESIAN_POINT ( 'NONE',  ( 10.47335707326888965, 56.60877413003483838, -0.4181348863512484582 ) ) ;
#7274 = ORIENTED_EDGE ( 'NONE', *, *, #1209, .T. ) ;
#7275 = EDGE_CURVE ( 'NONE', #3561, #6248, #8853, .T. ) ;
#7276 = DIRECTION ( 'NONE',  ( 0.0000000000000000000, 0.0000000000000000000, -1.000000000000000000 ) ) ;
#7277 = CIRCLE ( 'NONE', #2294, 1.000000000000119682 ) ;
#7278 = CARTESIAN_POINT ( 'NONE',  ( 1.243136575887395567, 56.68573650520093565, -0.02745724643013849192 ) ) ;
#7279 = DIRECTION ( 'NONE',  ( 0.0000000000000000000, 1.000000000000000000, 0.0000000000000000000 ) ) ;
#7280 = CARTESIAN_POINT ( 'NONE',  ( 1.684482208560348360, 54.01204324308811522, -0.03047645466537987277 ) ) ;
#7281 = EDGE_LOOP ( 'NONE', ( #927, #390, #5554, #8747, #2225, #1556, #2447, #3177, #9735, #177 ) ) ;
#7282 = CARTESIAN_POINT ( 'NONE',  ( 7.584883551729958207, 56.26839554936682930, -0.4114301739047732109 ) ) ;
#7283 = VECTOR ( 'NONE', #4723, 1000.000000000000114 ) ;
#7284 = ORIENTED_EDGE ( 'NONE', *, *, #2618, .T. ) ;
#7285 = CIRCLE ( 'NONE', #1850, 4.000000000000327738 ) ;
#7286 = CARTESIAN_POINT ( 'NONE',  ( 10.93447453052187512, 55.11056132433154886, -0.5449454796692847491 ) ) ;
#7287 = ORIENTED_EDGE ( 'NONE', *, *, #9640, .F. ) ;
#7288 = ADVANCED_FACE ( 'NONE', ( #5030 ), #8109, .T. ) ;
#7289 = EDGE_CURVE ( 'NONE', #345, #255, #3976, .T. ) ;
#7290 = ORIENTED_EDGE ( 'NONE', *, *, #2012, .F. ) ;
#7291 = CARTESIAN_POINT ( 'NONE',  ( 8.105003733456255688, 53.86627801594457310, -0.5390089958205916965 ) ) ;
#7292 = DIRECTION ( 'NONE',  ( -0.0000000000000000000, 1.000000000000000000, -0.0000000000000000000 ) ) ;
#7293 = CARTESIAN_POINT ( 'NONE',  ( 6.649999999999999467, 2.249999999999999556, -50.69946645012024788 ) ) ;
#7294 = CARTESIAN_POINT ( 'NONE',  ( 9.444965247573836820, 56.28630497113547904, -0.7262907717472794067 ) ) ;
#7295 = VECTOR ( 'NONE', #1494, 1000.000000000000000 ) ;
#7296 = VECTOR ( 'NONE', #4021, 1000.000000000000000 ) ;
#7297 = DIRECTION ( 'NONE',  ( 0.0000000000000000000, -0.0002371332732276601907, 0.9999999718839049923 ) ) ;
#7298 = ORIENTED_EDGE ( 'NONE', *, *, #938, .F. ) ;
#7299 = FACE_OUTER_BOUND ( 'NONE', #5072, .T. ) ;
#7300 = CARTESIAN_POINT ( 'NONE',  ( -14.09999999999999964, 21.98128306799569387, -46.02739446895115805 ) ) ;
#7301 = CIRCLE ( 'NONE', #4244, 70.87421554853963812 ) ;
#7302 = ADVANCED_FACE ( 'NONE', ( #1530 ), #8244, .F. ) ;
#7303 = AXIS2_PLACEMENT_3D ( 'NONE', #5711, #521, #3714 ) ;
#7304 = CARTESIAN_POINT ( 'NONE',  ( 6.968266300227648813, 55.04029035837955774, -0.04193316821906287878 ) ) ;
#7305 = DIRECTION ( 'NONE',  ( 0.0000000000000000000, -2.775557561562888984E-15, -1.000000000000000000 ) ) ;
#7306 = CARTESIAN_POINT ( 'NONE',  ( 7.152876850630603300, 56.22255685972473316, -0.03977020646210344124 ) ) ;
#7307 = ORIENTED_EDGE ( 'NONE', *, *, #84, .T. ) ;
#7308 = CARTESIAN_POINT ( 'NONE',  ( -0.6000000000000007550, 68.99999999999998579, -20.69999994376783903 ) ) ;
#7309 = CONICAL_SURFACE ( 'NONE', #2966, 3.421800737640590118, 0.1221730476387383191 ) ;
#7310 = CARTESIAN_POINT ( 'NONE',  ( 9.459686901261333603, 54.20802352638218480, -0.3042425055354368024 ) ) ;
#7311 = CARTESIAN_POINT ( 'NONE',  ( -1.373200548497855555, 56.26317472391003349, 0.2945886685900925839 ) ) ;
#7312 = ADVANCED_FACE ( 'NONE', ( #5976 ), #9036, .T. ) ;
#7313 = DIRECTION ( 'NONE',  ( -0.0000000000000000000, -0.0000000000000000000, 1.000000000000000000 ) ) ;
#7314 = DIRECTION ( 'NONE',  ( -0.0000000000000000000, 8.652902722719878956E-16, -1.000000000000000000 ) ) ;
#7315 = AXIS2_PLACEMENT_3D ( 'NONE', #7847, #2466, #5532 ) ;
#7316 = LINE ( 'NONE', #6515, #402 ) ;
#7317 = LINE ( 'NONE', #4951, #4722 ) ;
#7318 = CARTESIAN_POINT ( 'NONE',  ( -14.09999999999999964, 10.49999999999999467, -3.618128122775018163 ) ) ;
#7319 = B_SPLINE_CURVE_WITH_KNOTS ( 'NONE', 3,
 ( #6786, #7090, #4462, #7721, #8584, #853, #966, #1714, #4006, #7523, #190, #3899, #3265, #141 ),
 .UNSPECIFIED., .F., .F.,
 ( 4, 2, 2, 2, 2, 2, 4 ),
 ( 1.738108305489988542E-18, 0.0001669560871005384842, 0.0003339121742010752337, 0.0006678243484021346380, 0.001001736522603194042, 0.001168692609703724612, 0.001335648696804255181 ),
 .UNSPECIFIED. ) ;
#7320 = ADVANCED_FACE ( 'NONE', ( #6543 ), #7427, .T. ) ;
#7321 = AXIS2_PLACEMENT_3D ( 'NONE', #7308, #3294, #9461 ) ;
#7322 = EDGE_CURVE ( 'NONE', #1803, #7192, #5106, .T. ) ;
#7323 = ORIENTED_EDGE ( 'NONE', *, *, #2487, .F. ) ;
#7324 = DIRECTION ( 'NONE',  ( -1.000000000000000000, -0.0000000000000000000, -0.0000000000000000000 ) ) ;
#7325 = CARTESIAN_POINT ( 'NONE',  ( 10.38827472239463567, 56.64790281146275674, -0.4181348863512487912 ) ) ;
#7326 = ORIENTED_EDGE ( 'NONE', *, *, #7884, .F. ) ;
#7327 = ORIENTED_EDGE ( 'NONE', *, *, #2719, .T. ) ;
#7328 = DIRECTION ( 'NONE',  ( 1.000000000000000000, 0.0000000000000000000, 0.0000000000000000000 ) ) ;
#7329 = AXIS2_PLACEMENT_3D ( 'NONE', #8578, #1600, #4049 ) ;
#7330 = LINE ( 'NONE', #8122, #9371 ) ;
#7331 = ORIENTED_EDGE ( 'NONE', *, *, #213, .F. ) ;
#7332 = EDGE_CURVE ( 'NONE', #8717, #4869, #4661, .T. ) ;
#7333 = LINE ( 'NONE', #443, #5893 ) ;
#7334 = EDGE_LOOP ( 'NONE', ( #6051, #4226, #1496, #1591 ) ) ;
#7335 = CARTESIAN_POINT ( 'NONE',  ( 14.09999999999999964, 2.249999999999999556, -50.69946645012024078 ) ) ;
#7336 = AXIS2_PLACEMENT_3D ( 'NONE', #3700, #4052, #1116 ) ;
#7337 = ORIENTED_EDGE ( 'NONE', *, *, #4664, .F. ) ;
#7338 = DIRECTION ( 'NONE',  ( 1.000000000000000000, 0.0000000000000000000, 0.0000000000000000000 ) ) ;
#7339 = ORIENTED_EDGE ( 'NONE', *, *, #4882, .F. ) ;
#7340 = CARTESIAN_POINT ( 'NONE',  ( 7.995554454598031491, 53.84298502537802733, -0.1352089772695209968 ) ) ;
#7341 = CARTESIAN_POINT ( 'NONE',  ( 8.263840199929729735, 56.62342448193111011, -0.5344844159557691210 ) ) ;
#7342 = CARTESIAN_POINT ( 'NONE',  ( 6.649999999999999467, 2.250000000000000000, -20.69999994376783903 ) ) ;
#7343 = CARTESIAN_POINT ( 'NONE',  ( 8.378852413221686390, 56.55139608975031962, -0.1393682611193155785 ) ) ;
#7344 = EDGE_CURVE ( 'NONE', #7866, #5050, #666, .T. ) ;
#7345 = EDGE_CURVE ( 'NONE', #4443, #9710, #1101, .T. ) ;
#7346 = ORIENTED_EDGE ( 'NONE', *, *, #8126, .T. ) ;
#7347 = CARTESIAN_POINT ( 'NONE',  ( 10.60302868297308976, 56.51808183538975072, -0.7975840849811558497 ) ) ;
#7348 = CARTESIAN_POINT ( 'NONE',  ( 1.043212824275349782, 53.87253265680915604, 0.2923543136733960379 ) ) ;
#7349 = VECTOR ( 'NONE', #2646, 1000.000000000000000 ) ;
#7350 = ORIENTED_EDGE ( 'NONE', *, *, #9603, .T. ) ;
#7351 = CYLINDRICAL_SURFACE ( 'NONE', #5036, 5.000000000000004441 ) ;
#7352 = DIRECTION ( 'NONE',  ( 0.0000000000000000000, 1.000000000000000000, 0.0000000000000000000 ) ) ;
#7353 = CARTESIAN_POINT ( 'NONE',  ( 7.506876789164063091, 53.91453147642429400, -0.3986484943326160657 ) ) ;
#7354 = ORIENTED_EDGE ( 'NONE', *, *, #4216, .T. ) ;
#7355 = CARTESIAN_POINT ( 'NONE',  ( 10.10304959289029547, 53.83631277791960201, -0.4181348863512487912 ) ) ;
#7356 = AXIS2_PLACEMENT_3D ( 'NONE', #3440, #9567, #2694 ) ;
#7357 = ADVANCED_FACE ( 'NONE', ( #323 ), #8386, .T. ) ;
#7358 = CARTESIAN_POINT ( 'NONE',  ( 9.330792161571045185, 54.58504383462994269, -0.3042425055354368024 ) ) ;
#7359 = CARTESIAN_POINT ( 'NONE',  ( -11.82502309378064531, 6.035555769798445880, -0.9931992931896571619 ) ) ;
#7360 = DIRECTION ( 'NONE',  ( 0.0000000000000000000, 1.000000000000000000, 0.0000000000000000000 ) ) ;
#7361 = ORIENTED_EDGE ( 'NONE', *, *, #3343, .F. ) ;
#7362 = VECTOR ( 'NONE', #9809, 1000.000000000000000 ) ;
#7363 = CARTESIAN_POINT ( 'NONE',  ( -0.8970867623370083477, 54.31950004627110218, 0.2989210827142312343 ) ) ;
#7364 = DIRECTION ( 'NONE',  ( 0.0000000000000000000, 0.0000000000000000000, -1.000000000000000000 ) ) ;
#7365 = DIRECTION ( 'NONE',  ( 0.0000000000000000000, -1.000000000000000000, 0.0000000000000000000 ) ) ;
#7366 = AXIS2_PLACEMENT_3D ( 'NONE', #779, #1434, #6911 ) ;
#7367 = LINE ( 'NONE', #3588, #6848 ) ;
#7368 = CARTESIAN_POINT ( 'NONE',  ( 10.20217228110722907, 56.69453400648564667, -0.8513888723903116906 ) ) ;
#7369 = ORIENTED_EDGE ( 'NONE', *, *, #8564, .F. ) ;
#7370 = CARTESIAN_POINT ( 'NONE',  ( 5.676980392586472135, 53.87253265680915604, 0.07323579801804536160 ) ) ;
#7371 = CARTESIAN_POINT ( 'NONE',  ( 1.684482208560348360, 54.01204324308811522, 0.2942797456913127663 ) ) ;
#7372 = VECTOR ( 'NONE', #1180, 1000.000000000000000 ) ;
#7373 = EDGE_LOOP ( 'NONE', ( #2688, #8926, #5580, #8969 ) ) ;
#7374 = CARTESIAN_POINT ( 'NONE',  ( -14.09999999999999964, 55.19999999999971863, -5.754411018422679547 ) ) ;
#7375 = ORIENTED_EDGE ( 'NONE', *, *, #4819, .T. ) ;
#7376 = CARTESIAN_POINT ( 'NONE',  ( 7.306430060949121064, 55.62822145975309240, -0.4114301739047737660 ) ) ;
#7377 = ORIENTED_EDGE ( 'NONE', *, *, #8802, .F. ) ;
#7378 = CARTESIAN_POINT ( 'NONE',  ( 10.65736333947503667, 54.07930998833177227, -0.5024065429492768908 ) ) ;
#7379 = EDGE_LOOP ( 'NONE', ( #8140, #8085, #9479, #6888 ) ) ;
#7380 = CARTESIAN_POINT ( 'NONE',  ( 7.607047188913720781, 56.28794583025646148, -0.1076853805596527380 ) ) ;
#7381 = ORIENTED_EDGE ( 'NONE', *, *, #7109, .F. ) ;
#7383 = EDGE_CURVE ( 'NONE', #7149, #4341, #3174, .T. ) ;
#7382 = CARTESIAN_POINT ( 'NONE',  ( 8.607881161060086939, 54.32710914743264397, -0.5390089958205916965 ) ) ;
#7384 = CARTESIAN_POINT ( 'NONE',  ( 7.992696249149380705, 56.69624228264885346, -0.1393682611193155785 ) ) ;
#7385 = CARTESIAN_POINT ( 'NONE',  ( -14.09999999999999964, 23.38128306798728673, 0.0000000000000000000 ) ) ;
#7386 = CARTESIAN_POINT ( 'NONE',  ( 8.657726387205674001, 56.05497330586479166, -0.5344844159557688990 ) ) ;
#7387 = DIRECTION ( 'NONE',  ( 0.0000000000000000000, 0.02617694830786604018, 0.9996573249755574819 ) ) ;
#7388 = ORIENTED_EDGE ( 'NONE', *, *, #898, .T. ) ;
#7389 = CARTESIAN_POINT ( 'NONE',  ( 14.09999999999999964, 11.28555064151143128, -3.495747750507906648 ) ) ;
#7390 = VERTEX_POINT ( 'NONE', #7691 ) ;
#7391 = CARTESIAN_POINT ( 'NONE',  ( 14.09999999999999964, 12.90000000000000924, -6.348128122775027471 ) ) ;
#7392 = EDGE_CURVE ( 'NONE', #1448, #3222, #7005, .T. ) ;
#7393 = EDGE_CURVE ( 'NONE', #7631, #9721, #6619, .T. ) ;
#7394 = CARTESIAN_POINT ( 'NONE',  ( 14.09999999999999964, 22.88128306798727962, -40.69521439518901218 ) ) ;
#7395 = LINE ( 'NONE', #1374, #894 ) ;
#7396 = VERTEX_POINT ( 'NONE', #7587 ) ;
#7397 = CARTESIAN_POINT ( 'NONE',  ( 10.52088091279513193, 53.95504176276778452, -0.8513888723903012545 ) ) ;
#7398 = CARTESIAN_POINT ( 'NONE',  ( 13.50000000000000000, 11.79999999999999716, -5.458128122775026014 ) ) ;
#7399 = ORIENTED_EDGE ( 'NONE', *, *, #342, .T. ) ;
#7400 = EDGE_CURVE ( 'NONE', #1940, #2898, #7715, .T. ) ;
#7401 = CARTESIAN_POINT ( 'NONE',  ( -0.7210197421635198278, 54.73209234467380213, 0.2989210827142310123 ) ) ;
#7402 = CARTESIAN_POINT ( 'NONE',  ( 14.09999999999999964, 13.28128306799197311, -40.19521439518901218 ) ) ;
#7403 = CARTESIAN_POINT ( 'NONE',  ( 8.692110174794228428, 54.99533680191360219, -0.5389759807138325698 ) ) ;
#7404 = DIRECTION ( 'NONE',  ( 0.0000000000000000000, -0.0000000000000000000, 1.000000000000000000 ) ) ;
#7405 = ORIENTED_EDGE ( 'NONE', *, *, #2690, .T. ) ;
#7406 = CARTESIAN_POINT ( 'NONE',  ( 7.865184870243558279, 55.71742613298324187, -0.4377370557611062751 ) ) ;
#7407 = DIRECTION ( 'NONE',  ( 1.000000000000000000, 0.0000000000000000000, 0.0000000000000000000 ) ) ;
#7408 = CIRCLE ( 'NONE', #9169, 8.450000000000006395 ) ;
#7409 = ORIENTED_EDGE ( 'NONE', *, *, #1275, .F. ) ;
#7410 = ORIENTED_EDGE ( 'NONE', *, *, #429, .F. ) ;
#7411 = CARTESIAN_POINT ( 'NONE',  ( 5.106287786451520816, 55.69092150388359386, -0.2298278560399711623 ) ) ;
#7412 = CARTESIAN_POINT ( 'NONE',  ( 1.459160198459489077, 53.91733615285140502, -0.03047645466538052503 ) ) ;
#7413 = ORIENTED_EDGE ( 'NONE', *, *, #2427, .T. ) ;
#7414 = DIRECTION ( 'NONE',  ( 0.0000000000000000000, 0.0000000000000000000, 1.000000000000000000 ) ) ;
#7415 = DIRECTION ( 'NONE',  ( 0.0000000000000000000, 0.0000000000000000000, 1.000000000000000000 ) ) ;
#7416 = EDGE_LOOP ( 'NONE', ( #5599, #2006, #3567, #9544 ) ) ;
#7417 = CARTESIAN_POINT ( 'NONE',  ( 7.343861935434158994, 55.85270407297508655, -0.4114301739047737660 ) ) ;
#7418 = EDGE_CURVE ( 'NONE', #7519, #4639, #822, .T. ) ;
#7419 = EDGE_LOOP ( 'NONE', ( #4590, #2018, #781, #7339 ) ) ;
#7420 = VECTOR ( 'NONE', #8644, 1000.000000000000000 ) ;
#7421 = CARTESIAN_POINT ( 'NONE',  ( 7.294767181720745342, 54.72560050549010668, -0.4388580514320241655 ) ) ;
#7422 = VERTEX_POINT ( 'NONE', #7798 ) ;
#7423 = CARTESIAN_POINT ( 'NONE',  ( 8.571145389965165506, 54.25299967647615063, -0.1352089772695212189 ) ) ;
#7424 = FACE_OUTER_BOUND ( 'NONE', #450, .T. ) ;
#7425 = DIRECTION ( 'NONE',  ( 1.000000000000000000, -0.0000000000000000000, 0.0000000000000000000 ) ) ;
#7426 = CARTESIAN_POINT ( 'NONE',  ( 7.787362554366656475, 56.69225606321693789, -0.1272726278697394187 ) ) ;
#7427 = PLANE ( 'NONE',  #4452 ) ;
#7428 = VECTOR ( 'NONE', #1967, 1000.000000000000000 ) ;
#7429 = CARTESIAN_POINT ( 'NONE',  ( -14.09999999999999964, 17.78128306799198910, -48.19521439518879191 ) ) ;
#7430 = AXIS2_PLACEMENT_3D ( 'NONE', #690, #6169, #6109 ) ;
#7431 = CARTESIAN_POINT ( 'NONE',  ( 0.9969088809598707357, 56.37131317849806322, -0.006973248989498515710 ) ) ;
#7432 = EDGE_CURVE ( 'NONE', #9125, #8942, #8686, .T. ) ;
#7433 = CARTESIAN_POINT ( 'NONE',  ( -1.428476201798476009, 54.27758532422372895, 0.2905820563629014641 ) ) ;
#7434 = VERTEX_POINT ( 'NONE', #6850 ) ;
#7435 = AXIS2_PLACEMENT_3D ( 'NONE', #5630, #6325, #9329 ) ;
#7436 = DIRECTION ( 'NONE',  ( 0.0000000000000000000, -1.000000000000000000, 0.0000000000000000000 ) ) ;
#7437 = VECTOR ( 'NONE', #9746, 1000.000000000000000 ) ;
#7438 = CARTESIAN_POINT ( 'NONE',  ( 7.022025687258092397, 54.57916849525675218, -0.3487154854207082932 ) ) ;
#7439 = DIRECTION ( 'NONE',  ( -0.0000000000000000000, 0.0000000000000000000, 1.000000000000000000 ) ) ;
#7440 = CARTESIAN_POINT ( 'NONE',  ( 14.09999999999999964, 18.73128497718732532, -46.69525823665962605 ) ) ;
#7441 = ADVANCED_FACE ( 'NONE', ( #9888 ), #3870, .F. ) ;
#7442 = ADVANCED_FACE ( 'NONE', ( #2260 ), #132, .F. ) ;
#7443 = CARTESIAN_POINT ( 'NONE',  ( -13.48029628710176020, 8.338504503426916514, -1.293775883102715074 ) ) ;
#7444 = DIRECTION ( 'NONE',  ( 1.000000000000000000, 0.0000000000000000000, 0.0000000000000000000 ) ) ;
#7445 = ORIENTED_EDGE ( 'NONE', *, *, #7160, .T. ) ;
#7446 = DIRECTION ( 'NONE',  ( 0.0000000000000000000, -1.000000000000000000, 0.0000000000000000000 ) ) ;
#7447 = DIRECTION ( 'NONE',  ( 0.0000000000000000000, 0.0000000000000000000, 1.000000000000000000 ) ) ;
#7448 = CARTESIAN_POINT ( 'NONE',  ( 5.424840094347884722, 55.87113635985264182, -0.2078969003982318597 ) ) ;
#7449 = CARTESIAN_POINT ( 'NONE',  ( 0.0000000000000000000, 0.0000000000000000000, -70.87421554853963812 ) ) ;
#7450 = AXIS2_PLACEMENT_3D ( 'NONE', #3400, #9570, #7123 ) ;
#7451 = AXIS2_PLACEMENT_3D ( 'NONE', #9254, #3142, #7699 ) ;
#7452 = ADVANCED_FACE ( 'NONE', ( #6949, #58 ), #2531, .F. ) ;
#7453 = EDGE_CURVE ( 'NONE', #3550, #2902, #524, .T. ) ;
#7454 = CARTESIAN_POINT ( 'NONE',  ( 7.732250540219799184, 55.38424762757959030, -0.4373989088692310512 ) ) ;
#7455 = CARTESIAN_POINT ( 'NONE',  ( 10.62122834994784348, 56.49780917657080437, -0.4181348863512486802 ) ) ;
#7456 = AXIS2_PLACEMENT_3D ( 'NONE', #9083, #52, #2207 ) ;
#7457 = ORIENTED_EDGE ( 'NONE', *, *, #8245, .T. ) ;
#7458 = ORIENTED_EDGE ( 'NONE', *, *, #4753, .F. ) ;
#7459 = CARTESIAN_POINT ( 'NONE',  ( 1.503005140621127111, 55.72398840773440298, 0.2841318986559482340 ) ) ;
#7460 = CARTESIAN_POINT ( 'NONE',  ( 14.09999999999999964, 18.73128497718732532, -46.69525823665962605 ) ) ;
#7461 = AXIS2_PLACEMENT_3D ( 'NONE', #4681, #8558, #2432 ) ;
#7462 = ORIENTED_EDGE ( 'NONE', *, *, #2844, .T. ) ;
#7463 = LINE ( 'NONE', #5947, #999 ) ;
#7464 = EDGE_CURVE ( 'NONE', #1636, #1206, #3018, .T. ) ;
#7465 = FACE_OUTER_BOUND ( 'NONE', #2944, .T. ) ;
#7466 = EDGE_LOOP ( 'NONE', ( #8080, #4297, #7591, #4200, #1401, #4012, #6868 ) ) ;
#7467 = CARTESIAN_POINT ( 'NONE',  ( 1.647061244080773701, 54.76337717820630502, -0.02106636364446472232 ) ) ;
#7468 = ORIENTED_EDGE ( 'NONE', *, *, #4956, .F. ) ;
#7469 = CARTESIAN_POINT ( 'NONE',  ( 10.40934610186909026, 53.88943055432360296, -0.4652661091390343784 ) ) ;
#7470 = ORIENTED_EDGE ( 'NONE', *, *, #2540, .T. ) ;
#7471 = EDGE_LOOP ( 'NONE', ( #6726, #5004, #9507, #2123, #1308, #8184, #6223 ) ) ;
#7472 = CARTESIAN_POINT ( 'NONE',  ( 8.433716812525092976, 54.06401556032408706, -0.1352089772695207748 ) ) ;
#7473 = CARTESIAN_POINT ( 'NONE',  ( 10.24007818269440229, 54.18561618456975992, -0.7436523444616265355 ) ) ;
#7474 = DIRECTION ( 'NONE',  ( -0.0000000000000000000, 1.000000000000000000, -0.0000000000000000000 ) ) ;
#7475 = CARTESIAN_POINT ( 'NONE',  ( 8.477790450773786901, 56.45561991316390760, -0.5344844159557688990 ) ) ;
#7476 = CIRCLE ( 'NONE', #1396, 0.2000000000037180370 ) ;
#7477 = CARTESIAN_POINT ( 'NONE',  ( 8.370865098844737062, 54.94355770408382256, -0.1939637772959574014 ) ) ;
#7478 = CARTESIAN_POINT ( 'NONE',  ( 1.649329860067773934, 54.68747993182417133, 0.2808873602656609125 ) ) ;
#7479 = CARTESIAN_POINT ( 'NONE',  ( 13.50000000000000000, 11.58968273264776627, -4.178165316334405688 ) ) ;
#7480 = VERTEX_POINT ( 'NONE', #7569 ) ;
#7481 = FACE_OUTER_BOUND ( 'NONE', #4063, .T. ) ;
#7482 = EDGE_LOOP ( 'NONE', ( #1751, #3859, #9116, #6523 ) ) ;
#7483 = CARTESIAN_POINT ( 'NONE',  ( 10.49999999999999822, 56.85600527474578314, -2.797607197594146555 ) ) ;
#7484 = CARTESIAN_POINT ( 'NONE',  ( 0.0000000000000000000, 56.37170430018856138, -70.87421554853963812 ) ) ;
#7485 = ORIENTED_EDGE ( 'NONE', *, *, #1778, .T. ) ;
#7486 = CARTESIAN_POINT ( 'NONE',  ( 9.330792161571045185, 54.58504383462994269, -0.6447058877098518215 ) ) ;
#7487 = DIRECTION ( 'NONE',  ( -0.0000000000000000000, -1.000000000000000000, -0.0000000000000000000 ) ) ;
#7488 = ORIENTED_EDGE ( 'NONE', *, *, #1615, .F. ) ;
#7489 = CARTESIAN_POINT ( 'NONE',  ( -1.202360545855508445, 54.01715463128093120, -0.02630137221458180713 ) ) ;
#7490 = FACE_OUTER_BOUND ( 'NONE', #771, .T. ) ;
#7491 = CARTESIAN_POINT ( 'NONE',  ( 8.704962267753410643, 54.80293079578463278, -0.2343359417129277367 ) ) ;
#7492 = AXIS2_PLACEMENT_3D ( 'NONE', #3678, #8255, #9260 ) ;
#7493 = CARTESIAN_POINT ( 'NONE',  ( 9.596970906920500255, 55.42233810366586511, -0.3479068640411290270 ) ) ;
#7494 = ORIENTED_EDGE ( 'NONE', *, *, #8695, .T. ) ;
#7495 = CARTESIAN_POINT ( 'NONE',  ( 7.354468962750526195, 55.09795963412227593, -0.4373989088692303850 ) ) ;
#7496 = AXIS2_PLACEMENT_3D ( 'NONE', #5382, #3033, #6079 ) ;
#7497 = FACE_OUTER_BOUND ( 'NONE', #4818, .T. ) ;
#7498 = ORIENTED_EDGE ( 'NONE', *, *, #4239, .T. ) ;
#7499 = ORIENTED_EDGE ( 'NONE', *, *, #8811, .T. ) ;
#7500 = DIRECTION ( 'NONE',  ( 0.0000000000000000000, -1.000000000000000000, 0.0000000000000000000 ) ) ;
#7501 = CARTESIAN_POINT ( 'NONE',  ( 1.516334992270183202, 55.35754769128097763, 0.2857201262141788600 ) ) ;
#7502 = EDGE_CURVE ( 'NONE', #7035, #1918, #9518, .T. ) ;
#7503 = EDGE_CURVE ( 'NONE', #1346, #610, #4561, .T. ) ;
#7504 = CARTESIAN_POINT ( 'NONE',  ( 4.315112946339142219, 54.19851156681517068, 0.1690723765720367200 ) ) ;
#7505 = ORIENTED_EDGE ( 'NONE', *, *, #1937, .F. ) ;
#7506 = DIRECTION ( 'NONE',  ( 0.0000000000000000000, 1.000000000000000000, -3.362642065588203259E-15 ) ) ;
#7507 = ORIENTED_EDGE ( 'NONE', *, *, #9293, .T. ) ;
#7508 = CARTESIAN_POINT ( 'NONE',  ( 1.648560864309584595, 54.71320692169845046, 0.2948127524685534295 ) ) ;
#7509 = VERTEX_POINT ( 'NONE', #7680 ) ;
#7510 = PLANE ( 'NONE',  #6142 ) ;
#7511 = CARTESIAN_POINT ( 'NONE',  ( 7.847516849393821659, 53.83731660224029270, -0.03936411257272963427 ) ) ;
#7512 = ORIENTED_EDGE ( 'NONE', *, *, #1956, .T. ) ;
#7513 = EDGE_CURVE ( 'NONE', #3011, #6327, #7041, .T. ) ;
#7514 = CARTESIAN_POINT ( 'NONE',  ( 7.290612743183379152, 56.42671078858725764, -0.3759668677013527915 ) ) ;
#7515 = DIRECTION ( 'NONE',  ( -1.000000000000000000, -0.0000000000000000000, -0.0000000000000000000 ) ) ;
#7516 = CARTESIAN_POINT ( 'NONE',  ( 11.59999999999999964, 72.50000000000000000, -48.70000000000000995 ) ) ;
#7517 = CARTESIAN_POINT ( 'NONE',  ( 7.852545244703335037, 56.69579615316933285, -0.1344762070012272825 ) ) ;
#7518 = FACE_OUTER_BOUND ( 'NONE', #6867, .T. ) ;
#7519 = VERTEX_POINT ( 'NONE', #2354 ) ;
#7520 = VECTOR ( 'NONE', #3423, 1000.000000000000000 ) ;
#7521 = CARTESIAN_POINT ( 'NONE',  ( 10.07301798694780892, 53.83725172709050355, -0.7260886155308460266 ) ) ;
#7522 = CARTESIAN_POINT ( 'NONE',  ( -1.668816042964919921, 54.20966322918600611, 0.2905820563629011866 ) ) ;
#7523 = CARTESIAN_POINT ( 'NONE',  ( 8.675804788605711693, 55.08233810370975192, -0.2307471009618343172 ) ) ;
#7524 = CARTESIAN_POINT ( 'NONE',  ( 1.899398280177848841, 56.06299147006784267, -0.02745724643013849192 ) ) ;
#7525 = ORIENTED_EDGE ( 'NONE', *, *, #8188, .T. ) ;
#7526 = DIRECTION ( 'NONE',  ( 0.0000000000000000000, 1.000000000000000000, 0.0000000000000000000 ) ) ;
#7527 = CARTESIAN_POINT ( 'NONE',  ( 10.60904104887323030, 55.42214120391957977, -0.8009584369727306141 ) ) ;
#7528 = VERTEX_POINT ( 'NONE', #3122 ) ;
#7529 = CARTESIAN_POINT ( 'NONE',  ( -14.59999999999999964, 29.40639392675472408, -2.797128122774990899 ) ) ;
#7530 = FACE_OUTER_BOUND ( 'NONE', #3071, .T. ) ;
#7531 = CARTESIAN_POINT ( 'NONE',  ( -10.69723229832930578, 5.734092485736936418, -0.8116476230062457109 ) ) ;
#7532 = CARTESIAN_POINT ( 'NONE',  ( 10.25480284290615529, 54.19151900061007154, -0.4184356817180825971 ) ) ;
#7533 = EDGE_CURVE ( 'NONE', #525, #8118, #9229, .T. ) ;
#7534 = VERTEX_POINT ( 'NONE', #4662 ) ;
#7535 = DIRECTION ( 'NONE',  ( 1.000000000000000000, 0.0000000000000000000, 0.0000000000000000000 ) ) ;
#7536 = CARTESIAN_POINT ( 'NONE',  ( -1.820629305385273566, 53.87300194758108063, 0.2989210827142307902 ) ) ;
#7537 = CARTESIAN_POINT ( 'NONE',  ( -10.50000000000000000, 8.734092485736937306, -1.297607197594148110 ) ) ;
#7538 = CARTESIAN_POINT ( 'NONE',  ( 5.144147864045264917, 55.70875535224995190, -0.1869078915017285125 ) ) ;
#7539 = CARTESIAN_POINT ( 'NONE',  ( 9.595971288436501823, 55.26699799405708546, -0.3479068640411290270 ) ) ;
#7540 = DIRECTION ( 'NONE',  ( -1.000000000000000000, -0.0000000000000000000, -0.0000000000000000000 ) ) ;
#7541 = DIRECTION ( 'NONE',  ( 0.0000000000000000000, 1.000000000000000000, 0.0000000000000000000 ) ) ;
#7542 = VERTEX_POINT ( 'NONE', #860 ) ;
#7543 = EDGE_LOOP ( 'NONE', ( #5194, #6764, #253, #8785 ) ) ;
#7544 = CARTESIAN_POINT ( 'NONE',  ( 9.614666287772520192, 54.82595496277993874, -0.3476052596559750518 ) ) ;
#7545 = CARTESIAN_POINT ( 'NONE',  ( 1.900955595595055003, 56.01918542501802278, -0.02549783884331462136 ) ) ;
#7546 = EDGE_CURVE ( 'NONE', #2436, #7534, #2574, .T. ) ;
#7547 = ORIENTED_EDGE ( 'NONE', *, *, #2865, .T. ) ;
#7548 = ORIENTED_EDGE ( 'NONE', *, *, #6356, .F. ) ;
#7549 = FACE_OUTER_BOUND ( 'NONE', #3417, .T. ) ;
#7550 = DIRECTION ( 'NONE',  ( -1.000000000000000000, -0.0000000000000000000, -0.0000000000000000000 ) ) ;
#7551 = PLANE ( 'NONE',  #5608 ) ;
#7552 = CARTESIAN_POINT ( 'NONE',  ( -0.6872117482239216146, 55.71734143669587525, 0.2966836170931890782 ) ) ;
#7553 = ORIENTED_EDGE ( 'NONE', *, *, #6654, .F. ) ;
#7554 = DIRECTION ( 'NONE',  ( -1.000000000000000000, -0.0000000000000000000, -0.0000000000000000000 ) ) ;
#7555 = VERTEX_POINT ( 'NONE', #1021 ) ;
#7556 = CARTESIAN_POINT ( 'NONE',  ( 0.4178539778228485546, 56.37170430018856138, -0.001231784103175592726 ) ) ;
#7557 = CARTESIAN_POINT ( 'NONE',  ( -0.6771018925002156852, 55.65496182815905257, 0.2988225618489430691 ) ) ;
#7558 = EDGE_CURVE ( 'NONE', #6215, #4787, #6050, .T. ) ;
#7559 = EDGE_CURVE ( 'NONE', #80, #9018, #777, .T. ) ;
#7560 = ORIENTED_EDGE ( 'NONE', *, *, #9400, .F. ) ;
#7561 = DIRECTION ( 'NONE',  ( -1.000000000000000000, -0.0000000000000000000, -0.0000000000000000000 ) ) ;
#7562 = ORIENTED_EDGE ( 'NONE', *, *, #4056, .T. ) ;
#7563 = VERTEX_POINT ( 'NONE', #4817 ) ;
#7564 = CARTESIAN_POINT ( 'NONE',  ( -14.09999999999999964, 72.50000000000000000, 0.0000000000000000000 ) ) ;
#7565 = VECTOR ( 'NONE', #8768, 1000.000000000000000 ) ;
#7566 = DIRECTION ( 'NONE',  ( 0.0000000000000000000, -0.0000000000000000000, 1.000000000000000000 ) ) ;
#7567 = CARTESIAN_POINT ( 'NONE',  ( 1.518681078882993196, 53.93384802705809022, -0.01625148869583675076 ) ) ;
#7568 = PLANE ( 'NONE',  #9299 ) ;
#7569 = CARTESIAN_POINT ( 'NONE',  ( -4.483120059212435147E-16, 9.999999999990905053, -30.28020498958816731 ) ) ;
#7570 = B_SPLINE_SURFACE_WITH_KNOTS ( 'NONE', 3, 1, ( 
 ( #11, #9294 ),
 ( #3866, #3815 ),
 ( #2364, #6847 ),
 ( #2314, #6125 ),
 ( #932, #9886 ),
 ( #6076, #9135 ),
 ( #2258, #5322 ),
 ( #2417, #1524 ),
 ( #1672, #7637 ),
 ( #3075, #5379 ),
 ( #4619, #8499 ),
 ( #8447, #1571 ),
 ( #5643, #7294 ),
 ( #6447, #9502 ),
 ( #6392, #208 ),
 ( #2628, #9554 ),
 ( #3424, #2677 ),
 ( #5589, #4830 ),
 ( #8600, #1087 ),
 ( #4927, #8046 ),
 ( #4175, #7108 ),
 ( #5536, #7993 ),
 ( #8753, #7850 ),
 ( #8797, #5735 ),
 ( #2527, #1181 ),
 ( #310, #1834 ),
 ( #9399, #1922 ) ),
 .UNSPECIFIED., .F., .F., .F.,
 ( 4, 1, 1, 1, 1, 1, 1, 1, 1, 1, 1, 1, 1, 1, 1, 1, 1, 1, 1, 1, 1, 1, 1, 1, 4 ),
 ( 2, 2 ),
 ( 0.0000000000000000000, 0.06489426157375648152, 0.1270894449404678384, 0.1860449646919857813, 0.2418009767716888525, 0.2950192106548615301, 0.3452192860059294377, 0.3926779126440633205, 0.4376212045745784263, 0.4803862636737145086, 0.5209864367419538844, 0.5597836667242427344, 0.5970987564375498380, 0.6324242123676891980, 0.6670517770510493438, 0.7001146644892624060, 0.7327296004958012698, 0.7647499620675878296, 0.7966336467928537557, 0.8286367761300604817, 0.8610736338487582353, 0.8941851483144183099, 0.9281992656923184759, 0.9632910134180425743, 1.000000000000000000 ),
 ( 0.0000000000000000000, 1.000000000000000000 ),
 .UNSPECIFIED. ) ;
#7571 = ORIENTED_EDGE ( 'NONE', *, *, #9722, .F. ) ;
#7572 = LINE ( 'NONE', #2303, #119 ) ;
#7573 = CARTESIAN_POINT ( 'NONE',  ( -8.673617379884035472E-16, 9.999999999990905053, -37.12380646486934666 ) ) ;
#7574 = EDGE_CURVE ( 'NONE', #3222, #1151, #2703, .T. ) ;
#7575 = VERTEX_POINT ( 'NONE', #4711 ) ;
#7576 = EDGE_CURVE ( 'NONE', #493, #4801, #8962, .T. ) ;
#7577 = CARTESIAN_POINT ( 'NONE',  ( 5.676980392586473023, 56.07402217056503702, 0.07323579801805250866 ) ) ;
#7578 =( BOUNDED_CURVE ( )  B_SPLINE_CURVE ( 3, ( #1581, #4630, #3141, #6195 ),
 .UNSPECIFIED., .F., .T. ) 
 B_SPLINE_CURVE_WITH_KNOTS ( ( 4, 4 ),
 ( 0.0000000000000000000, 1.570796326794897002 ),
 .UNSPECIFIED. ) 
 CURVE ( )  GEOMETRIC_REPRESENTATION_ITEM ( )  RATIONAL_B_SPLINE_CURVE ( ( 1.000000000000000000, 0.8047378541243649375, 0.8047378541243649375, 1.000000000000000000 ) ) 
 REPRESENTATION_ITEM ( '' )  );
#7579 = LINE ( 'NONE', #703, #6328 ) ;
#7580 = ORIENTED_EDGE ( 'NONE', *, *, #7503, .T. ) ;
#7581 = CARTESIAN_POINT ( 'NONE',  ( 14.09999999999999964, 0.0000000000000000000, -2.797128122774994452 ) ) ;
#7582 = CARTESIAN_POINT ( 'NONE',  ( 9.949371948771389640, 56.34542219506761285, -0.3685364120818593325 ) ) ;
#7583 = ORIENTED_EDGE ( 'NONE', *, *, #6593, .F. ) ;
#7584 = CARTESIAN_POINT ( 'NONE',  ( 6.578210169804252772, 0.0000000000000000000, -3.297607197594146111 ) ) ;
#7585 = AXIS2_PLACEMENT_3D ( 'NONE', #5528, #1665, #5727 ) ;
#7586 = CYLINDRICAL_SURFACE ( 'NONE', #1159, 3.000000000000000000 ) ;
#7587 = CARTESIAN_POINT ( 'NONE',  ( 0.4178539778228485546, 55.50242720683921505, -0.001231784103175592726 ) ) ;
#7588 = EDGE_CURVE ( 'NONE', #1712, #8049, #3867, .T. ) ;
#7589 = DIRECTION ( 'NONE',  ( 0.0000000000000000000, 1.000000000000000000, 8.652902722719879942E-16 ) ) ;
#7590 = AXIS2_PLACEMENT_3D ( 'NONE', #4364, #1238, #5926 ) ;
#7591 = ORIENTED_EDGE ( 'NONE', *, *, #6843, .T. ) ;
#7592 = CARTESIAN_POINT ( 'NONE',  ( 10.04698144969175289, 54.16499987269425276, -0.7157281613985377877 ) ) ;
#7593 = CARTESIAN_POINT ( 'NONE',  ( 14.09999999999999964, 53.00000000000000000, -5.754411018423071233 ) ) ;
#7594 = DIRECTION ( 'NONE',  ( 1.000000000000000000, 0.0000000000000000000, 0.0000000000000000000 ) ) ;
#7595 = VECTOR ( 'NONE', #2233, 1000.000000000000000 ) ;
#7596 = EDGE_CURVE ( 'NONE', #2409, #7528, #1354, .T. ) ;
#7597 = CARTESIAN_POINT ( 'NONE',  ( 0.05565518892728234246, 56.69768321019457602, 0.7023928024058537778 ) ) ;
#7598 = ORIENTED_EDGE ( 'NONE', *, *, #4605, .F. ) ;
#7599 = DIRECTION ( 'NONE',  ( -1.000000000000000000, -0.0000000000000000000, 0.0000000000000000000 ) ) ;
#7600 = CARTESIAN_POINT ( 'NONE',  ( 7.786541688197756272, 55.39287937626657765, -0.4373989088692312732 ) ) ;
#7601 = CARTESIAN_POINT ( 'NONE',  ( 1.897571137230942728, 56.07282812704075070, -0.02540613707970719101 ) ) ;
#7602 = VERTEX_POINT ( 'NONE', #8211 ) ;
#7603 = AXIS2_PLACEMENT_3D ( 'NONE', #1441, #7500, #4489 ) ;
#7604 = VECTOR ( 'NONE', #7807, 1000.000000000000000 ) ;
#7605 = CARTESIAN_POINT ( 'NONE',  ( 5.368500442609819956, 55.83532823284778601, 0.1244914657889756582 ) ) ;
#7606 = CARTESIAN_POINT ( 'NONE',  ( 14.09999999999999964, 10.88143856499340245, -3.181917176975208150 ) ) ;
#7607 = LINE ( 'NONE', #8314, #9671 ) ;
#7608 = EDGE_CURVE ( 'NONE', #9165, #864, #7333, .T. ) ;
#7609 = AXIS2_PLACEMENT_3D ( 'NONE', #1056, #1854, #6414 ) ;
#7610 = CARTESIAN_POINT ( 'NONE',  ( 13.19290931901297093, 7.397249959988847934, -1.238681890488518622 ) ) ;
#7611 = VERTEX_POINT ( 'NONE', #3463 ) ;
#7612 = CARTESIAN_POINT ( 'NONE',  ( 14.09999999999999964, 0.0000000000000000000, -2.797128122774994452 ) ) ;
#7613 = CARTESIAN_POINT ( 'NONE',  ( -1.419025401644196771, 56.29273596501675314, -0.01419311603536149019 ) ) ;
#7614 = ORIENTED_EDGE ( 'NONE', *, *, #7173, .T. ) ;
#7615 = ORIENTED_EDGE ( 'NONE', *, *, #3034, .T. ) ;
#7616 = ORIENTED_EDGE ( 'NONE', *, *, #8216, .F. ) ;
#7617 = CARTESIAN_POINT ( 'NONE',  ( -1.027482414936464528, 54.98385551988226183, 0.2925929900060188493 ) ) ;
#7618 = CARTESIAN_POINT ( 'NONE',  ( 1.074528684227102904, 54.19881502598140344, -0.01333718144718441106 ) ) ;
#7619 = CARTESIAN_POINT ( 'NONE',  ( 8.378567269209668211, 54.81426649195390155, -0.1312072312784052230 ) ) ;
#7620 = LINE ( 'NONE', #6886, #3736 ) ;
#7621 = EDGE_CURVE ( 'NONE', #1436, #9163, #3509, .T. ) ;
#7622 = CARTESIAN_POINT ( 'NONE',  ( 8.378983357747397775, 54.79161208363164803, -0.1949286474922078960 ) ) ;
#7623 = CARTESIAN_POINT ( 'NONE',  ( 5.025022572574452617, 0.0000000000000000000, -0.1783629278520881822 ) ) ;
#7624 = ORIENTED_EDGE ( 'NONE', *, *, #2910, .F. ) ;
#7625 = CARTESIAN_POINT ( 'NONE',  ( -3.349999999999998312, 64.99999999999998579, -20.69999994376783903 ) ) ;
#7626 = AXIS2_PLACEMENT_3D ( 'NONE', #3144, #9196, #4633 ) ;
#7627 = DIRECTION ( 'NONE',  ( 0.0000000000000000000, -1.000000000000000000, 3.362642065588203259E-15 ) ) ;
#7628 = ORIENTED_EDGE ( 'NONE', *, *, #2292, .T. ) ;
#7629 = CARTESIAN_POINT ( 'NONE',  ( 9.575621554971920801, 54.04364991306981381, -0.7260886155308462486 ) ) ;
#7630 = CARTESIAN_POINT ( 'NONE',  ( -1.541187702233466128, 56.67755379590960274, -0.01674062556803353197 ) ) ;
#7631 = VERTEX_POINT ( 'NONE', #5859 ) ;
#7632 = DIRECTION ( 'NONE',  ( 0.0000000000000000000, 0.0000000000000000000, 1.000000000000000000 ) ) ;
#7633 = CARTESIAN_POINT ( 'NONE',  ( 10.35130629771682287, 56.28670132026935136, -0.4179459123721624980 ) ) ;
#7634 = EDGE_LOOP ( 'NONE', ( #917, #6014, #6387, #7838 ) ) ;
#7635 = CARTESIAN_POINT ( 'NONE',  ( 10.15629795138204372, 56.36982935925531990, -0.7314517265451907502 ) ) ;
#7636 = EDGE_CURVE ( 'NONE', #8837, #8430, #2005, .T. ) ;
#7637 = CARTESIAN_POINT ( 'NONE',  ( 9.340073196318819271, 55.99234024257465592, -0.7262907717472796287 ) ) ;
#7638 = VECTOR ( 'NONE', #259, 1000.000000000000000 ) ;
#7639 = ADVANCED_FACE ( 'NONE', ( #4397 ), #1305, .F. ) ;
#7640 = EDGE_CURVE ( 'NONE', #704, #5584, #9618, .T. ) ;
#7641 = CARTESIAN_POINT ( 'NONE',  ( -14.09999999999999964, 0.0000000000000000000, -44.69521439518901218 ) ) ;
#7642 = CARTESIAN_POINT ( 'NONE',  ( 1.587950887461132998, 55.33321106928259780, 0.2823196544506541561 ) ) ;
#7643 =( BOUNDED_CURVE ( )  B_SPLINE_CURVE ( 3, ( #581, #9713, #9001, #438 ),
 .UNSPECIFIED., .F., .F. ) 
 B_SPLINE_CURVE_WITH_KNOTS ( ( 4, 4 ),
 ( 1.448697064988535788, 1.453310143094590279 ),
 .UNSPECIFIED. ) 
 CURVE ( )  GEOMETRIC_REPRESENTATION_ITEM ( )  RATIONAL_B_SPLINE_CURVE ( ( 1.000000000000000000, 0.9999982266266518316, 0.9999982266266518316, 1.000000000000000000 ) ) 
 REPRESENTATION_ITEM ( '' )  );
#7644 = CARTESIAN_POINT ( 'NONE',  ( -5.503499385153697077, 36.09533680887011542, -3.287277074028390089 ) ) ;
#7645 = DIRECTION ( 'NONE',  ( 7.105427357601001859E-14, 0.0000000000000000000, 1.000000000000000000 ) ) ;
#7646 = AXIS2_PLACEMENT_3D ( 'NONE', #1279, #8977, #8842 ) ;
#7647 = VERTEX_POINT ( 'NONE', #7374 ) ;
#7648 = CARTESIAN_POINT ( 'NONE',  ( -14.09999999999999964, 13.99999999999999822, 0.0000000000000000000 ) ) ;
#7649 = CARTESIAN_POINT ( 'NONE',  ( 1.072027648316576043, 55.50359622497487067, -0.008026569554246562599 ) ) ;
#7650 = LINE ( 'NONE', #4737, #2004 ) ;
#7651 = ORIENTED_EDGE ( 'NONE', *, *, #6497, .F. ) ;
#7652 = ADVANCED_FACE ( 'NONE', ( #487, #8910, #7465 ), #4342, .T. ) ;
#7653 = CARTESIAN_POINT ( 'NONE',  ( -5.503499385153697077, 41.33504442748403562, -1.297607197594146555 ) ) ;
#7654 = DIRECTION ( 'NONE',  ( -0.0000000000000000000, -0.0000000000000000000, 1.000000000000000000 ) ) ;
#7655 = ORIENTED_EDGE ( 'NONE', *, *, #6869, .F. ) ;
#7656 = DIRECTION ( 'NONE',  ( -0.0000000000000000000, -1.000000000000000000, -2.796494278874283485E-15 ) ) ;
#7657 = DIRECTION ( 'NONE',  ( 0.0000000000000000000, 0.0000000000000000000, 1.000000000000000000 ) ) ;
#7658 = CARTESIAN_POINT ( 'NONE',  ( 1.789518766130771654, 56.37439487039569741, -0.02258166815853373741 ) ) ;
#7659 = B_SPLINE_CURVE_WITH_KNOTS ( 'NONE', 3,
 ( #6235, #2416, #4671, #5480, #3029, #8543, #9184, #1671, #1619, #762, #710, #8599, #8498, #7688 ),
 .UNSPECIFIED., .F., .F.,
 ( 4, 2, 2, 2, 2, 2, 4 ),
 ( 0.0000000000000000000, 0.0004632303291448426966, 0.0009264606582896853931, 0.001158075822862096984, 0.001389690987434508791, 0.001621306152006920381, 0.001852921316579332189 ),
 .UNSPECIFIED. ) ;
#7660 = ORIENTED_EDGE ( 'NONE', *, *, #9349, .F. ) ;
#7661 = CARTESIAN_POINT ( 'NONE',  ( 1.103258261553768049, 56.36639661915481980, 0.2958764490941492298 ) ) ;
#7662 = DIRECTION ( 'NONE',  ( 0.0000000000000000000, 1.000000000000000000, 0.0000000000000000000 ) ) ;
#7663 = B_SPLINE_SURFACE_WITH_KNOTS ( 'NONE', 3, 1, ( 
 ( #851, #6162 ),
 ( #9220, #6879 ),
 ( #3896, #3009 ),
 ( #9810, #6979 ),
 ( #6056, #6003 ),
 ( #9117, #83 ),
 ( #9007, #2240 ) ),
 .UNSPECIFIED., .F., .F., .F.,
 ( 4, 1, 1, 1, 4 ),
 ( 2, 2 ),
 ( 0.0000000000000000000, 0.3018389826601914905, 0.5668923781892174496, 0.7981256004239751789, 1.000000000000000000 ),
 ( 0.0000000000000000000, 1.000000000000000000 ),
 .UNSPECIFIED. ) ;
#7664 = CARTESIAN_POINT ( 'NONE',  ( -0.6542544373080282361, 55.30038819490839330, 0.2969928863411547271 ) ) ;
#7665 = VECTOR ( 'NONE', #5139, 1000.000000000000000 ) ;
#7666 = ORIENTED_EDGE ( 'NONE', *, *, #5937, .T. ) ;
#7667 = ORIENTED_EDGE ( 'NONE', *, *, #8792, .F. ) ;
#7668 = DIRECTION ( 'NONE',  ( -0.0000000000000000000, -0.0000000000000000000, 1.000000000000000000 ) ) ;
#7669 = FACE_OUTER_BOUND ( 'NONE', #8580, .T. ) ;
#7670 = ORIENTED_EDGE ( 'NONE', *, *, #3762, .T. ) ;
#7671 = LINE ( 'NONE', #3793, #7134 ) ;
#7672 = ORIENTED_EDGE ( 'NONE', *, *, #8601, .T. ) ;
#7673 = ADVANCED_FACE ( 'NONE', ( #6668 ), #6872, .T. ) ;
#7674 = ORIENTED_EDGE ( 'NONE', *, *, #1092, .F. ) ;
#7675 = VECTOR ( 'NONE', #6627, 1000.000000000000000 ) ;
#7676 = CARTESIAN_POINT ( 'NONE',  ( -1.217787890655386285, 54.46132210544684682, 0.2895842138688713430 ) ) ;
#7677 = DIRECTION ( 'NONE',  ( 0.0000000000000000000, 0.0000000000000000000, 1.000000000000000000 ) ) ;
#7678 = CARTESIAN_POINT ( 'NONE',  ( -5.503499385153697077, 41.33504442748403562, -1.297607197594146333 ) ) ;
#7679 = LINE ( 'NONE', #2298, #871 ) ;
#7680 = CARTESIAN_POINT ( 'NONE',  ( 14.09999999999999964, 22.88128306798727962, -40.19521439518901929 ) ) ;
#7681 = EDGE_LOOP ( 'NONE', ( #300, #7655, #2535, #7843 ) ) ;
#7682 = CARTESIAN_POINT ( 'NONE',  ( 1.538268720054268845, 56.00423625806298134, 0.2833750097754107466 ) ) ;
#7683 = ORIENTED_EDGE ( 'NONE', *, *, #8601, .F. ) ;
#7684 = EDGE_CURVE ( 'NONE', #3786, #7611, #6554, .T. ) ;
#7685 = ORIENTED_EDGE ( 'NONE', *, *, #4292, .T. ) ;
#7686 = CARTESIAN_POINT ( 'NONE',  ( 14.09999999999999964, 56.13128306799008982, -45.50521209058222638 ) ) ;
#7687 = CARTESIAN_POINT ( 'NONE',  ( 10.20786696936834836, 56.35916934800696509, -0.4179459123721624980 ) ) ;
#7688 = CARTESIAN_POINT ( 'NONE',  ( 10.10304959289029370, 56.69768321019457602, -0.4207035858732088296 ) ) ;
#7689 = DIRECTION ( 'NONE',  ( 0.0000000000000000000, 0.0000000000000000000, -1.000000000000000000 ) ) ;
#7690 = LINE ( 'NONE', #7641, #5932 ) ;
#7691 = CARTESIAN_POINT ( 'NONE',  ( -14.09999999999999964, 10.88143856499340245, -3.181917176975208150 ) ) ;
#7692 = CARTESIAN_POINT ( 'NONE',  ( 2.423437499999999911, 57.00000000000004974, -25.99072695035657787 ) ) ;
#7693 = EDGE_CURVE ( 'NONE', #8322, #6327, #2602, .T. ) ;
#7694 = PLANE ( 'NONE',  #1821 ) ;
#7695 = B_SPLINE_CURVE_WITH_KNOTS ( 'NONE', 3,
 ( #7742, #4730, #6129, #8547, #7799, #9749, #767, #16, #2317, #3636, #6191, #1678, #110, #3237 ),
 .UNSPECIFIED., .F., .F.,
 ( 4, 2, 2, 2, 2, 2, 4 ),
 ( 1.742330095302998896E-18, 0.0001702697228008884971, 0.0003405394456017752595, 0.0005108091684026620219, 0.0006810788912035487842, 0.001021618336805341391, 0.001362157782407133998 ),
 .UNSPECIFIED. ) ;
#7696 = EDGE_CURVE ( 'NONE', #1342, #9841, #3947, .T. ) ;
#7697 = ORIENTED_EDGE ( 'NONE', *, *, #6869, .T. ) ;
#7698 = DIRECTION ( 'NONE',  ( 0.0000000000000000000, -0.0000000000000000000, 1.000000000000000000 ) ) ;
#7699 = DIRECTION ( 'NONE',  ( 0.0000000000000000000, -3.357529308342206516E-15, -1.000000000000000000 ) ) ;
#7700 = CARTESIAN_POINT ( 'NONE',  ( -13.50000000000000000, 0.0000000000000000000, -2.797128122774994452 ) ) ;
#7701 = CARTESIAN_POINT ( 'NONE',  ( 14.09999999999999964, 23.88128306798727962, -44.19521439518901929 ) ) ;
#7702 = DIRECTION ( 'NONE',  ( -3.215205879314452836E-13, 0.0000000000000000000, 1.000000000000000000 ) ) ;
#7703 = VECTOR ( 'NONE', #9297, 1000.000000000000000 ) ;
#7704 = DIRECTION ( 'NONE',  ( -0.0000000000000000000, -1.000000000000000000, -0.0000000000000000000 ) ) ;
#7705 = CARTESIAN_POINT ( 'NONE',  ( 9.999874618009371829, 54.17411868551258891, -0.7260292448453815606 ) ) ;
#7706 = DIRECTION ( 'NONE',  ( 0.0000000000000000000, 0.0000000000000000000, 1.000000000000000000 ) ) ;
#7707 = ADVANCED_FACE ( 'NONE', ( #7028 ), #5331, .T. ) ;
#7708 = EDGE_CURVE ( 'NONE', #5299, #6184, #3283, .T. ) ;
#7709 = VERTEX_POINT ( 'NONE', #2653 ) ;
#7710 = ORIENTED_EDGE ( 'NONE', *, *, #6601, .F. ) ;
#7711 = CARTESIAN_POINT ( 'NONE',  ( 0.9871935470731872941, 56.37136475513158018, -0.01861215123666109736 ) ) ;
#7712 = CARTESIAN_POINT ( 'NONE',  ( 7.431932760591899445, 53.95821371728186477, -0.03936411257272898201 ) ) ;
#7713 = LINE ( 'NONE', #9208, #6485 ) ;
#7714 = CARTESIAN_POINT ( 'NONE',  ( -12.32087645432426015, 59.24817653143462337, -1.078960151886393160 ) ) ;
#7715 = B_SPLINE_CURVE_WITH_KNOTS ( 'NONE', 3,
 ( #15, #3078, #1622, #4728, #9086, #874, #5275, #8347, #714, #1476 ),
 .UNSPECIFIED., .F., .F.,
 ( 4, 2, 2, 2, 4 ),
 ( 8.725343908120454196E-19, 0.0001275063218169752717, 0.0002550126436339496760, 0.0005100252872679174581, 0.001020050574535852480 ),
 .UNSPECIFIED. ) ;
#7716 = VERTEX_POINT ( 'NONE', #1341 ) ;
#7717 = CARTESIAN_POINT ( 'NONE',  ( 7.917179901905550210, 56.69768321019456891, -0.4435922940083655286 ) ) ;
#7718 = VERTEX_POINT ( 'NONE', #4384 ) ;
#7719 = DIRECTION ( 'NONE',  ( 0.0000000000000000000, 0.0000000000000000000, 1.000000000000000000 ) ) ;
#7720 = VERTEX_POINT ( 'NONE', #1160 ) ;
#7721 = CARTESIAN_POINT ( 'NONE',  ( 8.148896674339995982, 55.68887531892218590, -0.1680108356574875339 ) ) ;
#7722 = ORIENTED_EDGE ( 'NONE', *, *, #8330, .F. ) ;
#7723 = CARTESIAN_POINT ( 'NONE',  ( 14.09999999999999964, 9.999999999999994671, 0.0000000000000000000 ) ) ;
#7724 = FACE_OUTER_BOUND ( 'NONE', #718, .T. ) ;
#7725 = FACE_OUTER_BOUND ( 'NONE', #9770, .T. ) ;
#7726 = CARTESIAN_POINT ( 'NONE',  ( 2.006349870543964187, 54.56211434888930967, -0.02840321162273792832 ) ) ;
#7727 = SURFACE_STYLE_FILL_AREA ( #1611 ) ;
#7728 = ADVANCED_FACE ( 'NONE', ( #1252 ), #7271, .T. ) ;
#7729 = CARTESIAN_POINT ( 'NONE',  ( 7.367073228714922983, 55.94001214823327217, -0.3839245313122604530 ) ) ;
#7730 = EDGE_LOOP ( 'NONE', ( #8349, #4081 ) ) ;
#7731 = DIRECTION ( 'NONE',  ( 0.6691306063588621234, 0.0000000000000000000, -0.7431448254773906914 ) ) ;
#7732 = ORIENTED_EDGE ( 'NONE', *, *, #7753, .F. ) ;
#7733 = CARTESIAN_POINT ( 'NONE',  ( 1.469368422050356893, 56.63192492075263829, 0.2943615570823884253 ) ) ;
#7734 = ORIENTED_EDGE ( 'NONE', *, *, #4387, .F. ) ;
#7735 = FACE_OUTER_BOUND ( 'NONE', #8319, .T. ) ;
#7736 = CARTESIAN_POINT ( 'NONE',  ( 10.08207027291845570, 56.37122729178059188, -0.7254125390959408337 ) ) ;
#7737 = FACE_OUTER_BOUND ( 'NONE', #2465, .T. ) ;
#7738 = DIRECTION ( 'NONE',  ( -1.000000000000000000, 0.0000000000000000000, 0.0000000000000000000 ) ) ;
#7739 = EDGE_CURVE ( 'NONE', #4169, #8325, #2856, .T. ) ;
#7740 = CIRCLE ( 'NONE', #1651, 2.930662494039244059 ) ;
#7741 = DIRECTION ( 'NONE',  ( 0.0000000000000000000, 0.0000000000000000000, 1.000000000000000000 ) ) ;
#7742 = CARTESIAN_POINT ( 'NONE',  ( 10.09965397924440111, 56.37170430018856138, -0.4202167376168106649 ) ) ;
#7743 = CARTESIAN_POINT ( 'NONE',  ( 9.334131676236602004, 54.56785842141522380, -0.6173388114772484503 ) ) ;
#7744 = CARTESIAN_POINT ( 'NONE',  ( 1.630673157830493603, 54.84173748888744626, 0.2813177880238126316 ) ) ;
#7745 = VERTEX_POINT ( 'NONE', #3497 ) ;
#7746 = B_SPLINE_SURFACE_WITH_KNOTS ( 'NONE', 3, 1, ( 
 ( #3164, #1505 ),
 ( #4554, #7618 ),
 ( #5199, #6219 ),
 ( #9278, #6884 ),
 ( #9920, #6432 ),
 ( #9328, #7978 ),
 ( #8585, #3215 ) ),
 .UNSPECIFIED., .F., .F., .F.,
 ( 4, 1, 1, 1, 4 ),
 ( 2, 2 ),
 ( 0.0000000000000000000, 0.3291125069160046879, 0.6039325670174608973, 0.8274931049314404596, 1.000000000000000000 ),
 ( 0.0000000000000000000, 1.000000000000000000 ),
 .UNSPECIFIED. ) ;
#7747 = CARTESIAN_POINT ( 'NONE',  ( 10.07497014534533619, 54.16338306895119104, -0.7197416284785165264 ) ) ;
#7748 = DIRECTION ( 'NONE',  ( 0.0000000000000000000, -0.9925461516414275653, -0.1218693434042891904 ) ) ;
#7749 = VECTOR ( 'NONE', #1281, 1000.000000000000000 ) ;
#7750 = FACE_BOUND ( 'NONE', #908, .T. ) ;
#7751 = VERTEX_POINT ( 'NONE', #6567 ) ;
#7752 = EDGE_CURVE ( 'NONE', #1172, #3550, #7695, .T. ) ;
#7753 = EDGE_CURVE ( 'NONE', #5989, #9203, #2421, .T. ) ;
#7754 = AXIS2_PLACEMENT_3D ( 'NONE', #2858, #1360, #2100 ) ;
#7755 = CARTESIAN_POINT ( 'NONE',  ( 1.569100400104288084, 54.98470901381911347, -0.01736374797985545601 ) ) ;
#7756 = DIRECTION ( 'NONE',  ( 0.0000000000000000000, 0.0000000000000000000, 1.000000000000000000 ) ) ;
#7757 = EDGE_LOOP ( 'NONE', ( #4704, #3514, #9730, #9251 ) ) ;
#7758 = VERTEX_POINT ( 'NONE', #2884 ) ;
#7759 = DIRECTION ( 'NONE',  ( 0.0000000000000000000, -0.0000000000000000000, -1.000000000000000000 ) ) ;
#7760 = CARTESIAN_POINT ( 'NONE',  ( 14.09999999999999964, 0.0000000000000000000, -48.70000000000000995 ) ) ;
#7761 = DIRECTION ( 'NONE',  ( -0.0000000000000000000, -0.9848077530132441915, 0.1736481776610538375 ) ) ;
#7762 = AXIS2_PLACEMENT_3D ( 'NONE', #8917, #5817, #9634 ) ;
#7763 = CARTESIAN_POINT ( 'NONE',  ( 8.668742388863851289, 55.97328563240343158, -0.2298819870607156368 ) ) ;
#7764 = EDGE_CURVE ( 'NONE', #9393, #1636, #5053, .T. ) ;
#7765 = CARTESIAN_POINT ( 'NONE',  ( -1.061728074815540435, 56.45489683451302909, -0.007953031626794261622 ) ) ;
#7766 = ADVANCED_FACE ( 'NONE', ( #9300 ), #9137, .F. ) ;
#7767 = EDGE_CURVE ( 'NONE', #4341, #8771, #4229, .T. ) ;
#7768 = CARTESIAN_POINT ( 'NONE',  ( 12.75396841791843450, 6.744678946284285104, -1.156853857898004545 ) ) ;
#7769 = DIRECTION ( 'NONE',  ( 0.0000000000000000000, 0.0000000000000000000, -1.000000000000000000 ) ) ;
#7770 = DIRECTION ( 'NONE',  ( 1.000000000000000000, 0.0000000000000000000, 0.0000000000000000000 ) ) ;
#7771 = CARTESIAN_POINT ( 'NONE',  ( -0.7085926712413032069, 55.81816449276350056, 0.2988225618489426250 ) ) ;
#7772 = AXIS2_PLACEMENT_3D ( 'NONE', #4632, #3877, #3192 ) ;
#7773 = ORIENTED_EDGE ( 'NONE', *, *, #1998, .T. ) ;
#7774 = CARTESIAN_POINT ( 'NONE',  ( -14.09999999999999964, 11.80000000000000426, 0.0000000000000000000 ) ) ;
#7775 = VERTEX_POINT ( 'NONE', #6242 ) ;
#7776 = FACE_OUTER_BOUND ( 'NONE', #2052, .T. ) ;
#7777 = ORIENTED_EDGE ( 'NONE', *, *, #6429, .F. ) ;
#7778 = LINE ( 'NONE', #912, #4402 ) ;
#7779 = LINE ( 'NONE', #4057, #3593 ) ;
#7780 = FACE_OUTER_BOUND ( 'NONE', #5468, .T. ) ;
#7781 = CARTESIAN_POINT ( 'NONE',  ( 1.163620189519159354, 53.87380070602637261, -0.009450546807364451976 ) ) ;
#7782 = AXIS2_PLACEMENT_3D ( 'NONE', #8805, #1842, #2590 ) ;
#7783 = EDGE_CURVE ( 'NONE', #1614, #9790, #5591, .T. ) ;
#7784 = ORIENTED_EDGE ( 'NONE', *, *, #5655, .T. ) ;
#7785 =( LENGTH_UNIT ( ) NAMED_UNIT ( * ) SI_UNIT ( .MILLI., .METRE. ) );
#7786 = ORIENTED_EDGE ( 'NONE', *, *, #1947, .F. ) ;
#7787 = CARTESIAN_POINT ( 'NONE',  ( 5.677120431285328728, 56.51033128577066833, -0.2277328382209153623 ) ) ;
#7788 = DIRECTION ( 'NONE',  ( 0.0000000000000000000, 0.0000000000000000000, 1.000000000000000000 ) ) ;
#7789 = VERTEX_POINT ( 'NONE', #7063 ) ;
#7790 = DIRECTION ( 'NONE',  ( 0.0000000000000000000, 0.0000000000000000000, 1.000000000000000000 ) ) ;
#7791 = ORIENTED_EDGE ( 'NONE', *, *, #298, .F. ) ;
#7792 = CARTESIAN_POINT ( 'NONE',  ( 10.49999999999999822, 56.85600527474578314, -6.348128122775007043 ) ) ;
#7793 = CARTESIAN_POINT ( 'NONE',  ( 0.0000000000000000000, 54.19851156681517068, -70.87421554853963812 ) ) ;
#7794 = LINE ( 'NONE', #931, #3050 ) ;
#7795 = CARTESIAN_POINT ( 'NONE',  ( 8.378983357747397775, 54.79161208363164803, -0.1949286474922078960 ) ) ;
#7796 = AXIS2_PLACEMENT_3D ( 'NONE', #8187, #3707, #1328 ) ;
#7797 = CARTESIAN_POINT ( 'NONE',  ( 0.1500000000000002998, 2.249999999999998668, -48.69521209059480782 ) ) ;
#7798 = CARTESIAN_POINT ( 'NONE',  ( -5.503499385153697077, 36.09533680887012252, -3.287277074028390089 ) ) ;
#7799 = CARTESIAN_POINT ( 'NONE',  ( 10.36219399513325001, 56.28048663479820846, -0.4583407651338145539 ) ) ;
#7800 = DIRECTION ( 'NONE',  ( 0.0000000000000000000, 1.000000000000000000, -3.362642065588203259E-15 ) ) ;
#7801 = CARTESIAN_POINT ( 'NONE',  ( 10.46604378313142014, 54.37525865044458584, -0.8009555158832003530 ) ) ;
#7802 = EDGE_LOOP ( 'NONE', ( #1725, #9331, #7553, #9261 ) ) ;
#7803 = CARTESIAN_POINT ( 'NONE',  ( -7.295006188712701345, 35.93013281871204612, -1.297607197594143225 ) ) ;
#7804 = VECTOR ( 'NONE', #4026, 1000.000000000000000 ) ;
#7805 = ADVANCED_FACE ( 'NONE', ( #5433 ), #8603, .T. ) ;
#7806 = CARTESIAN_POINT ( 'NONE',  ( -8.500000000000000000, 14.00000000001000444, -30.77134323318452047 ) ) ;
#7807 = DIRECTION ( 'NONE',  ( -0.0000000000000000000, -1.000000000000000000, -0.0000000000000000000 ) ) ;
#7808 = VERTEX_POINT ( 'NONE', #6703 ) ;
#7809 = CARTESIAN_POINT ( 'NONE',  ( 1.296098501966966188, 54.21625605598512010, -0.02103992808024659350 ) ) ;
#7810 = CARTESIAN_POINT ( 'NONE',  ( 1.925331787395054395, 55.04627565111192666, -0.02614211920626370936 ) ) ;
#7811 = VECTOR ( 'NONE', #5826, 1000.000000000000000 ) ;
#7812 = CARTESIAN_POINT ( 'NONE',  ( -14.09999999999999964, 54.91745697782608460, -48.13981301903218935 ) ) ;
#7813 = CARTESIAN_POINT ( 'NONE',  ( 1.310979972439161534, 55.15098649486397875, -0.01208425800019295379 ) ) ;
#7814 = VERTEX_POINT ( 'NONE', #1526 ) ;
#7815 = ORIENTED_EDGE ( 'NONE', *, *, #2293, .T. ) ;
#7816 = EDGE_CURVE ( 'NONE', #7422, #7029, #4576, .T. ) ;
#7817 = CARTESIAN_POINT ( 'NONE',  ( 1.481703929866174274, 56.18219771163887799, -0.01861215123666087878 ) ) ;
#7818 = LINE ( 'NONE', #3943, #1994 ) ;
#7819 = CARTESIAN_POINT ( 'NONE',  ( 8.084898038562588596, 55.70537393319756347, -0.5389759807138327918 ) ) ;
#7820 = CARTESIAN_POINT ( 'NONE',  ( -8.673617379884035472E-16, 9.999999999990905053, -25.20200572722874810 ) ) ;
#7821 = CARTESIAN_POINT ( 'NONE',  ( 8.017934251832091519, 54.18488663419197593, -0.1326601476622896736 ) ) ;
#7822 = ORIENTED_EDGE ( 'NONE', *, *, #5204, .F. ) ;
#7823 = CARTESIAN_POINT ( 'NONE',  ( 1.540670223399103866, 55.93027452622209239, -0.01674759431770089443 ) ) ;
#7824 = VECTOR ( 'NONE', #785, 1000.000000000000000 ) ;
#7825 = CARTESIAN_POINT ( 'NONE',  ( 1.649329860067773934, 54.68747993182417844, -0.01919356256078373277 ) ) ;
#7826 = VERTEX_POINT ( 'NONE', #7692 ) ;
#7827 = DIRECTION ( 'NONE',  ( 1.000000000000000000, 0.0000000000000000000, 0.0000000000000000000 ) ) ;
#7828 = CARTESIAN_POINT ( 'NONE',  ( -1.268294571607542887, 54.39828683631538553, 0.2886988650059424955 ) ) ;
#7829 = EDGE_CURVE ( 'NONE', #3680, #1803, #6951, .T. ) ;
#7830 = ORIENTED_EDGE ( 'NONE', *, *, #6224, .T. ) ;
#7831 = ADVANCED_FACE ( 'NONE', ( #9246 ), #2369, .T. ) ;
#7832 = DIRECTION ( 'NONE',  ( -0.0000000000000000000, -1.000000000000000000, -0.0000000000000000000 ) ) ;
#7833 = CARTESIAN_POINT ( 'NONE',  ( -1.640767451404611554, 56.35740055101333468, 0.2868131980923049884 ) ) ;
#7834 = CARTESIAN_POINT ( 'NONE',  ( 14.09999999999999964, 56.46999999999999886, -3.118128122774877387 ) ) ;
#7835 = CARTESIAN_POINT ( 'NONE',  ( 8.236665386793017518, 56.20583479800249904, -0.4802382698714726117 ) ) ;
#7836 = AXIS2_PLACEMENT_3D ( 'NONE', #1989, #8070, #2750 ) ;
#7837 = ORIENTED_EDGE ( 'NONE', *, *, #9555, .F. ) ;
#7838 = ORIENTED_EDGE ( 'NONE', *, *, #8017, .F. ) ;
#7839 = PLANE ( 'NONE',  #4939 ) ;
#7840 = ORIENTED_EDGE ( 'NONE', *, *, #7588, .F. ) ;
#7841 = CARTESIAN_POINT ( 'NONE',  ( 14.09999999999999964, 11.79999999999999716, -5.458128122775026014 ) ) ;
#7842 = AXIS2_PLACEMENT_3D ( 'NONE', #9773, #2957, #2905 ) ;
#7843 = ORIENTED_EDGE ( 'NONE', *, *, #3731, .T. ) ;
#7844 = ADVANCED_FACE ( 'NONE', ( #6496 ), #4077, .F. ) ;
#7845 = CARTESIAN_POINT ( 'NONE',  ( -3.349999999999996980, 2.031901446435379551E-14, -50.70000000000003126 ) ) ;
#7846 = EDGE_LOOP ( 'NONE', ( #6522, #1514, #7830, #9824 ) ) ;
#7847 = CARTESIAN_POINT ( 'NONE',  ( 14.09999999999999964, -6.486286700774975272E-14, -40.19521439518898376 ) ) ;
#7848 = CARTESIAN_POINT ( 'NONE',  ( 14.09999999999999964, 10.52999999999999758, -4.118128122775018163 ) ) ;
#7849 = CARTESIAN_POINT ( 'NONE',  ( 7.275000000000002132, 62.00000000000004263, -27.19999999999996021 ) ) ;
#7850 = CARTESIAN_POINT ( 'NONE',  ( 9.907577171524691195, 56.67657479259595732, -0.7262907717472794067 ) ) ;
#7851 = VECTOR ( 'NONE', #8938, 1000.000000000000000 ) ;
#7852 = CARTESIAN_POINT ( 'NONE',  ( 8.379018258399952401, 41.48906902151180986, -1.297607197594146333 ) ) ;
#7853 = LINE ( 'NONE', #8800, #6126 ) ;
#7854 = CARTESIAN_POINT ( 'NONE',  ( 10.53006114030407225, 54.51304589750286311, -0.4184356817180834298 ) ) ;
#7855 = ORIENTED_EDGE ( 'NONE', *, *, #9796, .T. ) ;
#7856 = DIRECTION ( 'NONE',  ( -1.000000000000000000, 0.0000000000000000000, -0.0000000000000000000 ) ) ;
#7857 = CARTESIAN_POINT ( 'NONE',  ( 7.125181614577057232, 56.16413456025797046, -0.3737647796839235759 ) ) ;
#7858 = ORIENTED_EDGE ( 'NONE', *, *, #409, .T. ) ;
#7859 = CARTESIAN_POINT ( 'NONE',  ( 1.648592690196054367, 54.66557178713640752, -0.02103992808024637493 ) ) ;
#7860 = CIRCLE ( 'NONE', #804, 6.200000000000003730 ) ;
#7861 = CARTESIAN_POINT ( 'NONE',  ( 1.477307389121351067, 55.67844442283659134, -0.01857861185664097872 ) ) ;
#7862 = CARTESIAN_POINT ( 'NONE',  ( 7.815677673268935699, 54.16369912821623700, -0.1304119593883480144 ) ) ;
#7863 = DIRECTION ( 'NONE',  ( 1.000000000000000000, 0.0000000000000000000, 0.0000000000000000000 ) ) ;
#7864 = EDGE_CURVE ( 'NONE', #7866, #352, #9743, .T. ) ;
#7865 = DIRECTION ( 'NONE',  ( 0.0000000000000000000, 0.0000000000000000000, -1.000000000000000000 ) ) ;
#7866 = VERTEX_POINT ( 'NONE', #7479 ) ;
#7867 = AXIS2_PLACEMENT_3D ( 'NONE', #3461, #6529, #8032 ) ;
#7868 = EDGE_LOOP ( 'NONE', ( #698, #2997, #2933, #9097 ) ) ;
#7869 = DIRECTION ( 'NONE',  ( 0.0000000000000000000, 0.0000000000000000000, 1.000000000000000000 ) ) ;
#7870 = CARTESIAN_POINT ( 'NONE',  ( 14.09999999999999964, 23.38128306798728318, -40.69521439518901218 ) ) ;
#7871 = CARTESIAN_POINT ( 'NONE',  ( 8.360874821759551878, 55.57663554954608998, -0.1407445101694958789 ) ) ;
#7872 = ADVANCED_FACE ( 'NONE', ( #6068 ), #2281, .T. ) ;
#7873 = CARTESIAN_POINT ( 'NONE',  ( -8.500000000000000000, 14.00000000001000444, -25.20200572722880139 ) ) ;
#7874 = CARTESIAN_POINT ( 'NONE',  ( 1.459337598685048532, 55.65183924740505716, -0.01502249418166917878 ) ) ;
#7875 = CARTESIAN_POINT ( 'NONE',  ( 1.524728140962693379, 54.33045305663972613, -0.01639545183642821327 ) ) ;
#7876 = ORIENTED_EDGE ( 'NONE', *, *, #4726, .F. ) ;
#7877 = DIRECTION ( 'NONE',  ( 0.0000000000000000000, -0.0000000000000000000, 1.000000000000000000 ) ) ;
#7878 = ORIENTED_EDGE ( 'NONE', *, *, #4616, .F. ) ;
#7879 = CARTESIAN_POINT ( 'NONE',  ( -1.873090184391579260, 56.37139218929190321, -0.02725522043429409041 ) ) ;
#7880 = CARTESIAN_POINT ( 'NONE',  ( -1.129774313662855967, 55.97047082406051999, 0.2910403590546488117 ) ) ;
#7881 = DIRECTION ( 'NONE',  ( 0.0000000000000000000, -0.9996573249755574819, -0.02617694830786615121 ) ) ;
#7882 = CARTESIAN_POINT ( 'NONE',  ( 0.0000000000000000000, 56.69768321019457602, -70.87421554853963812 ) ) ;
#7883 = ORIENTED_EDGE ( 'NONE', *, *, #7640, .F. ) ;
#7884 = EDGE_CURVE ( 'NONE', #3415, #9063, #3750, .T. ) ;
#7885 =( LENGTH_UNIT ( ) NAMED_UNIT ( * ) SI_UNIT ( .MILLI., .METRE. ) );
#7886 = B_SPLINE_CURVE_WITH_KNOTS ( 'NONE', 3,
 ( #3482, #6397, #1927, #1185, #2683, #1840, #4225, #4078, #6500, #5692, #7158, #6451, #9560, #7348 ),
 .UNSPECIFIED., .F., .F.,
 ( 4, 2, 2, 2, 2, 2, 4 ),
 ( 0.0000000000000000000, 0.0001780232985772514100, 0.0003560465971545028201, 0.0007120931943090056402, 0.0008901164928862565894, 0.001068139791463507864, 0.001424186388618010630 ),
 .UNSPECIFIED. ) ;
#7887 = ADVANCED_FACE ( 'NONE', ( #3171 ), #150, .F. ) ;
#7888 = ORIENTED_EDGE ( 'NONE', *, *, #457, .F. ) ;
#7889 = CARTESIAN_POINT ( 'NONE',  ( 5.025022572574452617, 55.99139557184822280, -0.1783629278520812433 ) ) ;
#7890 = VERTEX_POINT ( 'NONE', #9286 ) ;
#7891 = CARTESIAN_POINT ( 'NONE',  ( 0.0000000000000000000, 53.87253265680915604, -70.87421554853963812 ) ) ;
#7892 = ORIENTED_EDGE ( 'NONE', *, *, #6580, .T. ) ;
#7893 = DIRECTION ( 'NONE',  ( 0.0000000000000000000, -0.0000000000000000000, 1.000000000000000000 ) ) ;
#7894 = ORIENTED_EDGE ( 'NONE', *, *, #6858, .F. ) ;
#7895 = CARTESIAN_POINT ( 'NONE',  ( 10.07496825739428203, 54.16338314233131968, -0.4166767159947879495 ) ) ;
#7896 = CARTESIAN_POINT ( 'NONE',  ( 14.09999999999999964, 18.58128306799191876, 1.611669397589930899E-14 ) ) ;
#7897 = DIRECTION ( 'NONE',  ( -1.000000000000000000, -0.0000000000000000000, -0.0000000000000000000 ) ) ;
#7898 = EDGE_CURVE ( 'NONE', #4867, #7161, #8483, .T. ) ;
#7899 = CARTESIAN_POINT ( 'NONE',  ( -1.248984220653332811, 54.42217189196248484, 0.2945660869772367407 ) ) ;
#7900 = AXIS2_PLACEMENT_3D ( 'NONE', #1799, #8812, #7262 ) ;
#7901 = DIRECTION ( 'NONE',  ( -0.0000000000000000000, 0.7071067811865490160, 0.7071067811865461294 ) ) ;
#7902 = CARTESIAN_POINT ( 'NONE',  ( 7.882986376360742398, 56.69668490471280364, -0.4458325920447148705 ) ) ;
#7903 = ORIENTED_EDGE ( 'NONE', *, *, #5216, .F. ) ;
#7904 = LINE ( 'NONE', #9405, #4079 ) ;
#7905 = CARTESIAN_POINT ( 'NONE',  ( 13.50000000000000000, 54.09999999999998721, -1.297607197594146777 ) ) ;
#7906 = DIRECTION ( 'NONE',  ( -1.000000000000000000, 0.0000000000000000000, -0.0000000000000000000 ) ) ;
#7907 = CARTESIAN_POINT ( 'NONE',  ( 10.82070936088863533, 54.38594866835987318, -0.8513888723903014766 ) ) ;
#7908 = EDGE_CURVE ( 'NONE', #6636, #5968, #6834, .T. ) ;
#7909 = DIRECTION ( 'NONE',  ( 0.0000000000000000000, 1.000000000000000000, 0.0000000000000000000 ) ) ;
#7910 = CARTESIAN_POINT ( 'NONE',  ( 0.0000000000000000000, 0.0000000000000000000, -70.87421554853963812 ) ) ;
#7911 = LINE ( 'NONE', #3560, #8913 ) ;
#7912 = CARTESIAN_POINT ( 'NONE',  ( 7.295164646473214276, 54.72991719538769928, -0.3764493109149857353 ) ) ;
#7913 = ORIENTED_EDGE ( 'NONE', *, *, #7574, .F. ) ;
#7914 = VERTEX_POINT ( 'NONE', #1663 ) ;
#7915 = CARTESIAN_POINT ( 'NONE',  ( 5.676980392586472135, 53.87253265680915604, 0.07323579801805230050 ) ) ;
#7916 = CARTESIAN_POINT ( 'NONE',  ( 6.649999999999999467, 2.249999999999999112, -48.69521209059480782 ) ) ;
#7917 = CARTESIAN_POINT ( 'NONE',  ( 8.229324273126973566, 55.65726408525519986, -0.1407445101694958789 ) ) ;
#7918 = AXIS2_PLACEMENT_3D ( 'NONE', #603, #461, #5965 ) ;
#7919 = CARTESIAN_POINT ( 'NONE',  ( 8.112948964579786093, 54.22771137210848735, -0.1326601476622896736 ) ) ;
#7920 = DIRECTION ( 'NONE',  ( 0.0000000000000000000, -1.000000000000000000, 0.0000000000000000000 ) ) ;
#7921 = CARTESIAN_POINT ( 'NONE',  ( 1.331694172580702773, 54.22422612986503054, -0.01249134490237899242 ) ) ;
#7922 = ORIENTED_EDGE ( 'NONE', *, *, #2048, .T. ) ;
#7923 = DIRECTION ( 'NONE',  ( 0.0000000000000000000, -1.000000000000000000, 0.0000000000000000000 ) ) ;
#7924 = ORIENTED_EDGE ( 'NONE', *, *, #6344, .T. ) ;
#7925 = CARTESIAN_POINT ( 'NONE',  ( 0.0000000000000000000, 56.69768321019457602, -70.87421554853963812 ) ) ;
#7926 = EDGE_CURVE ( 'NONE', #7914, #6925, #6560, .T. ) ;
#7928 = EDGE_CURVE ( 'NONE', #8588, #4041, #2, .T. ) ;
#7927 = CARTESIAN_POINT ( 'NONE',  ( 6.978471334753346689, 55.60861698739493875, -0.3443849524558038611 ) ) ;
#7929 = CARTESIAN_POINT ( 'NONE',  ( 7.275000000000002132, 62.00000000000004263, -27.19999999999996021 ) ) ;
#7930 = CARTESIAN_POINT ( 'NONE',  ( 11.46569711607495456, 59.70297132412618168, -0.9333448527056922295 ) ) ;
#7931 = VECTOR ( 'NONE', #2397, 1000.000000000000000 ) ;
#7932 = EDGE_LOOP ( 'NONE', ( #7037, #9763, #5099, #8475 ) ) ;
#7933 = VERTEX_POINT ( 'NONE', #3221 ) ;
#7934 = DIRECTION ( 'NONE',  ( 0.0000000000000000000, -4.336808689942138037E-16, 1.000000000000000000 ) ) ;
#7935 = ORIENTED_EDGE ( 'NONE', *, *, #9890, .F. ) ;
#7936 = CARTESIAN_POINT ( 'NONE',  ( 1.723866946057977190, 56.45630816974335886, 0.2791274887034386198 ) ) ;
#7937 = ORIENTED_EDGE ( 'NONE', *, *, #3623, .T. ) ;
#7938 = CARTESIAN_POINT ( 'NONE',  ( 8.500000000000000000, 14.00000000001000444, -36.63266822125889632 ) ) ;
#7939 = EDGE_LOOP ( 'NONE', ( #2074, #393, #529, #4596 ) ) ;
#7940 = DIRECTION ( 'NONE',  ( 0.9938837346736194567, 0.1104315260748425093, 0.0000000000000000000 ) ) ;
#7941 = CARTESIAN_POINT ( 'NONE',  ( -14.09999999999999964, 9.999999999999994671, 0.0000000000000000000 ) ) ;
#7942 = CARTESIAN_POINT ( 'NONE',  ( 14.09999999999999964, 56.99999999999996447, -48.70000000000000995 ) ) ;
#7943 = CARTESIAN_POINT ( 'NONE',  ( 1.902869012294670759, 55.96536253389634652, 0.2745584990293947203 ) ) ;
#7944 = DIRECTION ( 'NONE',  ( 0.0000000000000000000, 1.000000000000000000, 0.0000000000000000000 ) ) ;
#7945 = VECTOR ( 'NONE', #1120, 1000.000000000000000 ) ;
#7946 = ORIENTED_EDGE ( 'NONE', *, *, #3115, .T. ) ;
#7947 = CARTESIAN_POINT ( 'NONE',  ( 10.18070545618022749, 56.69521602395202819, -0.7349696048464374742 ) ) ;
#7948 = FACE_OUTER_BOUND ( 'NONE', #2140, .T. ) ;
#7949 = ORIENTED_EDGE ( 'NONE', *, *, #8129, .F. ) ;
#7950 = CARTESIAN_POINT ( 'NONE',  ( -13.50000000000000178, 56.85600527474578314, -1.588821672652679595 ) ) ;
#7951 = EDGE_CURVE ( 'NONE', #5236, #4849, #630, .T. ) ;
#7953 = EDGE_CURVE ( 'NONE', #7480, #5968, #616, .T. ) ;
#7952 = CARTESIAN_POINT ( 'NONE',  ( 0.9232344754536933040, 56.37170430018856138, -0.006013456739742406576 ) ) ;
#7954 = CARTESIAN_POINT ( 'NONE',  ( 1.049438115959491880, 54.19851156681517068, -0.007769967703372860843 ) ) ;
#7955 = ORIENTED_EDGE ( 'NONE', *, *, #773, .T. ) ;
#7956 = CARTESIAN_POINT ( 'NONE',  ( 10.76318145851536201, 54.24905710854564944, -0.8513888723903016986 ) ) ;
#7957 = VECTOR ( 'NONE', #8106, 1000.000000000000000 ) ;
#7958 = CARTESIAN_POINT ( 'NONE',  ( 1.343408943085429463, 55.55811905391821170, 0.2902530130439315847 ) ) ;
#7959 = CARTESIAN_POINT ( 'NONE',  ( 4.315112946339142219, 0.0000000000000000000, -0.1314828484156316257 ) ) ;
#7960 = DIRECTION ( 'NONE',  ( 1.000000000000000000, 0.0000000000000000000, 0.0000000000000000000 ) ) ;
#7961 = EDGE_LOOP ( 'NONE', ( #4224, #5210, #1335, #3954 ) ) ;
#7962 = ORIENTED_EDGE ( 'NONE', *, *, #8366, .T. ) ;
#7963 = EDGE_CURVE ( 'NONE', #5088, #3948, #159, .T. ) ;
#7964 = LINE ( 'NONE', #2649, #4250 ) ;
#7965 = CARTESIAN_POINT ( 'NONE',  ( 5.792997192154583530, 56.69768321019457602, -0.05737755447549064414 ) ) ;
#7966 = CARTESIAN_POINT ( 'NONE',  ( 1.913502908311242257, 55.05865726437754404, -0.03042540325696790546 ) ) ;
#7967 = VECTOR ( 'NONE', #3157, 1000.000000000000000 ) ;
#7968 = CARTESIAN_POINT ( 'NONE',  ( 7.965995985348967245, 54.17210946385315395, -0.1326601476622892295 ) ) ;
#7969 = ORIENTED_EDGE ( 'NONE', *, *, #7453, .T. ) ;
#7970 = CARTESIAN_POINT ( 'NONE',  ( -14.09999999999999964, 56.50000000000000000, -3.618128122774996847 ) ) ;
#7971 = CARTESIAN_POINT ( 'NONE',  ( -0.6574230938502169108, 55.48121308818510755, -0.009782707134597251608 ) ) ;
#7972 = ORIENTED_EDGE ( 'NONE', *, *, #8437, .F. ) ;
#7973 = CARTESIAN_POINT ( 'NONE',  ( -2.429028502896303010, 56.37170430018856138, -0.04163653186839422204 ) ) ;
#7974 = VERTEX_POINT ( 'NONE', #5352 ) ;
#7975 = CARTESIAN_POINT ( 'NONE',  ( 7.995151769044335666, 55.38226583895689004, -0.4523654555463479943 ) ) ;
#7976 = ORIENTED_EDGE ( 'NONE', *, *, #5811, .F. ) ;
#7977 = DIRECTION ( 'NONE',  ( -0.0000000000000000000, -0.0000000000000000000, 1.000000000000000000 ) ) ;
#7978 = CARTESIAN_POINT ( 'NONE',  ( 1.264511022502818438, 54.21007406642252135, -0.01333718144718462617 ) ) ;
#7979 = CARTESIAN_POINT ( 'NONE',  ( -18.90721874736048136, 29.38939926365632616, -2.148128122775007309 ) ) ;
#7980 = CARTESIAN_POINT ( 'NONE',  ( 0.0000000000000000000, 56.69768321019457602, -70.87421554853963812 ) ) ;
#7981 = ORIENTED_EDGE ( 'NONE', *, *, #5798, .F. ) ;
#7982 = ORIENTED_EDGE ( 'NONE', *, *, #2247, .T. ) ;
#7983 = CARTESIAN_POINT ( 'NONE',  ( 5.593275100336123629, 56.40833221757299043, -0.2210284462432260677 ) ) ;
#7984 = ORIENTED_EDGE ( 'NONE', *, *, #7020, .T. ) ;
#7985 = EDGE_CURVE ( 'NONE', #8630, #642, #3791, .T. ) ;
#7986 = DIRECTION ( 'NONE',  ( 0.0000000000000000000, 0.0000000000000000000, -1.000000000000000000 ) ) ;
#7987 = ORIENTED_EDGE ( 'NONE', *, *, #9765, .F. ) ;
#7988 = CYLINDRICAL_SURFACE ( 'NONE', #4889, 7.249999999999999112 ) ;
#7989 = ORIENTED_EDGE ( 'NONE', *, *, #3941, .T. ) ;
#7990 = CARTESIAN_POINT ( 'NONE',  ( 5.398552772962572632, 56.22719914883121106, 0.09499585788831634015 ) ) ;
#7991 = CARTESIAN_POINT ( 'NONE',  ( 1.516334992270183202, 55.35754769128097763, 0.2857021154571451893 ) ) ;
#7992 = CARTESIAN_POINT ( 'NONE',  ( 13.50000000000000000, 56.85600527474578314, -1.297607197594144335 ) ) ;
#7993 = CARTESIAN_POINT ( 'NONE',  ( 9.847981230112544893, 56.65950330450468186, -0.7262907717472796287 ) ) ;
#7994 = CARTESIAN_POINT ( 'NONE',  ( 14.09999999999999964, 18.00000000000000355, -5.458128122775026014 ) ) ;
#7995 = VECTOR ( 'NONE', #2434, 1000.000000000000000 ) ;
#7996 = EDGE_CURVE ( 'NONE', #4816, #7709, #6877, .T. ) ;
#7997 = ORIENTED_EDGE ( 'NONE', *, *, #467, .T. ) ;
#7998 = CARTESIAN_POINT ( 'NONE',  ( 8.151692710582100432, 56.29051675519055919, -0.1373998474905830935 ) ) ;
#7999 = CARTESIAN_POINT ( 'NONE',  ( 7.383095352467410777, 56.51786813644893925, -0.06796898991423519498 ) ) ;
#8000 = ORIENTED_EDGE ( 'NONE', *, *, #3956, .T. ) ;
#8001 = CARTESIAN_POINT ( 'NONE',  ( -4.724999999999997868, 52.00000000000004263, -27.19999999999992468 ) ) ;
#8002 = FACE_OUTER_BOUND ( 'NONE', #6478, .T. ) ;
#8003 = CARTESIAN_POINT ( 'NONE',  ( 6.967057654387619259, 55.29381037985015013, -0.3737647796839230763 ) ) ;
#8004 = ORIENTED_EDGE ( 'NONE', *, *, #1479, .F. ) ;
#8005 = VECTOR ( 'NONE', #645, 1000.000000000000000 ) ;
#8006 = CARTESIAN_POINT ( 'NONE',  ( 8.332394807811114745, 54.48892976219548245, -0.1894184196603656001 ) ) ;
#8007 = CARTESIAN_POINT ( 'NONE',  ( 1.525891280735767852, 55.79294344846778841, 0.2902530130439304745 ) ) ;
#8008 = ADVANCED_FACE ( 'NONE', ( #7669 ), #9175, .T. ) ;
#8009 = ADVANCED_FACE ( 'NONE', ( #7085 ), #9478, .T. ) ;
#8010 = CARTESIAN_POINT ( 'NONE',  ( -13.50000000000000000, 55.19999999999969731, -5.458128122774822621 ) ) ;
#8011 = CARTESIAN_POINT ( 'NONE',  ( 7.275000000000002132, 57.00000000000002132, -33.39999999999994884 ) ) ;
#8012 = ORIENTED_EDGE ( 'NONE', *, *, #7636, .F. ) ;
#8013 = CYLINDRICAL_SURFACE ( 'NONE', #7450, 70.87421554853963812 ) ;
#8014 = CIRCLE ( 'NONE', #176, 71.17421554853963528 ) ;
#8015 = DIRECTION ( 'NONE',  ( -0.0000000000000000000, -1.000000000000000000, -0.0000000000000000000 ) ) ;
#8016 = DIRECTION ( 'NONE',  ( 1.000000000000000000, 0.0000000000000000000, 0.0000000000000000000 ) ) ;
#8017 = EDGE_CURVE ( 'NONE', #4824, #4377, #6237, .T. ) ;
#8018 = CARTESIAN_POINT ( 'NONE',  ( 10.93047969846878154, 55.57709397896337578, -0.5443220806727896433 ) ) ;
#8019 = EDGE_CURVE ( 'NONE', #6245, #7814, #142, .T. ) ;
#8020 = VECTOR ( 'NONE', #2468, 1000.000000000000000 ) ;
#8021 = DIRECTION ( 'NONE',  ( 0.0000000000000000000, 0.0000000000000000000, -1.000000000000000000 ) ) ;
#8022 = CARTESIAN_POINT ( 'NONE',  ( 14.09999999999999964, 57.68607360139083085, -50.70000000000000995 ) ) ;
#8023 = ORIENTED_EDGE ( 'NONE', *, *, #3042, .F. ) ;
#8024 = CARTESIAN_POINT ( 'NONE',  ( 7.419475980377349345, 55.51255515507553184, -0.07234574897400426752 ) ) ;
#8025 = FACE_OUTER_BOUND ( 'NONE', #5009, .T. ) ;
#8026 = CARTESIAN_POINT ( 'NONE',  ( 9.735172328542409659, 56.15560286237934662, -0.3479068640411288049 ) ) ;
#8027 = MECHANICAL_DESIGN_GEOMETRIC_PRESENTATION_REPRESENTATION (  '', ( #1786 ), #8967 ) ;
#8028 = CARTESIAN_POINT ( 'NONE',  ( 1.108180413757873239, 56.69739380826381137, -0.02745724643013806171 ) ) ;
#8029 = CARTESIAN_POINT ( 'NONE',  ( -14.09999999999999964, 55.19999999999969731, -5.458128122774822621 ) ) ;
#8030 = CARTESIAN_POINT ( 'NONE',  ( 10.49999999999999822, 59.85600527474578314, -0.7821016581677946444 ) ) ;
#8031 = ORIENTED_EDGE ( 'NONE', *, *, #5780, .T. ) ;
#8032 = DIRECTION ( 'NONE',  ( 1.000000000000000000, 0.0000000000000000000, 0.0000000000000000000 ) ) ;
#8033 = EDGE_CURVE ( 'NONE', #345, #4210, #9429, .T. ) ;
#8034 = CARTESIAN_POINT ( 'NONE',  ( 5.069512187323249819, 56.01473877531613965, -0.2393030870521564435 ) ) ;
#8035 = VERTEX_POINT ( 'NONE', #8680 ) ;
#8036 = CARTESIAN_POINT ( 'NONE',  ( 7.298282984816489183, 55.54048354615645167, -0.4114301739047735440 ) ) ;
#8037 = CYLINDRICAL_SURFACE ( 'NONE', #4842, 0.5000000000000004441 ) ;
#8038 = VECTOR ( 'NONE', #8397, 1000.000000000000000 ) ;
#8039 = CARTESIAN_POINT ( 'NONE',  ( 10.93610680735009666, 55.26586612284178557, -0.5451992974344902487 ) ) ;
#8040 = VERTEX_POINT ( 'NONE', #6317 ) ;
#8041 = CARTESIAN_POINT ( 'NONE',  ( 7.700750320291927409, 54.18062765105408118, -0.4388580514320238879 ) ) ;
#8042 = VERTEX_POINT ( 'NONE', #4153 ) ;
#8043 = CARTESIAN_POINT ( 'NONE',  ( 8.607881161060086939, 54.32710914743264397, -0.1352089772695212189 ) ) ;
#8044 = CARTESIAN_POINT ( 'NONE',  ( 2.423437499999999911, 62.00000000000004974, -25.99072695035659919 ) ) ;
#8045 = LINE ( 'NONE', #985, #8959 ) ;
#8046 = CARTESIAN_POINT ( 'NONE',  ( 9.737676577821009261, 56.61069400578272592, -0.7262907717472796287 ) ) ;
#8047 = EDGE_CURVE ( 'NONE', #686, #7826, #3199, .T. ) ;
#8048 = CARTESIAN_POINT ( 'NONE',  ( 13.50000000000000000, 8.734092485736939082, -1.297607197594146777 ) ) ;
#8049 = VERTEX_POINT ( 'NONE', #5663 ) ;
#8050 = VERTEX_POINT ( 'NONE', #6265 ) ;
#8051 = CARTESIAN_POINT ( 'NONE',  ( 7.275000000000002132, 57.00000000000005684, -23.69999999999994245 ) ) ;
#8052 = CARTESIAN_POINT ( 'NONE',  ( 7.816157513667909562, 56.69473378622170401, -0.4458325920447146484 ) ) ;
#8053 = CARTESIAN_POINT ( 'NONE',  ( 14.09999999999999964, 67.00195731433238677, -48.70000000000000995 ) ) ;
#8054 = DIRECTION ( 'NONE',  ( -0.0000000000000000000, 0.0000000000000000000, -1.000000000000000000 ) ) ;
#8055 = CARTESIAN_POINT ( 'NONE',  ( 7.099759458226403197, 56.10234306572973395, -0.03977020646210344124 ) ) ;
#8056 = VERTEX_POINT ( 'NONE', #9321 ) ;
#8057 = DIRECTION ( 'NONE',  ( 0.0000000000000000000, 0.0000000000000000000, -1.000000000000000000 ) ) ;
#8058 = EDGE_CURVE ( 'NONE', #2264, #8551, #8579, .T. ) ;
#8059 = VECTOR ( 'NONE', #6557, 1000.000000000000114 ) ;
#8060 = CYLINDRICAL_SURFACE ( 'NONE', #4655, 4.000000000001405098 ) ;
#8061 = CARTESIAN_POINT ( 'NONE',  ( -1.290572844901085814, 56.19206832289513187, 0.2945886685900924173 ) ) ;
#8062 = DIRECTION ( 'NONE',  ( 0.0000000000000000000, -1.000000000000000000, 3.362642065588203259E-15 ) ) ;
#8063 = CARTESIAN_POINT ( 'NONE',  ( 8.379018258399952401, 41.48906902151180986, -1.297607197594146333 ) ) ;
#8064 = VERTEX_POINT ( 'NONE', #4858 ) ;
#8065 = DIRECTION ( 'NONE',  ( -0.0000000000000000000, 3.362642065588203259E-15, 1.000000000000000000 ) ) ;
#8066 = AXIS2_PLACEMENT_3D ( 'NONE', #8617, #420, #1938 ) ;
#8067 = DIRECTION ( 'NONE',  ( -0.0000000000000000000, 1.000000000000000000, -0.0000000000000000000 ) ) ;
#8068 = CARTESIAN_POINT ( 'NONE',  ( 8.703278151086941250, 54.90074262327541987, -0.5389759807138330139 ) ) ;
#8069 = EDGE_CURVE ( 'NONE', #923, #8716, #5566, .T. ) ;
#8070 = DIRECTION ( 'NONE',  ( 1.000000000000000000, 2.168404344971006896E-16, -0.0000000000000000000 ) ) ;
#8071 = DIRECTION ( 'NONE',  ( -1.000000000000000000, -0.0000000000000000000, -0.0000000000000000000 ) ) ;
#8072 = CARTESIAN_POINT ( 'NONE',  ( 10.73130290409685017, 56.34431289084270844, -0.8513888723903114686 ) ) ;
#8073 = VERTEX_POINT ( 'NONE', #4759 ) ;
#8074 = CARTESIAN_POINT ( 'NONE',  ( 8.197560955104613356, 55.27743392775913378, -0.4756582387617649954 ) ) ;
#8075 = DIRECTION ( 'NONE',  ( 1.000000000000000000, 0.0000000000000000000, -0.0000000000000000000 ) ) ;
#8076 = EDGE_CURVE ( 'NONE', #2062, #9807, #4447, .T. ) ;
#8077 = AXIS2_PLACEMENT_3D ( 'NONE', #5142, #5815, #3648 ) ;
#8078 = CARTESIAN_POINT ( 'NONE',  ( 1.108180413757873239, 56.69739380826381137, 0.2943615570823888694 ) ) ;
#8079 = CYLINDRICAL_SURFACE ( 'NONE', #2476, 0.5000000000000902611 ) ;
#8080 = ORIENTED_EDGE ( 'NONE', *, *, #3430, .T. ) ;
#8081 = CARTESIAN_POINT ( 'NONE',  ( 13.50000000000000000, 12.90000000000007141, -3.813237607889367720 ) ) ;
#8082 = ORIENTED_EDGE ( 'NONE', *, *, #7513, .F. ) ;
#8083 = CARTESIAN_POINT ( 'NONE',  ( 6.978216488606499013, 55.60701377784156563, -0.04290122203900831321 ) ) ;
#8084 = AXIS2_PLACEMENT_3D ( 'NONE', #498, #5820, #2768 ) ;
#8085 = ORIENTED_EDGE ( 'NONE', *, *, #9026, .F. ) ;
#8086 = AXIS2_PLACEMENT_3D ( 'NONE', #2126, #5171, #9845 ) ;
#8087 = CARTESIAN_POINT ( 'NONE',  ( 8.500000000000000000, 9.999999999990905053, -33.70200572722880850 ) ) ;
#8088 = EDGE_LOOP ( 'NONE', ( #1720, #8511, #1775, #8218 ) ) ;
#8089 = CARTESIAN_POINT ( 'NONE',  ( 14.09999999999999964, 21.94655343246332890, -46.22435601955755402 ) ) ;
#8090 = ORIENTED_EDGE ( 'NONE', *, *, #86, .T. ) ;
#8091 = EDGE_CURVE ( 'NONE', #4210, #3676, #1129, .T. ) ;
#8092 = FACE_OUTER_BOUND ( 'NONE', #7868, .T. ) ;
#8093 = CARTESIAN_POINT ( 'NONE',  ( 8.135300149356051946, 56.67164144320774710, -0.5344844159557691210 ) ) ;
#8094 = DIRECTION ( 'NONE',  ( 0.0000000000000000000, 0.0000000000000000000, -1.000000000000000000 ) ) ;
#8095 = CARTESIAN_POINT ( 'NONE',  ( 7.917179901905550210, 56.69768321019456891, -0.1417108470175432733 ) ) ;
#8096 = VECTOR ( 'NONE', #9910, 1000.000000000000000 ) ;
#8097 = AXIS2_PLACEMENT_3D ( 'NONE', #5476, #1131, #7893 ) ;
#8098 = CARTESIAN_POINT ( 'NONE',  ( 1.468565194749737124, 56.21297307078088323, -0.01521015949259208605 ) ) ;
#8099 = EDGE_LOOP ( 'NONE', ( #6374, #6821, #5555, #5225 ) ) ;
#8100 = B_SPLINE_CURVE_WITH_KNOTS ( 'NONE', 3,
 ( #6279, #5579, #8642, #2049, #5724, #5769, #4967, #1220, #8788, #9670 ),
 .UNSPECIFIED., .F., .F.,
 ( 4, 2, 2, 2, 4 ),
 ( 7.758064238697498005E-18, 0.0003143506577263915501, 0.0006287013154527754024, 0.0009430519731791592005, 0.001257402630905542999 ),
 .UNSPECIFIED. ) ;
#8101 = CARTESIAN_POINT ( 'NONE',  ( 7.458397574781575834, 56.57428814450744170, -0.4458325920447150925 ) ) ;
#8102 = VECTOR ( 'NONE', #1109, 1000.000000000000000 ) ;
#8103 = CARTESIAN_POINT ( 'NONE',  ( 7.275000000000002132, 62.00000000000004263, -27.19999999999996021 ) ) ;
#8104 = DIRECTION ( 'NONE',  ( 0.0000000000000000000, 1.000000000000000000, -3.362642065588203259E-15 ) ) ;
#8105 = DIRECTION ( 'NONE',  ( 0.0000000000000000000, -8.652902722719878956E-16, 1.000000000000000000 ) ) ;
#8106 = DIRECTION ( 'NONE',  ( -0.0000000000000000000, 0.0000000000000000000, -1.000000000000000000 ) ) ;
#8107 = DIRECTION ( 'NONE',  ( -1.000000000000000000, -0.0000000000000000000, -0.0000000000000000000 ) ) ;
#8108 = FACE_OUTER_BOUND ( 'NONE', #7730, .T. ) ;
#8109 = PLANE ( 'NONE',  #4784 ) ;
#8110 = EDGE_CURVE ( 'NONE', #5964, #3680, #3507, .T. ) ;
#8111 = ORIENTED_EDGE ( 'NONE', *, *, #3007, .T. ) ;
#8112 = VECTOR ( 'NONE', #9341, 1000.000000000000000 ) ;
#8113 = CARTESIAN_POINT ( 'NONE',  ( -0.8450419251047733837, 54.40648084112157790, 0.2989210827142310123 ) ) ;
#8114 = CARTESIAN_POINT ( 'NONE',  ( 4.333781329145699246, 36.09533680887011542, -1.297607197594146333 ) ) ;
#8115 = CARTESIAN_POINT ( 'NONE',  ( 5.676980392586472135, 56.07402217056502280, -0.2277271485982973465 ) ) ;
#8116 = AXIS2_PLACEMENT_3D ( 'NONE', #158, #1620, #6236 ) ;
#8117 = ADVANCED_FACE ( 'NONE', ( #5619 ), #1810, .T. ) ;
#8118 = VERTEX_POINT ( 'NONE', #2655 ) ;
#8119 = ORIENTED_EDGE ( 'NONE', *, *, #3100, .T. ) ;
#8120 = CARTESIAN_POINT ( 'NONE',  ( -13.50000000000000000, 54.09999999999998721, -1.297607197594146777 ) ) ;
#8121 = AXIS2_PLACEMENT_3D ( 'NONE', #1903, #8071, #7272 ) ;
#8122 = CARTESIAN_POINT ( 'NONE',  ( -2.791227291791869014, 53.87253265680915604, 0.7023928024058537778 ) ) ;
#8123 = VERTEX_POINT ( 'NONE', #5715 ) ;
#8124 = DIRECTION ( 'NONE',  ( 0.0000000000000000000, -0.0000000000000000000, -1.000000000000000000 ) ) ;
#8125 = EDGE_LOOP ( 'NONE', ( #7042, #4233, #9755, #7614 ) ) ;
#8126 = EDGE_CURVE ( 'NONE', #1206, #1940, #2278, .T. ) ;
#8127 = DIRECTION ( 'NONE',  ( -0.0000000000000000000, 1.000000000000000000, -3.362642065588203259E-15 ) ) ;
#8128 = AXIS2_PLACEMENT_3D ( 'NONE', #1764, #4810, #7877 ) ;
#8129 = EDGE_CURVE ( 'NONE', #8390, #1439, #9619, .T. ) ;
#8130 = FACE_OUTER_BOUND ( 'NONE', #9221, .T. ) ;
#8131 = ADVANCED_FACE ( 'NONE', ( #1162 ), #1758, .T. ) ;
#8132 = CARTESIAN_POINT ( 'NONE',  ( 7.332888296944608975, 54.56053782362879900, -0.07239559482833247961 ) ) ;
#8133 = CYLINDRICAL_SURFACE ( 'NONE', #4257, 5.000000000000004441 ) ;
#8134 = DIRECTION ( 'NONE',  ( 0.0000000000000000000, 1.000000000000000000, 0.0000000000000000000 ) ) ;
#8135 = CARTESIAN_POINT ( 'NONE',  ( 8.671456761563026916, 54.50973991161114895, -0.5324742009973579826 ) ) ;
#8136 = CYLINDRICAL_SURFACE ( 'NONE', #8720, 1.000000000000000000 ) ;
#8137 = B_SPLINE_CURVE_WITH_KNOTS ( 'NONE', 3,
 ( #6711, #3544, #2938, #5090, #6616, #8164, #9756, #9663, #4391, #4436 ),
 .UNSPECIFIED., .F., .F.,
 ( 4, 2, 2, 2, 4 ),
 ( 0.0000000000000000000, 0.0001192847586345689476, 0.0002385695172691378952, 0.0004771390345382757903, 0.0009542780690765513638 ),
 .UNSPECIFIED. ) ;
#8138 = DIRECTION ( 'NONE',  ( 0.0000000000000000000, 0.0000000000000000000, -1.000000000000000000 ) ) ;
#8139 = EDGE_CURVE ( 'NONE', #1763, #8322, #6404, .T. ) ;
#8140 = ORIENTED_EDGE ( 'NONE', *, *, #5094, .F. ) ;
#8141 = CIRCLE ( 'NONE', #3799, 71.17421554853964949 ) ;
#8142 = CARTESIAN_POINT ( 'NONE',  ( 10.93610680735009666, 55.26586612284178557, -0.8488201728683405500 ) ) ;
#8143 = LINE ( 'NONE', #5151, #6373 ) ;
#8144 = ORIENTED_EDGE ( 'NONE', *, *, #4473, .T. ) ;
#8145 = DIRECTION ( 'NONE',  ( -1.000000000000000000, -0.0000000000000000000, -0.0000000000000000000 ) ) ;
#8146 = DIRECTION ( 'NONE',  ( 0.0000000000000000000, 0.0000000000000000000, 1.000000000000000000 ) ) ;
#8147 = CARTESIAN_POINT ( 'NONE',  ( -1.268294571607542887, 54.39828683631538553, -0.01134897866054038022 ) ) ;
#8148 = ORIENTED_EDGE ( 'NONE', *, *, #6360, .F. ) ;
#8149 = VECTOR ( 'NONE', #9374, 999.9999999999998863 ) ;
#8150 = CARTESIAN_POINT ( 'NONE',  ( 2.648437500000004885, 62.00000000000005684, -23.07266194338358645 ) ) ;
#8151 = CARTESIAN_POINT ( 'NONE',  ( -12.88097242285192934, 6.898449573419350500, -1.180260300921043282 ) ) ;
#8152 = PLANE ( 'NONE',  #9889 ) ;
#8153 = ORIENTED_EDGE ( 'NONE', *, *, #33, .T. ) ;
#8154 = AXIS2_PLACEMENT_3D ( 'NONE', #2297, #5363, #8434 ) ;
#8155 = CARTESIAN_POINT ( 'NONE',  ( 0.0000000000000000000, 53.87253265680915604, -70.87421554853963812 ) ) ;
#8156 = PLANE ( 'NONE',  #1217 ) ;
#8157 = LINE ( 'NONE', #3445, #5515 ) ;
#8158 = EDGE_CURVE ( 'NONE', #8361, #1453, #2711, .T. ) ;
#8159 = CARTESIAN_POINT ( 'NONE',  ( 10.77434959112594726, 56.25725807310836757, -0.5202310680442788771 ) ) ;
#8160 = EDGE_LOOP ( 'NONE', ( #1344, #2047, #212, #753 ) ) ;
#8161 = CARTESIAN_POINT ( 'NONE',  ( 7.617182994144059194, 55.65172773086269586, -0.4104939627885162423 ) ) ;
#8162 = CARTESIAN_POINT ( 'NONE',  ( 10.91383239679384687, 55.71851224079729548, -0.4181348863512484582 ) ) ;
#8163 = ORIENTED_EDGE ( 'NONE', *, *, #394, .F. ) ;
#8164 = CARTESIAN_POINT ( 'NONE',  ( -1.108016029829777871, 54.67304155286529976, -0.008653987920237029077 ) ) ;
#8165 = CARTESIAN_POINT ( 'NONE',  ( 13.50000000000000000, 54.09999999999998010, -2.797607197594146555 ) ) ;
#8166 = CARTESIAN_POINT ( 'NONE',  ( 0.0000000000000000000, 54.19851156681517068, -70.87421554853963812 ) ) ;
#8167 = DIRECTION ( 'NONE',  ( 0.0000000000000000000, 0.0000000000000000000, 1.000000000000000000 ) ) ;
#8168 = EDGE_CURVE ( 'NONE', #2083, #9721, #9815, .T. ) ;
#8169 = ORIENTED_EDGE ( 'NONE', *, *, #2620, .F. ) ;
#8170 = ORIENTED_EDGE ( 'NONE', *, *, #4473, .F. ) ;
#8171 = CARTESIAN_POINT ( 'NONE',  ( 7.389618258908241977, 55.98670822864018248, -0.07255918057899224394 ) ) ;
#8172 = CARTESIAN_POINT ( 'NONE',  ( 7.332888296944608975, 54.56053782362879900, -0.4388580514320236658 ) ) ;
#8173 = EDGE_LOOP ( 'NONE', ( #3531, #4163, #1495, #884 ) ) ;
#8174 = CARTESIAN_POINT ( 'NONE',  ( 8.157331553620370101, 53.88310213580153629, -0.5390089958205916965 ) ) ;
#8175 = LINE ( 'NONE', #4352, #7428 ) ;
#8176 = CARTESIAN_POINT ( 'NONE',  ( 10.10304959289029547, 53.83631277791960201, -0.6347618793707752172 ) ) ;
#8177 = EDGE_CURVE ( 'NONE', #1912, #5871, #3659, .T. ) ;
#8178 = CARTESIAN_POINT ( 'NONE',  ( -1.463542356246559262, 56.31341293260068426, 0.2849511323698196152 ) ) ;
#8179 = VECTOR ( 'NONE', #5274, 1000.000000000000000 ) ;
#8180 = CARTESIAN_POINT ( 'NONE',  ( 6.649999999999999467, 7.749999999999999112, -20.69999994376783903 ) ) ;
#8181 = ORIENTED_EDGE ( 'NONE', *, *, #9426, .F. ) ;
#8182 = CARTESIAN_POINT ( 'NONE',  ( 7.929630485273838403, 55.71974648017654630, -0.1431055663189427229 ) ) ;
#8183 = CARTESIAN_POINT ( 'NONE',  ( -1.668816042964919921, 54.20966322918600611, -0.02704955251262377777 ) ) ;
#8184 = ORIENTED_EDGE ( 'NONE', *, *, #9788, .T. ) ;
#8185 = CARTESIAN_POINT ( 'NONE',  ( 14.09999999999999964, 12.48128306799198484, 0.0000000000000000000 ) ) ;
#8186 = DIRECTION ( 'NONE',  ( 1.000000000000000000, 0.0000000000000000000, 0.0000000000000000000 ) ) ;
#8187 = CARTESIAN_POINT ( 'NONE',  ( 14.09999999999999964, 56.46999999999999886, -4.118128122774996847 ) ) ;
#8188 = EDGE_CURVE ( 'NONE', #1151, #3222, #2210, .T. ) ;
#8189 = LINE ( 'NONE', #8150, #3234 ) ;
#8190 = CLOSED_SHELL ( 'NONE', ( #2691, #9217, #2146, #9377, #5537, #7887, #1442, #5429, #5460, #4085, #3408, #7442, #5622, #570, #9425, #7046, #8198, #1768, #6611, #205, #3709, #9892, #9099, #1572, #4855, #6763, #3172, #5744, #5295, #7766, #2973, #6027, #7805, #6112, #607, #6841, #7064, #5343, #5057, #3479, #5718, #4994, #8671, #5971, #7639, #8814, #7452, #503, #1798, #4675, #7147, #4695, #5791, #7288, #3746, #3795, #3730, #3045, #6814, #7831, #5945, #4035, #6367, #973, #2366, #1034, #4905, #4866, #775, #7174, #1138, #3289, #8905, #2290, #4932, #4684, #7728, #5441, #977, #6163, #5895, #824, #1707, #1527, #8317, #8560, #24, #512, #1400, #6655, #2834, #911, #8859, #3460, #2678, #6251, #6443, #833, #2267, #886, #6960, #8634, #1324, #2414, #4631, #2352, #4559, #9471, #5285, #8625, #6065, #5283, #1045, #4251, #1899, #960, #4879, #2462, #2955, #7302, #9484, #3905, #2630, #9154, #8316, #4629, #9365, #1388, #492, #2473, #2883, #9818, #341, #9837, #8377, #2181, #1945, #1323, #2941, #1767, #788, #2221, #1549, #1069, #6724, #1187, #641, #6752, #7204, #5612, #8975, #7441, #8008, #3357, #4441, #9296, #7320, #9779, #4324, #4912, #398, #6462, #5042, #340, #3476, #7844, #7133, #1235, #2740, #1645, #4325, #8303, #4488, #3245, #3526, #1499, #5294, #5083, #3573, #2234, #7673, #4560, #4027, #7257, #9526, #8246, #9482, #2554, #2050, #5043, #1262, #3891, #6890, #7872, #560, #1018, #5020, #2908, #6210, #5488, #8131, #5638, #8850, #683, #4798, #6273, #1309, #1276, #975, #5688, #7652, #8858, #516, #8649, #9247, #6393, #9038, #7357, #5169, #7312, #8494, #6552, #1157, #627, #1561, #5372, #5746, #4176, #381, #1708, #9591, #8693, #4186, #8915, #3275, #1547, #1888, #7707, #8257, #6089, #6100, #6135, #2700, #2706, #5305, #191, #4083, #8009, #5661, #8117, #1679, #192 ) ) ;
#8191 = CARTESIAN_POINT ( 'NONE',  ( 13.59999999999999964, 0.0000000000000000000, 0.0000000000000000000 ) ) ;
#8192 = CARTESIAN_POINT ( 'NONE',  ( -4.724999999999997868, 52.00000000000004263, -27.19999999999992468 ) ) ;
#8193 = EDGE_LOOP ( 'NONE', ( #9881, #9386, #8392, #2754 ) ) ;
#8194 = DIRECTION ( 'NONE',  ( -1.000000000000000000, -0.0000000000000000000, -0.0000000000000000000 ) ) ;
#8195 = LINE ( 'NONE', #4379, #553 ) ;
#8196 = CARTESIAN_POINT ( 'NONE',  ( -13.50000000000000000, 54.09999999999998010, -2.797607197594146555 ) ) ;
#8197 = FACE_OUTER_BOUND ( 'NONE', #1555, .T. ) ;
#8198 = ADVANCED_FACE ( 'NONE', ( #6010 ), #1313, .T. ) ;
#8199 = CARTESIAN_POINT ( 'NONE',  ( 10.93610680735009666, 55.26586612284178557, -0.5451992974344902487 ) ) ;
#8200 = CARTESIAN_POINT ( 'NONE',  ( 7.536119116783496885, 55.30399787834487313, -0.4373989088692314953 ) ) ;
#8201 = CARTESIAN_POINT ( 'NONE',  ( 10.55107121742811849, 56.55800682806115276, -0.8513888723903114686 ) ) ;
#8202 = ORIENTED_EDGE ( 'NONE', *, *, #4472, .F. ) ;
#8203 = VERTEX_POINT ( 'NONE', #5200 ) ;
#8204 = CARTESIAN_POINT ( 'NONE',  ( 5.277548484537716078, 55.78104838390538589, 0.1244914657889747839 ) ) ;
#8205 = B_SPLINE_CURVE_WITH_KNOTS ( 'NONE', 3,
 ( #7664, #6924, #8422, #7552, #32, #3683, #3053, #4540, #6760, #9109 ),
 .UNSPECIFIED., .F., .F.,
 ( 4, 2, 2, 2, 4 ),
 ( 0.0000000000000000000, 0.0003132106989865541483, 0.0006264213979731082967, 0.0009396320969596624450, 0.001252842795946216593 ),
 .UNSPECIFIED. ) ;
#8206 = CARTESIAN_POINT ( 'NONE',  ( 8.560953446417240542, 56.34336644344067224, -0.2167286272676875736 ) ) ;
#8207 = CARTESIAN_POINT ( 'NONE',  ( 1.268385620082350229, 53.88329985583561665, 0.2942797456913119336 ) ) ;
#8208 = AXIS2_PLACEMENT_3D ( 'NONE', #6904, #17, #9089 ) ;
#8209 = ORIENTED_EDGE ( 'NONE', *, *, #6776, .T. ) ;
#8210 = CARTESIAN_POINT ( 'NONE',  ( 14.09999999999999964, 57.50000000000000000, -38.69804268566760896 ) ) ;
#8211 = CARTESIAN_POINT ( 'NONE',  ( -13.49999999999998579, 12.60844834401830106, -1.297607197594144335 ) ) ;
#8212 = ORIENTED_EDGE ( 'NONE', *, *, #2039, .T. ) ;
#8213 = FACE_OUTER_BOUND ( 'NONE', #9337, .T. ) ;
#8214 = VERTEX_POINT ( 'NONE', #9070 ) ;
#8215 = CARTESIAN_POINT ( 'NONE',  ( 10.48099994615328967, 53.92483561069447973, -0.4759096523156987613 ) ) ;
#8216 = EDGE_CURVE ( 'NONE', #7195, #4668, #486, .T. ) ;
#8217 = CARTESIAN_POINT ( 'NONE',  ( 7.855492920671773405, 54.16229168792560955, -0.07239559482833268778 ) ) ;
#8218 = ORIENTED_EDGE ( 'NONE', *, *, #8033, .F. ) ;
#8219 = CARTESIAN_POINT ( 'NONE',  ( 8.304839391502360613, 53.95730136088715057, -0.1352089772695209968 ) ) ;
#8220 = CARTESIAN_POINT ( 'NONE',  ( 7.992696249149380705, 56.69624228264885346, -0.5344844159557691210 ) ) ;
#8221 = CARTESIAN_POINT ( 'NONE',  ( 8.520589280936112786, 56.40034906946975468, -0.1393682611193155785 ) ) ;
#8222 = CARTESIAN_POINT ( 'NONE',  ( -1.897049031705940081, 56.37170430018856138, 0.7023928024058537778 ) ) ;
#8223 = CIRCLE ( 'NONE', #4373, 5.000000000000007994 ) ;
#8224 = CARTESIAN_POINT ( 'NONE',  ( 7.275000000000002132, 62.00000000000004263, -27.19999999999996021 ) ) ;
#8225 = LINE ( 'NONE', #1050, #7185 ) ;
#8226 = ORIENTED_EDGE ( 'NONE', *, *, #8548, .T. ) ;
#8227 = CARTESIAN_POINT ( 'NONE',  ( 10.74170084681984960, 56.32911489817898598, -0.8187224291358782269 ) ) ;
#8228 = CARTESIAN_POINT ( 'NONE',  ( -1.497475173010671234, 54.24832142587131045, 0.2905820563629011866 ) ) ;
#8229 = EDGE_CURVE ( 'NONE', #5314, #80, #4312, .T. ) ;
#8230 = CARTESIAN_POINT ( 'NONE',  ( 10.77781565394736418, 54.27758402749677913, -0.8242765511156013858 ) ) ;
#8231 = ORIENTED_EDGE ( 'NONE', *, *, #1835, .F. ) ;
#8232 = AXIS2_PLACEMENT_3D ( 'NONE', #9895, #9252, #1580 ) ;
#8233 = FACE_BOUND ( 'NONE', #4205, .T. ) ;
#8234 = CIRCLE ( 'NONE', #5028, 70.87421554853963812 ) ;
#8235 = LINE ( 'NONE', #6640, #5828 ) ;
#8236 = ORIENTED_EDGE ( 'NONE', *, *, #353, .T. ) ;
#8237 = CARTESIAN_POINT ( 'NONE',  ( 10.17076773520989974, 53.83743702435145195, -0.8513888723903016986 ) ) ;
#8238 = CARTESIAN_POINT ( 'NONE',  ( 9.502368769254744052, 54.14091305075110228, -0.6447058877098518215 ) ) ;
#8239 = VECTOR ( 'NONE', #8285, 1000.000000000000000 ) ;
#8240 = AXIS2_PLACEMENT_3D ( 'NONE', #620, #2879, #7447 ) ;
#8241 = EDGE_CURVE ( 'NONE', #7974, #7751, #9679, .T. ) ;
#8242 = CARTESIAN_POINT ( 'NONE',  ( 8.500000000000000000, 13.99999999999999467, -33.70200572722880850 ) ) ;
#8243 = FACE_OUTER_BOUND ( 'NONE', #3336, .T. ) ;
#8244 = CYLINDRICAL_SURFACE ( 'NONE', #2549, 1.249999999999968248 ) ;
#8245 = EDGE_CURVE ( 'NONE', #8761, #3570, #2058, .T. ) ;
#8246 = ADVANCED_FACE ( 'NONE', ( #545 ), #6678, .T. ) ;
#8247 = ORIENTED_EDGE ( 'NONE', *, *, #5689, .T. ) ;
#8248 = CARTESIAN_POINT ( 'NONE',  ( -0.6913601305471774872, 54.86108203447777498, 0.2989210827142312343 ) ) ;
#8249 = CARTESIAN_POINT ( 'NONE',  ( 13.50000000000000000, 55.19999999999971863, -5.754411018422721291 ) ) ;
#8250 = CARTESIAN_POINT ( 'NONE',  ( 14.09999999999999964, 11.80000000000000071, -5.458128122775026014 ) ) ;
#8251 = DIRECTION ( 'NONE',  ( 0.0000000000000000000, 0.0000000000000000000, 1.000000000000000000 ) ) ;
#8252 = AXIS2_PLACEMENT_3D ( 'NONE', #7793, #3706, #2675 ) ;
#8253 = VERTEX_POINT ( 'NONE', #3014 ) ;
#8254 = DIRECTION ( 'NONE',  ( 0.0000000000000000000, 0.0000000000000000000, 1.000000000000000000 ) ) ;
#8255 = DIRECTION ( 'NONE',  ( 0.0000000000000000000, 1.000000000000000000, 0.0000000000000000000 ) ) ;
#8256 = AXIS2_PLACEMENT_3D ( 'NONE', #6740, #6548, #5155 ) ;
#8257 = ADVANCED_FACE ( 'NONE', ( #7725 ), #2788, .T. ) ;
#8258 = ORIENTED_EDGE ( 'NONE', *, *, #9722, .T. ) ;
#8259 = ORIENTED_EDGE ( 'NONE', *, *, #7418, .F. ) ;
#8260 = CARTESIAN_POINT ( 'NONE',  ( -4.724999999999997868, 52.00000000000004263, -27.19999999999992468 ) ) ;
#8261 = CARTESIAN_POINT ( 'NONE',  ( 1.535658228804064773, 55.35098123976826656, -0.03042540325696768688 ) ) ;
#8262 = LINE ( 'NONE', #631, #7295 ) ;
#8263 = VECTOR ( 'NONE', #8936, 1000.000000000000000 ) ;
#8264 = VERTEX_POINT ( 'NONE', #9226 ) ;
#8265 = CARTESIAN_POINT ( 'NONE',  ( -13.50000000000000000, 51.98648271382908348, -2.797128122774994452 ) ) ;
#8266 = CARTESIAN_POINT ( 'NONE',  ( 5.157345994877252870, 56.06082419216391344, 0.1245479781011751691 ) ) ;
#8267 = ORIENTED_EDGE ( 'NONE', *, *, #8811, .F. ) ;
#8268 = CARTESIAN_POINT ( 'NONE',  ( 1.434006326372953222, 55.10264177664403462, -0.02106636364446494089 ) ) ;
#8269 = EDGE_LOOP ( 'NONE', ( #2962, #3740, #9850, #7507, #7327, #8978, #4579, #8690, #3666, #1551, #4512, #1267, #6057, #8148, #7784, #1773, #1522, #6331, #7512, #3503, #6921, #3037, #8833, #6006, #4154, #9585, #6982, #9893, #4719, #7076, #2340, #4486, #1216, #9313, #8376, #6120, #3189, #7485, #9091, #2804, #6442, #6380, #3541, #7815, #2238, #7615, #6069, #8672, #8345, #7855, #4899, #6087, #6271, #1065, #812, #7388, #378, #9754, #4, #3862, #1802 ) ) ;
#8270 = LINE ( 'NONE', #6768, #8555 ) ;
#8271 = VECTOR ( 'NONE', #9064, 1000.000000000000000 ) ;
#8272 = ORIENTED_EDGE ( 'NONE', *, *, #618, .F. ) ;
#8273 = CARTESIAN_POINT ( 'NONE',  ( 14.09999999999999964, 12.48128306799198484, 0.0000000000000000000 ) ) ;
#8274 = ORIENTED_EDGE ( 'NONE', *, *, #1824, .T. ) ;
#8275 = DIRECTION ( 'NONE',  ( -0.0000000000000000000, 0.0000000000000000000, 1.000000000000000000 ) ) ;
#8276 = CARTESIAN_POINT ( 'NONE',  ( 7.998522659020512293, 53.84158729487337780, -0.1508390329633637339 ) ) ;
#8277 = DIRECTION ( 'NONE',  ( 0.0000000000000000000, 0.0000000000000000000, 1.000000000000000000 ) ) ;
#8278 = DIRECTION ( 'NONE',  ( 0.0000000000000000000, -0.0000000000000000000, -1.000000000000000000 ) ) ;
#8279 = VECTOR ( 'NONE', #6837, 1000.000000000000000 ) ;
#8280 = CARTESIAN_POINT ( 'NONE',  ( 8.330452204466027410, 55.09080140484378774, -0.1891892769270658026 ) ) ;
#8281 = EDGE_CURVE ( 'NONE', #9255, #7575, #304, .T. ) ;
#8282 = CARTESIAN_POINT ( 'NONE',  ( 0.9969088787202258217, 56.37131317850997192, 0.2930561461702737569 ) ) ;
#8283 = VERTEX_POINT ( 'NONE', #3959 ) ;
#8284 = CARTESIAN_POINT ( 'NONE',  ( 5.258439098633021835, 55.76974828440143739, 0.1055073011322974069 ) ) ;
#8285 = DIRECTION ( 'NONE',  ( 0.0000000000000000000, -1.000000000000000000, 3.362642065588203259E-15 ) ) ;
#8286 = CARTESIAN_POINT ( 'NONE',  ( 1.879310261236855739, 56.15934275977351575, -0.02745724643013827682 ) ) ;
#8287 = VERTEX_POINT ( 'NONE', #5466 ) ;
#8288 = FACE_BOUND ( 'NONE', #2173, .T. ) ;
#8289 = CARTESIAN_POINT ( 'NONE',  ( 7.579696923079598747, 53.88363427163752561, -0.4064348526014521235 ) ) ;
#8290 = ORIENTED_EDGE ( 'NONE', *, *, #6286, .F. ) ;
#8291 = DIRECTION ( 'NONE',  ( 1.000000000000000000, 0.0000000000000000000, 0.0000000000000000000 ) ) ;
#8292 = EDGE_CURVE ( 'NONE', #9366, #1403, #1278, .T. ) ;
#8293 = DIRECTION ( 'NONE',  ( 0.0000000000000000000, 0.7071067811865462405, -0.7071067811865489050 ) ) ;
#8294 = CARTESIAN_POINT ( 'NONE',  ( 14.09999999999999964, 54.63128306799008982, -46.51521209058223860 ) ) ;
#8295 = CARTESIAN_POINT ( 'NONE',  ( 10.12063010489472248, 54.16299079636868186, -0.4184356817180829857 ) ) ;
#8296 = ORIENTED_EDGE ( 'NONE', *, *, #7173, .F. ) ;
#8297 = B_SPLINE_SURFACE_WITH_KNOTS ( 'NONE', 3, 1, ( 
 ( #53, #5270 ),
 ( #7000, #7736 ),
 ( #708, #9291 ),
 ( #6074, #4514 ),
 ( #7582, #3179 ),
 ( #2362, #5319 ),
 ( #8, #8394 ),
 ( #2312, #1521 ),
 ( #760, #3073 ),
 ( #8445, #2415 ),
 ( #1670, #1568 ) ),
 .UNSPECIFIED., .F., .F., .F.,
 ( 4, 1, 1, 1, 1, 1, 1, 1, 4 ),
 ( 2, 2 ),
 ( 0.0000000000000000000, 0.1258942144101881655, 0.2467983222577041225, 0.3660667163563446347, 0.4852124851619413204, 0.6074467773728241538, 0.7313734879165194602, 0.8623537131087134489, 1.000000000000000000 ),
 ( 0.0000000000000000000, 1.000000000000000000 ),
 .UNSPECIFIED. ) ;
#8298 = CARTESIAN_POINT ( 'NONE',  ( -1.820629305385273566, 53.87300194758108063, -0.02630137221458202224 ) ) ;
#8299 = DIRECTION ( 'NONE',  ( -0.0000000000000000000, -1.000000000000000000, -0.0000000000000000000 ) ) ;
#8300 = DIRECTION ( 'NONE',  ( -0.0000000000000000000, -1.000000000000000000, 5.791444759739054499E-16 ) ) ;
#8301 = AXIS2_PLACEMENT_3D ( 'NONE', #2263, #5328, #6852 ) ;
#8302 = PLANE ( 'NONE',  #5713 ) ;
#8303 = ADVANCED_FACE ( 'NONE', ( #7780 ), #3216, .T. ) ;
#8304 = EDGE_CURVE ( 'NONE', #8551, #4885, #3118, .T. ) ;
#8305 = EDGE_LOOP ( 'NONE', ( #8119, #4253, #4435, #9432 ) ) ;
#8306 = EDGE_LOOP ( 'NONE', ( #3992, #4909, #5320, #9289 ) ) ;
#8307 = CARTESIAN_POINT ( 'NONE',  ( 9.597108635494738138, 55.10865347473747988, -0.7260292448453817826 ) ) ;
#8308 = VECTOR ( 'NONE', #6766, 1000.000000000000000 ) ;
#8309 = CARTESIAN_POINT ( 'NONE',  ( 9.522965595049740273, 54.10852780519892491, -0.3399537658748791880 ) ) ;
#8310 = ORIENTED_EDGE ( 'NONE', *, *, #1443, .T. ) ;
#8311 = DIRECTION ( 'NONE',  ( 0.0000000000000000000, 1.000000000000000000, -3.362642065588203259E-15 ) ) ;
#8312 = CARTESIAN_POINT ( 'NONE',  ( -14.09999999999999964, 18.58128306799196139, -44.19521439519115802 ) ) ;
#8313 = DIRECTION ( 'NONE',  ( 0.0000000000000000000, 0.0000000000000000000, -1.000000000000000000 ) ) ;
#8314 = CARTESIAN_POINT ( 'NONE',  ( -14.09999999999999964, 0.0000000000000000000, -44.19521439519115802 ) ) ;
#8315 = VECTOR ( 'NONE', #1015, 1000.000000000000000 ) ;
#8316 = ADVANCED_FACE ( 'NONE', ( #6170 ), #9536, .F. ) ;
#8317 = ADVANCED_FACE ( 'NONE', ( #4010 ), #4110, .F. ) ;
#8318 = CARTESIAN_POINT ( 'NONE',  ( 13.06446609406726189, 4.362242239695844947E-14, -50.70000000000000995 ) ) ;
#8319 = EDGE_LOOP ( 'NONE', ( #3442, #2431, #1306, #7732, #5582, #9901, #9022, #5178 ) ) ;
#8320 = DIRECTION ( 'NONE',  ( 0.0000000000000000000, 0.0000000000000000000, 1.000000000000000000 ) ) ;
#8321 = CARTESIAN_POINT ( 'NONE',  ( -1.017836498876673712, 55.40360000657147310, -0.007309023728989380575 ) ) ;
#8322 = VERTEX_POINT ( 'NONE', #9383 ) ;
#8323 = DIRECTION ( 'NONE',  ( 0.0000000000000000000, -0.0000000000000000000, -1.000000000000000000 ) ) ;
#8324 = ORIENTED_EDGE ( 'NONE', *, *, #2103, .F. ) ;
#8325 = VERTEX_POINT ( 'NONE', #8735 ) ;
#8326 = LINE ( 'NONE', #7723, #2977 ) ;
#8327 = LINE ( 'NONE', #1458, #8722 ) ;
#8328 = CARTESIAN_POINT ( 'NONE',  ( 8.344515514365868469, 55.04155305884374627, -0.4992202662322277606 ) ) ;
#8329 = CARTESIAN_POINT ( 'NONE',  ( -4.724999999999997868, 52.00000000000002842, -32.69999999999992468 ) ) ;
#8330 = EDGE_CURVE ( 'NONE', #787, #9790, #9436, .T. ) ;
#8331 = CARTESIAN_POINT ( 'NONE',  ( -1.897049031705934530, 56.37170430018856138, 0.2747139157979611168 ) ) ;
#8332 = CARTESIAN_POINT ( 'NONE',  ( 10.44001630678188342, 54.33671423710669046, -0.4698366549457425601 ) ) ;
#8333 = ORIENTED_EDGE ( 'NONE', *, *, #2789, .T. ) ;
#8334 = LINE ( 'NONE', #4663, #8923 ) ;
#8335 = DIRECTION ( 'NONE',  ( -1.000000000000000000, 0.0000000000000000000, 0.0000000000000000000 ) ) ;
#8336 = ORIENTED_EDGE ( 'NONE', *, *, #6090, .T. ) ;
#8337 = CARTESIAN_POINT ( 'NONE',  ( 9.702404405585987490, 53.94150185896640437, -0.7260886155308462486 ) ) ;
#8338 = CARTESIAN_POINT ( 'NONE',  ( 5.630251284299340853, 56.02895769480064558, 0.07697490670306748883 ) ) ;
#8339 = CARTESIAN_POINT ( 'NONE',  ( -12.10000000000000142, 57.14644660940672338, -39.05159607626086427 ) ) ;
#8340 = CARTESIAN_POINT ( 'NONE',  ( 1.469368422050356893, 56.63192492075263829, -0.02745724643013849192 ) ) ;
#8341 = ORIENTED_EDGE ( 'NONE', *, *, #7588, .T. ) ;
#8342 = EDGE_CURVE ( 'NONE', #317, #688, #5437, .T. ) ;
#8343 = CARTESIAN_POINT ( 'NONE',  ( -13.50000000000000000, 13.99999999999999822, -5.754411018423092550 ) ) ;
#8344 = CARTESIAN_POINT ( 'NONE',  ( 10.15462304518407066, 56.36988479940307428, -0.8009584369727303921 ) ) ;
#8345 = ORIENTED_EDGE ( 'NONE', *, *, #4616, .T. ) ;
#8346 = CARTESIAN_POINT ( 'NONE',  ( -4.724999999999997868, 62.00000000000007105, -19.94999999999996021 ) ) ;
#8347 = CARTESIAN_POINT ( 'NONE',  ( 7.302658727512314485, 55.69010418305867915, -0.07561387910787258082 ) ) ;
#8348 = CARTESIAN_POINT ( 'NONE',  ( 9.269992378430492508, 55.26586612284178557, -0.6088494644957999080 ) ) ;
#8349 = ORIENTED_EDGE ( 'NONE', *, *, #8139, .T. ) ;
#8350 = FACE_OUTER_BOUND ( 'NONE', #7193, .T. ) ;
#8351 = CIRCLE ( 'NONE', #9475, 3.499999999999999556 ) ;
#8352 = EDGE_CURVE ( 'NONE', #3840, #279, #7236, .T. ) ;
#8353 = EDGE_CURVE ( 'NONE', #9652, #1668, #7093, .T. ) ;
#8354 = CARTESIAN_POINT ( 'NONE',  ( -1.696289608327625986, 56.69228397065861458, 0.2872785925169822341 ) ) ;
#8355 = CARTESIAN_POINT ( 'NONE',  ( 9.869102622449005935, 56.30338284525902282, -0.3875451499111841613 ) ) ;
#8356 = VERTEX_POINT ( 'NONE', #8029 ) ;
#8357 = CARTESIAN_POINT ( 'NONE',  ( 2.685218396309094313, 56.69768321019457602, 0.7023928024058537778 ) ) ;
#8358 = B_SPLINE_CURVE_WITH_KNOTS ( 'NONE', 3,
 ( #7823, #3894, #9375, #903, #1643, #7874, #81, #1809, #7181, #285 ),
 .UNSPECIFIED., .F., .F.,
 ( 4, 2, 2, 2, 4 ),
 ( 0.0000000000000000000, 0.0001252998366979703692, 0.0002505996733959407383, 0.0003758995100939110804, 0.0005011993467918814766 ),
 .UNSPECIFIED. ) ;
#8359 = DIRECTION ( 'NONE',  ( 0.0000000000000000000, 0.0000000000000000000, -1.000000000000000000 ) ) ;
#8360 = EDGE_LOOP ( 'NONE', ( #4568, #9581, #4042, #962, #6053, #5425 ) ) ;
#8361 = VERTEX_POINT ( 'NONE', #1819 ) ;
#8362 = DIRECTION ( 'NONE',  ( 1.000000000000000000, 0.0000000000000000000, 0.0000000000000000000 ) ) ;
#8363 = CARTESIAN_POINT ( 'NONE',  ( 1.457693379732860617, 56.64182500985273805, -0.01491572819769653065 ) ) ;
#8364 = ORIENTED_EDGE ( 'NONE', *, *, #1390, .T. ) ;
#8365 = VERTEX_POINT ( 'NONE', #1168 ) ;
#8366 = EDGE_CURVE ( 'NONE', #5970, #400, #387, .T. ) ;
#8367 = CARTESIAN_POINT ( 'NONE',  ( 5.189655126804346708, 55.73223200482439665, 0.1244914657889756582 ) ) ;
#8368 = CARTESIAN_POINT ( 'NONE',  ( -4.724999999999997868, 52.00000000000004263, -27.19999999999992468 ) ) ;
#8369 = CARTESIAN_POINT ( 'NONE',  ( -11.82391858974706622, 59.55518296884617513, -0.9930088754192404332 ) ) ;
#8370 = VERTEX_POINT ( 'NONE', #294 ) ;
#8371 = ORIENTED_EDGE ( 'NONE', *, *, #4778, .T. ) ;
#8372 = CARTESIAN_POINT ( 'NONE',  ( 1.111695735769923976, 55.17528210333915695, -0.02106636364446429210 ) ) ;
#8373 = CARTESIAN_POINT ( 'NONE',  ( -1.129038930132893359, 55.96873914528074323, -0.008986025374252849113 ) ) ;
#8374 = ORIENTED_EDGE ( 'NONE', *, *, #1835, .T. ) ;
#8375 = CARTESIAN_POINT ( 'NONE',  ( -4.783855498200629789E-16, 14.00000000001000444, -30.77134323319862119 ) ) ;
#8376 = ORIENTED_EDGE ( 'NONE', *, *, #7332, .T. ) ;
#8377 = ADVANCED_FACE ( 'NONE', ( #4864 ), #9487, .T. ) ;
#8378 = ORIENTED_EDGE ( 'NONE', *, *, #5217, .F. ) ;
#8379 = CARTESIAN_POINT ( 'NONE',  ( 7.249941820486998978, 56.37679772065740025, -0.3717845747043419524 ) ) ;
#8380 = AXIS2_PLACEMENT_3D ( 'NONE', #2829, #5881, #3710 ) ;
#8381 = CARTESIAN_POINT ( 'NONE',  ( 14.09999999999999964, 10.49999999999999467, -3.618128122775018163 ) ) ;
#8382 = CARTESIAN_POINT ( 'NONE',  ( 8.378567269209668211, 54.81426649195390155, -0.4992202662322270945 ) ) ;
#8383 = CARTESIAN_POINT ( 'NONE',  ( -0.6000000000000007550, 68.99999999999998579, -50.69999994376783548 ) ) ;
#8384 = DIRECTION ( 'NONE',  ( 0.0000000000000000000, 0.0000000000000000000, 1.000000000000000000 ) ) ;
#8385 = CARTESIAN_POINT ( 'NONE',  ( 10.36214846163722036, 54.25572438137249520, -0.4583339085460179096 ) ) ;
#8386 = B_SPLINE_SURFACE_WITH_KNOTS ( 'NONE', 3, 1, ( 
 ( #997, #3394 ),
 ( #4037, #9464 ),
 ( #419, #7118 ),
 ( #5751, #6355 ),
 ( #5604, #6459 ),
 ( #367, #2543 ),
 ( #4795, #6510 ),
 ( #9566, #1148 ),
 ( #1795, #9514 ),
 ( #1893, #2641 ),
 ( #8810, #1936 ),
 ( #5702, #8665 ),
 ( #4988, #3490 ),
 ( #8061, #4235 ),
 ( #1192, #8766 ),
 ( #7311, #4188 ),
 ( #3344, #7261 ),
 ( #6556, #1746 ),
 ( #9609, #2738 ) ),
 .UNSPECIFIED., .F., .F., .F.,
 ( 4, 1, 1, 1, 1, 1, 1, 1, 1, 1, 1, 1, 1, 1, 1, 1, 4 ),
 ( 2, 2 ),
 ( 0.0000000000000000000, 0.09289274046451151401, 0.1805514094611374298, 0.2631912323067978066, 0.3405710885580962022, 0.4127728246497290865, 0.4812364337618611487, 0.5452618913272826440, 0.6052828496584460316, 0.6625790910829962854, 0.7169274658609038342, 0.7685723123906635923, 0.8181261565514764689, 0.8655940153597855291, 0.9116948599332566072, 0.9560736739863490152, 1.000000000000000000 ),
 ( 0.0000000000000000000, 1.000000000000000000 ),
 .UNSPECIFIED. ) ;
#8387 = ORIENTED_EDGE ( 'NONE', *, *, #9202, .T. ) ;
#8388 = CARTESIAN_POINT ( 'NONE',  ( 14.09999999999999964, 22.52768592884731191, -46.52991068040767431 ) ) ;
#8389 = CARTESIAN_POINT ( 'NONE',  ( 7.820939448511898817, 56.36900634896703366, -0.1056836625365837196 ) ) ;
#8390 = VERTEX_POINT ( 'NONE', #8827 ) ;
#8391 = CARTESIAN_POINT ( 'NONE',  ( -1.796126193588873710, 56.69720474527204601, -0.02274340505317176339 ) ) ;
#8392 = ORIENTED_EDGE ( 'NONE', *, *, #1210, .F. ) ;
#8393 = CARTESIAN_POINT ( 'NONE',  ( 13.50000000000000000, 54.09999999999998721, -6.348128122775007043 ) ) ;
#8394 = CARTESIAN_POINT ( 'NONE',  ( 9.860705691608371737, 56.29639450833322201, -0.7254125390959411668 ) ) ;
#8395 = CARTESIAN_POINT ( 'NONE',  ( 10.09965397924439934, 56.37170430018856138, -0.7232966727302378995 ) ) ;
#8396 = DIRECTION ( 'NONE',  ( -0.0000000000000000000, -1.000000000000000000, -0.0000000000000000000 ) ) ;
#8397 = DIRECTION ( 'NONE',  ( 1.000000000000000000, 0.0000000000000000000, 0.0000000000000000000 ) ) ;
#8398 = CARTESIAN_POINT ( 'NONE',  ( -8.500000000000000000, 9.999999999990905053, -33.70200572722880850 ) ) ;
#8399 = DIRECTION ( 'NONE',  ( -1.000000000000000000, -0.0000000000000000000, -0.0000000000000000000 ) ) ;
#8400 = DIRECTION ( 'NONE',  ( 0.0000000000000000000, 0.0000000000000000000, 1.000000000000000000 ) ) ;
#8401 = CARTESIAN_POINT ( 'NONE',  ( 14.09999999999999964, 23.88128306798727962, -44.19521439518901929 ) ) ;
#8402 = AXIS2_PLACEMENT_3D ( 'NONE', #4340, #9759, #2891 ) ;
#8403 = VECTOR ( 'NONE', #9481, 1000.000000000000000 ) ;
#8404 = ORIENTED_EDGE ( 'NONE', *, *, #6564, .F. ) ;
#8405 = CARTESIAN_POINT ( 'NONE',  ( 6.002959302592481450, 56.69768321019457602, 0.7023928024058537778 ) ) ;
#8406 = CARTESIAN_POINT ( 'NONE',  ( -14.09999999999999964, 22.52768592884731191, -46.52991068040767431 ) ) ;
#8407 = DIRECTION ( 'NONE',  ( 0.0000000000000000000, 3.469446951953614189E-15, 1.000000000000000000 ) ) ;
#8408 = CARTESIAN_POINT ( 'NONE',  ( 1.573835608130539798, 54.39930676098689588, -0.02103992808024659350 ) ) ;
#8409 = AXIS2_PLACEMENT_3D ( 'NONE', #793, #5348, #5451 ) ;
#8410 = B_SPLINE_CURVE_WITH_KNOTS ( 'NONE', 3,
 ( #2000, #9758, #9624, #3595, #6663, #2846, #5898, #8957, #8206, #4643, #6152, #7763 ),
 .UNSPECIFIED., .F., .F.,
 ( 4, 2, 2, 2, 2, 4 ),
 ( 8.131516293641284459E-20, 0.0001433079527206028642, 0.0002866159054412056742, 0.0005732318108824064696, 0.0008598477163236073733, 0.001146463621764807952 ),
 .UNSPECIFIED. ) ;
#8411 = VECTOR ( 'NONE', #8635, 1000.000000000000000 ) ;
#8412 = LINE ( 'NONE', #1537, #4607 ) ;
#8413 = CARTESIAN_POINT ( 'NONE',  ( -4.724999999999997868, 57.00000000000000711, -34.44999999999993889 ) ) ;
#8414 = EDGE_CURVE ( 'NONE', #1161, #4639, #2087, .T. ) ;
#8415 = ORIENTED_EDGE ( 'NONE', *, *, #7696, .F. ) ;
#8416 = CARTESIAN_POINT ( 'NONE',  ( 5.025022572574453505, 55.65749356333511599, 0.1223907583473154981 ) ) ;
#8417 = CARTESIAN_POINT ( 'NONE',  ( 7.331286174448562676, 55.04667324749205903, -0.07240429746787246934 ) ) ;
#8418 = DIRECTION ( 'NONE',  ( 0.0000000000000000000, 1.000000000000000000, -3.362642065588203259E-15 ) ) ;
#8419 = ORIENTED_EDGE ( 'NONE', *, *, #8624, .T. ) ;
#8420 = PLANE ( 'NONE',  #1690 ) ;
#8421 = CARTESIAN_POINT ( 'NONE',  ( 13.50000000000000000, 52.87253265680915604, -1.297607197594147221 ) ) ;
#8422 = CARTESIAN_POINT ( 'NONE',  ( -0.6597115909512650811, 55.51035282606483889, 0.2969438395744281589 ) ) ;
#8423 = VECTOR ( 'NONE', #7856, 1000.000000000000000 ) ;
#8424 = ORIENTED_EDGE ( 'NONE', *, *, #9924, .F. ) ;
#8425 = ORIENTED_EDGE ( 'NONE', *, *, #4498, .T. ) ;
#8426 = CARTESIAN_POINT ( 'NONE',  ( -13.50000000000000000, 11.80000000000000071, -5.458128122775026014 ) ) ;
#8427 = CARTESIAN_POINT ( 'NONE',  ( 13.50000000000000000, 12.90000000000007851, -2.797607197594146555 ) ) ;
#8428 = DIRECTION ( 'NONE',  ( 0.0000000000000000000, 0.0000000000000000000, 1.000000000000000000 ) ) ;
#8429 = ORIENTED_EDGE ( 'NONE', *, *, #2744, .F. ) ;
#8430 = VERTEX_POINT ( 'NONE', #2801 ) ;
#8431 = VECTOR ( 'NONE', #2954, 1000.000000000000000 ) ;
#8432 = DIRECTION ( 'NONE',  ( 0.0000000000000000000, 0.0000000000000000000, 1.000000000000000000 ) ) ;
#8433 = CYLINDRICAL_SURFACE ( 'NONE', #5356, 1.999999999999988010 ) ;
#8434 = DIRECTION ( 'NONE',  ( 0.0000000000000000000, 0.0000000000000000000, 1.000000000000000000 ) ) ;
#8435 = CARTESIAN_POINT ( 'NONE',  ( 14.09999999999999964, 9.999999999999994671, -3.618128122775018163 ) ) ;
#8436 = EDGE_CURVE ( 'NONE', #8536, #9063, #8927, .T. ) ;
#8437 = EDGE_CURVE ( 'NONE', #5567, #2436, #7643, .T. ) ;
#8438 = DIRECTION ( 'NONE',  ( 0.0000000000000000000, 1.000000000000000000, 0.0000000000000000000 ) ) ;
#8439 = CARTESIAN_POINT ( 'NONE',  ( 14.09999999999999964, 54.63128306799008982, -46.51521209058223860 ) ) ;
#8440 = CARTESIAN_POINT ( 'NONE',  ( -4.724999999999997868, 62.00000000000004263, -27.19999999999996021 ) ) ;
#8441 = ORIENTED_EDGE ( 'NONE', *, *, #6892, .F. ) ;
#8442 = CARTESIAN_POINT ( 'NONE',  ( 14.09999999999999964, 57.68607360139083085, -50.20000000000000995 ) ) ;
#8443 = ORIENTED_EDGE ( 'NONE', *, *, #712, .F. ) ;
#8444 = FACE_OUTER_BOUND ( 'NONE', #4859, .T. ) ;
#8445 = CARTESIAN_POINT ( 'NONE',  ( 9.759243419300805300, 56.19347429423234530, -0.3685364120818595546 ) ) ;
#8446 = LINE ( 'NONE', #1732, #8020 ) ;
#8447 = CARTESIAN_POINT ( 'NONE',  ( 9.414106544279455591, 56.22050776665437866, -0.3037559157698065393 ) ) ;
#8448 = CIRCLE ( 'NONE', #1244, 2.930662494025085163 ) ;
#8449 = EDGE_CURVE ( 'NONE', #992, #7480, #6712, .T. ) ;
#8450 = DIRECTION ( 'NONE',  ( 0.0000000000000000000, 0.0000000000000000000, 1.000000000000000000 ) ) ;
#8451 = CARTESIAN_POINT ( 'NONE',  ( 7.767362727194651484, 55.39257483128581327, -0.1250618672303696610 ) ) ;
#8452 = CARTESIAN_POINT ( 'NONE',  ( 9.281485291222510980, 54.86377975569845233, -0.6103577416226277919 ) ) ;
#8453 = CARTESIAN_POINT ( 'NONE',  ( 10.38753940369597117, 54.28123944689141922, -0.8009555158831995758 ) ) ;
#8454 = VECTOR ( 'NONE', #9456, 1000.000000000000000 ) ;
#8455 = ORIENTED_EDGE ( 'NONE', *, *, #5228, .T. ) ;
#8456 = DIRECTION ( 'NONE',  ( 0.0000000000000000000, 1.000000000000000000, 0.0000000000000000000 ) ) ;
#8457 = LINE ( 'NONE', #7213, #8423 ) ;
#8458 = CYLINDRICAL_SURFACE ( 'NONE', #7772, 4.000000000000003553 ) ;
#8459 = CARTESIAN_POINT ( 'NONE',  ( 1.332223813510568622, 54.22434471949307522, -0.02103992808024637493 ) ) ;
#8460 = CARTESIAN_POINT ( 'NONE',  ( 13.60000000000000142, 29.38939926365632616, -2.148128122775007309 ) ) ;
#8461 = CARTESIAN_POINT ( 'NONE',  ( -4.724999999999997868, 62.00000000000004263, -27.19999999999996021 ) ) ;
#8462 = ORIENTED_EDGE ( 'NONE', *, *, #6005, .F. ) ;
#8463 = CARTESIAN_POINT ( 'NONE',  ( 1.388394158340119811, 55.13082582687415112, -0.01357054005374341323 ) ) ;
#8464 = CARTESIAN_POINT ( 'NONE',  ( 9.614666287772520192, 54.82595496277993874, -0.7260292448453813385 ) ) ;
#8465 = CYLINDRICAL_SURFACE ( 'NONE', #3802, 2.500000000000000444 ) ;
#8466 = ORIENTED_EDGE ( 'NONE', *, *, #8961, .T. ) ;
#8467 = CARTESIAN_POINT ( 'NONE',  ( 0.9871935470731872941, 56.37136475513158018, 0.2958764490941490077 ) ) ;
#8468 = CARTESIAN_POINT ( 'NONE',  ( 7.687940993154751546, 53.85415772237234222, -0.4418531884689677058 ) ) ;
#8469 = FACE_OUTER_BOUND ( 'NONE', #1872, .T. ) ;
#8470 = EDGE_CURVE ( 'NONE', #2130, #5567, #8410, .T. ) ;
#8471 = B_SPLINE_SURFACE_WITH_KNOTS ( 'NONE', 3, 1, ( 
 ( #2765, #3606 ),
 ( #6536, #4401 ),
 ( #5729, #7421 ),
 ( #6624, #4348 ),
 ( #8132, #8172 ),
 ( #1176, #2854 ),
 ( #4267, #5008 ),
 ( #5910, #6675 ),
 ( #8968, #1268 ),
 ( #9675, #1964 ),
 ( #4970, #2097 ),
 ( #8793, #8041 ),
 ( #4308, #5143 ),
 ( #9586, #2010 ),
 ( #8217, #3470 ) ),
 .UNSPECIFIED., .F., .F., .F.,
 ( 4, 1, 1, 1, 1, 1, 1, 1, 1, 1, 1, 1, 4 ),
 ( 2, 2 ),
 ( 0.0000000000000000000, 0.08870302560070751630, 0.1761729189036248810, 0.2645865310268241122, 0.3538479911931001198, 0.4416024631481881846, 0.5240484896209400834, 0.6038116442374478199, 0.6816543258545126882, 0.7590860356644674178, 0.8364276247387970598, 0.9165680462546087481, 1.000000000000000000 ),
 ( 0.0000000000000000000, 1.000000000000000000 ),
 .UNSPECIFIED. ) ;
#8472 = CARTESIAN_POINT ( 'NONE',  ( -5.494198100116994610, 41.33504442748404273, -3.297607197594146111 ) ) ;
#8473 = CARTESIAN_POINT ( 'NONE',  ( -10.69728591670254580, 59.85600527474578314, -0.8116556551925724339 ) ) ;
#8474 = AXIS2_PLACEMENT_3D ( 'NONE', #564, #3627, #9517 ) ;
#8475 = ORIENTED_EDGE ( 'NONE', *, *, #5230, .F. ) ;
#8476 = CARTESIAN_POINT ( 'NONE',  ( 5.397018004406426428, 56.22623255703717859, 0.1245479781011751691 ) ) ;
#8477 = ORIENTED_EDGE ( 'NONE', *, *, #4440, .F. ) ;
#8478 = CARTESIAN_POINT ( 'NONE',  ( -12.10000000000000142, 57.00000000000000000, -38.69804268566760896 ) ) ;
#8479 = VERTEX_POINT ( 'NONE', #8472 ) ;
#8480 = CARTESIAN_POINT ( 'NONE',  ( 14.09999999999999964, 56.46999999999999886, -4.118128122774996847 ) ) ;
#8481 = ORIENTED_EDGE ( 'NONE', *, *, #3956, .F. ) ;
#8482 = ORIENTED_EDGE ( 'NONE', *, *, #8017, .T. ) ;
#8483 = CIRCLE ( 'NONE', #4458, 1.250000000000009770 ) ;
#8484 = FACE_OUTER_BOUND ( 'NONE', #2375, .T. ) ;
#8485 = CARTESIAN_POINT ( 'NONE',  ( 8.065456949137747245, 55.35466653423170413, -0.1312072312784047790 ) ) ;
#8486 = DIRECTION ( 'NONE',  ( 0.0000000000000000000, -3.284683504808153090E-15, -1.000000000000000000 ) ) ;
#8487 = FILL_AREA_STYLE_COLOUR ( '', #6583 ) ;
#8488 = ORIENTED_EDGE ( 'NONE', *, *, #2365, .T. ) ;
#8489 = DIRECTION ( 'NONE',  ( -1.000000000000000000, -0.0000000000000000000, -0.0000000000000000000 ) ) ;
#8490 = ORIENTED_EDGE ( 'NONE', *, *, #3488, .T. ) ;
#8491 = FACE_OUTER_BOUND ( 'NONE', #4482, .T. ) ;
#8492 = FACE_OUTER_BOUND ( 'NONE', #2848, .T. ) ;
#8493 = EDGE_LOOP ( 'NONE', ( #2953, #5399, #6423, #3268, #7458, #4183, #5221, #7697 ) ) ;
#8494 = ADVANCED_FACE ( 'NONE', ( #3682 ), #7551, .T. ) ;
#8496 = EDGE_CURVE ( 'NONE', #7149, #786, #678, .T. ) ;
#8495 = CYLINDRICAL_SURFACE ( 'NONE', #3458, 2.534890514885638879 ) ;
#8497 = CARTESIAN_POINT ( 'NONE',  ( 14.09999999999999964, 30.21025154585982264, -33.49521209058222126 ) ) ;
#8498 = CARTESIAN_POINT ( 'NONE',  ( 10.02489163843844544, 56.69640978311268498, -0.4094957174801638344 ) ) ;
#8499 = CARTESIAN_POINT ( 'NONE',  ( 9.387313676925339578, 56.14932636471258576, -0.7262907717472792957 ) ) ;
#8500 = CARTESIAN_POINT ( 'NONE',  ( 9.962239262977961474, 56.35081785572113233, -0.7036420076851916949 ) ) ;
#8501 = VECTOR ( 'NONE', #2271, 1000.000000000000000 ) ;
#8502 = DIRECTION ( 'NONE',  ( -0.0000000000000000000, -1.000000000000000000, -0.0000000000000000000 ) ) ;
#8503 = CARTESIAN_POINT ( 'NONE',  ( 1.569100508614489797, 54.98470884998157260, 0.2827094557629618032 ) ) ;
#8504 = ORIENTED_EDGE ( 'NONE', *, *, #7238, .F. ) ;
#8505 = CARTESIAN_POINT ( 'NONE',  ( 9.965376218398020569, 54.18530399940539155, -0.7040910430530749053 ) ) ;
#8506 = EDGE_CURVE ( 'NONE', #1075, #4443, #5080, .T. ) ;
#8507 = EDGE_CURVE ( 'NONE', #7933, #40, #9108, .T. ) ;
#8508 = CARTESIAN_POINT ( 'NONE',  ( -13.50000000000000000, 11.80000000000000426, -5.754411018423118307 ) ) ;
#8509 = PRESENTATION_LAYER_ASSIGNMENT (  '', '', ( #1786 ) ) ;
#8510 = DIRECTION ( 'NONE',  ( -1.421085471520200372E-14, 0.0000000000000000000, 1.000000000000000000 ) ) ;
#8511 = ORIENTED_EDGE ( 'NONE', *, *, #9765, .T. ) ;
#8512 = CARTESIAN_POINT ( 'NONE',  ( 1.600393839733013968, 54.44801764159645074, -0.02103992808024572614 ) ) ;
#8513 = FACE_OUTER_BOUND ( 'NONE', #6966, .T. ) ;
#8514 = CARTESIAN_POINT ( 'NONE',  ( 1.516334992270183202, 55.35754769128097763, 0.1276473614786055866 ) ) ;
#8515 = CYLINDRICAL_SURFACE ( 'NONE', #5485, 70.87421554853963812 ) ;
#8516 = EDGE_LOOP ( 'NONE', ( #9118, #3201, #1163, #4258 ) ) ;
#8517 = VERTEX_POINT ( 'NONE', #6048 ) ;
#8518 = EDGE_CURVE ( 'NONE', #7070, #9822, #734, .T. ) ;
#8519 = CARTESIAN_POINT ( 'NONE',  ( 0.9232344754536933040, 56.37170430018856138, 0.2958764490941490077 ) ) ;
#8520 = CARTESIAN_POINT ( 'NONE',  ( 7.285369567646950095, 54.07833458251037939, -0.4418531884689679279 ) ) ;
#8521 = CARTESIAN_POINT ( 'NONE',  ( 8.158363742740270652, 55.68478755002653457, -0.5389759807138330139 ) ) ;
#8522 = CARTESIAN_POINT ( 'NONE',  ( 0.1499999999999999667, 7.749999999999998224, -20.69999994376783903 ) ) ;
#8523 = CARTESIAN_POINT ( 'NONE',  ( 12.47702440583563721, 6.469249365637551819, -1.106758281664931065 ) ) ;
#8524 = CARTESIAN_POINT ( 'NONE',  ( 5.777104940012514511, 56.66670149473252849, -0.2393030870521566655 ) ) ;
#8525 = CARTESIAN_POINT ( 'NONE',  ( -4.724999999999997868, 57.00000000000003553, -27.19999999999994245 ) ) ;
#8526 = CARTESIAN_POINT ( 'NONE',  ( -0.7819152326554289489, 56.04360582557047366, -0.009782707134597034768 ) ) ;
#8527 = VERTEX_POINT ( 'NONE', #680 ) ;
#8528 = DIRECTION ( 'NONE',  ( -1.000000000000000000, -0.0000000000000000000, -0.0000000000000000000 ) ) ;
#8529 = VERTEX_POINT ( 'NONE', #9111 ) ;
#8530 = CARTESIAN_POINT ( 'NONE',  ( 8.377753933286085086, 54.85854948089803429, -0.4992202662322275386 ) ) ;
#8531 = CARTESIAN_POINT ( 'NONE',  ( 14.09999999999999964, 13.99999999999999822, 0.0000000000000000000 ) ) ;
#8532 = ORIENTED_EDGE ( 'NONE', *, *, #7596, .F. ) ;
#8533 = CARTESIAN_POINT ( 'NONE',  ( 8.252640484270120425, 56.18474701045565212, -0.1800640847208455630 ) ) ;
#8534 = CARTESIAN_POINT ( 'NONE',  ( -1.769364111906278625, 53.87363612660974610, -0.02203320665646136059 ) ) ;
#8535 = DIRECTION ( 'NONE',  ( 0.0000000000000000000, 0.0000000000000000000, 1.000000000000000000 ) ) ;
#8536 = VERTEX_POINT ( 'NONE', #9047 ) ;
#8537 = EDGE_CURVE ( 'NONE', #8073, #1963, #6199, .T. ) ;
#8538 = AXIS2_PLACEMENT_3D ( 'NONE', #5607, #7313, #3491 ) ;
#8539 = PLANE ( 'NONE',  #8097 ) ;
#8540 = ORIENTED_EDGE ( 'NONE', *, *, #2618, .F. ) ;
#8541 = CYLINDRICAL_SURFACE ( 'NONE', #6659, 3.000000000000000000 ) ;
#8542 = CARTESIAN_POINT ( 'NONE',  ( 10.11819464078882724, 56.37109059595935889, -0.8009584369727306141 ) ) ;
#8543 = CARTESIAN_POINT ( 'NONE',  ( 9.427645747544193711, 56.25551741677386275, -0.3271445070216271178 ) ) ;
#8544 = CARTESIAN_POINT ( 'NONE',  ( 0.1500000000000004663, 2.249999999999998668, -20.69999994376783903 ) ) ;
#8545 = CARTESIAN_POINT ( 'NONE',  ( -14.09999999999999964, 23.88128306798727962, -44.69521439518901218 ) ) ;
#8546 = DIRECTION ( 'NONE',  ( 0.0000000000000000000, 1.000000000000000000, -3.362642065588203259E-15 ) ) ;
#8547 = CARTESIAN_POINT ( 'NONE',  ( 10.31603415918191224, 56.31498733264538714, -0.4515551416651238936 ) ) ;
#8548 = EDGE_CURVE ( 'NONE', #9798, #2068, #2175, .T. ) ;
#8549 = CYLINDRICAL_SURFACE ( 'NONE', #42, 71.17421554853964949 ) ;
#8550 = CARTESIAN_POINT ( 'NONE',  ( 1.646213617080021452, 54.76590806782070331, 0.2809599489981481346 ) ) ;
#8551 = VERTEX_POINT ( 'NONE', #7653 ) ;
#8552 = B_SPLINE_SURFACE_WITH_KNOTS ( 'NONE', 3, 1, ( 
 ( #6230, #5474 ),
 ( #4666, #7521 ),
 ( #6784, #9825 ),
 ( #3069, #3752 ),
 ( #2964, #3022 ),
 ( #6015, #9078 ),
 ( #5264, #8337 ),
 ( #1467, #4508 ),
 ( #6836, #7629 ),
 ( #6118, #349 ),
 ( #7196, #4018 ) ),
 .UNSPECIFIED., .F., .F., .F.,
 ( 4, 1, 1, 1, 1, 1, 1, 1, 4 ),
 ( 2, 2 ),
 ( 0.0000000000000000000, 0.1354493145700188805, 0.2644355804959711009, 0.3886795115134289991, 0.5101780974730064644, 0.6297549714517349795, 0.7504195740142838300, 0.8732955542593050513, 1.000000000000000000 ),
 ( 0.0000000000000000000, 1.000000000000000000 ),
 .UNSPECIFIED. ) ;
#8553 = CARTESIAN_POINT ( 'NONE',  ( 6.578210169804251883, 41.48906902151180986, -3.297607197594146111 ) ) ;
#8554 = CARTESIAN_POINT ( 'NONE',  ( -1.454837879135402412, 56.66026454938499057, -0.02736481479098770708 ) ) ;
#8555 = VECTOR ( 'NONE', #4497, 1000.000000000000000 ) ;
#8556 = CARTESIAN_POINT ( 'NONE',  ( 13.50000000000000000, 54.09999999999998721, -3.813237607889367720 ) ) ;
#8557 = ORIENTED_EDGE ( 'NONE', *, *, #6572, .T. ) ;
#8558 = DIRECTION ( 'NONE',  ( 1.000000000000000000, 0.0000000000000000000, 0.0000000000000000000 ) ) ;
#8559 = DIRECTION ( 'NONE',  ( 0.0000000000000000000, -8.673617379879377248E-16, 1.000000000000000000 ) ) ;
#8560 = ADVANCED_FACE ( 'NONE', ( #8513 ), #6861, .T. ) ;
#8561 = VECTOR ( 'NONE', #8650, 1000.000000000000000 ) ;
#8562 = DIRECTION ( 'NONE',  ( 0.0000000000000000000, -0.0000000000000000000, 1.000000000000000000 ) ) ;
#8563 = EDGE_CURVE ( 'NONE', #5137, #423, #4480, .T. ) ;
#8564 = EDGE_CURVE ( 'NONE', #5639, #4648, #2378, .T. ) ;
#8565 = VECTOR ( 'NONE', #8075, 1000.000000000000000 ) ;
#8566 = CARTESIAN_POINT ( 'NONE',  ( -1.463542356246559262, 56.31341293260068426, 0.2849511323698196152 ) ) ;
#8567 = ORIENTED_EDGE ( 'NONE', *, *, #1488, .F. ) ;
#8568 = ORIENTED_EDGE ( 'NONE', *, *, #7576, .F. ) ;
#8569 = DIRECTION ( 'NONE',  ( 0.0000000000000000000, -0.0000000000000000000, 1.000000000000000000 ) ) ;
#8570 = LINE ( 'NONE', #7079, #2949 ) ;
#8571 = CARTESIAN_POINT ( 'NONE',  ( 8.421951623950219457, 55.52404108247339565, -0.5389759807138333469 ) ) ;
#8572 = VECTOR ( 'NONE', #4609, 1000.000000000000000 ) ;
#8573 = DIRECTION ( 'NONE',  ( -0.0000000000000000000, -1.000000000000000000, -0.0000000000000000000 ) ) ;
#8574 = EDGE_CURVE ( 'NONE', #352, #3493, #5442, .T. ) ;
#8575 = B_SPLINE_CURVE_WITH_KNOTS ( 'NONE', 3,
 ( #7478, #601, #9415, #6410, #5606, #459, #2726, #3520, #5778, #6589 ),
 .UNSPECIFIED., .F., .F.,
 ( 4, 2, 2, 2, 4 ),
 ( 7.060021190530666999E-18, 0.0001636929482245179791, 0.0003273858964490289109, 0.0004910788446735398155, 0.0006547717928980507744 ),
 .UNSPECIFIED. ) ;
#8576 = CARTESIAN_POINT ( 'NONE',  ( 8.500000000000000000, 9.999999999990905053, -30.28020498958827744 ) ) ;
#8577 = ORIENTED_EDGE ( 'NONE', *, *, #4541, .T. ) ;
#8578 = CARTESIAN_POINT ( 'NONE',  ( 0.0000000000000000000, 56.37170430018856138, -70.87421554853963812 ) ) ;
#8579 = LINE ( 'NONE', #7231, #8807 ) ;
#8580 = EDGE_LOOP ( 'NONE', ( #7894, #6268, #7361, #1647 ) ) ;
#8581 = CARTESIAN_POINT ( 'NONE',  ( -2.429028502896317665, 54.19851156681517068, 0.2585390690210409570 ) ) ;
#8582 = FACE_OUTER_BOUND ( 'NONE', #8099, .T. ) ;
#8583 = ORIENTED_EDGE ( 'NONE', *, *, #331, .F. ) ;
#8584 = CARTESIAN_POINT ( 'NONE',  ( 8.202615047270422011, 55.66990145808565416, -0.1742259997065001564 ) ) ;
#8585 = CARTESIAN_POINT ( 'NONE',  ( 1.277510165842169032, 54.21209402139875522, 0.2940854501769258333 ) ) ;
#8586 = CARTESIAN_POINT ( 'NONE',  ( 2.009303399897260256, 54.58601565275998979, 0.2942797456913125442 ) ) ;
#8587 = VECTOR ( 'NONE', #5438, 999.9999999999998863 ) ;
#8588 = VERTEX_POINT ( 'NONE', #3145 ) ;
#8589 = CARTESIAN_POINT ( 'NONE',  ( 14.09999999999999964, 55.19999999999969731, 0.0000000000000000000 ) ) ;
#8590 = ORIENTED_EDGE ( 'NONE', *, *, #7951, .T. ) ;
#8591 = CARTESIAN_POINT ( 'NONE',  ( 2.149999999999998135, 64.99999999999998579, -50.70000000000000284 ) ) ;
#8592 = ORIENTED_EDGE ( 'NONE', *, *, #9924, .T. ) ;
#8593 = CARTESIAN_POINT ( 'NONE',  ( -14.09999999999999964, 56.46999999999999886, -4.118128122774996847 ) ) ;
#8594 = VECTOR ( 'NONE', #8104, 1000.000000000000000 ) ;
#8595 = VERTEX_POINT ( 'NONE', #1632 ) ;
#8596 = DIRECTION ( 'NONE',  ( -1.000000000000000000, -0.0000000000000000000, -0.0000000000000000000 ) ) ;
#8597 = ORIENTED_EDGE ( 'NONE', *, *, #3418, .T. ) ;
#8598 = CARTESIAN_POINT ( 'NONE',  ( 1.686534490701090183, 55.47042998382479340, -0.02740559966098426656 ) ) ;
#8599 = CARTESIAN_POINT ( 'NONE',  ( 9.946360299620829792, 56.68800488368260204, -0.3983718827850128430 ) ) ;
#8600 = CARTESIAN_POINT ( 'NONE',  ( 9.687079075526572325, 56.57896178931790132, -0.3037559157698058732 ) ) ;
#8601 = EDGE_CURVE ( 'NONE', #1124, #5088, #723, .T. ) ;
#8602 = CARTESIAN_POINT ( 'NONE',  ( -1.080765683428638990, 54.76100461588668367, -0.01317352179555262431 ) ) ;
#8603 = CYLINDRICAL_SURFACE ( 'NONE', #7216, 4.000000000000327738 ) ;
#8604 = CARTESIAN_POINT ( 'NONE',  ( 7.896806220030174295, 56.37170430018855427, -0.1373998474905827050 ) ) ;
#8605 = CARTESIAN_POINT ( 'NONE',  ( 7.249941820486998978, 56.37679772065740025, -0.4458325920447148705 ) ) ;
#8606 = ORIENTED_EDGE ( 'NONE', *, *, #9364, .F. ) ;
#8607 = CARTESIAN_POINT ( 'NONE',  ( 0.0000000000000000000, 53.87253265680915604, -70.87421554853963812 ) ) ;
#8608 = VECTOR ( 'NONE', #6470, 1000.000000000000000 ) ;
#8609 = CARTESIAN_POINT ( 'NONE',  ( 7.607047188913720781, 56.28794583025646148, -0.4094210573435557166 ) ) ;
#8610 = CARTESIAN_POINT ( 'NONE',  ( 6.966408081054688672, 55.19512417188561670, -0.03977020646210344124 ) ) ;
#8611 = ORIENTED_EDGE ( 'NONE', *, *, #6472, .F. ) ;
#8612 = CARTESIAN_POINT ( 'NONE',  ( 1.429726048350873580, 54.26286201060590031, 0.2903803895346376840 ) ) ;
#8613 = EDGE_CURVE ( 'NONE', #4991, #1090, #8412, .T. ) ;
#8614 = CARTESIAN_POINT ( 'NONE',  ( 14.09999999999999964, 18.58128306799191876, 1.611669397589930899E-14 ) ) ;
#8615 = AXIS2_PLACEMENT_3D ( 'NONE', #4931, #1788, #316 ) ;
#8616 = CARTESIAN_POINT ( 'NONE',  ( 13.50000000000000000, 59.19999999999999574, -5.458128122775004698 ) ) ;
#8617 = CARTESIAN_POINT ( 'NONE',  ( 7.275000000000002132, 57.00000000000004263, -27.19999999999994245 ) ) ;
#8618 = CARTESIAN_POINT ( 'NONE',  ( 9.860269301865315583, 54.24454879096446547, -0.3476052596559754959 ) ) ;
#8619 = CARTESIAN_POINT ( 'NONE',  ( 7.391210427694606011, 54.42478937818546569, -0.3864374782821441423 ) ) ;
#8620 = ORIENTED_EDGE ( 'NONE', *, *, #913, .F. ) ;
#8621 = VERTEX_POINT ( 'NONE', #888 ) ;
#8622 = DIRECTION ( 'NONE',  ( -0.0000000000000000000, -1.000000000000000000, -0.0000000000000000000 ) ) ;
#8623 = CARTESIAN_POINT ( 'NONE',  ( 8.158363742740270652, 55.68478755002653457, -0.1407445101694963230 ) ) ;
#8624 = EDGE_CURVE ( 'NONE', #7647, #5501, #9110, .T. ) ;
#8625 = ADVANCED_FACE ( 'NONE', ( #4634 ), #4584, .F. ) ;
#8626 = CARTESIAN_POINT ( 'NONE',  ( 8.378983357747397775, 54.79161208363164803, -0.4992116007269606359 ) ) ;
#8627 = CARTESIAN_POINT ( 'NONE',  ( 14.09999999999999964, 67.00195731433238677, -48.20000000000000995 ) ) ;
#8628 = VECTOR ( 'NONE', #4190, 1000.000000000000114 ) ;
#8629 = CARTESIAN_POINT ( 'NONE',  ( 1.643401560932192362, 54.57748932924644691, -0.01905419405320466636 ) ) ;
#8630 = VERTEX_POINT ( 'NONE', #2989 ) ;
#8631 = LINE ( 'NONE', #1765, #2792 ) ;
#8632 = VERTEX_POINT ( 'NONE', #2930 ) ;
#8633 = CARTESIAN_POINT ( 'NONE',  ( 14.09999999999999964, 57.14644660940673049, -39.05159607626086427 ) ) ;
#8634 = ADVANCED_FACE ( 'NONE', ( #9797 ), #5888, .F. ) ;
#8635 = DIRECTION ( 'NONE',  ( -0.0000000000000000000, 1.000000000000000000, -3.362642065588203259E-15 ) ) ;
#8636 = CARTESIAN_POINT ( 'NONE',  ( 12.88097242285192934, 58.69164818706337172, -1.180260300921037064 ) ) ;
#8637 = AXIS2_PLACEMENT_3D ( 'NONE', #3871, #2261, #3185 ) ;
#8638 = EDGE_LOOP ( 'NONE', ( #7287, #2096, #9489, #3005, #4112 ) ) ;
#8639 = DIRECTION ( 'NONE',  ( 0.0000000000000000000, 0.0000000000000000000, 1.000000000000000000 ) ) ;
#8640 = PRODUCT ( 'FD333757-42DB-429D-8BC4-868C1F9220FF', 'FD333757-42DB-429D-8BC4-868C1F9220FF', '', ( #2758 ) ) ;
#8641 = VERTEX_POINT ( 'NONE', #4527 ) ;
#8642 = CARTESIAN_POINT ( 'NONE',  ( -0.9185216077491270559, 56.30108512090652795, -0.005931725659798891409 ) ) ;
#8643 = ORIENTED_EDGE ( 'NONE', *, *, #571, .F. ) ;
#8644 = DIRECTION ( 'NONE',  ( 0.0000000000000000000, 0.0000000000000000000, -1.000000000000000000 ) ) ;
#8645 = VECTOR ( 'NONE', #7425, 1000.000000000000000 ) ;
#8646 = VERTEX_POINT ( 'NONE', #2640 ) ;
#8647 = CARTESIAN_POINT ( 'NONE',  ( -4.783855498206816431E-16, 14.00000000001000444, -22.27134323320366249 ) ) ;
#8648 = VERTEX_POINT ( 'NONE', #1892 ) ;
#8649 = ADVANCED_FACE ( 'NONE', ( #1794, #6302 ), #2486, .T. ) ;
#8650 = DIRECTION ( 'NONE',  ( -0.0000000000000000000, -1.000000000000000000, -0.0000000000000000000 ) ) ;
#8651 = LINE ( 'NONE', #6446, #8663 ) ;
#8652 = DIRECTION ( 'NONE',  ( 0.0000000000000000000, 1.000000000000000000, 0.0000000000000000000 ) ) ;
#8653 = VECTOR ( 'NONE', #2942, 1000.000000000000000 ) ;
#8654 = CARTESIAN_POINT ( 'NONE',  ( -1.016453226203594573, 55.30661348659253918, -0.01317352179555240921 ) ) ;
#8655 = CYLINDRICAL_SURFACE ( 'NONE', #6306, 70.87421554853963812 ) ;
#8656 = PLANE ( 'NONE',  #8615 ) ;
#8657 = ORIENTED_EDGE ( 'NONE', *, *, #8506, .T. ) ;
#8658 = DIRECTION ( 'NONE',  ( 0.0000000000000000000, 1.000000000000000000, -3.362642065588203259E-15 ) ) ;
#8659 = CARTESIAN_POINT ( 'NONE',  ( 13.60000000000000142, 30.21025154585982264, -33.49521209058222126 ) ) ;
#8660 = CARTESIAN_POINT ( 'NONE',  ( 7.020426319301128260, 55.82028070671191955, -0.03977020646210366328 ) ) ;
#8661 = ORIENTED_EDGE ( 'NONE', *, *, #9349, .T. ) ;
#8662 = CARTESIAN_POINT ( 'NONE',  ( 10.86640850271305325, 54.54287804968740261, -0.4181348863512487912 ) ) ;
#8663 = VECTOR ( 'NONE', #3474, 1000.000000000000000 ) ;
#8664 = CARTESIAN_POINT ( 'NONE',  ( 1.540670223399103866, 55.93027452622209239, 0.2902530130439311407 ) ) ;
#8665 = CARTESIAN_POINT ( 'NONE',  ( -1.214496956473605005, 56.10185020046353799, -0.01695970555067722110 ) ) ;
#8666 = CARTESIAN_POINT ( 'NONE',  ( 1.516334992270183202, 55.35754769128097763, -0.01622264857050991979 ) ) ;
#8667 = CARTESIAN_POINT ( 'NONE',  ( 9.595971288436501823, 55.26699799405708546, -0.3498488801215022259 ) ) ;
#8668 = CARTESIAN_POINT ( 'NONE',  ( 9.739234633444748823, 54.37423729671716899, -0.7260292448453813385 ) ) ;
#8669 = CARTESIAN_POINT ( 'NONE',  ( -5.503499385153697077, 36.09533680887011542, -3.297607197594146111 ) ) ;
#8670 = EDGE_CURVE ( 'NONE', #7142, #5584, #1745, .T. ) ;
#8671 = ADVANCED_FACE ( 'NONE', ( #219 ), #9463, .T. ) ;
#8672 = ORIENTED_EDGE ( 'NONE', *, *, #1999, .T. ) ;
#8673 = ORIENTED_EDGE ( 'NONE', *, *, #8518, .F. ) ;
#8674 = DIRECTION ( 'NONE',  ( -0.6691306063588282615, 0.0000000000000000000, 0.7431448254774212225 ) ) ;
#8675 = CARTESIAN_POINT ( 'NONE',  ( 6.980455188948107015, 54.86171741986174055, -0.03936411257272963427 ) ) ;
#8676 = CARTESIAN_POINT ( 'NONE',  ( 7.956083687925379344, 55.71900370387636769, -0.5389759807138327918 ) ) ;
#8677 = CARTESIAN_POINT ( 'NONE',  ( 5.597184112336179851, 56.41356911880791358, -0.2393030870521560272 ) ) ;
#8678 = DIRECTION ( 'NONE',  ( 1.000000000000000000, 0.0000000000000000000, 0.0000000000000000000 ) ) ;
#8679 =( BOUNDED_CURVE ( )  B_SPLINE_CURVE ( 3, ( #5187, #8318, #534, #6667 ),
 .UNSPECIFIED., .F., .T. ) 
 B_SPLINE_CURVE_WITH_KNOTS ( ( 4, 4 ),
 ( 3.141592653589793116, 4.712388980384689674 ),
 .UNSPECIFIED. ) 
 CURVE ( )  GEOMETRIC_REPRESENTATION_ITEM ( )  RATIONAL_B_SPLINE_CURVE ( ( 1.000000000000000000, 0.8047378541243649375, 0.8047378541243649375, 1.000000000000000000 ) ) 
 REPRESENTATION_ITEM ( '' )  );
#8680 = CARTESIAN_POINT ( 'NONE',  ( 13.50000000000000000, 56.85600527474578314, -2.797607197594146555 ) ) ;
#8681 = EDGE_CURVE ( 'NONE', #939, #864, #2541, .T. ) ;
#8682 = ORIENTED_EDGE ( 'NONE', *, *, #1752, .F. ) ;
#8683 = FACE_OUTER_BOUND ( 'NONE', #2347, .T. ) ;
#8684 = ORIENTED_EDGE ( 'NONE', *, *, #2731, .T. ) ;
#8685 = CARTESIAN_POINT ( 'NONE',  ( 7.350951513866339049, 55.43569257676744400, -0.07234574897400469773 ) ) ;
#8686 = B_SPLINE_CURVE_WITH_KNOTS ( 'NONE', 3,
 ( #2213, #6241, #934, #9298, #3975, #7062, #4519, #162, #7642, #6026 ),
 .UNSPECIFIED., .F., .F.,
 ( 4, 2, 2, 2, 4 ),
 ( 0.0000000000000000000, 0.0002231709129269687417, 0.0004463418258539374834, 0.0006695127387809061709, 0.0008926836517078749669 ),
 .UNSPECIFIED. ) ;
#8687 = DIRECTION ( 'NONE',  ( -0.0000000000000000000, 0.9999999999999973355, 7.146067566283616273E-08 ) ) ;
#8688 = DIRECTION ( 'NONE',  ( 0.0000000000000000000, -3.357529308342205333E-15, -1.000000000000000000 ) ) ;
#8689 = DIRECTION ( 'NONE',  ( 0.0000000000000000000, 1.000000000000000000, 0.0000000000000000000 ) ) ;
#8690 = ORIENTED_EDGE ( 'NONE', *, *, #3055, .T. ) ;
#8691 = APPLICATION_PROTOCOL_DEFINITION ( 'draft international standard', 'automotive_design', 1998, #2671 ) ;
#8692 = VERTEX_POINT ( 'NONE', #1147 ) ;
#8693 = ADVANCED_FACE ( 'NONE', ( #6458 ), #6565, .T. ) ;
#8694 = DIRECTION ( 'NONE',  ( 0.0000000000000000000, 0.0000000000000000000, -1.000000000000000000 ) ) ;
#8695 = EDGE_CURVE ( 'NONE', #8123, #2952, #1700, .T. ) ;
#8696 = EDGE_LOOP ( 'NONE', ( #7935, #8918, #9183, #6167 ) ) ;
#8697 = DIRECTION ( 'NONE',  ( -1.000000000000000000, 0.0000000000000000000, 0.0000000000000000000 ) ) ;
#8698 = VERTEX_POINT ( 'NONE', #6354 ) ;
#8699 = FACE_BOUND ( 'NONE', #7121, .T. ) ;
#8700 = ORIENTED_EDGE ( 'NONE', *, *, #5110, .T. ) ;
#8701 = CARTESIAN_POINT ( 'NONE',  ( 8.668742388863851289, 55.97328563240343158, 0.7023928024058537778 ) ) ;
#8702 = CARTESIAN_POINT ( 'NONE',  ( 9.597593496857655282, 55.04114977048876511, -0.3500696075972322685 ) ) ;
#8703 = CARTESIAN_POINT ( 'NONE',  ( 9.683398995115307883, 53.95367817025228163, -0.3617863929469797846 ) ) ;
#8704 = LINE ( 'NONE', #7152, #7638 ) ;
#8705 = CARTESIAN_POINT ( 'NONE',  ( 9.929553751987411303, 56.33810164016445299, -0.6990110702266523202 ) ) ;
#8706 = DIRECTION ( 'NONE',  ( 0.0000000000000000000, 1.000000000000000000, 0.0000000000000000000 ) ) ;
#8707 = CARTESIAN_POINT ( 'NONE',  ( 7.718608886489513488, 56.68006257809761905, -0.4458325920447150925 ) ) ;
#8708 = ORIENTED_EDGE ( 'NONE', *, *, #5732, .F. ) ;
#8709 = CARTESIAN_POINT ( 'NONE',  ( 4.333781329145700134, 41.33504442748403562, -3.297607197594146111 ) ) ;
#8710 = CARTESIAN_POINT ( 'NONE',  ( 7.036101741248196539, 55.89604395178649554, -0.3737647796839232983 ) ) ;
#8711 = EDGE_LOOP ( 'NONE', ( #5150, #2514, #1257, #3123 ) ) ;
#8712 = CARTESIAN_POINT ( 'NONE',  ( 10.88498431680880962, 54.62958079268961598, -0.4181348863512494574 ) ) ;
#8713 = CARTESIAN_POINT ( 'NONE',  ( 8.500000000000000000, 9.999999999990905053, -25.20200572722880139 ) ) ;
#8714 = CARTESIAN_POINT ( 'NONE',  ( 1.902869012294670537, 55.96536253389634652, -0.02554922980850337158 ) ) ;
#8715 = CARTESIAN_POINT ( 'NONE',  ( 9.629809677092350029, 55.81047623974561844, -0.3544607822331278246 ) ) ;
#8716 = VERTEX_POINT ( 'NONE', #9411 ) ;
#8717 = VERTEX_POINT ( 'NONE', #2542 ) ;
#8718 = LINE ( 'NONE', #5613, #1063 ) ;
#8719 = CARTESIAN_POINT ( 'NONE',  ( 6.968459369149206495, 55.02420312936552449, -0.4418531884689679279 ) ) ;
#8720 = AXIS2_PLACEMENT_3D ( 'NONE', #546, #598, #3657 ) ;
#8721 = EDGE_CURVE ( 'NONE', #3555, #4275, #8141, .T. ) ;
#8722 = VECTOR ( 'NONE', #5307, 1000.000000000000000 ) ;
#8723 = CARTESIAN_POINT ( 'NONE',  ( 8.066831655423726488, 54.20381360040819629, -0.1326601476622896736 ) ) ;
#8724 = CARTESIAN_POINT ( 'NONE',  ( 10.93610680735009666, 55.26586612284178557, -0.8488201728683405500 ) ) ;
#8725 = CARTESIAN_POINT ( 'NONE',  ( -0.6574230938502169108, 55.48121308818510755, 0.2988225618489426250 ) ) ;
#8726 = ORIENTED_EDGE ( 'NONE', *, *, #7418, .T. ) ;
#8727 = CARTESIAN_POINT ( 'NONE',  ( -14.09999999999999964, 0.0000000000000000000, -50.70000000000000995 ) ) ;
#8728 = DIRECTION ( 'NONE',  ( 0.0000000000000000000, -1.000000000000000000, 5.782411586589356653E-16 ) ) ;
#8729 = AXIS2_PLACEMENT_3D ( 'NONE', #7460, #2847, #8866 ) ;
#8730 = ORIENTED_EDGE ( 'NONE', *, *, #7107, .T. ) ;
#8731 = VECTOR ( 'NONE', #8596, 1000.000000000000000 ) ;
#8732 = FACE_OUTER_BOUND ( 'NONE', #2598, .T. ) ;
#8733 = CARTESIAN_POINT ( 'NONE',  ( -1.826671814375091740, 56.37078749913729325, -0.02725522043429430899 ) ) ;
#8734 = CARTESIAN_POINT ( 'NONE',  ( -2.599999999999998757, 6.610912703473987406, -50.69843233258752235 ) ) ;
#8735 = CARTESIAN_POINT ( 'NONE',  ( 14.09999999999999964, 53.00000000000000000, -5.754411018423114754 ) ) ;
#8736 = CARTESIAN_POINT ( 'NONE',  ( 8.252640135601930993, 56.18474752214818579, -0.4821099710385239323 ) ) ;
#8737 = EDGE_CURVE ( 'NONE', #7390, #1219, #5880, .T. ) ;
#8738 = CIRCLE ( 'NONE', #9687, 70.87421554853963812 ) ;
#8739 = ORIENTED_EDGE ( 'NONE', *, *, #4752, .F. ) ;
#8740 = CIRCLE ( 'NONE', #9198, 0.5000000000000073275 ) ;
#8741 = ORIENTED_EDGE ( 'NONE', *, *, #8507, .T. ) ;
#8742 = CARTESIAN_POINT ( 'NONE',  ( -1.858565410385785821, 53.87253265680915604, -0.02437317584147715571 ) ) ;
#8743 = ORIENTED_EDGE ( 'NONE', *, *, #5919, .T. ) ;
#8744 = CARTESIAN_POINT ( 'NONE',  ( 1.460492112268033660, 56.64078770511056860, 0.2850896334234571672 ) ) ;
#8745 = ORIENTED_EDGE ( 'NONE', *, *, #8681, .T. ) ;
#8746 = DIRECTION ( 'NONE',  ( 0.0000000000000000000, -5.791444759739054499E-16, -1.000000000000000000 ) ) ;
#8747 = ORIENTED_EDGE ( 'NONE', *, *, #4141, .F. ) ;
#8748 = CIRCLE ( 'NONE', #1698, 0.5000000000000073275 ) ;
#8749 = CARTESIAN_POINT ( 'NONE',  ( 14.09999999999999964, 56.13128306799008982, -45.50521209058222638 ) ) ;
#8750 = VECTOR ( 'NONE', #7594, 1000.000000000000000 ) ;
#8751 = CARTESIAN_POINT ( 'NONE',  ( -13.50000000000000000, 54.09999999999998721, -1.297607197594146777 ) ) ;
#8752 = CARTESIAN_POINT ( 'NONE',  ( 6.002959302592481450, 56.69768321019457602, 0.04639808784537985398 ) ) ;
#8753 = CARTESIAN_POINT ( 'NONE',  ( 9.907577171524691195, 56.67657479259595732, -0.3037559157698058732 ) ) ;
#8754 = EDGE_CURVE ( 'NONE', #2573, #7709, #4187, .T. ) ;
#8755 = EDGE_CURVE ( 'NONE', #9652, #2288, #6509, .T. ) ;
#8756 = VECTOR ( 'NONE', #5731, 1000.000000000000000 ) ;
#8757 = CARTESIAN_POINT ( 'NONE',  ( 13.50000000000000000, 15.01351728617092895, -2.797128122774994452 ) ) ;
#8758 = LINE ( 'NONE', #1739, #4557 ) ;
#8759 = CARTESIAN_POINT ( 'NONE',  ( 7.275000000000002132, 62.00000000000004263, -27.19999999999996021 ) ) ;
#8760 = CARTESIAN_POINT ( 'NONE',  ( 6.993846955562222689, 55.65873506482969901, -0.3737647796839235759 ) ) ;
#8761 = VERTEX_POINT ( 'NONE', #4326 ) ;
#8762 = CARTESIAN_POINT ( 'NONE',  ( 10.92371235803487828, 54.92334465131426668, -0.8513888723903010325 ) ) ;
#8763 = CIRCLE ( 'NONE', #7626, 3.421800737654745461 ) ;
#8764 = EDGE_CURVE ( 'NONE', #3305, #2888, #7060, .T. ) ;
#8765 = EDGE_CURVE ( 'NONE', #5339, #6245, #8189, .T. ) ;
#8766 = CARTESIAN_POINT ( 'NONE',  ( -1.330592766316531117, 56.23067353828187720, -0.01695970555067700253 ) ) ;
#8767 = FACE_BOUND ( 'NONE', #7466, .T. ) ;
#8768 = DIRECTION ( 'NONE',  ( 0.0000000000000000000, 0.0000000000000000000, -1.000000000000000000 ) ) ;
#8769 = PLANE ( 'NONE',  #9737 ) ;
#8770 = AXIS2_PLACEMENT_3D ( 'NONE', #7612, #739, #2239 ) ;
#8771 = VERTEX_POINT ( 'NONE', #5836 ) ;
#8772 = ORIENTED_EDGE ( 'NONE', *, *, #3159, .F. ) ;
#8773 = CARTESIAN_POINT ( 'NONE',  ( 14.09999999999999964, 18.00000000000000355, -5.458128122775026014 ) ) ;
#8774 = DIRECTION ( 'NONE',  ( 0.0000000000000000000, -2.737354478688510640E-15, 1.000000000000000000 ) ) ;
#8775 = VECTOR ( 'NONE', #7324, 1000.000000000000000 ) ;
#8776 = CARTESIAN_POINT ( 'NONE',  ( 7.896806220030174295, 56.37170430018854717, -0.1394333655621031176 ) ) ;
#8777 = ORIENTED_EDGE ( 'NONE', *, *, #1250, .F. ) ;
#8778 = EDGE_CURVE ( 'NONE', #8716, #3508, #4234, .T. ) ;
#8779 = CARTESIAN_POINT ( 'NONE',  ( 7.899183936855859400, 55.71865026031528600, -0.07234574897400469773 ) ) ;
#8780 = CARTESIAN_POINT ( 'NONE',  ( -12.10000000000000142, 67.00195731433238677, -48.70000000000000995 ) ) ;
#8781 = CARTESIAN_POINT ( 'NONE',  ( -1.016453226203594573, 55.30661348659254628, 0.2927415438422247829 ) ) ;
#8782 = DIRECTION ( 'NONE',  ( 0.0000000000000000000, -0.0000000000000000000, 1.000000000000000000 ) ) ;
#8783 = CARTESIAN_POINT ( 'NONE',  ( 12.32598292897829140, 59.24442998000404259, -1.079858528902122972 ) ) ;
#8784 = VECTOR ( 'NONE', #6578, 1000.000000000000000 ) ;
#8785 = ORIENTED_EDGE ( 'NONE', *, *, #7953, .F. ) ;
#8786 = DIRECTION ( 'NONE',  ( 0.0000000000000000000, 3.784851220313034736E-15, 1.000000000000000000 ) ) ;
#8787 = ORIENTED_EDGE ( 'NONE', *, *, #9088, .F. ) ;
#8788 = CARTESIAN_POINT ( 'NONE',  ( -0.6560967510376433109, 55.40552303016249880, -0.003036850365405617449 ) ) ;
#8789 = EDGE_LOOP ( 'NONE', ( #2188, #3794, #7233, #7468 ) ) ;
#8790 = EDGE_CURVE ( 'NONE', #787, #2622, #6439, .T. ) ;
#8791 = ORIENTED_EDGE ( 'NONE', *, *, #8613, .F. ) ;
#8792 = EDGE_CURVE ( 'NONE', #2409, #5847, #1935, .T. ) ;
#8793 = CARTESIAN_POINT ( 'NONE',  ( 7.700750320291927409, 54.18062765105408118, -0.07239559482833268778 ) ) ;
#8794 = CARTESIAN_POINT ( 'NONE',  ( 5.792997192154582642, 56.69768321019456891, 0.06385703932866200472 ) ) ;
#8795 = CARTESIAN_POINT ( 'NONE',  ( 1.607348460638022614, 55.40786476103580327, -0.02740559966098426656 ) ) ;
#8796 = CARTESIAN_POINT ( 'NONE',  ( -14.09999999999999964, 30.21025154585982264, -33.49521209058222126 ) ) ;
#8797 = CARTESIAN_POINT ( 'NONE',  ( 9.970007542539930157, 56.68904289421046627, -0.3037559157698060952 ) ) ;
#8798 = DIRECTION ( 'NONE',  ( 0.0000000000000000000, 0.0000000000000000000, 1.000000000000000000 ) ) ;
#8799 = ORIENTED_EDGE ( 'NONE', *, *, #651, .T. ) ;
#8800 = CARTESIAN_POINT ( 'NONE',  ( 14.09999999999999964, 13.78128306799197489, -48.69521439518879902 ) ) ;
#8801 = CARTESIAN_POINT ( 'NONE',  ( 7.882986376360742398, 56.69668490471280364, -0.06796898991423495906 ) ) ;
#8802 = EDGE_CURVE ( 'NONE', #7542, #5359, #3572, .T. ) ;
#8803 = EDGE_CURVE ( 'NONE', #6307, #3412, #8351, .T. ) ;
#8804 = DIRECTION ( 'NONE',  ( 1.000000000000000000, 0.0000000000000000000, 0.0000000000000000000 ) ) ;
#8805 = CARTESIAN_POINT ( 'NONE',  ( 5.025022572574452617, 55.65749356333511599, 0.7023928024058537778 ) ) ;
#8806 = CARTESIAN_POINT ( 'NONE',  ( 6.970421464503671949, 55.39024766243378650, -0.3737647796839237424 ) ) ;
#8807 = VECTOR ( 'NONE', #2446, 1000.000000000000000 ) ;
#8808 = CARTESIAN_POINT ( 'NONE',  ( 10.69382171531992576, 54.13182815570101525, -0.8513888723903012545 ) ) ;
#8809 = CARTESIAN_POINT ( 'NONE',  ( -14.09999999999999964, 17.28128306799198199, -48.69521439518879902 ) ) ;
#8810 = CARTESIAN_POINT ( 'NONE',  ( -1.179401866218968031, 56.04907041366951148, 0.2945886685900927504 ) ) ;
#8811 = EDGE_CURVE ( 'NONE', #6669, #4275, #5120, .T. ) ;
#8812 = DIRECTION ( 'NONE',  ( 0.0000000000000000000, -1.000000000000000000, 3.362642065588203259E-15 ) ) ;
#8813 = EDGE_CURVE ( 'NONE', #4816, #1436, #2692, .T. ) ;
#8814 = ADVANCED_FACE ( 'NONE', ( #4368 ), #8060, .T. ) ;
#8815 = ORIENTED_EDGE ( 'NONE', *, *, #8076, .F. ) ;
#8816 = CARTESIAN_POINT ( 'NONE',  ( -0.6570455554284473365, 55.14699510684392436, -0.02630137221458224081 ) ) ;
#8817 = VECTOR ( 'NONE', #4177, 1000.000000000000000 ) ;
#8818 = CARTESIAN_POINT ( 'NONE',  ( -8.500000000000000000, 9.999999999990905053, -25.20200572722880139 ) ) ;
#8819 = CARTESIAN_POINT ( 'NONE',  ( 8.674913043249587119, 55.08538065147588725, -0.1407445101694958789 ) ) ;
#8820 = CIRCLE ( 'NONE', #4000, 4.000000000000327738 ) ;
#8821 = CARTESIAN_POINT ( 'NONE',  ( 1.043212824275349782, 53.87253265680915604, -0.007678052877243839516 ) ) ;
#8822 = EDGE_CURVE ( 'NONE', #2343, #9074, #8834, .T. ) ;
#8823 = ORIENTED_EDGE ( 'NONE', *, *, #8563, .T. ) ;
#8824 = EDGE_LOOP ( 'NONE', ( #7913, #574 ) ) ;
#8825 = CARTESIAN_POINT ( 'NONE',  ( 7.660605159592600799, 55.66969957318718087, -0.07234574897400512794 ) ) ;
#8826 = CARTESIAN_POINT ( 'NONE',  ( 7.896806220030174295, 56.37170430018855427, -0.4413050510729616405 ) ) ;
#8827 = CARTESIAN_POINT ( 'NONE',  ( -14.09999999999999964, 57.68607360139083085, -50.70000000000000995 ) ) ;
#8828 = CARTESIAN_POINT ( 'NONE',  ( 1.936257759506731846, 54.31724625589701105, -0.03047645466537987277 ) ) ;
#8829 = ORIENTED_EDGE ( 'NONE', *, *, #3820, .F. ) ;
#8830 = CARTESIAN_POINT ( 'NONE',  ( 14.09999999999999964, 17.28128306799198199, -48.69521439518879902 ) ) ;
#8831 = VERTEX_POINT ( 'NONE', #2873 ) ;
#8832 = CARTESIAN_POINT ( 'NONE',  ( 7.249941820486998978, 56.37679772065740025, -0.07020928795056251281 ) ) ;
#8833 = ORIENTED_EDGE ( 'NONE', *, *, #8778, .T. ) ;
#8834 = CIRCLE ( 'NONE', #4491, 2.500000000000000444 ) ;
#8835 = ORIENTED_EDGE ( 'NONE', *, *, #938, .T. ) ;
#8836 = DIRECTION ( 'NONE',  ( 1.000000000000000000, -0.0000000000000000000, 0.0000000000000000000 ) ) ;
#8837 = VERTEX_POINT ( 'NONE', #8809 ) ;
#8838 = CARTESIAN_POINT ( 'NONE',  ( 8.703658541744504262, 54.75927596475067105, -0.5390089958205916965 ) ) ;
#8839 = CARTESIAN_POINT ( 'NONE',  ( 10.60932891344645945, 55.15404483382211964, -0.7985666376649148690 ) ) ;
#8840 = CARTESIAN_POINT ( 'NONE',  ( 8.618027305946148076, 56.20682289423744038, -0.1393682611193158005 ) ) ;
#8841 = CARTESIAN_POINT ( 'NONE',  ( 10.59125136673532808, 54.81571606872375924, -0.4924393655773501854 ) ) ;
#8842 = DIRECTION ( 'NONE',  ( 0.0000000000000000000, 0.0000000000000000000, -1.000000000000000000 ) ) ;
#8843 = EDGE_LOOP ( 'NONE', ( #2458, #3691, #8090, #3722 ) ) ;
#8844 = CARTESIAN_POINT ( 'NONE',  ( -7.295006188712704898, 35.93013281871203901, -3.297607197594146111 ) ) ;
#8845 = CARTESIAN_POINT ( 'NONE',  ( 7.917179901905550210, 56.69768321019456891, -0.06796898991423495906 ) ) ;
#8846 = DIRECTION ( 'NONE',  ( 0.0000000000000000000, -0.0000000000000000000, 1.000000000000000000 ) ) ;
#8847 = DIRECTION ( 'NONE',  ( 0.0000000000000000000, -0.0000000000000000000, -1.000000000000000000 ) ) ;
#8848 = ORIENTED_EDGE ( 'NONE', *, *, #6030, .T. ) ;
#8849 = DIRECTION ( 'NONE',  ( 0.0000000000000000000, -1.000000000000000000, 0.0000000000000000000 ) ) ;
#8850 = ADVANCED_FACE ( 'NONE', ( #9648 ), #9442, .T. ) ;
#8851 = CARTESIAN_POINT ( 'NONE',  ( 9.409199108704303427, 54.32100680041747154, -0.3042425055354368024 ) ) ;
#8852 = CARTESIAN_POINT ( 'NONE',  ( 9.522965595049740273, 54.10852780519892491, -0.3399537658748791880 ) ) ;
#8853 = LINE ( 'NONE', #421, #4442 ) ;
#8854 = ORIENTED_EDGE ( 'NONE', *, *, #1275, .T. ) ;
#8855 = CARTESIAN_POINT ( 'NONE',  ( -0.6690401402690704380, 54.99940565735195008, -0.02630137221458180713 ) ) ;
#8856 = DIRECTION ( 'NONE',  ( 0.0000000000000000000, 0.0000000000000000000, -1.000000000000000000 ) ) ;
#8857 = DIRECTION ( 'NONE',  ( 0.0000000000000000000, 0.0000000000000000000, 1.000000000000000000 ) ) ;
#8858 = ADVANCED_FACE ( 'NONE', ( #3077 ), #1574, .T. ) ;
#8859 = ADVANCED_FACE ( 'NONE', ( #657 ), #3817, .F. ) ;
#8860 = ORIENTED_EDGE ( 'NONE', *, *, #3832, .T. ) ;
#8861 = CARTESIAN_POINT ( 'NONE',  ( 14.09999999999999964, 0.0000000000000000000, -44.19521439519115802 ) ) ;
#8862 = CARTESIAN_POINT ( 'NONE',  ( 10.68089881102654992, 56.42606597334735596, -0.4181348863512487912 ) ) ;
#8863 = EDGE_LOOP ( 'NONE', ( #3374, #3143, #8000, #6229 ) ) ;
#8864 = CARTESIAN_POINT ( 'NONE',  ( 8.378983357747397775, 54.79161208363164803, -0.4970383707680748886 ) ) ;
#8865 = AXIS2_PLACEMENT_3D ( 'NONE', #3376, #7100, #8697 ) ;
#8866 = DIRECTION ( 'NONE',  ( 0.0000000000000000000, 0.0000000000000000000, 1.000000000000000000 ) ) ;
#8867 = ORIENTED_EDGE ( 'NONE', *, *, #2596, .T. ) ;
#8868 = CARTESIAN_POINT ( 'NONE',  ( 14.09999999999999964, 21.78128306799197844, 0.0000000000000000000 ) ) ;
#8869 = ORIENTED_EDGE ( 'NONE', *, *, #2597, .T. ) ;
#8870 = CARTESIAN_POINT ( 'NONE',  ( 7.328714489315339087, 55.78426596492492706, -0.4114301739047729334 ) ) ;
#8871 = VECTOR ( 'NONE', #6171, 1000.000000000000000 ) ;
#8872 = AXIS2_PLACEMENT_3D ( 'NONE', #7318, #6563, #427 ) ;
#8873 = CARTESIAN_POINT ( 'NONE',  ( 10.86345520938633413, 54.49565676535278413, -0.5339167463976500771 ) ) ;
#8874 = ORIENTED_EDGE ( 'NONE', *, *, #4498, .F. ) ;
#8875 = CARTESIAN_POINT ( 'NONE',  ( 14.09999999999999964, 21.78128306799197844, -44.19521439519115802 ) ) ;
#8876 = CARTESIAN_POINT ( 'NONE',  ( 8.472236395270217102, 54.10596747156079545, -0.5390089958205921405 ) ) ;
#8877 = CARTESIAN_POINT ( 'NONE',  ( 10.10304959289029547, 54.16229168792561666, -0.7237856243798195255 ) ) ;
#8878 = DIRECTION ( 'NONE',  ( -1.000000000000000000, -0.0000000000000000000, -0.0000000000000000000 ) ) ;
#8879 = CARTESIAN_POINT ( 'NONE',  ( 8.639852288880462083, 56.13300122051873586, -0.5344844159557685659 ) ) ;
#8880 = AXIS2_PLACEMENT_3D ( 'NONE', #4503, #5467, #6936 ) ;
#8881 = CARTESIAN_POINT ( 'NONE',  ( -2.791227291791869014, 53.87253265680915604, 0.7023928024058537778 ) ) ;
#8882 = ORIENTED_EDGE ( 'NONE', *, *, #5475, .T. ) ;
#8883 = CARTESIAN_POINT ( 'NONE',  ( -1.367623075320881787, 54.31227330536837172, -0.02704955251262377777 ) ) ;
#8884 = AXIS2_PLACEMENT_3D ( 'NONE', #2967, #8528, #6018 ) ;
#8885 = AXIS2_PLACEMENT_3D ( 'NONE', #3983, #2430, #8407 ) ;
#8886 = EDGE_CURVE ( 'NONE', #9125, #2952, #6078, .T. ) ;
#8887 = CARTESIAN_POINT ( 'NONE',  ( 7.275000000000002132, 52.00000000000005684, -23.69999999999992468 ) ) ;
#8888 = CARTESIAN_POINT ( 'NONE',  ( 7.203666199644172430, 54.15325510530180964, -0.3670043606607491515 ) ) ;
#8889 = EDGE_LOOP ( 'NONE', ( #2412, #7683, #4322, #3685 ) ) ;
#8890 = SURFACE_SIDE_STYLE ('',( #656 ) ) ;
#8891 = AXIS2_PLACEMENT_3D ( 'NONE', #3630, #2877, #5933 ) ;
#8892 = CARTESIAN_POINT ( 'NONE',  ( 14.09999999999999964, 0.01202265661461220971, -50.69999714902800747 ) ) ;
#8893 = CARTESIAN_POINT ( 'NONE',  ( 9.272231154666119579, 55.06513382925930244, -0.3065551546805362348 ) ) ;
#8894 = CARTESIAN_POINT ( 'NONE',  ( 3.047417185204659873, 54.19851156681517068, 0.2347304951847081766 ) ) ;
#8895 = ORIENTED_EDGE ( 'NONE', *, *, #4933, .T. ) ;
#8896 = VECTOR ( 'NONE', #1471, 1000.000000000000114 ) ;
#8897 = EDGE_CURVE ( 'NONE', #1827, #6788, #1475, .T. ) ;
#8898 = CARTESIAN_POINT ( 'NONE',  ( 7.292386991060698875, 54.81028795868408565, -0.07456829714020223043 ) ) ;
#8899 = FACE_OUTER_BOUND ( 'NONE', #2975, .T. ) ;
#8900 = ORIENTED_EDGE ( 'NONE', *, *, #2339, .T. ) ;
#8901 = CARTESIAN_POINT ( 'NONE',  ( 7.454775188436058464, 55.54603596147899225, -0.3931345374817978855 ) ) ;
#8902 = CARTESIAN_POINT ( 'NONE',  ( 10.81466354070975200, 56.15372992452472545, -0.8513888723903116906 ) ) ;
#8903 = EDGE_LOOP ( 'NONE', ( #1814, #9859 ) ) ;
#8904 = ORIENTED_EDGE ( 'NONE', *, *, #2843, .F. ) ;
#8905 = ADVANCED_FACE ( 'NONE', ( #3668 ), #57, .T. ) ;
#8906 = DIRECTION ( 'NONE',  ( 0.0000000000000000000, 3.965082230804130614E-15, 1.000000000000000000 ) ) ;
#8907 = CARTESIAN_POINT ( 'NONE',  ( 14.09999999999999964, 13.28128306799197489, -48.19521439518879902 ) ) ;
#8908 = AXIS2_PLACEMENT_3D ( 'NONE', #6000, #2189, #8320 ) ;
#8909 = VERTEX_POINT ( 'NONE', #6900 ) ;
#8910 = FACE_BOUND ( 'NONE', #4192, .T. ) ;
#8911 = ORIENTED_EDGE ( 'NONE', *, *, #9202, .F. ) ;
#8912 = CARTESIAN_POINT ( 'NONE',  ( 7.298282984816489183, 55.54048354615645167, -0.07255918057899224394 ) ) ;
#8913 = VECTOR ( 'NONE', #3660, 1000.000000000000000 ) ;
#8914 = ORIENTED_EDGE ( 'NONE', *, *, #8229, .T. ) ;
#8915 = ADVANCED_FACE ( 'NONE', ( #4420 ), #613, .T. ) ;
#8916 = EDGE_CURVE ( 'NONE', #5730, #2924, #6728, .T. ) ;
#8917 = CARTESIAN_POINT ( 'NONE',  ( -8.500000000000000000, 13.99999999999999467, -33.70200572722880850 ) ) ;
#8918 = ORIENTED_EDGE ( 'NONE', *, *, #8803, .F. ) ;
#8919 = CARTESIAN_POINT ( 'NONE',  ( 8.506831615939015379, 54.15227425413542051, -0.5390089958205912524 ) ) ;
#8920 = CARTESIAN_POINT ( 'NONE',  ( 10.53833959312324886, 54.53871007816770344, -0.7878544687393711499 ) ) ;
#8921 = DIRECTION ( 'NONE',  ( 1.000000000000000000, 0.0000000000000000000, 0.0000000000000000000 ) ) ;
#8922 = CARTESIAN_POINT ( 'NONE',  ( 14.09999999999999964, 54.09999999999998721, -6.348128122775007043 ) ) ;
#8923 = VECTOR ( 'NONE', #3020, 1000.000000000000000 ) ;
#8924 = DIRECTION ( 'NONE',  ( 0.0000000000000000000, -1.000000000000000000, 0.0000000000000000000 ) ) ;
#8925 = DIRECTION ( 'NONE',  ( -0.0000000000000000000, -0.0000000000000000000, 1.000000000000000000 ) ) ;
#8926 = ORIENTED_EDGE ( 'NONE', *, *, #1302, .T. ) ;
#8927 = CIRCLE ( 'NONE', #794, 70.87421554853963812 ) ;
#8928 = DIRECTION ( 'NONE',  ( 0.0000000000000000000, -0.0000000000000000000, -1.000000000000000000 ) ) ;
#8929 = LINE ( 'NONE', #9019, #273 ) ;
#8930 = EDGE_CURVE ( 'NONE', #9018, #965, #7690, .T. ) ;
#8931 = DIRECTION ( 'NONE',  ( -1.000000000000000000, 0.0000000000000000000, -0.0000000000000000000 ) ) ;
#8932 = ORIENTED_EDGE ( 'NONE', *, *, #5229, .F. ) ;
#8933 = CARTESIAN_POINT ( 'NONE',  ( -14.09999999999999964, 21.78128306799197489, -44.19521439519115802 ) ) ;
#8934 = CARTESIAN_POINT ( 'NONE',  ( 14.09999999999999964, 9.999999999999994671, -3.618128122775018163 ) ) ;
#8935 = ORIENTED_EDGE ( 'NONE', *, *, #4407, .T. ) ;
#8936 = DIRECTION ( 'NONE',  ( 1.000000000000000000, 0.0000000000000000000, 0.0000000000000000000 ) ) ;
#8937 = VECTOR ( 'NONE', #5095, 1000.000000000000000 ) ;
#8938 = DIRECTION ( 'NONE',  ( 1.000000000000000000, 0.0000000000000000000, 0.0000000000000000000 ) ) ;
#8939 = CARTESIAN_POINT ( 'NONE',  ( 2.685218396309093869, 56.69768321019457602, -0.05088583449003314385 ) ) ;
#8940 = CARTESIAN_POINT ( 'NONE',  ( 10.08546377893788559, 54.16297520648971897, -0.3476052596559752739 ) ) ;
#8941 = LINE ( 'NONE', #5882, #9438 ) ;
#8942 = VERTEX_POINT ( 'NONE', #764 ) ;
#8943 = B_SPLINE_CURVE_WITH_KNOTS ( 'NONE', 3,
 ( #1771, #3410, #4813, #6476, #2401, #1652, #7880, #3319, #2567, #5000, #1907, #8781 ),
 .UNSPECIFIED., .F., .F.,
 ( 4, 2, 2, 2, 2, 4 ),
 ( 6.505213034913026604E-19, 0.0001456247039329379141, 0.0002912494078658751776, 0.0005824988157317332249, 0.0008737482235975914347, 0.001164997631463449536 ),
 .UNSPECIFIED. ) ;
#8944 = CARTESIAN_POINT ( 'NONE',  ( -0.9522347795419251471, 54.24211069695834198, 0.2989210827142307902 ) ) ;
#8945 = CARTESIAN_POINT ( 'NONE',  ( -4.724999999999997868, 62.00000000000004263, -27.19999999999996021 ) ) ;
#8946 = CARTESIAN_POINT ( 'NONE',  ( 8.703278151086941250, 54.90074262327541987, -0.1407445101694963230 ) ) ;
#8947 = CYLINDRICAL_SURFACE ( 'NONE', #4108, 0.5000000000000004441 ) ;
#8948 = VECTOR ( 'NONE', #2453, 1000.000000000000000 ) ;
#8949 = EDGE_CURVE ( 'NONE', #7789, #4282, #8014, .T. ) ;
#8950 = EDGE_CURVE ( 'NONE', #1132, #4998, #6744, .T. ) ;
#8951 = ORIENTED_EDGE ( 'NONE', *, *, #5273, .F. ) ;
#8952 = DIRECTION ( 'NONE',  ( 1.000000000000000000, 0.0000000000000000000, -0.0000000000000000000 ) ) ;
#8953 = CARTESIAN_POINT ( 'NONE',  ( 10.29801955575767636, 56.67739565039207150, -0.8513888723903112465 ) ) ;
#8954 = VERTEX_POINT ( 'NONE', #9136 ) ;
#8955 = VERTEX_POINT ( 'NONE', #2259 ) ;
#8956 = CARTESIAN_POINT ( 'NONE',  ( 5.051373269088154316, 55.66833275853865359, 0.1244914657889750059 ) ) ;
#8957 = CARTESIAN_POINT ( 'NONE',  ( 8.507942019768517383, 56.42662293528628936, -0.2103023285396692366 ) ) ;
#8958 = PLANE ( 'NONE',  #1682 ) ;
#8959 = VECTOR ( 'NONE', #2676, 1000.000000000000000 ) ;
#8960 = ORIENTED_EDGE ( 'NONE', *, *, #2907, .F. ) ;
#8961 = EDGE_CURVE ( 'NONE', #606, #279, #2367, .T. ) ;
#8962 = LINE ( 'NONE', #2806, #8937 ) ;
#8963 = ORIENTED_EDGE ( 'NONE', *, *, #2039, .F. ) ;
#8964 = CARTESIAN_POINT ( 'NONE',  ( 7.139628747338660375, 56.20351052559084337, -0.05899069060406764153 ) ) ;
#8965 = FACE_OUTER_BOUND ( 'NONE', #4971, .T. ) ;
#8966 = ORIENTED_EDGE ( 'NONE', *, *, #2104, .T. ) ;
#8967 =( GEOMETRIC_REPRESENTATION_CONTEXT ( 3 ) GLOBAL_UNCERTAINTY_ASSIGNED_CONTEXT ( ( #1331 ) ) GLOBAL_UNIT_ASSIGNED_CONTEXT ( ( #7785, #4206, #5674 ) ) REPRESENTATION_CONTEXT ( 'NONE', 'WORKASPACE' ) );
#8968 = CARTESIAN_POINT ( 'NONE',  ( 7.505330172808787559, 54.28883895797132908, -0.07239559482833247961 ) ) ;
#8969 = ORIENTED_EDGE ( 'NONE', *, *, #8241, .T. ) ;
#8970 = CARTESIAN_POINT ( 'NONE',  ( 8.207989489260471672, 53.90425694227845099, -0.5390089958205914744 ) ) ;
#8971 = DIRECTION ( 'NONE',  ( 0.0000000000000000000, -5.782411586589357639E-16, -1.000000000000000000 ) ) ;
#8972 = CARTESIAN_POINT ( 'NONE',  ( -8.673617379884035472E-16, 9.999999999990905053, -25.20200572722874810 ) ) ;
#8973 = EDGE_CURVE ( 'NONE', #400, #8588, #2749, .T. ) ;
#8974 = DIRECTION ( 'NONE',  ( 0.0000000000000000000, -1.000000000000000000, 0.0000000000000000000 ) ) ;
#8975 = ADVANCED_FACE ( 'NONE', ( #7530 ), #7586, .T. ) ;
#8976 = VECTOR ( 'NONE', #7944, 1000.000000000000000 ) ;
#8977 = DIRECTION ( 'NONE',  ( -0.0000000000000000000, 1.000000000000000000, -0.0000000000000000000 ) ) ;
#8978 = ORIENTED_EDGE ( 'NONE', *, *, #3438, .T. ) ;
#8979 = CARTESIAN_POINT ( 'NONE',  ( -1.848923473601687073, 54.19913257915933968, -0.02704955251262356267 ) ) ;
#8980 = EDGE_LOOP ( 'NONE', ( #1298, #3060, #528, #5858, #5172 ) ) ;
#8981 = LINE ( 'NONE', #8887, #8594 ) ;
#8982 = CARTESIAN_POINT ( 'NONE',  ( 5.676980392586471247, 0.0000000000000000000, -0.2277271485982973465 ) ) ;
#8983 = VERTEX_POINT ( 'NONE', #7797 ) ;
#8984 = DIRECTION ( 'NONE',  ( 0.0000000000000000000, -1.000000000000000000, 3.362642065588203259E-15 ) ) ;
#8985 = CARTESIAN_POINT ( 'NONE',  ( -14.09999999999999964, 12.48128306799198484, 0.0000000000000000000 ) ) ;
#8986 = CARTESIAN_POINT ( 'NONE',  ( 1.516334992270183202, 55.35754769128098474, 0.2838457456046812877 ) ) ;
#8987 = EDGE_LOOP ( 'NONE', ( #6860, #2559, #5268, #6893 ) ) ;
#8988 = CARTESIAN_POINT ( 'NONE',  ( -1.444785514261752724, 53.91890340758600786, 0.2989210827142310123 ) ) ;
#8989 = CARTESIAN_POINT ( 'NONE',  ( -14.09999999999999964, 17.28128306799198199, -48.19521439518879191 ) ) ;
#8990 = FACE_OUTER_BOUND ( 'NONE', #9140, .T. ) ;
#8991 = ORIENTED_EDGE ( 'NONE', *, *, #7684, .T. ) ;
#8992 = CARTESIAN_POINT ( 'NONE',  ( -4.724999999999997868, 57.00000000000004263, -27.19999999999994245 ) ) ;
#8993 = VERTEX_POINT ( 'NONE', #210 ) ;
#8994 = CARTESIAN_POINT ( 'NONE',  ( 7.293291311473067751, 54.87335357784626666, -0.4373989088692308291 ) ) ;
#8995 = CIRCLE ( 'NONE', #510, 1.000000000000000000 ) ;
#8996 = ORIENTED_EDGE ( 'NONE', *, *, #4407, .F. ) ;
#8997 = CARTESIAN_POINT ( 'NONE',  ( 5.025022572574452617, 55.65749356333511599, 0.1244914657889752141 ) ) ;
#8998 = LINE ( 'NONE', #8165, #8565 ) ;
#8999 = EDGE_CURVE ( 'NONE', #9366, #1219, #4984, .T. ) ;
#9000 = B_SPLINE_SURFACE_WITH_KNOTS ( 'NONE', 3, 1, ( 
 ( #7080, #9423 ),
 ( #2386, #8676 ),
 ( #2442, #5504 ),
 ( #3255, #7819 ),
 ( #8623, #8521 ),
 ( #7917, #7178 ),
 ( #4804, #329 ),
 ( #7871, #5450 ),
 ( #5660, #8571 ),
 ( #282, #4148 ),
 ( #3402, #6416 ),
 ( #1704, #1856 ),
 ( #4904, #953 ),
 ( #3996, #6312 ),
 ( #8819, #1943 ),
 ( #1986, #7403 ),
 ( #8946, #8068 ),
 ( #5712, #9572 ),
 ( #6468, #5079 ) ),
 .UNSPECIFIED., .F., .F., .F.,
 ( 4, 1, 1, 1, 1, 1, 1, 1, 1, 1, 1, 1, 1, 1, 1, 1, 4 ),
 ( 2, 2 ),
 ( 0.0000000000000000000, 0.05920555142425127509, 0.1164938215121094356, 0.1734682750137404306, 0.2297829316230838859, 0.2864811741595809091, 0.3442361999026127828, 0.4041590575186570500, 0.4665854485735340118, 0.5299760108317199681, 0.5928877524820951317, 0.6565479076803254488, 0.7210197624636156544, 0.7870445879957411739, 0.8550512700187036241, 0.9260419653747812285, 0.9999999999999998890 ),
 ( 0.0000000000000000000, 1.000000000000000000 ),
 .UNSPECIFIED. ) ;
#9001 = CARTESIAN_POINT ( 'NONE',  ( 8.451453187024023705, 55.94914238775456994, -0.2034728327338065912 ) ) ;
#9002 = CARTESIAN_POINT ( 'NONE',  ( 14.09999999999999964, 54.52787485811878554, -46.23359756302511414 ) ) ;
#9003 = ORIENTED_EDGE ( 'NONE', *, *, #5354, .T. ) ;
#9004 = DIRECTION ( 'NONE',  ( 0.0000000000000000000, -1.000000000000000000, 3.362642065588203259E-15 ) ) ;
#9005 = ORIENTED_EDGE ( 'NONE', *, *, #5154, .T. ) ;
#9006 = FACE_OUTER_BOUND ( 'NONE', #4551, .T. ) ;
#9007 = CARTESIAN_POINT ( 'NONE',  ( 8.220521387605586483, 56.22682478463033107, -0.1744246936133156123 ) ) ;
#9008 = ORIENTED_EDGE ( 'NONE', *, *, #6665, .T. ) ;
#9009 = CARTESIAN_POINT ( 'NONE',  ( 7.512782681173651333, 53.91412344895856990, -0.4418531884689688161 ) ) ;
#9011 = EDGE_CURVE ( 'NONE', #7775, #9629, #1924, .T. ) ;
#9010 = CARTESIAN_POINT ( 'NONE',  ( 7.880394087408343573, 53.83631277791959491, -0.1352089772695212189 ) ) ;
#9012 = CARTESIAN_POINT ( 'NONE',  ( 8.201411579082067860, 56.65086686252822545, -0.5344844159557691210 ) ) ;
#9013 = CARTESIAN_POINT ( 'NONE',  ( 14.09999999999999964, 10.52999999999999758, -4.118128122775018163 ) ) ;
#9014 = VECTOR ( 'NONE', #4070, 1000.000000000000000 ) ;
#9015 = CARTESIAN_POINT ( 'NONE',  ( -14.09999999999999964, 10.49999999999999467, -3.118128122775017719 ) ) ;
#9016 = AXIS2_PLACEMENT_3D ( 'NONE', #1594, #1492, #4490 ) ;
#9017 = DIRECTION ( 'NONE',  ( 0.0000000000000000000, 0.0000000000000000000, 1.000000000000000000 ) ) ;
#9018 = VERTEX_POINT ( 'NONE', #8545 ) ;
#9019 = CARTESIAN_POINT ( 'NONE',  ( 10.09965397924439934, 56.37170430018856138, -0.6094521746724465006 ) ) ;
#9020 = DIRECTION ( 'NONE',  ( 1.000000000000000000, 0.0000000000000000000, 0.0000000000000000000 ) ) ;
#9021 = CARTESIAN_POINT ( 'NONE',  ( 1.680000550628548472, 56.50175099677001356, 0.2943615570823890915 ) ) ;
#9022 = ORIENTED_EDGE ( 'NONE', *, *, #1224, .F. ) ;
#9023 = VECTOR ( 'NONE', #2322, 999.9999999999998863 ) ;
#9024 = EDGE_CURVE ( 'NONE', #7422, #4003, #1785, .T. ) ;
#9026 = EDGE_CURVE ( 'NONE', #7140, #3948, #1621, .T. ) ;
#9025 = FACE_OUTER_BOUND ( 'NONE', #7224, .T. ) ;
#9027 = VECTOR ( 'NONE', #1404, 1000.000000000000000 ) ;
#9028 = DIRECTION ( 'NONE',  ( 0.0000000000000000000, -1.000000000000000000, 0.0000000000000000000 ) ) ;
#9029 = ORIENTED_EDGE ( 'NONE', *, *, #2852, .T. ) ;
#9030 =( NAMED_UNIT ( * ) PLANE_ANGLE_UNIT ( ) SI_UNIT ( $, .RADIAN. ) );
#9031 = DIRECTION ( 'NONE',  ( -1.000000000000000000, 0.0000000000000000000, 0.0000000000000000000 ) ) ;
#9032 = VECTOR ( 'NONE', #940, 1000.000000000000000 ) ;
#9033 = AXIS2_PLACEMENT_3D ( 'NONE', #2374, #5439, #8510 ) ;
#9034 = DIRECTION ( 'NONE',  ( -9.238172357272934634E-16, -3.284683504808154273E-15, -1.000000000000000000 ) ) ;
#9035 = FACE_OUTER_BOUND ( 'NONE', #4119, .T. ) ;
#9036 = PLANE ( 'NONE',  #4144 ) ;
#9037 = ORIENTED_EDGE ( 'NONE', *, *, #4360, .T. ) ;
#9038 = ADVANCED_FACE ( 'NONE', ( #6240 ), #5902, .T. ) ;
#9040 = EDGE_CURVE ( 'NONE', #6881, #5999, #1676, .T. ) ;
#9039 = CARTESIAN_POINT ( 'NONE',  ( -0.7580167229873993051, 54.61342579341278736, -0.02630137221458158855 ) ) ;
#9041 = CARTESIAN_POINT ( 'NONE',  ( -1.776341154534403888, 54.20026977565320436, -0.02217504341174923038 ) ) ;
#9042 = CARTESIAN_POINT ( 'NONE',  ( 8.700930010034891637, 54.68403897774908984, -0.2338386642457443154 ) ) ;
#9043 = VERTEX_POINT ( 'NONE', #313 ) ;
#9044 = CARTESIAN_POINT ( 'NONE',  ( 9.735172328542409659, 56.15560286237934662, -0.6754602429355871518 ) ) ;
#9045 = CIRCLE ( 'NONE', #2493, 70.87421554853963812 ) ;
#9046 = VECTOR ( 'NONE', #1920, 1000.000000000000000 ) ;
#9047 = CARTESIAN_POINT ( 'NONE',  ( 3.047417185204659873, 54.19851156681517068, -0.06554603611215459313 ) ) ;
#9048 = DIRECTION ( 'NONE',  ( -0.0000000000000000000, 9.912705577010318647E-16, -1.000000000000000000 ) ) ;
#9049 = ORIENTED_EDGE ( 'NONE', *, *, #9308, .F. ) ;
#9050 = VERTEX_POINT ( 'NONE', #4028 ) ;
#9051 = CARTESIAN_POINT ( 'NONE',  ( 9.597108635494738138, 55.10865347473747988, -0.3476052596559754959 ) ) ;
#9052 = DIRECTION ( 'NONE',  ( 0.0000000000000000000, 0.0000000000000000000, 1.000000000000000000 ) ) ;
#9053 = VECTOR ( 'NONE', #4500, 1000.000000000000000 ) ;
#9054 = EDGE_LOOP ( 'NONE', ( #6123, #2145, #4095, #7672 ) ) ;
#9055 = EDGE_LOOP ( 'NONE', ( #8657, #1221 ) ) ;
#9056 = EDGE_CURVE ( 'NONE', #4757, #8035, #3384, .T. ) ;
#9057 = FACE_OUTER_BOUND ( 'NONE', #9498, .T. ) ;
#9058 = PLANE ( 'NONE',  #377 ) ;
#9059 = LINE ( 'NONE', #6049, #7595 ) ;
#9060 = VECTOR ( 'NONE', #55, 1000.000000000000000 ) ;
#9061 = ORIENTED_EDGE ( 'NONE', *, *, #2071, .F. ) ;
#9062 = CARTESIAN_POINT ( 'NONE',  ( 14.09999999999999964, 37.59360607324528303, -2.797128122774994452 ) ) ;
#9063 = VERTEX_POINT ( 'NONE', #3235 ) ;
#9064 = DIRECTION ( 'NONE',  ( 1.000000000000000000, 0.0000000000000000000, 0.0000000000000000000 ) ) ;
#9065 = CARTESIAN_POINT ( 'NONE',  ( -1.044856746133081327, 56.43893672848056298, 0.2988225618489430691 ) ) ;
#9066 = EDGE_CURVE ( 'NONE', #8056, #635, #3182, .T. ) ;
#9067 = CYLINDRICAL_SURFACE ( 'NONE', #1843, 0.5000000000002385869 ) ;
#9068 = AXIS2_PLACEMENT_3D ( 'NONE', #135, #7770, #1710 ) ;
#9069 = CARTESIAN_POINT ( 'NONE',  ( -1.475545640956314797, 56.31814500848361860, 0.2868131980923047664 ) ) ;
#9070 = CARTESIAN_POINT ( 'NONE',  ( -14.10000000000000675, 21.94655343246308377, -46.22435601955750428 ) ) ;
#9071 = CARTESIAN_POINT ( 'NONE',  ( -12.10000000000000142, 66.64840392373909594, -48.55355339059327946 ) ) ;
#9072 = CIRCLE ( 'NONE', #1562, 2.500000000000000444 ) ;
#9073 = DIRECTION ( 'NONE',  ( 0.0000000000000000000, -0.7071067811865456854, 0.7071067811865493491 ) ) ;
#9074 = VERTEX_POINT ( 'NONE', #933 ) ;
#9075 = DIRECTION ( 'NONE',  ( 0.0000000000000000000, 0.0000000000000000000, 1.000000000000000000 ) ) ;
#9076 = EDGE_CURVE ( 'NONE', #7264, #3525, #2471, .T. ) ;
#9077 = ORIENTED_EDGE ( 'NONE', *, *, #1658, .F. ) ;
#9078 = CARTESIAN_POINT ( 'NONE',  ( 9.772689492844685688, 53.90228566968152535, -0.7260886155308459156 ) ) ;
#9079 = CARTESIAN_POINT ( 'NONE',  ( -14.09999999999999964, 0.0000000000000000000, -48.69521439518879902 ) ) ;
#9080 = DIRECTION ( 'NONE',  ( 0.0000000000000000000, -1.000000000000000000, 0.0000000000000000000 ) ) ;
#9081 = DIRECTION ( 'NONE',  ( 0.0000000000000000000, 0.0000000000000000000, 1.000000000000000000 ) ) ;
#9082 = ORIENTED_EDGE ( 'NONE', *, *, #2894, .T. ) ;
#9083 = CARTESIAN_POINT ( 'NONE',  ( 14.09999999999999964, 57.50000000000000000, -38.69804268566760896 ) ) ;
#9084 = CARTESIAN_POINT ( 'NONE',  ( 10.39353739321262893, 56.24863750660794892, -0.8009584369727306141 ) ) ;
#9085 = CARTESIAN_POINT ( 'NONE',  ( 0.0000000000000000000, 53.87253265680915604, -70.87421554853963812 ) ) ;
#9086 = CARTESIAN_POINT ( 'NONE',  ( 7.466171830324335623, 56.12937568464515437, -0.09268039930488733424 ) ) ;
#9087 = AXIS2_PLACEMENT_3D ( 'NONE', #810, #9176, #648 ) ;
#9088 = EDGE_CURVE ( 'NONE', #2924, #6164, #5243, .T. ) ;
#9089 = DIRECTION ( 'NONE',  ( 0.0000000000000000000, 0.0000000000000000000, 1.000000000000000000 ) ) ;
#9090 = CARTESIAN_POINT ( 'NONE',  ( 10.05077981425088041, 54.16432328931400519, -0.3476052596559754959 ) ) ;
#9091 = ORIENTED_EDGE ( 'NONE', *, *, #2327, .T. ) ;
#9092 = B_SPLINE_SURFACE_WITH_KNOTS ( 'NONE', 3, 1, ( 
 ( #1381, #514 ),
 ( #8295, #2923 ),
 ( #3767, #4422 ),
 ( #563, #5219 ),
 ( #7532, #659 ),
 ( #5327, #4371 ),
 ( #9740, #6292 ),
 ( #769, #8453 ),
 ( #3873, #3819 ),
 ( #9348, #7801 ),
 ( #61, #9249 ),
 ( #7854, #7008 ),
 ( #6905, #18 ),
 ( #112, #4786 ),
 ( #4625, #3926 ),
 ( #5542, #1578 ),
 ( #7066, #2320 ),
 ( #5435, #1681 ),
 ( #3083, #4677 ) ),
 .UNSPECIFIED., .F., .F., .F.,
 ( 4, 1, 1, 1, 1, 1, 1, 1, 1, 1, 1, 1, 1, 1, 1, 1, 4 ),
 ( 2, 2 ),
 ( 0.0000000000000000000, 0.03903729162210835962, 0.07699206006397507629, 0.1147498401315590194, 0.1531527052123183297, 0.1920729567206697630, 0.2330552363814250016, 0.2766212860709169052, 0.3226986316984573055, 0.3742912487337115013, 0.4337197912747320916, 0.5029385505714940585, 0.5814747331120725393, 0.6702753808270095481, 0.7694865836132611658, 0.8793494963156343047, 1.000000000000000000 ),
 ( 0.0000000000000000000, 1.000000000000000000 ),
 .UNSPECIFIED. ) ;
#9093 = DIRECTION ( 'NONE',  ( -0.0000000000000000000, -0.0000000000000000000, 1.000000000000000000 ) ) ;
#9094 = DIRECTION ( 'NONE',  ( 0.0000000000000000000, 1.000000000000000000, 0.0000000000000000000 ) ) ;
#9095 = CYLINDRICAL_SURFACE ( 'NONE', #7150, 3.000000000000000888 ) ;
#9096 = LINE ( 'NONE', #3715, #2470 ) ;
#9097 = ORIENTED_EDGE ( 'NONE', *, *, #2998, .T. ) ;
#9098 = CARTESIAN_POINT ( 'NONE',  ( -0.8185497565870527570, 54.43189024081196692, 0.2953683284334702730 ) ) ;
#9099 = ADVANCED_FACE ( 'NONE', ( #2139 ), #4444, .F. ) ;
#9100 = EDGE_CURVE ( 'NONE', #7195, #4901, #3684, .T. ) ;
#9101 = ORIENTED_EDGE ( 'NONE', *, *, #5108, .T. ) ;
#9102 = CARTESIAN_POINT ( 'NONE',  ( 9.603900488409131242, 54.96009610216375307, -0.7260292448453820047 ) ) ;
#9103 = VECTOR ( 'NONE', #6940, 1000.000000000000000 ) ;
#9104 = CARTESIAN_POINT ( 'NONE',  ( 6.002959302592481450, 0.0000000000000000000, -0.2546792343420256621 ) ) ;
#9105 = ORIENTED_EDGE ( 'NONE', *, *, #2120, .F. ) ;
#9106 = LINE ( 'NONE', #6258, #3128 ) ;
#9107 = CARTESIAN_POINT ( 'NONE',  ( 1.573794233878553550, 55.33802180474965127, -0.03042540325696768688 ) ) ;
#9108 = LINE ( 'NONE', #2232, #5909 ) ;
#9109 = CARTESIAN_POINT ( 'NONE',  ( -1.061728074815540435, 56.45489683451302199, 0.2920804942159606066 ) ) ;
#9110 = CIRCLE ( 'NONE', #1770, 1.249999999999968248 ) ;
#9111 = CARTESIAN_POINT ( 'NONE',  ( 7.275000000000003020, 57.00000000000005684, -22.19999999999993889 ) ) ;
#9112 = ORIENTED_EDGE ( 'NONE', *, *, #617, .F. ) ;
#9113 = CARTESIAN_POINT ( 'NONE',  ( 13.34476599995691082, 7.761356681643872157, -1.267623730324148212 ) ) ;
#9114 = VERTEX_POINT ( 'NONE', #5901 ) ;
#9115 = DIRECTION ( 'NONE',  ( -0.0000000000000000000, -0.0000000000000000000, 1.000000000000000000 ) ) ;
#9116 = ORIENTED_EDGE ( 'NONE', *, *, #4013, .T. ) ;
#9117 = CARTESIAN_POINT ( 'NONE',  ( 8.233575873280205570, 56.20985169905455336, -0.1744246936133151682 ) ) ;
#9118 = ORIENTED_EDGE ( 'NONE', *, *, #7693, .F. ) ;
#9119 = CARTESIAN_POINT ( 'NONE',  ( 7.333251456568151028, 56.47435169225111196, -0.3803842285313864813 ) ) ;
#9120 = CARTESIAN_POINT ( 'NONE',  ( 0.4178539778228485546, 55.50242720683921505, 0.7023928024058537778 ) ) ;
#9121 = CARTESIAN_POINT ( 'NONE',  ( 8.370864062654183257, 54.92327079065989892, -0.4992202662322275386 ) ) ;
#9122 = CARTESIAN_POINT ( 'NONE',  ( 7.275000000000003020, 62.00000000000006395, -20.99999999999995737 ) ) ;
#9123 = CARTESIAN_POINT ( 'NONE',  ( 7.995155774588199371, 55.38226519164401651, -0.1504470161062312072 ) ) ;
#9124 = CARTESIAN_POINT ( 'NONE',  ( 10.31674478236995185, 54.22088552312902010, -0.4516594792425064342 ) ) ;
#9125 = VERTEX_POINT ( 'NONE', #4928 ) ;
#9126 = CARTESIAN_POINT ( 'NONE',  ( 1.421572852032123802, 56.27370476514009567, 0.2858315101756269128 ) ) ;
#9127 = CARTESIAN_POINT ( 'NONE',  ( 7.629722444253737912, 56.30092610947079379, -0.1056836625365839416 ) ) ;
#9128 = ORIENTED_EDGE ( 'NONE', *, *, #1692, .T. ) ;
#9129 = CARTESIAN_POINT ( 'NONE',  ( 1.899398280177848841, 56.06299147006784267, 0.2943615570823884253 ) ) ;
#9130 = ORIENTED_EDGE ( 'NONE', *, *, #9280, .T. ) ;
#9131 = CARTESIAN_POINT ( 'NONE',  ( 7.842476401695838817, 55.39376757017052455, -0.4352349091968960026 ) ) ;
#9132 = CARTESIAN_POINT ( 'NONE',  ( 10.57598341750095905, 55.81753495771422280, -0.4179459123721618319 ) ) ;
#9133 = ORIENTED_EDGE ( 'NONE', *, *, #8126, .F. ) ;
#9134 = CARTESIAN_POINT ( 'NONE',  ( 6.002959302592481450, 53.87253265680915604, 0.7023928024058537778 ) ) ;
#9135 = CARTESIAN_POINT ( 'NONE',  ( 9.292529745957651244, 55.71483187444678720, -0.7262907717472800728 ) ) ;
#9136 = CARTESIAN_POINT ( 'NONE',  ( -13.50000000000000000, 53.00000000000000000, -5.754411018423114754 ) ) ;
#9137 = PLANE ( 'NONE',  #8637 ) ;
#9138 = CARTESIAN_POINT ( 'NONE',  ( 1.764383742654132226, 55.55188431821156314, 0.2781354104415443285 ) ) ;
#9139 = DIRECTION ( 'NONE',  ( 0.0000000000000000000, -0.0000000000000000000, 1.000000000000000000 ) ) ;
#9140 = EDGE_LOOP ( 'NONE', ( #2841, #1261, #4564, #5492 ) ) ;
#9141 = CARTESIAN_POINT ( 'NONE',  ( 13.50000000000000000, 11.80000000000000071, -5.754411018423125412 ) ) ;
#9142 = LINE ( 'NONE', #5333, #4566 ) ;
#9143 = CARTESIAN_POINT ( 'NONE',  ( -14.10000000000000675, 21.55973306799729983, -49.52366439518859664 ) ) ;
#9144 = EDGE_LOOP ( 'NONE', ( #8274, #1664, #1830, #6878 ) ) ;
#9145 = CARTESIAN_POINT ( 'NONE',  ( 1.277510165842169032, 54.21209402139875522, -0.02103992808024615635 ) ) ;
#9146 = EDGE_CURVE ( 'NONE', #9851, #5234, #4964, .T. ) ;
#9147 = DIRECTION ( 'NONE',  ( 0.0000000000000000000, 1.000000000000000000, 0.0000000000000000000 ) ) ;
#9148 = CARTESIAN_POINT ( 'NONE',  ( -4.724999999999997868, 62.00000000000004263, -27.19999999999996021 ) ) ;
#9149 = CARTESIAN_POINT ( 'NONE',  ( 7.492889824141014898, 55.27052601650114383, -0.4373989088692308291 ) ) ;
#9150 = CARTESIAN_POINT ( 'NONE',  ( -7.295006188712703121, 12.60844834401830283, -1.297607197594146333 ) ) ;
#9151 = VERTEX_POINT ( 'NONE', #2679 ) ;
#9152 = CARTESIAN_POINT ( 'NONE',  ( 1.199368625580780279, 56.35647288841498437, -0.01861215123666087878 ) ) ;
#9153 = DIRECTION ( 'NONE',  ( 0.0000000000000000000, -0.0000000000000000000, 1.000000000000000000 ) ) ;
#9154 = ADVANCED_FACE ( 'NONE', ( #634 ), #6762, .T. ) ;
#9155 = CARTESIAN_POINT ( 'NONE',  ( -13.09768024391475372, 58.36957444065986067, -1.220660305367575971 ) ) ;
#9156 = ORIENTED_EDGE ( 'NONE', *, *, #4117, .F. ) ;
#9157 = CARTESIAN_POINT ( 'NONE',  ( 11.82502309378064353, 6.035555769798448544, -0.9931992931896556076 ) ) ;
#9158 = CARTESIAN_POINT ( 'NONE',  ( 5.397018004406426428, 56.22623255703717859, -0.2393030870521564435 ) ) ;
#9159 = CIRCLE ( 'NONE', #4852, 1.249999999999968248 ) ;
#9160 = ORIENTED_EDGE ( 'NONE', *, *, #3718, .F. ) ;
#9161 = CARTESIAN_POINT ( 'NONE',  ( 1.648560864309584595, 54.71320692169845046, -0.02106636364446450721 ) ) ;
#9162 = CARTESIAN_POINT ( 'NONE',  ( 7.842476401695838817, 55.39376757017052455, -0.4352349091968960026 ) ) ;
#9163 = VERTEX_POINT ( 'NONE', #1881 ) ;
#9164 = DIRECTION ( 'NONE',  ( -0.0000000000000000000, -0.0000000000000000000, 1.000000000000000000 ) ) ;
#9165 = VERTEX_POINT ( 'NONE', #1399 ) ;
#9166 = ORIENTED_EDGE ( 'NONE', *, *, #5032, .T. ) ;
#9167 = EDGE_CURVE ( 'NONE', #1427, #8716, #8679, .T. ) ;
#9168 = LINE ( 'NONE', #6218, #3764 ) ;
#9169 = AXIS2_PLACEMENT_3D ( 'NONE', #1577, #6243, #2370 ) ;
#9170 = DIRECTION ( 'NONE',  ( -0.0000000000000000000, -0.0000000000000000000, 1.000000000000000000 ) ) ;
#9171 = CARTESIAN_POINT ( 'NONE',  ( 8.198845143692825133, 55.27098747570342141, -0.4992202662322277606 ) ) ;
#9172 = CARTESIAN_POINT ( 'NONE',  ( 1.983047320889286036, 54.44572731590808701, -0.02774711994545413923 ) ) ;
#9173 = CYLINDRICAL_SURFACE ( 'NONE', #4645, 5.499999999999998224 ) ;
#9174 = CARTESIAN_POINT ( 'NONE',  ( 7.574900139221450779, 56.25958929987086066, -0.4059506133330481603 ) ) ;
#9175 = B_SPLINE_SURFACE_WITH_KNOTS ( 'NONE', 3, 1, ( 
 ( #1553, #6001 ),
 ( #9065, #2190 ),
 ( #5247, #4599 ),
 ( #1450, #3843 ),
 ( #6929, #6214 ),
 ( #5409, #3108 ),
 ( #6158, #9216 ),
 ( #9273, #2393 ),
 ( #5456, #8526 ),
 ( #1644, #4698 ),
 ( #7771, #4496 ),
 ( #7557, #4908 ),
 ( #8725, #7971 ),
 ( #959, #185 ),
 ( #3950, #6370 ) ),
 .UNSPECIFIED., .F., .F., .F.,
 ( 4, 1, 1, 1, 1, 1, 1, 1, 1, 1, 1, 1, 4 ),
 ( 2, 2 ),
 ( 0.0000000000000000000, 0.05527531839063649227, 0.1109743479866917709, 0.1666860572429805787, 0.2226309200588108550, 0.2800286755961267082, 0.3380923551149966344, 0.3974348814092866777, 0.4584259618439609496, 0.5842463292191414359, 0.7156066108580114715, 0.8539167946670038756, 1.000000000000000000 ),
 ( 0.0000000000000000000, 1.000000000000000000 ),
 .UNSPECIFIED. ) ;
#9176 = DIRECTION ( 'NONE',  ( 0.0000000000000000000, -1.000000000000000000, 0.0000000000000000000 ) ) ;
#9177 = CARTESIAN_POINT ( 'NONE',  ( 7.293464297476422331, 54.88541729913269762, -0.3762736684017317090 ) ) ;
#9178 = VERTEX_POINT ( 'NONE', #9716 ) ;
#9179 = CARTESIAN_POINT ( 'NONE',  ( 1.747387448220329764, 56.42851917960068420, -0.02745724643013827682 ) ) ;
#9180 = VERTEX_POINT ( 'NONE', #8265 ) ;
#9181 = LINE ( 'NONE', #3705, #1080 ) ;
#9182 = CARTESIAN_POINT ( 'NONE',  ( 10.47049449342038407, 56.15152443299726315, -0.8009584369727308362 ) ) ;
#9183 = ORIENTED_EDGE ( 'NONE', *, *, #4766, .T. ) ;
#9184 = CARTESIAN_POINT ( 'NONE',  ( 9.462270648770291004, 56.32476160605102677, -0.3317723392632989654 ) ) ;
#9185 = CARTESIAN_POINT ( 'NONE',  ( -4.483120059218620803E-16, 9.999999999990905053, -21.78020498959320861 ) ) ;
#9186 = DIRECTION ( 'NONE',  ( 0.0000000000000000000, -0.0000000000000000000, -1.000000000000000000 ) ) ;
#9187 = DIRECTION ( 'NONE',  ( 0.0000000000000000000, 0.0000000000000000000, -1.000000000000000000 ) ) ;
#9188 = DIRECTION ( 'NONE',  ( 0.0000000000000000000, 0.0000000000000000000, 1.000000000000000000 ) ) ;
#9189 = CARTESIAN_POINT ( 'NONE',  ( 1.002465460524598617, 55.17644829683319330, 0.2929399513848934822 ) ) ;
#9190 = AXIS2_PLACEMENT_3D ( 'NONE', #3801, #4556, #692 ) ;
#9191 = EDGE_CURVE ( 'NONE', #4875, #4515, #5737, .T. ) ;
#9192 = VECTOR ( 'NONE', #7761, 1000.000000000000114 ) ;
#9193 = VERTEX_POINT ( 'NONE', #9860 ) ;
#9194 = DIRECTION ( 'NONE',  ( 0.0000000000000000000, 1.734723475995475014E-14, 1.000000000000000000 ) ) ;
#9195 = CARTESIAN_POINT ( 'NONE',  ( -14.09999999999999964, 57.00000000000000000, -38.69804268566760896 ) ) ;
#9196 = DIRECTION ( 'NONE',  ( -0.0000000000000000000, 1.000000000000000000, -0.0000000000000000000 ) ) ;
#9197 = AXIS2_PLACEMENT_3D ( 'NONE', #4201, #7328, #5762 ) ;
#9198 = AXIS2_PLACEMENT_3D ( 'NONE', #926, #3967, #7790 ) ;
#9199 = LINE ( 'NONE', #3935, #4330 ) ;
#9200 = CARTESIAN_POINT ( 'NONE',  ( 1.518285841627994071, 55.04655102997690364, -0.01623464687492038108 ) ) ;
#9201 = CARTESIAN_POINT ( 'NONE',  ( 7.607047188913720781, 56.28794583025646148, -0.4094210573435557166 ) ) ;
#9202 = EDGE_CURVE ( 'NONE', #1470, #8909, #9762, .T. ) ;
#9203 = VERTEX_POINT ( 'NONE', #9062 ) ;
#9204 = AXIS2_PLACEMENT_3D ( 'NONE', #8406, #1533, #9194 ) ;
#9205 = AXIS2_PLACEMENT_3D ( 'NONE', #720, #3086, #3825 ) ;
#9206 = LINE ( 'NONE', #951, #2152 ) ;
#9207 = FACE_OUTER_BOUND ( 'NONE', #9805, .T. ) ;
#9208 = CARTESIAN_POINT ( 'NONE',  ( 3.047417185204659873, 0.0000000000000000000, -0.06554603611215459313 ) ) ;
#9209 = CARTESIAN_POINT ( 'NONE',  ( -1.334087514017936904, 56.62654882420958558, -0.01648901386714415190 ) ) ;
#9210 = VECTOR ( 'NONE', #7526, 1000.000000000000000 ) ;
#9211 = ORIENTED_EDGE ( 'NONE', *, *, #4185, .F. ) ;
#9212 = CARTESIAN_POINT ( 'NONE',  ( 11.46569711607495812, 5.887126436356540538, -0.9333448527056859012 ) ) ;
#9213 = CARTESIAN_POINT ( 'NONE',  ( 5.281548058467743445, 56.13980058255604177, -0.2393030870521566655 ) ) ;
#9214 = ORIENTED_EDGE ( 'NONE', *, *, #7764, .T. ) ;
#9215 = LINE ( 'NONE', #685, #2029 ) ;
#9216 = CARTESIAN_POINT ( 'NONE',  ( -0.8453680757322630246, 56.17767766756360714, -0.009782707134596817927 ) ) ;
#9217 = ADVANCED_FACE ( 'NONE', ( #2187 ), #1447, .T. ) ;
#9218 = EDGE_CURVE ( 'NONE', #9203, #6756, #4493, .T. ) ;
#9219 = ORIENTED_EDGE ( 'NONE', *, *, #7332, .F. ) ;
#9220 = CARTESIAN_POINT ( 'NONE',  ( 8.335450537999724574, 55.96818342886631825, -0.1744246936133156123 ) ) ;
#9221 = EDGE_LOOP ( 'NONE', ( #1829, #7054, #7651, #9520 ) ) ;
#9222 = ORIENTED_EDGE ( 'NONE', *, *, #2580, .T. ) ;
#9223 = CIRCLE ( 'NONE', #8116, 1.249999999999968248 ) ;
#9224 = CARTESIAN_POINT ( 'NONE',  ( -1.897049031705940081, 56.37170430018856138, -0.02539315471179680317 ) ) ;
#9225 = CARTESIAN_POINT ( 'NONE',  ( 3.047417185204659873, 56.69768321019457602, 0.7023928024058537778 ) ) ;
#9226 = CARTESIAN_POINT ( 'NONE',  ( 6.966408081054688672, 55.19512417188561670, -0.04175041144166525414 ) ) ;
#9227 = CARTESIAN_POINT ( 'NONE',  ( 8.500000000000000000, 14.00000000001000444, -28.13266822126804456 ) ) ;
#9228 = CARTESIAN_POINT ( 'NONE',  ( 13.50000000000000000, 51.98648271382908348, -2.797128122774994452 ) ) ;
#9229 = LINE ( 'NONE', #1612, #1909 ) ;
#9230 = ORIENTED_EDGE ( 'NONE', *, *, #9777, .F. ) ;
#9231 = CARTESIAN_POINT ( 'NONE',  ( 5.025022572574453505, 55.99139557184822280, 0.1223907583473139299 ) ) ;
#9232 = CIRCLE ( 'NONE', #9568, 2.749999999999998668 ) ;
#9233 = CARTESIAN_POINT ( 'NONE',  ( 7.390639555007126660, 55.16628365325468053, -0.3863758736479754319 ) ) ;
#9234 = EDGE_CURVE ( 'NONE', #2950, #3553, #682, .T. ) ;
#9235 = ORIENTED_EDGE ( 'NONE', *, *, #9705, .F. ) ;
#9236 = EDGE_CURVE ( 'NONE', #4822, #3290, #7463, .T. ) ;
#9237 = CARTESIAN_POINT ( 'NONE',  ( 8.635844871568437497, 56.16551339404377785, -0.5280853332508747000 ) ) ;
#9238 = CARTESIAN_POINT ( 'NONE',  ( -14.59999999999999964, 36.78974845414018091, -33.49521209058222126 ) ) ;
#9239 = ORIENTED_EDGE ( 'NONE', *, *, #1675, .F. ) ;
#9240 = CARTESIAN_POINT ( 'NONE',  ( 0.0000000000000000000, 55.17644829683319330, -70.87421554853963812 ) ) ;
#9241 = CARTESIAN_POINT ( 'NONE',  ( 10.15462304518407066, 56.36988479940307428, -0.4179459123721620539 ) ) ;
#9242 = DIRECTION ( 'NONE',  ( 0.0000000000000000000, -1.000000000000000000, 0.0000000000000000000 ) ) ;
#9243 = DIRECTION ( 'NONE',  ( 0.0000000000000000000, 0.0000000000000000000, -1.000000000000000000 ) ) ;
#9244 = AXIS2_PLACEMENT_3D ( 'NONE', #4649, #5565, #2392 ) ;
#9245 = DIRECTION ( 'NONE',  ( 0.0000000000000000000, 0.0000000000000000000, -1.000000000000000000 ) ) ;
#9246 = FACE_OUTER_BOUND ( 'NONE', #7846, .T. ) ;
#9247 = ADVANCED_FACE ( 'NONE', ( #585, #358 ), #3426, .T. ) ;
#9248 = CARTESIAN_POINT ( 'NONE',  ( 1.571889913033390984, 55.38826139633358991, 0.2826619040438843045 ) ) ;
#9249 = CARTESIAN_POINT ( 'NONE',  ( 10.50142942798088264, 54.43683944697960442, -0.8009555158831993538 ) ) ;
#9250 = AXIS2_PLACEMENT_3D ( 'NONE', #6244, #7111, #6131 ) ;
#9251 = ORIENTED_EDGE ( 'NONE', *, *, #5799, .F. ) ;
#9252 = DIRECTION ( 'NONE',  ( 0.0000000000000000000, -7.146067566283617597E-08, 0.9999999999999974465 ) ) ;
#9253 = FACE_OUTER_BOUND ( 'NONE', #39, .T. ) ;
#9254 = CARTESIAN_POINT ( 'NONE',  ( 7.275000000000002132, 57.00000000000004263, -27.19999999999994245 ) ) ;
#9255 = VERTEX_POINT ( 'NONE', #4977 ) ;
#9256 = CARTESIAN_POINT ( 'NONE',  ( 8.371590295305615825, 54.63799382150241257, -0.1940498419455289614 ) ) ;
#9257 = VECTOR ( 'NONE', #5203, 1000.000000000000000 ) ;
#9258 = PLANE ( 'NONE',  #3846 ) ;
#9259 = CARTESIAN_POINT ( 'NONE',  ( 1.002465460524598395, 55.17644829683319330, -0.007089935733006758056 ) ) ;
#9260 = DIRECTION ( 'NONE',  ( 0.0000000000000000000, 0.0000000000000000000, 1.000000000000000000 ) ) ;
#9261 = ORIENTED_EDGE ( 'NONE', *, *, #1106, .T. ) ;
#9262 = AXIS2_PLACEMENT_3D ( 'NONE', #248, #2459, #8694 ) ;
#9263 = ORIENTED_EDGE ( 'NONE', *, *, #7864, .T. ) ;
#9264 = CARTESIAN_POINT ( 'NONE',  ( 1.361119448402402288, 56.30908018122299552, -0.01861215123666131593 ) ) ;
#9265 = CARTESIAN_POINT ( 'NONE',  ( 7.158519372239601886, 54.23908790872917507, -0.4418531884689677058 ) ) ;
#9266 = CARTESIAN_POINT ( 'NONE',  ( 1.980223159448817993, 54.90907496395135468, -0.03042540325696790546 ) ) ;
#9267 = CARTESIAN_POINT ( 'NONE',  ( 14.09999999999999964, 7.749999999999999112, -48.69521209059481492 ) ) ;
#9268 = EDGE_CURVE ( 'NONE', #4875, #1898, #245, .T. ) ;
#9269 = VECTOR ( 'NONE', #3601, 1000.000000000000000 ) ;
#9270 = CARTESIAN_POINT ( 'NONE',  ( 8.323816195959214070, 54.47542625733814248, -0.1326601476622896736 ) ) ;
#9271 = ORIENTED_EDGE ( 'NONE', *, *, #4419, .T. ) ;
#9272 = DIRECTION ( 'NONE',  ( 0.0000000000000000000, -1.000000000000000000, 3.362642065588203259E-15 ) ) ;
#9273 = CARTESIAN_POINT ( 'NONE',  ( -0.8117503696004834124, 56.11236743853322650, 0.2988225618489426250 ) ) ;
#9274 = EDGE_LOOP ( 'NONE', ( #2579, #6648, #2586, #9699 ) ) ;
#9275 = DIRECTION ( 'NONE',  ( -0.0000000000000000000, -0.0000000000000000000, 1.000000000000000000 ) ) ;
#9276 = ORIENTED_EDGE ( 'NONE', *, *, #3042, .T. ) ;
#9277 = LINE ( 'NONE', #3797, #6664 ) ;
#9278 = CARTESIAN_POINT ( 'NONE',  ( 1.183645893033587360, 54.20115681645107486, 0.2940854501769258333 ) ) ;
#9279 = CARTESIAN_POINT ( 'NONE',  ( -4.724999999999997868, 62.00000000000004263, -27.19999999999996021 ) ) ;
#9280 = EDGE_CURVE ( 'NONE', #3049, #939, #6091, .T. ) ;
#9281 = ORIENTED_EDGE ( 'NONE', *, *, #9753, .T. ) ;
#9282 = DIRECTION ( 'NONE',  ( 0.0000000000000000000, 1.000000000000000000, 0.0000000000000000000 ) ) ;
#9283 = CARTESIAN_POINT ( 'NONE',  ( 8.317607313282177728, 56.04040295092925561, -0.1876769359057997300 ) ) ;
#9284 = ORIENTED_EDGE ( 'NONE', *, *, #4685, .T. ) ;
#9285 = CARTESIAN_POINT ( 'NONE',  ( 14.09999999999999964, 11.98128306799195464, -48.19521209059478650 ) ) ;
#9286 = CARTESIAN_POINT ( 'NONE',  ( 14.09999999999999964, 54.33128306799007845, -46.51521209058223860 ) ) ;
#9287 = ORIENTED_EDGE ( 'NONE', *, *, #4472, .T. ) ;
#9288 = AXIS2_PLACEMENT_3D ( 'NONE', #7994, #5690, #7251 ) ;
#9289 = ORIENTED_EDGE ( 'NONE', *, *, #3371, .F. ) ;
#9290 = DIRECTION ( 'NONE',  ( -1.000000000000000000, -0.0000000000000000000, -0.0000000000000000000 ) ) ;
#9291 = CARTESIAN_POINT ( 'NONE',  ( 10.04759983088388076, 56.37029218228933303, -0.7254125390959411668 ) ) ;
#9292 = CARTESIAN_POINT ( 'NONE',  ( 10.47253340093438290, 56.15131700962537309, -0.7779881859194074378 ) ) ;
#9293 = EDGE_CURVE ( 'NONE', #3570, #5637, #9199, .T. ) ;
#9294 = CARTESIAN_POINT ( 'NONE',  ( 9.269992378430492508, 55.26586612284178557, -0.7262907717472796287 ) ) ;
#9295 = EDGE_CURVE ( 'NONE', #8050, #146, #2223, .T. ) ;
#9296 = ADVANCED_FACE ( 'NONE', ( #6253 ), #9258, .T. ) ;
#9297 = DIRECTION ( 'NONE',  ( 0.0000000000000000000, -1.000000000000000000, -0.0000000000000000000 ) ) ;
#9298 = CARTESIAN_POINT ( 'NONE',  ( 1.960010529560435755, 54.97496092345260621, 0.2730104103980819374 ) ) ;
#9299 = AXIS2_PLACEMENT_3D ( 'NONE', #9874, #8924, #2862 ) ;
#9300 = FACE_OUTER_BOUND ( 'NONE', #8711, .T. ) ;
#9301 = FACE_OUTER_BOUND ( 'NONE', #5093, .T. ) ;
#9302 = CARTESIAN_POINT ( 'NONE',  ( 1.518285985379098202, 55.04655089755588904, 0.2838337947290800467 ) ) ;
#9303 = EDGE_LOOP ( 'NONE', ( #6177, #8226, #2371, #4597 ) ) ;
#9304 = DIRECTION ( 'NONE',  ( 0.0000000000000000000, 0.9387150918570411617, 0.3446940329042943452 ) ) ;
#9305 = CARTESIAN_POINT ( 'NONE',  ( 10.06474775274218914, 56.37075736879517507, -0.4152128937563532851 ) ) ;
#9306 = EDGE_LOOP ( 'NONE', ( #6943, #2182, #4949, #542 ) ) ;
#9307 = CARTESIAN_POINT ( 'NONE',  ( 1.543617670597958291, 54.35624694287482583, 0.2903803895346376840 ) ) ;
#9308 = EDGE_CURVE ( 'NONE', #2757, #3980, #2532, .T. ) ;
#9309 = CARTESIAN_POINT ( 'NONE',  ( 1.656827018857486289, 55.30474928683362634, -0.01934086573188227576 ) ) ;
#9310 = CARTESIAN_POINT ( 'NONE',  ( -1.032854834743510031, 54.14456066702422277, 0.2925391354332175786 ) ) ;
#9311 = AXIS2_PLACEMENT_3D ( 'NONE', #366, #2121, #2026 ) ;
#9312 = DIRECTION ( 'NONE',  ( 0.0000000000000000000, 1.000000000000000000, 0.0000000000000000000 ) ) ;
#9313 = ORIENTED_EDGE ( 'NONE', *, *, #4799, .T. ) ;
#9314 = ORIENTED_EDGE ( 'NONE', *, *, #9804, .F. ) ;
#9315 = DIRECTION ( 'NONE',  ( -1.000000000000000000, 0.0000000000000000000, -0.0000000000000000000 ) ) ;
#9316 = CARTESIAN_POINT ( 'NONE',  ( 7.285369567646950095, 54.07833458251037939, -0.03936411257272941222 ) ) ;
#9317 = CARTESIAN_POINT ( 'NONE',  ( 14.09999999999999964, -7.243060875111559938, -41.07743946083785147 ) ) ;
#9318 = LINE ( 'NONE', #5560, #2796 ) ;
#9319 = CARTESIAN_POINT ( 'NONE',  ( 7.911587991582226920, 54.16396782757501427, -0.1326601476622901177 ) ) ;
#9320 = DIRECTION ( 'NONE',  ( 0.0000000000000000000, 0.0000000000000000000, 1.000000000000000000 ) ) ;
#9321 = CARTESIAN_POINT ( 'NONE',  ( -14.59999999999999964, 36.78974845414018091, -33.49521209058222126 ) ) ;
#9322 = VERTEX_POINT ( 'NONE', #6862 ) ;
#9323 = DIRECTION ( 'NONE',  ( 0.0000000000000000000, -3.828355257328126355E-15, -1.000000000000000000 ) ) ;
#9324 = EDGE_LOOP ( 'NONE', ( #7146, #5570, #1845, #5291 ) ) ;
#9325 = EDGE_CURVE ( 'NONE', #5584, #4562, #5447, .T. ) ;
#9326 = CARTESIAN_POINT ( 'NONE',  ( 14.09999999999999964, 10.51242612580259639, -3.118282555226862041 ) ) ;
#9327 = CARTESIAN_POINT ( 'NONE',  ( 7.249941820486998978, 56.37679772065740025, -0.3717845747043419524 ) ) ;
#9328 = CARTESIAN_POINT ( 'NONE',  ( 1.264511022502818438, 54.21007406642252135, 0.2940854501769256113 ) ) ;
#9329 = DIRECTION ( 'NONE',  ( 0.0000000000000000000, -0.02617694830786611998, -0.9996573249755574819 ) ) ;
#9330 = VECTOR ( 'NONE', #7865, 1000.000000000000000 ) ;
#9331 = ORIENTED_EDGE ( 'NONE', *, *, #6737, .F. ) ;
#9332 = DIRECTION ( 'NONE',  ( 0.0000000000000000000, 3.784851220313034736E-15, 1.000000000000000000 ) ) ;
#9333 = ORIENTED_EDGE ( 'NONE', *, *, #7996, .T. ) ;
#9334 = CARTESIAN_POINT ( 'NONE',  ( 9.683168175062876415, 56.03728038692334223, -0.6645945912960490309 ) ) ;
#9335 = ORIENTED_EDGE ( 'NONE', *, *, #8437, .T. ) ;
#9336 = DIRECTION ( 'NONE',  ( 1.000000000000000000, 0.0000000000000000000, -0.0000000000000000000 ) ) ;
#9337 = EDGE_LOOP ( 'NONE', ( #6739, #1164, #1500, #2855 ) ) ;
#9338 = EDGE_CURVE ( 'NONE', #4015, #7914, #6420, .T. ) ;
#9339 = DIRECTION ( 'NONE',  ( 0.0000000000000000000, 1.000000000000000000, -5.791444759739054499E-16 ) ) ;
#9340 = ORIENTED_EDGE ( 'NONE', *, *, #4574, .T. ) ;
#9341 = DIRECTION ( 'NONE',  ( -0.0000000000000000000, -0.0000000000000000000, -1.000000000000000000 ) ) ;
#9342 = CARTESIAN_POINT ( 'NONE',  ( 9.732244641963054832, 54.38246853036158512, -0.3685208953884668293 ) ) ;
#9343 = DIRECTION ( 'NONE',  ( -0.0000000000000000000, 3.362642065588203259E-15, 1.000000000000000000 ) ) ;
#9344 = CARTESIAN_POINT ( 'NONE',  ( -8.673617379884035472E-16, 9.999999999990905053, -33.70200572722875876 ) ) ;
#9345 = CARTESIAN_POINT ( 'NONE',  ( -1.016453226203594573, 55.30661348659253918, 0.2945660869772369628 ) ) ;
#9346 = CARTESIAN_POINT ( 'NONE',  ( 7.493319029912244744, 55.27660025306532532, -0.09553377212249926365 ) ) ;
#9347 = CARTESIAN_POINT ( 'NONE',  ( 12.09999999999999964, 0.0000000000000000000, -48.70000000000000995 ) ) ;
#9348 = CARTESIAN_POINT ( 'NONE',  ( 10.46604378313142014, 54.37525865044458584, -0.4184356817180836519 ) ) ;
#9349 = EDGE_CURVE ( 'NONE', #9, #7192, #5287, .T. ) ;
#9350 = VERTEX_POINT ( 'NONE', #5337 ) ;
#9351 = B_SPLINE_SURFACE_WITH_KNOTS ( 'NONE', 3, 1, ( 
 ( #9384, #3217 ),
 ( #1017, #295 ),
 ( #8586, #4059 ),
 ( #243, #6434 ),
 ( #6378, #532 ),
 ( #6526, #8828 ),
 ( #5046, #2756 ),
 ( #484, #3457 ),
 ( #3596, #9714 ),
 ( #4299, #2137 ),
 ( #7371, #7280 ),
 ( #388, #9579 ),
 ( #1214, #2710 ),
 ( #5944, #7412 ),
 ( #6713, #2043 ),
 ( #8207, #9625 ),
 ( #1351, #5764 ),
 ( #3506, #5807 ),
 ( #9666, #4392 ) ),
 .UNSPECIFIED., .F., .F., .F.,
 ( 4, 1, 1, 1, 1, 1, 1, 1, 1, 1, 1, 1, 1, 1, 1, 1, 4 ),
 ( 2, 2 ),
 ( 0.0000000000000000000, 0.06691752818585797180, 0.1325956168544945302, 0.1968782787751960084, 0.2611320733962225193, 0.3230328818754077957, 0.3807258058109230792, 0.4351989009952338949, 0.4866717277793013441, 0.5379564854970919630, 0.5912720791134284948, 0.6474456617889027266, 0.7072595014621284593, 0.7713603235462750396, 0.8412577255801670928, 0.9174051478085192279, 1.000000000000000000 ),
 ( 0.0000000000000000000, 1.000000000000000000 ),
 .UNSPECIFIED. ) ;
#9352 = CARTESIAN_POINT ( 'NONE',  ( 4.315112946339142219, 53.87253265680915604, 0.7023928024058537778 ) ) ;
#9353 = DIRECTION ( 'NONE',  ( 0.0000000000000000000, 0.0000000000000000000, 1.000000000000000000 ) ) ;
#9354 = CIRCLE ( 'NONE', #7585, 0.5000000000000902611 ) ;
#9355 = CARTESIAN_POINT ( 'NONE',  ( 7.249941820486998978, 56.37679772065740025, -0.3737647796839235759 ) ) ;
#9356 = VERTEX_POINT ( 'NONE', #8413 ) ;
#9357 = CARTESIAN_POINT ( 'NONE',  ( 1.332223813510568622, 54.22434471949307522, 0.2903803895346372399 ) ) ;
#9358 = CARTESIAN_POINT ( 'NONE',  ( 2.009525535956395714, 54.75746666943494034, -0.02849414804224974923 ) ) ;
#9359 = VECTOR ( 'NONE', #5869, 1000.000000000000000 ) ;
#9360 = CYLINDRICAL_SURFACE ( 'NONE', #5617, 2.534890514885638879 ) ;
#9361 = VECTOR ( 'NONE', #5411, 1000.000000000000000 ) ;
#9362 = CARTESIAN_POINT ( 'NONE',  ( 13.49999999999998579, 12.60844834401830106, -1.297607197594144335 ) ) ;
#9363 = CARTESIAN_POINT ( 'NONE',  ( 7.855492920671773405, 54.16229168792560955, -0.1348333776211645407 ) ) ;
#9364 = EDGE_CURVE ( 'NONE', #5236, #4341, #1538, .T. ) ;
#9365 = ADVANCED_FACE ( 'NONE', ( #70 ), #4683, .F. ) ;
#9366 = VERTEX_POINT ( 'NONE', #834 ) ;
#9367 = ORIENTED_EDGE ( 'NONE', *, *, #2266, .T. ) ;
#9368 = CARTESIAN_POINT ( 'NONE',  ( 1.316061654163225292, 56.32926276619874528, -0.01861215123666131593 ) ) ;
#9369 = DIRECTION ( 'NONE',  ( -0.0000000000000000000, 0.0000000000000000000, -1.000000000000000000 ) ) ;
#9370 = CARTESIAN_POINT ( 'NONE',  ( 1.961797587576256330, 54.96103736986939481, 0.2857201262141786380 ) ) ;
#9371 = VECTOR ( 'NONE', #2802, 1000.000000000000000 ) ;
#9372 = VECTOR ( 'NONE', #9369, 1000.000000000000000 ) ;
#9373 = CARTESIAN_POINT ( 'NONE',  ( 1.036421596983557958, 56.69768321019457602, 0.2924535404607843114 ) ) ;
#9374 = DIRECTION ( 'NONE',  ( 1.492469013142523820E-17, -0.9925461516414275653, 0.1218693434042891904 ) ) ;
#9375 = CARTESIAN_POINT ( 'NONE',  ( 1.537082977321960309, 55.84603718142935236, -0.01666904249316973272 ) ) ;
#9376 = DIRECTION ( 'NONE',  ( 0.0000000000000000000, 3.362642065588203259E-15, 1.000000000000000000 ) ) ;
#9377 = ADVANCED_FACE ( 'NONE', ( #3827 ), #2326, .T. ) ;
#9378 = CIRCLE ( 'NONE', #6338, 0.5000000000000073275 ) ;
#9379 = EDGE_LOOP ( 'NONE', ( #9222, #9684, #9005, #1655, #9284, #7223, #9214, #8425, #3486, #2833, #673, #3964 ) ) ;
#9380 = ORIENTED_EDGE ( 'NONE', *, *, #3169, .F. ) ;
#9381 = CARTESIAN_POINT ( 'NONE',  ( 14.09999999999999964, 54.33128306799007845, -46.51521209058223860 ) ) ;
#9382 = CARTESIAN_POINT ( 'NONE',  ( 10.02489637208410223, 56.69640986023795648, -0.7125300145923590955 ) ) ;
#9383 = CARTESIAN_POINT ( 'NONE',  ( 8.500000000000000000, 14.00000000001000444, -30.77134323319873133 ) ) ;
#9384 = CARTESIAN_POINT ( 'NONE',  ( 2.011528648963340160, 54.68182057574768606, 0.2942797456913125442 ) ) ;
#9385 = VECTOR ( 'NONE', #6364, 1000.000000000000000 ) ;
#9386 = ORIENTED_EDGE ( 'NONE', *, *, #9426, .T. ) ;
#9387 = DIRECTION ( 'NONE',  ( 0.0000000000000000000, 0.0000000000000000000, -1.000000000000000000 ) ) ;
#9388 = EDGE_CURVE ( 'NONE', #8123, #8942, #4635, .T. ) ;
#9389 = DIRECTION ( 'NONE',  ( -0.0000000000000000000, 1.000000000000000000, 4.336808689942138037E-16 ) ) ;
#9390 = ORIENTED_EDGE ( 'NONE', *, *, #8496, .F. ) ;
#9391 = FACE_OUTER_BOUND ( 'NONE', #9575, .T. ) ;
#9392 = VECTOR ( 'NONE', #6168, 1000.000000000000000 ) ;
#9393 = VERTEX_POINT ( 'NONE', #5654 ) ;
#9394 = CARTESIAN_POINT ( 'NONE',  ( 14.09999999999999964, 72.50000000000000000, 0.0000000000000000000 ) ) ;
#9395 = ORIENTED_EDGE ( 'NONE', *, *, #5625, .F. ) ;
#9396 = CARTESIAN_POINT ( 'NONE',  ( 5.328234027414270102, 56.17281787917116986, 0.1003173831771267399 ) ) ;
#9397 = CARTESIAN_POINT ( 'NONE',  ( 1.881188602514640040, 55.78601738291116163, 0.2857021154571447452 ) ) ;
#9398 = CARTESIAN_POINT ( 'NONE',  ( 14.09999999999999964, 54.33128306799009266, -46.72521209058222524 ) ) ;
#9399 = CARTESIAN_POINT ( 'NONE',  ( 10.10304959289029547, 56.69768321019457602, -0.3037559157698060952 ) ) ;
#9400 = EDGE_CURVE ( 'NONE', #9063, #338, #7119, .T. ) ;
#9401 = CARTESIAN_POINT ( 'NONE',  ( 10.09965397924439934, 56.37170430018856138, -0.7232966727302378995 ) ) ;
#9402 = CARTESIAN_POINT ( 'NONE',  ( 7.912489657039582625, 56.37128429976257848, -0.1373998474905828715 ) ) ;
#9403 = CARTESIAN_POINT ( 'NONE',  ( 7.249941820486998978, 56.37679772065740025, -0.06796898991423495906 ) ) ;
#9404 = EDGE_LOOP ( 'NONE', ( #7598, #1175, #6953, #1232 ) ) ;
#9405 = CARTESIAN_POINT ( 'NONE',  ( 9.747642031286519071, 56.17815432237249951, -0.5469744755889003329 ) ) ;
#9406 = CIRCLE ( 'NONE', #7329, 70.87421554853963812 ) ;
#9407 = DIRECTION ( 'NONE',  ( 1.000000000000000000, 0.0000000000000000000, 0.0000000000000000000 ) ) ;
#9408 = CARTESIAN_POINT ( 'NONE',  ( 7.099759458226403197, 56.10234306572973395, -0.3737647796839235759 ) ) ;
#9409 = ORIENTED_EDGE ( 'NONE', *, *, #7393, .T. ) ;
#9410 = DIRECTION ( 'NONE',  ( 0.0000000000000000000, 0.0000000000000000000, 1.000000000000000000 ) ) ;
#9411 = CARTESIAN_POINT ( 'NONE',  ( 14.09999999999999964, 2.500000000000043077, -50.69940716680027037 ) ) ;
#9412 = CARTESIAN_POINT ( 'NONE',  ( 7.552000848773381847, 54.24507402162423375, -0.1017528905825253877 ) ) ;
#9413 = VECTOR ( 'NONE', #8138, 1000.000000000000000 ) ;
#9414 = CARTESIAN_POINT ( 'NONE',  ( 14.09999999999999964, 17.28128306799198199, -48.19521439518879191 ) ) ;
#9415 = CARTESIAN_POINT ( 'NONE',  ( 1.643401570369294573, 54.57748940807343274, 0.2810261407885929485 ) ) ;
#9416 = B_SPLINE_CURVE_WITH_KNOTS ( 'NONE', 3,
 ( #582, #2088, #2001, #6574 ),
 .UNSPECIFIED., .F., .F.,
 ( 4, 4 ),
 ( 4.336808689942017736E-19, 0.0004625360728347549825 ),
 .UNSPECIFIED. ) ;
#9417 = DIRECTION ( 'NONE',  ( 0.0000000000000000000, 0.0000000000000000000, 1.000000000000000000 ) ) ;
#9418 = CARTESIAN_POINT ( 'NONE',  ( 7.698354704787492508, 54.18162180621784785, -0.4193272287857935932 ) ) ;
#9419 = ORIENTED_EDGE ( 'NONE', *, *, #3653, .T. ) ;
#9420 = ORIENTED_EDGE ( 'NONE', *, *, #3462, .T. ) ;
#9421 = FACE_BOUND ( 'NONE', #6347, .T. ) ;
#9422 = LINE ( 'NONE', #1057, #391 ) ;
#9423 = CARTESIAN_POINT ( 'NONE',  ( 7.929630485273834850, 55.71974648017653919, -0.5389759807138327918 ) ) ;
#9424 = AXIS2_PLACEMENT_3D ( 'NONE', #8439, #8489, #1564 ) ;
#9425 = ADVANCED_FACE ( 'NONE', ( #8767, #7073 ), #4743, .T. ) ;
#9426 = EDGE_CURVE ( 'NONE', #2717, #730, #4140, .T. ) ;
#9427 = CARTESIAN_POINT ( 'NONE',  ( 8.378564499684545197, 54.76801488847134181, -0.4992116007269604139 ) ) ;
#9428 = LINE ( 'NONE', #2557, #5394 ) ;
#9429 = LINE ( 'NONE', #136, #4149 ) ;
#9430 = ORIENTED_EDGE ( 'NONE', *, *, #1675, .T. ) ;
#9431 = DIRECTION ( 'NONE',  ( 0.0000000000000000000, 1.000000000000000000, 0.0000000000000000000 ) ) ;
#9432 = ORIENTED_EDGE ( 'NONE', *, *, #173, .T. ) ;
#9433 = CARTESIAN_POINT ( 'NONE',  ( 5.676980392586473023, 56.07402217056502991, 0.1244914657889750059 ) ) ;
#9434 = CARTESIAN_POINT ( 'NONE',  ( 7.139041449885855428, 56.20209224790627900, -0.3604587551147507840 ) ) ;
#9435 = CARTESIAN_POINT ( 'NONE',  ( 8.668742388863851289, 55.97328563240343158, -0.5321418300575274651 ) ) ;
#9436 = LINE ( 'NONE', #2512, #8315 ) ;
#9437 = CARTESIAN_POINT ( 'NONE',  ( 13.19290931901296915, 58.19284780049386541, -1.238681890488531279 ) ) ;
#9438 = VECTOR ( 'NONE', #2073, 1000.000000000000000 ) ;
#9439 = EDGE_CURVE ( 'NONE', #1470, #4998, #8820, .T. ) ;
#9440 = ORIENTED_EDGE ( 'NONE', *, *, #639, .F. ) ;
#9441 = DIRECTION ( 'NONE',  ( 1.000000000000000000, 0.0000000000000000000, 0.0000000000000000000 ) ) ;
#9442 = B_SPLINE_SURFACE_WITH_KNOTS ( 'NONE', 3, 1, ( 
 ( #1191, #5929 ),
 ( #5161, #8238 ),
 ( #7310, #5789 ),
 ( #8851, #1979 ),
 ( #1240, #4284 ),
 ( #7358, #7486 ),
 ( #2978, #2212 ),
 ( #9838, #4575 ),
 ( #6849, #3708 ),
 ( #5324, #6190 ),
 ( #9787, #9887 ) ),
 .UNSPECIFIED., .F., .F., .F.,
 ( 4, 1, 1, 1, 1, 1, 1, 1, 4 ),
 ( 2, 2 ),
 ( 0.0000000000000000000, 0.09576137457044743562, 0.1984419535789201383, 0.3081184468167681989, 0.4268630957848848495, 0.5552394952310314435, 0.6928806274027740075, 0.8411695896664838079, 1.000000000000000000 ),
 ( 0.0000000000000000000, 1.000000000000000000 ),
 .UNSPECIFIED. ) ;
#9443 = VERTEX_POINT ( 'NONE', #7812 ) ;
#9444 = CARTESIAN_POINT ( 'NONE',  ( 9.747642031286519071, 56.17815432237249951, -0.6735182268551918039 ) ) ;
#9445 = ORIENTED_EDGE ( 'NONE', *, *, #6295, .F. ) ;
#9446 = CARTESIAN_POINT ( 'NONE',  ( 13.50000000000000000, 5.734092485736937306, -1.297607197594146333 ) ) ;
#9447 = AXIS2_PLACEMENT_3D ( 'NONE', #4178, #989, #1837 ) ;
#9448 = FACE_OUTER_BOUND ( 'NONE', #435, .T. ) ;
#9449 = EDGE_LOOP ( 'NONE', ( #6687, #5850 ) ) ;
#9450 = CARTESIAN_POINT ( 'NONE',  ( 5.593135747698243954, 56.40817122886198831, 0.07991713290783537815 ) ) ;
#9451 = CARTESIAN_POINT ( 'NONE',  ( 9.843179349376031340, 54.25536321261522943, -0.3839163097959477633 ) ) ;
#9452 = CARTESIAN_POINT ( 'NONE',  ( 9.522965595049740273, 54.10852780519892491, -0.3399537658748791880 ) ) ;
#9453 = PLANE ( 'NONE',  #1389 ) ;
#9454 = CARTESIAN_POINT ( 'NONE',  ( -1.051371210713046400, 54.88034968550849158, -0.01317352179555219063 ) ) ;
#9455 = CARTESIAN_POINT ( 'NONE',  ( 7.943441055257125960, 56.37045542529910591, -0.1373998474905827050 ) ) ;
#9456 = DIRECTION ( 'NONE',  ( -0.0000000000000000000, -0.0000000000000000000, 1.000000000000000000 ) ) ;
#9457 = EDGE_LOOP ( 'NONE', ( #8023, #5250, #346, #5003 ) ) ;
#9458 = LINE ( 'NONE', #3241, #5173 ) ;
#9459 = FACE_OUTER_BOUND ( 'NONE', #9274, .T. ) ;
#9460 = CARTESIAN_POINT ( 'NONE',  ( 7.182865573249207714, 56.27726120866638126, -0.03977020646210366328 ) ) ;
#9461 = DIRECTION ( 'NONE',  ( -1.000000000000000000, 0.0000000000000000000, 0.0000000000000000000 ) ) ;
#9462 = CIRCLE ( 'NONE', #4008, 4.000000000001405098 ) ;
#9463 = PLANE ( 'NONE',  #6722 ) ;
#9464 = CARTESIAN_POINT ( 'NONE',  ( -1.016967215093758314, 55.34265120694584539, -0.01695970555067722110 ) ) ;
#9465 = B_SPLINE_CURVE_WITH_KNOTS ( 'NONE', 3,
 ( #3769, #7747, #7592, #2372, #8505, #6032, #2265, #881, #3928, #3190, #6084, #5389, #5436, #7011 ),
 .UNSPECIFIED., .F., .F.,
 ( 4, 2, 2, 2, 2, 2, 4 ),
 ( 1.084202172485504434E-19, 8.435042752344881615E-05, 0.0001687008550468975239, 0.0003374017100937949393, 0.0005061025651406923006, 0.0006748034201875897703, 0.001349606840375158073 ),
 .UNSPECIFIED. ) ;
#9466 = DIRECTION ( 'NONE',  ( -0.0000000000000000000, -0.0000000000000000000, 1.000000000000000000 ) ) ;
#9467 = B_SPLINE_CURVE_WITH_KNOTS ( 'NONE', 3,
 ( #6192, #1680, #3766, #2262, #936, #1477, #7743, #8452, #876, #8348 ),
 .UNSPECIFIED., .F., .F.,
 ( 4, 2, 2, 2, 4 ),
 ( 0.0000000000000000000, 0.0001490621488136092932, 0.0002981242976272185864, 0.0005962485952544354382, 0.001192497190508869358 ),
 .UNSPECIFIED. ) ;
#9468 = EDGE_LOOP ( 'NONE', ( #432, #126, #3160, #9620 ) ) ;
#9469 = EDGE_CURVE ( 'NONE', #4998, #8517, #632, .T. ) ;
#9470 = ORIENTED_EDGE ( 'NONE', *, *, #8470, .F. ) ;
#9471 = ADVANCED_FACE ( 'NONE', ( #324 ), #9360, .T. ) ;
#9472 = CARTESIAN_POINT ( 'NONE',  ( -3.349999999999998757, 68.99999999999998579, -50.69999997188391916 ) ) ;
#9473 = CARTESIAN_POINT ( 'NONE',  ( 10.10304959289029547, 54.16229168792561666, -0.5368172522506784450 ) ) ;
#9474 = CARTESIAN_POINT ( 'NONE',  ( 1.994019278622910951, 54.85504531395948646, 0.2857201262141786380 ) ) ;
#9475 = AXIS2_PLACEMENT_3D ( 'NONE', #2737, #418, #9565 ) ;
#9476 = CARTESIAN_POINT ( 'NONE',  ( 8.343715285108851631, 54.53165682576543105, -0.1326601476622896736 ) ) ;
#9477 = DIRECTION ( 'NONE',  ( 0.0000000000000000000, -0.9925461516414275653, -0.1218693434042891904 ) ) ;
#9478 = PLANE ( 'NONE',  #458 ) ;
#9479 = ORIENTED_EDGE ( 'NONE', *, *, #9788, .F. ) ;
#9480 = DIRECTION ( 'NONE',  ( 1.000000000000000000, 0.0000000000000000000, 0.0000000000000000000 ) ) ;
#9481 = DIRECTION ( 'NONE',  ( 0.0000000000000000000, 0.0000000000000000000, -1.000000000000000000 ) ) ;
#9482 = ADVANCED_FACE ( 'NONE', ( #946 ), #221, .T. ) ;
#9483 = ORIENTED_EDGE ( 'NONE', *, *, #8790, .F. ) ;
#9484 = ADVANCED_FACE ( 'NONE', ( #1747 ), #2594, .T. ) ;
#9485 = CARTESIAN_POINT ( 'NONE',  ( 7.918681574405273871, 55.39258342031547500, -0.4437193770758465772 ) ) ;
#9486 = CARTESIAN_POINT ( 'NONE',  ( 9.797303359758304353, 56.64420792323176812, -0.6803914499151004769 ) ) ;
#9487 = PLANE ( 'NONE',  #312 ) ;
#9488 = CARTESIAN_POINT ( 'NONE',  ( -10.50000000000000000, 56.85600527474578314, -2.797607197594146555 ) ) ;
#9489 = ORIENTED_EDGE ( 'NONE', *, *, #9268, .F. ) ;
#9490 = ORIENTED_EDGE ( 'NONE', *, *, #6983, .T. ) ;
#9491 = FACE_OUTER_BOUND ( 'NONE', #7281, .T. ) ;
#9492 = ORIENTED_EDGE ( 'NONE', *, *, #9388, .F. ) ;
#9493 = DIRECTION ( 'NONE',  ( 0.0000000000000000000, 5.782411586589357639E-16, 1.000000000000000000 ) ) ;
#9494 = VERTEX_POINT ( 'NONE', #1103 ) ;
#9495 = EDGE_CURVE ( 'NONE', #8641, #8123, #3577, .T. ) ;
#9496 = EDGE_CURVE ( 'NONE', #8646, #8430, #5276, .T. ) ;
#9497 = CARTESIAN_POINT ( 'NONE',  ( -4.724999999999997868, 62.00000000000004263, -27.19999999999996021 ) ) ;
#9498 = EDGE_LOOP ( 'NONE', ( #8741, #9420, #4296, #5812 ) ) ;
#9499 = CARTESIAN_POINT ( 'NONE',  ( 1.125596054330020523, 54.19926872823908326, 0.2911091563325370335 ) ) ;
#9500 = FACE_OUTER_BOUND ( 'NONE', #2809, .T. ) ;
#9501 = CARTESIAN_POINT ( 'NONE',  ( 2.685218396309094313, 53.87253265680915604, 0.7023928024058537778 ) ) ;
#9502 = CARTESIAN_POINT ( 'NONE',  ( 9.478042572551848011, 56.34728831046332687, -0.7262907717472796287 ) ) ;
#9503 = DIRECTION ( 'NONE',  ( -0.0000000000000000000, 1.000000000000000000, 0.0000000000000000000 ) ) ;
#9504 = EDGE_LOOP ( 'NONE', ( #3602, #3535 ) ) ;
#9505 = CARTESIAN_POINT ( 'NONE',  ( -10.50000000000000000, 8.734092485736937306, -2.797607197594146555 ) ) ;
#9506 = CARTESIAN_POINT ( 'NONE',  ( 13.50000000000000000, 56.85600527474578314, -6.348128122775007043 ) ) ;
#9507 = ORIENTED_EDGE ( 'NONE', *, *, #5562, .T. ) ;
#9508 = LINE ( 'NONE', #2479, #6493 ) ;
#9509 = DIRECTION ( 'NONE',  ( 0.0000000000000000000, 0.0000000000000000000, 1.000000000000000000 ) ) ;
#9510 = CARTESIAN_POINT ( 'NONE',  ( -13.50000000000000178, 8.734092485736935529, -2.797607197594146555 ) ) ;
#9511 = EDGE_LOOP ( 'NONE', ( #1722, #5810, #8231, #2892, #3689 ) ) ;
#9512 = CARTESIAN_POINT ( 'NONE',  ( 10.93485944094725326, 55.14718405585800554, -0.8513888723903012545 ) ) ;
#9513 = CARTESIAN_POINT ( 'NONE',  ( 1.304063004796177649, 55.54341437917025814, -0.01857861185664076362 ) ) ;
#9514 = CARTESIAN_POINT ( 'NONE',  ( -1.114934793232358112, 55.92818082335836749, -0.01695970555067700253 ) ) ;
#9515 = DIRECTION ( 'NONE',  ( 0.0000000000000000000, 1.000000000000000000, 0.0000000000000000000 ) ) ;
#9516 = EDGE_CURVE ( 'NONE', #9629, #8042, #3481, .T. ) ;
#9517 = DIRECTION ( 'NONE',  ( 0.0000000000000000000, 0.0000000000000000000, 1.000000000000000000 ) ) ;
#9518 = B_SPLINE_CURVE_WITH_KNOTS ( 'NONE', 3,
 ( #6992, #9174, #5311, #2250, #2302, #95, #7729, #697, #6176, #5368 ),
 .UNSPECIFIED., .F., .F.,
 ( 4, 2, 2, 2, 4 ),
 ( 0.0000000000000000000, 0.0001275072372781261675, 0.0002550144745562523351, 0.0005100289491125236437, 0.001020057898225045986 ),
 .UNSPECIFIED. ) ;
#9519 = CIRCLE ( 'NONE', #8865, 2.749999999999998668 ) ;
#9520 = ORIENTED_EDGE ( 'NONE', *, *, #5498, .F. ) ;
#9521 = ORIENTED_EDGE ( 'NONE', *, *, #2500, .F. ) ;
#9522 = CARTESIAN_POINT ( 'NONE',  ( -14.09999999999999964, 12.90000000000000924, -6.348128122775027471 ) ) ;
#9523 = PLANE ( 'NONE',  #7303 ) ;
#9524 = PLANE ( 'NONE',  #9821 ) ;
#9525 = VECTOR ( 'NONE', #3904, 1000.000000000000000 ) ;
#9526 = ADVANCED_FACE ( 'NONE', ( #3180 ), #4724, .T. ) ;
#9527 = APPLICATION_CONTEXT ( 'automotive_design' ) ;
#9528 = EDGE_LOOP ( 'NONE', ( #4357, #848, #8419, #6132 ) ) ;
#9529 = DIRECTION ( 'NONE',  ( 0.0000000000000000000, -0.0000000000000000000, 1.000000000000000000 ) ) ;
#9530 = DIRECTION ( 'NONE',  ( 0.0000000000000000000, 0.0000000000000000000, 1.000000000000000000 ) ) ;
#9531 = ORIENTED_EDGE ( 'NONE', *, *, #2779, .T. ) ;
#9532 = VECTOR ( 'NONE', #6011, 1000.000000000000000 ) ;
#9533 = VECTOR ( 'NONE', #3326, 1000.000000000000000 ) ;
#9534 = CARTESIAN_POINT ( 'NONE',  ( 7.838382829955666153, 55.71646113266587719, -0.07234574897400447568 ) ) ;
#9535 = CARTESIAN_POINT ( 'NONE',  ( 1.177447573343205267, 56.69246342029445884, 0.2943615570823884253 ) ) ;
#9536 = PLANE ( 'NONE',  #5092 ) ;
#9537 = CARTESIAN_POINT ( 'NONE',  ( 13.49999999999999822, 57.05551620795157675, -1.297607197594145889 ) ) ;
#9538 = VECTOR ( 'NONE', #8569, 1000.000000000000000 ) ;
#9539 = VERTEX_POINT ( 'NONE', #7001 ) ;
#9540 = EDGE_CURVE ( 'NONE', #4293, #5299, #7659, .T. ) ;
#9541 = DIRECTION ( 'NONE',  ( 0.0000000000000000000, 0.0000000000000000000, 1.000000000000000000 ) ) ;
#9542 = VERTEX_POINT ( 'NONE', #3814 ) ;
#9543 = DIRECTION ( 'NONE',  ( 0.0000000000000000000, 0.0000000000000000000, 1.000000000000000000 ) ) ;
#9544 = ORIENTED_EDGE ( 'NONE', *, *, #7464, .F. ) ;
#9545 = DIRECTION ( 'NONE',  ( 0.0000000000000000000, 9.020562075078317729E-14, 1.000000000000000000 ) ) ;
#9546 = EDGE_LOOP ( 'NONE', ( #8324, #5413, #8481, #8708 ) ) ;
#9547 = CARTESIAN_POINT ( 'NONE',  ( 7.292386991060698875, 55.34736085034327857, -0.3761622307815153943 ) ) ;
#9548 = ORIENTED_EDGE ( 'NONE', *, *, #1378, .T. ) ;
#9549 = CIRCLE ( 'NONE', #1369, 0.5000000000000004441 ) ;
#9550 = DIRECTION ( 'NONE',  ( 0.0000000000000000000, -0.9925461516414275653, -0.1218693434042891904 ) ) ;
#9551 = VECTOR ( 'NONE', #5878, 1000.000000000000000 ) ;
#9552 = CARTESIAN_POINT ( 'NONE',  ( 1.607348460638022614, 55.40786476103580327, 0.2857021154571451893 ) ) ;
#9553 = DIRECTION ( 'NONE',  ( 0.0000000000000000000, 0.0000000000000000000, -1.000000000000000000 ) ) ;
#9554 = CARTESIAN_POINT ( 'NONE',  ( 9.552779272496643159, 56.45471427333595926, -0.7262907717472794067 ) ) ;
#9555 = EDGE_CURVE ( 'NONE', #3980, #7434, #2400, .T. ) ;
#9556 = EDGE_CURVE ( 'NONE', #1630, #2255, #2363, .T. ) ;
#9557 = DIRECTION ( 'NONE',  ( -0.0000000000000000000, -0.0000000000000000000, 1.000000000000000000 ) ) ;
#9558 = CIRCLE ( 'NONE', #2662, 0.2000000000000196065 ) ;
#9559 = CARTESIAN_POINT ( 'NONE',  ( 8.209425728421859247, 56.23837904712169689, -0.4803865622226338727 ) ) ;
#9560 = CARTESIAN_POINT ( 'NONE',  ( 1.163620165998492162, 53.87380070577866320, 0.2905892927757250943 ) ) ;
#9561 = CYLINDRICAL_SURFACE ( 'NONE', #4096, 0.4999999999999952260 ) ;
#9562 = CARTESIAN_POINT ( 'NONE',  ( 2.423437500000000355, 62.00000000000004974, -25.99072695035659919 ) ) ;
#9563 = CARTESIAN_POINT ( 'NONE',  ( 8.206987885869812871, 54.29469515565661197, -0.1747352733279350090 ) ) ;
#9564 = EDGE_CURVE ( 'NONE', #7165, #9350, #7794, .T. ) ;
#9565 = DIRECTION ( 'NONE',  ( 0.0000000000000000000, 3.965082230804130614E-15, 1.000000000000000000 ) ) ;
#9566 = CARTESIAN_POINT ( 'NONE',  ( -1.088599868616247024, 55.85818896865985295, 0.2945886685900927504 ) ) ;
#9567 = DIRECTION ( 'NONE',  ( -1.000000000000000000, 0.0000000000000000000, 0.0000000000000000000 ) ) ;
#9568 = AXIS2_PLACEMENT_3D ( 'NONE', #870, #7689, #7738 ) ;
#9569 = ORIENTED_EDGE ( 'NONE', *, *, #5983, .F. ) ;
#9570 = DIRECTION ( 'NONE',  ( 0.0000000000000000000, 1.000000000000000000, 0.0000000000000000000 ) ) ;
#9571 = LINE ( 'NONE', #7965, #4396 ) ;
#9572 = CARTESIAN_POINT ( 'NONE',  ( 8.704393285981851136, 54.83597669337176939, -0.5389759807138325698 ) ) ;
#9573 = CIRCLE ( 'NONE', #3635, 1.000000000000000000 ) ;
#9574 = CARTESIAN_POINT ( 'NONE',  ( 10.73130290409685017, 56.34431289084270844, -0.4181348863512484582 ) ) ;
#9575 = EDGE_LOOP ( 'NONE', ( #8333, #8466, #4871, #1822, #6318 ) ) ;
#9576 = EDGE_LOOP ( 'NONE', ( #2276, #7337, #7837, #9049, #2482, #9271, #6671 ) ) ;
#9577 = CARTESIAN_POINT ( 'NONE',  ( 7.748305722740456147, 55.69895433002066198, -0.07234574897400491977 ) ) ;
#9578 = CARTESIAN_POINT ( 'NONE',  ( 1.060765982389960449, 56.69758502975550130, -0.02745724643013849192 ) ) ;
#9579 = CARTESIAN_POINT ( 'NONE',  ( 1.616241376060001844, 53.97578835847396306, -0.03047645466538009135 ) ) ;
#9580 = AXIS2_PLACEMENT_3D ( 'NONE', #3831, #5988, #2935 ) ;
#9581 = ORIENTED_EDGE ( 'NONE', *, *, #2438, .F. ) ;
#9582 = CARTESIAN_POINT ( 'NONE',  ( 1.283735457526312684, 55.53581740769050867, 0.2884219955050085216 ) ) ;
#9583 = ORIENTED_EDGE ( 'NONE', *, *, #2620, .T. ) ;
#9584 = CARTESIAN_POINT ( 'NONE',  ( 7.607047188913720781, 56.28794583025646148, -0.07255918057899224394 ) ) ;
#9585 = ORIENTED_EDGE ( 'NONE', *, *, #3264, .F. ) ;
#9586 = CARTESIAN_POINT ( 'NONE',  ( 7.828821132781785153, 54.16323451639831887, -0.07239559482833290982 ) ) ;
#9587 = EDGE_LOOP ( 'NONE', ( #4792, #6537 ) ) ;
#9588 = EDGE_CURVE ( 'NONE', #7070, #1630, #8446, .T. ) ;
#9589 = VECTOR ( 'NONE', #1218, 1000.000000000000000 ) ;
#9591 = ADVANCED_FACE ( 'NONE', ( #7737 ), #2714, .T. ) ;
#9590 = CARTESIAN_POINT ( 'NONE',  ( 8.571145389965165506, 54.25299967647615063, -0.5390089958205916965 ) ) ;
#9592 = CARTESIAN_POINT ( 'NONE',  ( 0.0000000000000000000, 5.734092485736938194, -70.87421554853963812 ) ) ;
#9593 = CARTESIAN_POINT ( 'NONE',  ( 14.09999999999999964, 0.0000000000000000000, -50.70000000000000284 ) ) ;
#9594 = CARTESIAN_POINT ( 'NONE',  ( -4.724999999999997868, 57.00000000000001421, -35.64999999999994884 ) ) ;
#9595 = CARTESIAN_POINT ( 'NONE',  ( 1.291860846912463057, 56.34513892710698713, -0.01174499460366853175 ) ) ;
#9596 = ORIENTED_EDGE ( 'NONE', *, *, #4239, .F. ) ;
#9597 = FACE_OUTER_BOUND ( 'NONE', #8696, .T. ) ;
#9598 = CARTESIAN_POINT ( 'NONE',  ( 7.917179901905550210, 56.69768321019456891, -0.4458325920447148705 ) ) ;
#9599 = ORIENTED_EDGE ( 'NONE', *, *, #9040, .F. ) ;
#9600 = DIRECTION ( 'NONE',  ( 0.0000000000000000000, -2.775557561562888984E-15, -1.000000000000000000 ) ) ;
#9601 = EDGE_CURVE ( 'NONE', #4060, #7165, #7106, .T. ) ;
#9603 = EDGE_CURVE ( 'NONE', #5623, #1264, #406, .T. ) ;
#9602 = FACE_OUTER_BOUND ( 'NONE', #7939, .T. ) ;
#9604 = LINE ( 'NONE', #1284, #9551 ) ;
#9605 = EDGE_LOOP ( 'NONE', ( #7903, #4424, #8441, #4167 ) ) ;
#9606 = VECTOR ( 'NONE', #6804, 1000.000000000000000 ) ;
#9607 = CARTESIAN_POINT ( 'NONE',  ( -13.50000000000000000, 11.80000000000000426, 0.0000000000000000000 ) ) ;
#9608 = DIRECTION ( 'NONE',  ( 0.0000000000000000000, -1.000000000000000000, 3.362642065588203259E-15 ) ) ;
#9609 = CARTESIAN_POINT ( 'NONE',  ( -1.463542356246558818, 56.31341293260068426, 0.2945886685900927504 ) ) ;
#9610 = CARTESIAN_POINT ( 'NONE',  ( 14.09999999999999964, 11.80000000000000426, 0.0000000000000000000 ) ) ;
#9611 = FACE_OUTER_BOUND ( 'NONE', #314, .T. ) ;
#9612 = ORIENTED_EDGE ( 'NONE', *, *, #3762, .F. ) ;
#9613 = EDGE_CURVE ( 'NONE', #7519, #3553, #2724, .T. ) ;
#9614 = CARTESIAN_POINT ( 'NONE',  ( 6.650000000000000355, 4.999999999999999112, -48.69521209059481492 ) ) ;
#9615 = AXIS2_PLACEMENT_3D ( 'NONE', #7910, #3247, #6409 ) ;
#9616 = CARTESIAN_POINT ( 'NONE',  ( 1.649329860067773934, 54.68747993182417844, -0.01919356256078373277 ) ) ;
#9617 = CARTESIAN_POINT ( 'NONE',  ( 6.578210169804252772, 0.0000000000000000000, -3.297607197594146111 ) ) ;
#9618 = B_SPLINE_CURVE_WITH_KNOTS ( 'NONE', 3,
 ( #9582, #1263, #4303, #2713 ),
 .UNSPECIFIED., .F., .F.,
 ( 4, 4 ),
 ( 2.168404344971008868E-19, 0.0003210529754868746556 ),
 .UNSPECIFIED. ) ;
#9619 = LINE ( 'NONE', #8022, #4300 ) ;
#9620 = ORIENTED_EDGE ( 'NONE', *, *, #8019, .T. ) ;
#9621 = EDGE_LOOP ( 'NONE', ( #6438, #7499, #4248, #1285 ) ) ;
#9622 = CARTESIAN_POINT ( 'NONE',  ( 7.660605159592600799, 55.66969957318718087, -0.4472155396743598410 ) ) ;
#9623 = CARTESIAN_POINT ( 'NONE',  ( -14.09999999999999964, 57.14644660940672338, -39.05159607626086427 ) ) ;
#9624 = CARTESIAN_POINT ( 'NONE',  ( 8.013172581776203174, 56.69465977105588195, -0.1525056784584174763 ) ) ;
#9625 = CARTESIAN_POINT ( 'NONE',  ( 1.268385620082350229, 53.88329985583561665, -0.03047645466538074013 ) ) ;
#9626 = ORIENTED_EDGE ( 'NONE', *, *, #7574, .T. ) ;
#9627 = CARTESIAN_POINT ( 'NONE',  ( 10.04766645642459366, 53.83804435198746319, -0.7158093571648080911 ) ) ;
#9628 = CARTESIAN_POINT ( 'NONE',  ( 7.361658419468954939, 55.91468007218070113, -0.07255918057899200801 ) ) ;
#9629 = VERTEX_POINT ( 'NONE', #4974 ) ;
#9630 = EDGE_CURVE ( 'NONE', #6622, #7720, #7860, .T. ) ;
#9631 = VECTOR ( 'NONE', #2945, 1000.000000000000000 ) ;
#9632 = CARTESIAN_POINT ( 'NONE',  ( 14.09999999999999964, 56.46999999999999886, -4.118128122774996847 ) ) ;
#9633 = ORIENTED_EDGE ( 'NONE', *, *, #330, .F. ) ;
#9634 = DIRECTION ( 'NONE',  ( 0.0000000000000000000, -0.0000000000000000000, -1.000000000000000000 ) ) ;
#9635 = CARTESIAN_POINT ( 'NONE',  ( 8.349819751095465037, 53.98985434137010486, -0.1352089772695207748 ) ) ;
#9636 = CARTESIAN_POINT ( 'NONE',  ( 10.13104265296275308, 54.16340486282285127, -0.7278171787762043321 ) ) ;
#9637 = CARTESIAN_POINT ( 'NONE',  ( 8.114241902463177780, 53.86720112560963969, -0.4659994106967121352 ) ) ;
#9638 = CARTESIAN_POINT ( 'NONE',  ( 14.09999999999999964, 56.11856143500671124, -3.181917176974927930 ) ) ;
#9639 = ORIENTED_EDGE ( 'NONE', *, *, #7767, .T. ) ;
#9640 = EDGE_CURVE ( 'NONE', #6092, #6226, #1878, .T. ) ;
#9641 = CARTESIAN_POINT ( 'NONE',  ( 0.0000000000000000000, 52.87253265680915604, -70.87421554853963812 ) ) ;
#9642 = VECTOR ( 'NONE', #397, 1000.000000000000000 ) ;
#9643 = DIRECTION ( 'NONE',  ( 0.0000000000000000000, 0.0000000000000000000, 1.000000000000000000 ) ) ;
#9644 = CARTESIAN_POINT ( 'NONE',  ( 14.09999999999999964, 9.999999999999994671, 0.0000000000000000000 ) ) ;
#9645 = DIRECTION ( 'NONE',  ( -1.000000000000000000, -0.0000000000000000000, -0.0000000000000000000 ) ) ;
#9646 = ORIENTED_EDGE ( 'NONE', *, *, #2983, .F. ) ;
#9647 = CARTESIAN_POINT ( 'NONE',  ( -14.09999999999999964, 22.88128306798727962, -40.69521439518901218 ) ) ;
#9648 = FACE_OUTER_BOUND ( 'NONE', #2456, .T. ) ;
#9649 = EDGE_CURVE ( 'NONE', #6426, #4991, #8045, .T. ) ;
#9650 = DIRECTION ( 'NONE',  ( 0.0000000000000000000, -0.02617694830786635243, -0.9996573249755574819 ) ) ;
#9651 = CARTESIAN_POINT ( 'NONE',  ( -14.09999999999999964, 37.59360607324528303, -2.797128122774994452 ) ) ;
#9652 = VERTEX_POINT ( 'NONE', #1031 ) ;
#9653 = CARTESIAN_POINT ( 'NONE',  ( -0.8970867623370083477, 54.31950004627110218, -0.02630137221458158855 ) ) ;
#9654 = VECTOR ( 'NONE', #9650, 1000.000000000000114 ) ;
#9655 = CYLINDRICAL_SURFACE ( 'NONE', #1064, 0.5000000000000004441 ) ;
#9656 = CARTESIAN_POINT ( 'NONE',  ( 2.648437500000003109, 57.00000000000002842, -31.32733805661631976 ) ) ;
#9657 = EDGE_CURVE ( 'NONE', #1598, #5567, #5734, .T. ) ;
#9658 = ORIENTED_EDGE ( 'NONE', *, *, #9191, .T. ) ;
#9659 = CARTESIAN_POINT ( 'NONE',  ( 7.328144112108150310, 55.40129261795215854, -0.3798609820532578008 ) ) ;
#9660 = CARTESIAN_POINT ( 'NONE',  ( 10.81466354070975200, 56.15372992452472545, -0.4181348863512486802 ) ) ;
#9661 = ORIENTED_EDGE ( 'NONE', *, *, #8916, .T. ) ;
#9662 = ORIENTED_EDGE ( 'NONE', *, *, #5576, .F. ) ;
#9663 = CARTESIAN_POINT ( 'NONE',  ( -1.027391859331207469, 54.98471019989888475, -0.007437128561216261279 ) ) ;
#9664 = VECTOR ( 'NONE', #5908, 1000.000000000000000 ) ;
#9665 = DIRECTION ( 'NONE',  ( -0.0000000000000000000, -0.0000000000000000000, 1.000000000000000000 ) ) ;
#9666 = CARTESIAN_POINT ( 'NONE',  ( 1.043212824275349782, 53.87253265680915604, 0.2942797456913125442 ) ) ;
#9667 = ORIENTED_EDGE ( 'NONE', *, *, #2012, .T. ) ;
#9668 = EDGE_CURVE ( 'NONE', #3788, #5847, #4638, .T. ) ;
#9669 = ORIENTED_EDGE ( 'NONE', *, *, #64, .F. ) ;
#9670 = CARTESIAN_POINT ( 'NONE',  ( -0.6542544373080282361, 55.30038819490839330, -0.003019842864396156228 ) ) ;
#9671 = VECTOR ( 'NONE', #679, 1000.000000000000000 ) ;
#9672 = ORIENTED_EDGE ( 'NONE', *, *, #9495, .T. ) ;
#9673 = AXIS2_PLACEMENT_3D ( 'NONE', #3539, #7365, #5035 ) ;
#9674 = ORIENTED_EDGE ( 'NONE', *, *, #8507, .F. ) ;
#9675 = CARTESIAN_POINT ( 'NONE',  ( 7.564433199154040111, 54.24207476936587113, -0.07239559482833268778 ) ) ;
#9676 = VERTEX_POINT ( 'NONE', #8796 ) ;
#9677 = DIRECTION ( 'NONE',  ( 0.0000000000000000000, -2.775557561562888984E-15, -1.000000000000000000 ) ) ;
#9678 = DIRECTION ( 'NONE',  ( 0.0000000000000000000, 0.0000000000000000000, -1.000000000000000000 ) ) ;
#9679 = LINE ( 'NONE', #2815, #3031 ) ;
#9680 = CARTESIAN_POINT ( 'NONE',  ( 14.09999999999999964, 53.00000000000000000, 0.0000000000000000000 ) ) ;
#9681 = AXIS2_PLACEMENT_3D ( 'NONE', #8001, #8658, #1039 ) ;
#9682 = PLANE ( 'NONE',  #1292 ) ;
#9683 = LINE ( 'NONE', #5111, #9719 ) ;
#9684 = ORIENTED_EDGE ( 'NONE', *, *, #5216, .T. ) ;
#9685 = CARTESIAN_POINT ( 'NONE',  ( 7.677196636690259091, 55.67720430211938520, -0.1152337433963561419 ) ) ;
#9686 = CARTESIAN_POINT ( 'NONE',  ( 5.581732638813831748, 55.98597272664004976, 0.08081180869493229113 ) ) ;
#9687 = AXIS2_PLACEMENT_3D ( 'NONE', #7925, #4999, #1995 ) ;
#9688 = VECTOR ( 'NONE', #6365, 1000.000000000000000 ) ;
#9689 = VERTEX_POINT ( 'NONE', #8752 ) ;
#9690 = DIRECTION ( 'NONE',  ( 0.0000000000000000000, 1.000000000000000000, -0.0000000000000000000 ) ) ;
#9691 = DIRECTION ( 'NONE',  ( 1.000000000000000000, 0.0000000000000000000, -0.0000000000000000000 ) ) ;
#9693 = EDGE_CURVE ( 'NONE', #1170, #2288, #322, .T. ) ;
#9692 = CARTESIAN_POINT ( 'NONE',  ( 10.52088091279513193, 53.95504176276778452, -0.4181348863512486802 ) ) ;
#9694 = EDGE_CURVE ( 'NONE', #1965, #4764, #6340, .T. ) ;
#9695 = VECTOR ( 'NONE', #8054, 1000.000000000000000 ) ;
#9696 = DIRECTION ( 'NONE',  ( -0.0000000000000000000, -1.000000000000000000, -0.0000000000000000000 ) ) ;
#9697 = CARTESIAN_POINT ( 'NONE',  ( 7.308070738555276336, 54.65090364865577754, -0.07618518670102357448 ) ) ;
#9698 = CARTESIAN_POINT ( 'NONE',  ( 9.334131016495090805, 54.56786144178973075, -0.3147139173638375809 ) ) ;
#9699 = ORIENTED_EDGE ( 'NONE', *, *, #961, .F. ) ;
#9700 = VECTOR ( 'NONE', #8687, 1000.000000000000114 ) ;
#9701 = CARTESIAN_POINT ( 'NONE',  ( -1.444785514261752724, 53.91890340758600786, -0.02630137221458180713 ) ) ;
#9702 = DIRECTION ( 'NONE',  ( -8.374527125405279607E-16, -3.828355257328127933E-15, -1.000000000000000000 ) ) ;
#9703 = CARTESIAN_POINT ( 'NONE',  ( -8.673617379884035472E-16, 13.99999999999999467, -33.70200572722875876 ) ) ;
#9704 = DIRECTION ( 'NONE',  ( -0.0000000000000000000, 1.000000000000000000, -0.0000000000000000000 ) ) ;
#9705 = EDGE_CURVE ( 'NONE', #5477, #3755, #1968, .T. ) ;
#9706 = VECTOR ( 'NONE', #831, 1000.000000000000000 ) ;
#9707 = ORIENTED_EDGE ( 'NONE', *, *, #2825, .F. ) ;
#9708 = CARTESIAN_POINT ( 'NONE',  ( -1.901010580959484830, 56.69768321019457602, -0.02549934004410225885 ) ) ;
#9709 = CARTESIAN_POINT ( 'NONE',  ( 10.13650723900385664, 56.69662023515699190, -0.8513888723903119127 ) ) ;
#9710 = VERTEX_POINT ( 'NONE', #2583 ) ;
#9711 = ORIENTED_EDGE ( 'NONE', *, *, #6017, .T. ) ;
#9712 = AXIS2_PLACEMENT_3D ( 'NONE', #5455, #8678, #9320 ) ;
#9713 = CARTESIAN_POINT ( 'NONE',  ( 8.560113016387139950, 55.96121570212824992, -0.2165521133342508953 ) ) ;
#9714 = CARTESIAN_POINT ( 'NONE',  ( 1.801089108883254575, 54.10716423261587238, -0.03047645466537965767 ) ) ;
#9715 = ORIENTED_EDGE ( 'NONE', *, *, #7926, .F. ) ;
#9716 = CARTESIAN_POINT ( 'NONE',  ( 7.249941820486998978, 56.37679772065740025, -0.07020928795056251281 ) ) ;
#9717 = ORIENTED_EDGE ( 'NONE', *, *, #9834, .T. ) ;
#9718 = CARTESIAN_POINT ( 'NONE',  ( 7.188394702710010797, 56.29358945734735187, -0.06390720072883739056 ) ) ;
#9719 = VECTOR ( 'NONE', #4356, 1000.000000000000000 ) ;
#9720 = VERTEX_POINT ( 'NONE', #7992 ) ;
#9721 = VERTEX_POINT ( 'NONE', #7293 ) ;
#9722 = EDGE_CURVE ( 'NONE', #5282, #1427, #4829, .T. ) ;
#9723 = CARTESIAN_POINT ( 'NONE',  ( 8.701088116435558462, 54.67320612969228222, -0.5390089958205919185 ) ) ;
#9724 = CARTESIAN_POINT ( 'NONE',  ( 10.47349279530879151, 54.38327677069098343, -0.7781316001047309250 ) ) ;
#9725 = CARTESIAN_POINT ( 'NONE',  ( 6.002959302592481450, 56.69768321019457602, 0.7023928024058537778 ) ) ;
#9726 = CARTESIAN_POINT ( 'NONE',  ( 14.09999999999999964, 21.78128306799197844, -46.02739446895115805 ) ) ;
#9727 = VECTOR ( 'NONE', #2201, 1000.000000000000000 ) ;
#9728 = DIRECTION ( 'NONE',  ( 0.0000000000000000000, -0.0000000000000000000, -1.000000000000000000 ) ) ;
#9729 = CARTESIAN_POINT ( 'NONE',  ( -10.50000000000000000, 59.85600527474578314, -2.797607197594146555 ) ) ;
#9730 = ORIENTED_EDGE ( 'NONE', *, *, #9308, .T. ) ;
#9731 = CARTESIAN_POINT ( 'NONE',  ( -1.313461647971517099, 54.35168304246830928, 0.2905820563629009645 ) ) ;
#9732 = VECTOR ( 'NONE', #5141, 1000.000000000000000 ) ;
#9733 = FACE_BOUND ( 'NONE', #9449, .T. ) ;
#9734 = FACE_OUTER_BOUND ( 'NONE', #5610, .T. ) ;
#9735 = ORIENTED_EDGE ( 'NONE', *, *, #8158, .F. ) ;
#9736 = FACE_OUTER_BOUND ( 'NONE', #9404, .T. ) ;
#9737 = AXIS2_PLACEMENT_3D ( 'NONE', #2782, #515, #2831 ) ;
#9738 = DIRECTION ( 'NONE',  ( 0.0000000000000000000, 0.0000000000000000000, -1.000000000000000000 ) ) ;
#9739 = CARTESIAN_POINT ( 'NONE',  ( 4.315112946339142219, 53.87253265680915604, -0.1314828484156316257 ) ) ;
#9740 = CARTESIAN_POINT ( 'NONE',  ( 10.34553683901193821, 54.24464392090095544, -0.4184356817180834298 ) ) ;
#9741 = EDGE_CURVE ( 'NONE', #8325, #505, #8651, .T. ) ;
#9742 = VERTEX_POINT ( 'NONE', #4071 ) ;
#9743 = CIRCLE ( 'NONE', #956, 3.999999999999996447 ) ;
#9744 = CARTESIAN_POINT ( 'NONE',  ( -0.7210197421635198278, 54.73209234467380213, -0.02630137221458180713 ) ) ;
#9745 = CARTESIAN_POINT ( 'NONE',  ( -1.351593911918024693, 54.32349535327627876, -0.01288543593999267808 ) ) ;
#9746 = DIRECTION ( 'NONE',  ( 1.000000000000000000, 0.0000000000000000000, 0.0000000000000000000 ) ) ;
#9747 = EDGE_LOOP ( 'NONE', ( #3781, #9911, #28, #1579, #7922, #2206 ) ) ;
#9748 = CARTESIAN_POINT ( 'NONE',  ( 14.09999999999999964, 48.99999999999999289, -5.458128122775004698 ) ) ;
#9749 = CARTESIAN_POINT ( 'NONE',  ( 10.43950757727433043, 56.19831785642933397, -0.4697613751771717583 ) ) ;
#9750 = EDGE_LOOP ( 'NONE', ( #8874, #2045, #7346, #5620 ) ) ;
#9751 = CARTESIAN_POINT ( 'NONE',  ( 7.314065532287655103, 54.99188847155333804, -0.4373989088692306071 ) ) ;
#9752 = CARTESIAN_POINT ( 'NONE',  ( 10.90465333376551271, 55.79354582176665645, -0.8513888723903116906 ) ) ;
#9753 = EDGE_CURVE ( 'NONE', #7758, #7103, #7075, .T. ) ;
#9754 = ORIENTED_EDGE ( 'NONE', *, *, #6017, .F. ) ;
#9755 = ORIENTED_EDGE ( 'NONE', *, *, #4139, .F. ) ;
#9756 = CARTESIAN_POINT ( 'NONE',  ( -1.083270128470425142, 54.75029368907689786, -0.008276604226322890889 ) ) ;
#9757 = DIRECTION ( 'NONE',  ( -1.000000000000000000, -0.0000000000000000000, -0.0000000000000000000 ) ) ;
#9758 = CARTESIAN_POINT ( 'NONE',  ( 7.965288121382342545, 56.69676525717977711, -0.1470956616789911298 ) ) ;
#9759 = DIRECTION ( 'NONE',  ( 0.0000000000000000000, 1.000000000000000000, 0.0000000000000000000 ) ) ;
#9760 = AXIS2_PLACEMENT_3D ( 'NONE', #2488, #3395, #2643 ) ;
#9761 = ORIENTED_EDGE ( 'NONE', *, *, #2387, .F. ) ;
#9762 = LINE ( 'NONE', #5138, #9631 ) ;
#9763 = ORIENTED_EDGE ( 'NONE', *, *, #3809, .T. ) ;
#9764 = PLANE ( 'NONE',  #8770 ) ;
#9765 = EDGE_CURVE ( 'NONE', #6255, #2936, #4219, .T. ) ;
#9766 = ORIENTED_EDGE ( 'NONE', *, *, #7783, .T. ) ;
#9767 = CARTESIAN_POINT ( 'NONE',  ( 10.10304959289029547, 53.83631277791960201, -0.4207035858732040556 ) ) ;
#9768 = VERTEX_POINT ( 'NONE', #6012 ) ;
#9769 = B_SPLINE_CURVE_WITH_KNOTS ( 'NONE', 3,
 ( #995, #2481, #1844, #5545, #3389, #3292, #4032, #216, #6454, #7954 ),
 .UNSPECIFIED., .F., .F.,
 ( 4, 3, 3, 4 ),
 ( 2.168470518410301966E-19, 5.724865747419157017E-05, 0.0001145085181031492454, 0.0002287173556264671570 ),
 .UNSPECIFIED. ) ;
#9770 = EDGE_LOOP ( 'NONE', ( #2695, #6917, #1152, #9583 ) ) ;
#9771 = CARTESIAN_POINT ( 'NONE',  ( 8.157331553620370101, 53.88310213580153629, -0.1352089772695212189 ) ) ;
#9772 = DIRECTION ( 'NONE',  ( 0.0000000000000000000, 0.0000000000000000000, 1.000000000000000000 ) ) ;
#9773 = CARTESIAN_POINT ( 'NONE',  ( -4.724999999999997868, 57.00000000000004263, -27.19999999999994245 ) ) ;
#9774 = DIRECTION ( 'NONE',  ( 0.0000000000000000000, -0.0000000000000000000, -1.000000000000000000 ) ) ;
#9775 = VECTOR ( 'NONE', #1923, 1000.000000000000000 ) ;
#9776 = DIRECTION ( 'NONE',  ( 1.000000000000000000, 0.0000000000000000000, -0.0000000000000000000 ) ) ;
#9777 = EDGE_CURVE ( 'NONE', #6925, #3546, #3672, .T. ) ;
#9778 = ORIENTED_EDGE ( 'NONE', *, *, #7816, .T. ) ;
#9779 = ADVANCED_FACE ( 'NONE', ( #2818 ), #7568, .T. ) ;
#9780 = CARTESIAN_POINT ( 'NONE',  ( -1.268294571607542887, 54.39828683631538553, 0.2905820563629014641 ) ) ;
#9781 = CARTESIAN_POINT ( 'NONE',  ( 10.93447448268647726, 55.11055677297884614, -0.8485652471121840623 ) ) ;
#9782 = ORIENTED_EDGE ( 'NONE', *, *, #2730, .F. ) ;
#9783 = CARTESIAN_POINT ( 'NONE',  ( 13.50000000000000000, 13.99999999999999822, -5.458128122775026014 ) ) ;
#9784 = DIRECTION ( 'NONE',  ( -0.0000000000000000000, -0.0000000000000000000, 1.000000000000000000 ) ) ;
#9785 = ORIENTED_EDGE ( 'NONE', *, *, #2211, .T. ) ;
#9786 = CARTESIAN_POINT ( 'NONE',  ( 10.56839167471898477, 53.99205956585143440, -0.4181348863512487912 ) ) ;
#9787 = CARTESIAN_POINT ( 'NONE',  ( 9.269992378430492508, 55.26586612284178557, -0.3042425055354368024 ) ) ;
#9788 = EDGE_CURVE ( 'NONE', #7575, #7140, #6697, .T. ) ;
#9789 = CARTESIAN_POINT ( 'NONE',  ( -11.99806991194859052, 6.127452355507494453, -1.022741366972908184 ) ) ;
#9790 = VERTEX_POINT ( 'NONE', #9015 ) ;
#9791 = CARTESIAN_POINT ( 'NONE',  ( -1.009769419225373666, 54.17337685658100810, -0.02630137221458158855 ) ) ;
#9792 = CARTESIAN_POINT ( 'NONE',  ( -14.09999999999999964, 12.48128306799198484, -48.19521209059478650 ) ) ;
#9793 = LINE ( 'NONE', #3632, #7437 ) ;
#9794 = CARTESIAN_POINT ( 'NONE',  ( 7.292386991060699764, 54.81028795868407855, -0.3761622307815153943 ) ) ;
#9795 = B_SPLINE_CURVE_WITH_KNOTS ( 'NONE', 3,
 ( #6291, #7947, #1091, #4129, #7210, #7347, #2108, #8227, #5781, #2019, #1367, #6735, #2913, #8142 ),
 .UNSPECIFIED., .F., .F.,
 ( 4, 2, 2, 2, 2, 2, 4 ),
 ( 1.748223473168675632E-18, 0.0002326978547350754402, 0.0004653957094701491456, 0.0006980935642052227968, 0.0009307914189402965565, 0.001396187128410443859, 0.001861582837880591378 ),
 .UNSPECIFIED. ) ;
#9796 = EDGE_CURVE ( 'NONE', #3840, #9851, #1315, .T. ) ;
#9797 = FACE_OUTER_BOUND ( 'NONE', #5676, .T. ) ;
#9798 = VERTEX_POINT ( 'NONE', #599 ) ;
#9799 = CARTESIAN_POINT ( 'NONE',  ( 7.301712341769441394, 54.93408955316504461, -0.4373989088692314953 ) ) ;
#9800 = FACE_OUTER_BOUND ( 'NONE', #1003, .T. ) ;
#9801 = CARTESIAN_POINT ( 'NONE',  ( 1.537082982494627270, 55.84603722992378039, 0.2834012339889639964 ) ) ;
#9802 = B_SPLINE_SURFACE_WITH_KNOTS ( 'NONE', 3, 1, ( 
 ( #9433, #2563 ),
 ( #2230, #3594 ),
 ( #2845, #5992 ),
 ( #9856, #5292 ),
 ( #530, #675 ),
 ( #7605, #6662 ),
 ( #8204, #6046 ),
 ( #8367, #5897 ),
 ( #1491, #7411 ),
 ( #8956, #628 ),
 ( #8997, #2183 ) ),
 .UNSPECIFIED., .F., .F., .F.,
 ( 4, 1, 1, 1, 1, 1, 1, 1, 4 ),
 ( 2, 2 ),
 ( 0.0000000000000000000, 0.1116703001015882935, 0.2320944808560161388, 0.3627434591045522461, 0.5025575097108855305, 0.6415251033312804330, 0.7710984952996684516, 0.8901617573732532041, 0.9999999999999998890 ),
 ( 0.0000000000000000000, 1.000000000000000000 ),
 .UNSPECIFIED. ) ;
#9803 = CARTESIAN_POINT ( 'NONE',  ( -1.440904931940586442, 56.65693584644382241, 0.2939208690156466242 ) ) ;
#9804 = EDGE_CURVE ( 'NONE', #3379, #4800, #5202, .T. ) ;
#9805 = EDGE_LOOP ( 'NONE', ( #3724, #5317, #2291, #482 ) ) ;
#9806 = CARTESIAN_POINT ( 'NONE',  ( 13.50000000000000000, 8.734092485736942635, -6.348128122775007043 ) ) ;
#9807 = VERTEX_POINT ( 'NONE', #6682 ) ;
#9808 = CARTESIAN_POINT ( 'NONE',  ( 6.002959302592481450, 56.69768321019457602, -0.2546792343420187232 ) ) ;
#9809 = DIRECTION ( 'NONE',  ( -1.000000000000000000, -0.0000000000000000000, 0.0000000000000000000 ) ) ;
#9810 = CARTESIAN_POINT ( 'NONE',  ( 8.293288513899693015, 56.10622840710477988, -0.1744246936133156123 ) ) ;
#9811 = EDGE_LOOP ( 'NONE', ( #7457, #7010, #3471, #1825 ) ) ;
#9812 = EDGE_LOOP ( 'NONE', ( #8643, #5864, #6535, #2797, #9440, #3670 ) ) ;
#9813 = CARTESIAN_POINT ( 'NONE',  ( -1.242880742736391264, 54.42972130989033985, 0.2891518006602288304 ) ) ;
#9814 = CARTESIAN_POINT ( 'NONE',  ( 8.423055991548855204, 54.04019898290960100, -0.2001307273405249498 ) ) ;
#9815 = LINE ( 'NONE', #7342, #8005 ) ;
#9816 = CARTESIAN_POINT ( 'NONE',  ( 2.010133368550473865, 54.62174876871330298, -0.02851140629912090815 ) ) ;
#9817 = EDGE_CURVE ( 'NONE', #1617, #8287, #2909, .T. ) ;
#9818 = ADVANCED_FACE ( 'NONE', ( #4355 ), #2154, .F. ) ;
#9819 = AXIS2_PLACEMENT_3D ( 'NONE', #4415, #1327, #8105 ) ;
#9820 = CARTESIAN_POINT ( 'NONE',  ( 8.377580876827702028, 54.86797173437420838, -0.1947623842940199579 ) ) ;
#9821 = AXIS2_PLACEMENT_3D ( 'NONE', #569, #2078, #375 ) ;
#9822 = VERTEX_POINT ( 'NONE', #7429 ) ;
#9823 = DIRECTION ( 'NONE',  ( 0.7431448254773906914, -0.0000000000000000000, 0.6691306063588621234 ) ) ;
#9824 = ORIENTED_EDGE ( 'NONE', *, *, #9588, .T. ) ;
#9825 = CARTESIAN_POINT ( 'NONE',  ( 10.01438775189761543, 53.83908482288616426, -0.7260886155308459156 ) ) ;
#9826 = LINE ( 'NONE', #7389, #8279 ) ;
#9827 = DIRECTION ( 'NONE',  ( 0.0000000000000000000, 0.0000000000000000000, 1.000000000000000000 ) ) ;
#9828 = CARTESIAN_POINT ( 'NONE',  ( 1.531673929613589502, 56.60478823094932466, -0.02745724643013849192 ) ) ;
#9829 = ORIENTED_EDGE ( 'NONE', *, *, #4301, .T. ) ;
#9830 = DIRECTION ( 'NONE',  ( -0.0000000000000000000, 0.0000000000000000000, -1.000000000000000000 ) ) ;
#9831 = AXIS2_PLACEMENT_3D ( 'NONE', #351, #8746, #9339 ) ;
#9832 = CARTESIAN_POINT ( 'NONE',  ( 10.09965397924439934, 56.37170430018856138, -0.8009584369727306141 ) ) ;
#9833 = ORIENTED_EDGE ( 'NONE', *, *, #9100, .T. ) ;
#9834 = EDGE_CURVE ( 'NONE', #4787, #9539, #5916, .T. ) ;
#9835 = CARTESIAN_POINT ( 'NONE',  ( 10.61348063888906346, 54.03334535059487109, -0.4181348863512490133 ) ) ;
#9836 = EDGE_CURVE ( 'NONE', #8771, #5623, #6469, .T. ) ;
#9837 = ADVANCED_FACE ( 'NONE', ( #749 ), #9682, .T. ) ;
#9838 = CARTESIAN_POINT ( 'NONE',  ( 9.283988358285656162, 54.90154926776012445, -0.3042425055354368024 ) ) ;
#9839 = AXIS2_PLACEMENT_3D ( 'NONE', #7391, #504, #2866 ) ;
#9840 = DIRECTION ( 'NONE',  ( -0.0000000000000000000, 0.0000000000000000000, -1.000000000000000000 ) ) ;
#9841 = VERTEX_POINT ( 'NONE', #3613 ) ;
#9842 = FACE_OUTER_BOUND ( 'NONE', #2113, .T. ) ;
#9843 = CARTESIAN_POINT ( 'NONE',  ( -0.7580167229873993051, 54.61342579341278736, 0.2989210827142312343 ) ) ;
#9844 = FACE_OUTER_BOUND ( 'NONE', #4135, .T. ) ;
#9845 = DIRECTION ( 'NONE',  ( 0.0000000000000000000, -0.7071067811865486830, -0.7071067811865464625 ) ) ;
#9846 = CARTESIAN_POINT ( 'NONE',  ( 9.604465936724785990, 55.56901514175207524, -0.3479068640411292490 ) ) ;
#9847 = AXIS2_PLACEMENT_3D ( 'NONE', #8773, #1804, #7869 ) ;
#9848 = CARTESIAN_POINT ( 'NONE',  ( 13.50000000000000000, 11.79999999999999716, -6.348128122775007043 ) ) ;
#9849 = DIRECTION ( 'NONE',  ( 0.0000000000000000000, -1.000000000000000000, 3.362642065588203259E-15 ) ) ;
#9850 = ORIENTED_EDGE ( 'NONE', *, *, #396, .T. ) ;
#9851 = VERTEX_POINT ( 'NONE', #5962 ) ;
#9852 = CARTESIAN_POINT ( 'NONE',  ( 9.603900488409131242, 54.96009610216375307, -0.3476052596559757180 ) ) ;
#9853 = CARTESIAN_POINT ( 'NONE',  ( -5.503499385153697077, 36.09533680887011542, -3.297607197594146111 ) ) ;
#9854 = VECTOR ( 'NONE', #1831, 1000.000000000000000 ) ;
#9855 = ORIENTED_EDGE ( 'NONE', *, *, #8670, .T. ) ;
#9856 = CARTESIAN_POINT ( 'NONE',  ( 5.539507811874147869, 55.95294827652625003, 0.1244914657889752141 ) ) ;
#9857 = LINE ( 'NONE', #842, #3434 ) ;
#9858 = CARTESIAN_POINT ( 'NONE',  ( -1.061728074815540435, 56.45489683451302909, 0.2939208690156464021 ) ) ;
#9859 = ORIENTED_EDGE ( 'NONE', *, *, #1658, .T. ) ;
#9860 = CARTESIAN_POINT ( 'NONE',  ( 8.342763478857840198, 55.93706575351388466, -0.4927355473582651357 ) ) ;
#9861 = ORIENTED_EDGE ( 'NONE', *, *, #9540, .F. ) ;
#9862 = CARTESIAN_POINT ( 'NONE',  ( -0.5999999999999998668, 64.99999999999998579, -48.70000000000000995 ) ) ;
#9863 = EDGE_LOOP ( 'NONE', ( #171, #6528, #6570, #1255 ) ) ;
#9864 = LINE ( 'NONE', #1602, #9361 ) ;
#9865 = AXIS2_PLACEMENT_3D ( 'NONE', #3475, #8652, #6541 ) ;
#9866 = ORIENTED_EDGE ( 'NONE', *, *, #7621, .T. ) ;
#9867 = EDGE_CURVE ( 'NONE', #8909, #4169, #1411, .T. ) ;
#9868 = EDGE_LOOP ( 'NONE', ( #7488, #5066, #6096, #2992, #8374 ) ) ;
#9869 = CARTESIAN_POINT ( 'NONE',  ( -10.50000000000000000, 5.734092485736936418, -2.797607197594145667 ) ) ;
#9870 = CARTESIAN_POINT ( 'NONE',  ( 13.50000000000000000, 54.09999999999998721, -6.348128122775007043 ) ) ;
#9871 = DIRECTION ( 'NONE',  ( -1.000000000000000000, -0.0000000000000000000, -0.0000000000000000000 ) ) ;
#9872 = CARTESIAN_POINT ( 'NONE',  ( 0.05565518892728234246, 53.87253265680915604, 0.2999782400093520263 ) ) ;
#9873 = VECTOR ( 'NONE', #7827, 1000.000000000000000 ) ;
#9874 = CARTESIAN_POINT ( 'NONE',  ( -1.858565410385785821, 53.87253265680915604, 0.7023928024058537778 ) ) ;
#9875 = VERTEX_POINT ( 'NONE', #9228 ) ;
#9876 = FACE_OUTER_BOUND ( 'NONE', #6233, .T. ) ;
#9877 = ORIENTED_EDGE ( 'NONE', *, *, #5673, .T. ) ;
#9878 = CARTESIAN_POINT ( 'NONE',  ( 8.371065138291282182, 56.56390820452595136, -0.4960623414026092415 ) ) ;
#9879 = EDGE_CURVE ( 'NONE', #6426, #9255, #147, .T. ) ;
#9880 = DIRECTION ( 'NONE',  ( 0.0000000000000000000, 1.000000000000000000, -3.362642065588203259E-15 ) ) ;
#9881 = ORIENTED_EDGE ( 'NONE', *, *, #2247, .F. ) ;
#9882 = PLANE ( 'NONE',  #252 ) ;
#9883 = CARTESIAN_POINT ( 'NONE',  ( 10.55697760344747316, 55.92170833154739285, -0.8009584369727308362 ) ) ;
#9884 = ORIENTED_EDGE ( 'NONE', *, *, #2427, .F. ) ;
#9885 = CARTESIAN_POINT ( 'NONE',  ( 10.60933648383375605, 55.37996906188629964, -0.7985677838964236885 ) ) ;
#9886 = CARTESIAN_POINT ( 'NONE',  ( 9.282302070174013764, 55.61084853719150090, -0.7262907717472791846 ) ) ;
#9887 = CARTESIAN_POINT ( 'NONE',  ( 9.269992378430492508, 55.26586612284178557, -0.6447058877098518215 ) ) ;
#9888 = FACE_OUTER_BOUND ( 'NONE', #9511, .T. ) ;
#9889 = AXIS2_PLACEMENT_3D ( 'NONE', #1243, #471, #5839 ) ;
#9890 = EDGE_CURVE ( 'NONE', #3412, #488, #3121, .T. ) ;
#9891 = CARTESIAN_POINT ( 'NONE',  ( -14.09999999999999964, 21.78128306799197844, -46.02739446895115805 ) ) ;
#9892 = ADVANCED_FACE ( 'NONE', ( #6937 ), #9173, .F. ) ;
#9893 = ORIENTED_EDGE ( 'NONE', *, *, #1250, .T. ) ;
#9894 = B_SPLINE_SURFACE_WITH_KNOTS ( 'NONE', 3, 1, ( 
 ( #5938, #2082 ),
 ( #5341, #4385 ),
 ( #1343, #7600 ),
 ( #2840, #7454 ),
 ( #2226, #6808 ),
 ( #5132, #6041 ),
 ( #727, #671 ),
 ( #1486, #8200 ),
 ( #3830, #9149 ),
 ( #3779, #1392 ),
 ( #6865, #4433 ),
 ( #575, #1437 ),
 ( #3638, #7495 ),
 ( #8417, #6705 ),
 ( #3047, #9751 ),
 ( #2886, #9799 ),
 ( #4532, #8994 ),
 ( #5892, #6094 ),
 ( #1541, #2994 ) ),
 .UNSPECIFIED., .F., .F., .F.,
 ( 4, 1, 1, 1, 1, 1, 1, 1, 1, 1, 1, 1, 1, 1, 1, 1, 4 ),
 ( 2, 2 ),
 ( 0.0000000000000000000, 0.06310824879144401323, 0.1236601776605982667, 0.1833090116809708847, 0.2421423319783503614, 0.3008098337241955633, 0.3605053126534643604, 0.4207907018356683015, 0.4832720634026239082, 0.5457979568217996569, 0.6075978402156582137, 0.6691527408416088063, 0.7312574937436597811, 0.7954712905184442295, 0.8606530732482202684, 0.9287000316235275443, 1.000000000000000000 ),
 ( 0.0000000000000000000, 1.000000000000000000 ),
 .UNSPECIFIED. ) ;
#9895 = CARTESIAN_POINT ( 'NONE',  ( 14.09999999999999964, 3.193950341528352897E-06, -44.69521610176141024 ) ) ;
#9896 = LINE ( 'NONE', #3824, #5185 ) ;
#9897 = LINE ( 'NONE', #1582, #6173 ) ;
#9898 = VECTOR ( 'NONE', #7314, 1000.000000000000000 ) ;
#9899 = CARTESIAN_POINT ( 'NONE',  ( -14.09999999999999964, 23.38128306798728673, -40.69521439518901218 ) ) ;
#9900 = CARTESIAN_POINT ( 'NONE',  ( -0.6759787650296589234, 54.94673295782880729, 0.2967904288744351304 ) ) ;
#9901 = ORIENTED_EDGE ( 'NONE', *, *, #5329, .F. ) ;
#9902 = CARTESIAN_POINT ( 'NONE',  ( 1.648160970710182971, 54.72658548519901700, -0.01916635370434674815 ) ) ;
#9903 = CARTESIAN_POINT ( 'NONE',  ( -14.09999999999999964, 67.00195731433238677, -48.20000000000000995 ) ) ;
#9904 = AXIS2_PLACEMENT_3D ( 'NONE', #9725, #5148, #4659 ) ;
#9905 = DIRECTION ( 'NONE',  ( -1.000000000000000000, -0.0000000000000000000, 0.0000000000000000000 ) ) ;
#9906 = EDGE_CURVE ( 'NONE', #2396, #8630, #9462, .T. ) ;
#9907 = ORIENTED_EDGE ( 'NONE', *, *, #3890, .T. ) ;
#9908 = ORIENTED_EDGE ( 'NONE', *, *, #3301, .F. ) ;
#9909 = LINE ( 'NONE', #5449, #5179 ) ;
#9910 = DIRECTION ( 'NONE',  ( -1.000000000000000000, -0.0000000000000000000, -0.0000000000000000000 ) ) ;
#9911 = ORIENTED_EDGE ( 'NONE', *, *, #8436, .T. ) ;
#9912 = EDGE_LOOP ( 'NONE', ( #3263, #1130, #1565, #8415 ) ) ;
#9913 = CARTESIAN_POINT ( 'NONE',  ( 1.211553342744301931, 55.16620075391136879, -0.02106636364446385495 ) ) ;
#9914 = ORIENTED_EDGE ( 'NONE', *, *, #3418, .F. ) ;
#9915 = CARTESIAN_POINT ( 'NONE',  ( 7.917179901905550210, 56.69768321019456891, -0.3369263385375421138 ) ) ;
#9916 = ORIENTED_EDGE ( 'NONE', *, *, #5354, .F. ) ;
#9917 = ORIENTED_EDGE ( 'NONE', *, *, #213, .T. ) ;
#9918 = CARTESIAN_POINT ( 'NONE',  ( -1.463542356246558818, 56.31341293260068426, -0.02725522043429409041 ) ) ;
#9919 = VECTOR ( 'NONE', #5703, 1000.000000000000000 ) ;
#9920 = CARTESIAN_POINT ( 'NONE',  ( 1.234665622228571014, 54.20543634813386547, 0.2940854501769258333 ) ) ;
#9921 = CARTESIAN_POINT ( 'NONE',  ( 14.09999999999999964, 7.800000000000001599, -5.458128122775026014 ) ) ;
#9922 = CARTESIAN_POINT ( 'NONE',  ( -13.50000000000000000, 53.00000000000000000, -5.458128122775004698 ) ) ;
#9923 =( NAMED_UNIT ( * ) SI_UNIT ( $, .STERADIAN. ) SOLID_ANGLE_UNIT ( ) );
#9924 = EDGE_CURVE ( 'NONE', #3834, #4787, #6174, .T. ) ;
ENDSEC;
END-ISO-10303-21;
