ISO-10303-21;
HEADER;
/* Generated by software containing ST-Developer
 * from STEP Tools, Inc. (www.steptools.com) 
 */

FILE_DESCRIPTION(
/* description */ (''),
/* implementation_level */ '2;1');

FILE_NAME(
/* name */ '104 ceramic capacitor.step',
/* time_stamp */ '2026-05-11T15:33:47+05:30',
/* author */ (''),
/* organization */ (''),
/* preprocessor_version */ 'ST-DEVELOPER v20.1',
/* originating_system */ 'Autodesk Translation Framework v15.8.0.0',
/* authorisation */ '');

FILE_SCHEMA (('AUTOMOTIVE_DESIGN { 1 0 10303 214 3 1 1 }'));
ENDSEC;

DATA;
#10=MECHANICAL_DESIGN_GEOMETRIC_PRESENTATION_REPRESENTATION('',(#38,#39,
#40,#41,#42,#43),#2186);
#11=SHAPE_REPRESENTATION_RELATIONSHIP('SRR','None',#2193,#12);
#12=ADVANCED_BREP_SHAPE_REPRESENTATION('',(#44,#45,#46,#47,#48,#49),#2185);
#13=B_SPLINE_SURFACE_WITH_KNOTS('',3,1,((#1552,#1553),(#1554,#1555),(#1556,
#1557),(#1558,#1559),(#1560,#1561)),.UNSPECIFIED.,.F.,.F.,.F.,(4,1,4),(2,
2),(-0.0201396715845375,-0.0123342289732238,0.),(-1.93801138331784E-18,
9.99999999999806E-6),.UNSPECIFIED.);
#14=B_SPLINE_SURFACE_WITH_KNOTS('',3,1,((#1578,#1579),(#1580,#1581),(#1582,
#1583),(#1584,#1585),(#1586,#1587)),.UNSPECIFIED.,.F.,.F.,.F.,(4,1,4),(2,
2),(-0.0101550373335565,-0.00532677794989685,0.),(-1.93801138331784E-18,
9.99999999999806E-6),.UNSPECIFIED.);
#15=B_SPLINE_SURFACE_WITH_KNOTS('',3,1,((#1601,#1602),(#1603,#1604),(#1605,
#1606),(#1607,#1608),(#1609,#1610)),.UNSPECIFIED.,.F.,.F.,.F.,(4,1,4),(2,
2),(-0.0101669196629916,-0.00482955815020063,0.),(-1.93801138331784E-18,
9.99999999999806E-6),.UNSPECIFIED.);
#16=B_SPLINE_SURFACE_WITH_KNOTS('',3,1,((#1624,#1625),(#1626,#1627),(#1628,
#1629),(#1630,#1631),(#1632,#1633)),.UNSPECIFIED.,.F.,.F.,.F.,(4,1,4),(2,
2),(-0.0201189784529221,-0.00781026799110397,0.),(-1.93801138331784E-18,
9.99999999999806E-6),.UNSPECIFIED.);
#17=B_SPLINE_SURFACE_WITH_KNOTS('',3,1,((#1647,#1648),(#1649,#1650),(#1651,
#1652),(#1653,#1654),(#1655,#1656)),.UNSPECIFIED.,.F.,.F.,.F.,(4,1,4),(2,
2),(-0.0201603566795997,-0.0123597440291678,0.),(-1.93801138331784E-18,
9.99999999999806E-6),.UNSPECIFIED.);
#18=B_SPLINE_SURFACE_WITH_KNOTS('',3,1,((#1670,#1671),(#1672,#1673),(#1674,
#1675),(#1676,#1677),(#1678,#1679)),.UNSPECIFIED.,.F.,.F.,.F.,(4,1,4),(2,
2),(-0.010217505395767,-0.00533110674227511,0.),(-1.93801138331784E-18,
9.99999999999806E-6),.UNSPECIFIED.);
#19=B_SPLINE_SURFACE_WITH_KNOTS('',3,1,((#1693,#1694),(#1695,#1696),(#1697,
#1698),(#1699,#1700),(#1701,#1702)),.UNSPECIFIED.,.F.,.F.,.F.,(4,1,4),(2,
2),(-0.00947583130613448,-0.00468819562210007,0.),(-1.93801138331784E-18,
9.99999999999806E-6),.UNSPECIFIED.);
#20=B_SPLINE_SURFACE_WITH_KNOTS('',3,1,((#1716,#1717),(#1718,#1719),(#1720,
#1721),(#1722,#1723),(#1724,#1725)),.UNSPECIFIED.,.F.,.F.,.F.,(4,1,4),(2,
2),(-0.0208010696096524,-0.00831251549158455,0.),(-1.93801138331784E-18,
9.99999999999806E-6),.UNSPECIFIED.);
#21=B_SPLINE_SURFACE_WITH_KNOTS('',3,1,((#1736,#1737),(#1738,#1739),(#1740,
#1741),(#1742,#1743),(#1744,#1745)),.UNSPECIFIED.,.F.,.F.,.F.,(4,1,4),(2,
2),(-0.0173209258188478,-0.00961824859292521,0.),(-1.93801138331784E-18,
9.99999999999806E-6),.UNSPECIFIED.);
#22=B_SPLINE_SURFACE_WITH_KNOTS('',3,1,((#1762,#1763),(#1764,#1765),(#1766,
#1767),(#1768,#1769),(#1770,#1771)),.UNSPECIFIED.,.F.,.F.,.F.,(4,1,4),(2,
2),(-0.0120576098549067,-0.00635729677141387,0.),(-1.93801138331784E-18,
9.99999999999806E-6),.UNSPECIFIED.);
#23=B_SPLINE_SURFACE_WITH_KNOTS('',3,1,((#1785,#1786),(#1787,#1788),(#1789,
#1790),(#1791,#1792),(#1793,#1794)),.UNSPECIFIED.,.F.,.F.,.F.,(4,1,4),(2,
2),(-0.011599374938501,-0.00554430693265757,0.),(-1.93801138331784E-18,
9.99999999999806E-6),.UNSPECIFIED.);
#24=B_SPLINE_SURFACE_WITH_KNOTS('',3,1,((#1808,#1809),(#1810,#1811),(#1812,
#1813),(#1814,#1815),(#1816,#1817)),.UNSPECIFIED.,.F.,.F.,.F.,(4,1,4),(2,
2),(-0.00875919005804921,-0.00455872124339013,0.),(-1.93801138331784E-18,
9.99999999999806E-6),.UNSPECIFIED.);
#25=B_SPLINE_SURFACE_WITH_KNOTS('',3,1,((#1831,#1832),(#1833,#1834),(#1835,
#1836),(#1837,#1838),(#1839,#1840)),.UNSPECIFIED.,.F.,.F.,.F.,(4,1,4),(2,
2),(-0.00829233270700097,-0.00408571426215589,0.),(-1.93801138331784E-18,
9.99999999999806E-6),.UNSPECIFIED.);
#26=B_SPLINE_SURFACE_WITH_KNOTS('',3,1,((#1854,#1855),(#1856,#1857),(#1858,
#1859),(#1860,#1861),(#1862,#1863)),.UNSPECIFIED.,.F.,.F.,.F.,(4,1,4),(2,
2),(-0.00969985590478869,-0.00458109218007845,0.),(-1.93801138331784E-18,
9.99999999999806E-6),.UNSPECIFIED.);
#27=B_SPLINE_SURFACE_WITH_KNOTS('',3,1,((#1877,#1878),(#1879,#1880),(#1881,
#1882),(#1883,#1884),(#1885,#1886)),.UNSPECIFIED.,.F.,.F.,.F.,(4,1,4),(2,
2),(-0.0142710919317498,-0.00625749940120777,0.),(-1.93801138331784E-18,
9.99999999999806E-6),.UNSPECIFIED.);
#28=B_SPLINE_SURFACE_WITH_KNOTS('',3,1,((#1900,#1901),(#1902,#1903),(#1904,
#1905),(#1906,#1907),(#1908,#1909)),.UNSPECIFIED.,.F.,.F.,.F.,(4,1,4),(2,
2),(-0.0172360897840884,-0.00955667158012206,0.),(-1.93801138331784E-18,
9.99999999999806E-6),.UNSPECIFIED.);
#29=B_SPLINE_SURFACE_WITH_KNOTS('',3,1,((#1923,#1924),(#1925,#1926),(#1927,
#1928),(#1929,#1930),(#1931,#1932)),.UNSPECIFIED.,.F.,.F.,.F.,(4,1,4),(2,
2),(-0.0120637767317944,-0.00635537004919419,0.),(-1.93801138331784E-18,
9.99999999999806E-6),.UNSPECIFIED.);
#30=B_SPLINE_SURFACE_WITH_KNOTS('',3,1,((#1946,#1947),(#1948,#1949),(#1950,
#1951),(#1952,#1953),(#1954,#1955)),.UNSPECIFIED.,.F.,.F.,.F.,(4,1,4),(2,
2),(-0.011646806670215,-0.00556062453467596,0.),(-1.93801138331784E-18,
9.99999999999806E-6),.UNSPECIFIED.);
#31=B_SPLINE_SURFACE_WITH_KNOTS('',3,1,((#1969,#1970),(#1971,#1972),(#1973,
#1974),(#1975,#1976),(#1977,#1978)),.UNSPECIFIED.,.F.,.F.,.F.,(4,1,4),(2,
2),(-0.0154090397148006,-0.00790016209810529,0.),(-1.93801138331784E-18,
9.99999999999806E-6),.UNSPECIFIED.);
#32=B_SPLINE_SURFACE_WITH_KNOTS('',3,1,((#1992,#1993),(#1994,#1995),(#1996,
#1997),(#1998,#1999),(#2000,#2001)),.UNSPECIFIED.,.F.,.F.,.F.,(4,1,4),(2,
2),(-0.025427894607891,-0.0108026527883434,0.),(-1.93801138331784E-18,9.99999999999806E-6),
 .UNSPECIFIED.);
#33=B_SPLINE_SURFACE_WITH_KNOTS('',3,1,((#2029,#2030),(#2031,#2032),(#2033,
#2034),(#2035,#2036),(#2037,#2038)),.UNSPECIFIED.,.F.,.F.,.F.,(4,1,4),(2,
2),(-0.00864233351196441,-0.0039865708523294,0.),(-1.93801138331784E-18,
9.99999999999806E-6),.UNSPECIFIED.);
#34=B_SPLINE_SURFACE_WITH_KNOTS('',3,1,((#2052,#2053),(#2054,#2055),(#2056,
#2057),(#2058,#2059),(#2060,#2061)),.UNSPECIFIED.,.F.,.F.,.F.,(4,1,4),(2,
2),(-0.00864766591843269,-0.00466074384881407,0.),(-1.93801138331784E-18,
9.99999999999806E-6),.UNSPECIFIED.);
#35=B_SPLINE_SURFACE_WITH_KNOTS('',3,1,((#2081,#2082),(#2083,#2084),(#2085,
#2086),(#2087,#2088),(#2089,#2090)),.UNSPECIFIED.,.F.,.F.,.F.,(4,1,4),(2,
2),(-0.0129299463152176,-0.00662276520069219,0.),(-1.93801138331784E-18,
9.99999999999806E-6),.UNSPECIFIED.);
#36=B_SPLINE_SURFACE_WITH_KNOTS('',3,1,((#2104,#2105),(#2106,#2107),(#2108,
#2109),(#2110,#2111),(#2112,#2113)),.UNSPECIFIED.,.F.,.F.,.F.,(4,1,4),(2,
2),(-0.0104008567471731,-0.00567295388657193,0.),(-1.93801138331784E-18,
9.99999999999806E-6),.UNSPECIFIED.);
#37=B_SPLINE_SURFACE_WITH_KNOTS('',3,1,((#2155,#2156),(#2157,#2158),(#2159,
#2160),(#2161,#2162),(#2163,#2164),(#2165,#2166)),.UNSPECIFIED.,.F.,.F.,
 .F.,(4,2,4),(2,2),(-0.229417105407424,-0.223883266974922,-0.217401482375927),
(0.,1.84),.UNSPECIFIED.);
#38=STYLED_ITEM('',(#2203),#44);
#39=STYLED_ITEM('',(#2204),#45);
#40=STYLED_ITEM('',(#2204),#46);
#41=STYLED_ITEM('',(#2204),#47);
#42=STYLED_ITEM('',(#2205),#48);
#43=STYLED_ITEM('',(#2205),#49);
#44=MANIFOLD_SOLID_BREP('Body1',#1078);
#45=MANIFOLD_SOLID_BREP('Body2',#1079);
#46=MANIFOLD_SOLID_BREP('Body3',#1080);
#47=MANIFOLD_SOLID_BREP('Body4',#1081);
#48=MANIFOLD_SOLID_BREP('Body5',#1082);
#49=MANIFOLD_SOLID_BREP('Body6',#1083);
#50=FACE_BOUND('',#162,.T.);
#51=FACE_BOUND('',#163,.T.);
#52=FACE_BOUND('',#180,.T.);
#53=FACE_BOUND('',#182,.T.);
#54=FACE_BOUND('',#204,.T.);
#55=FACE_BOUND('',#206,.T.);
#56=(
BOUNDED_SURFACE()
B_SPLINE_SURFACE(2,2,((#1435,#1436,#1437,#1438,#1439,#1440,#1441,#1442,
#1443),(#1444,#1445,#1446,#1447,#1448,#1449,#1450,#1451,#1452),(#1453,#1454,
#1455,#1456,#1457,#1458,#1459,#1460,#1461)),.UNSPECIFIED.,.F.,.T.,.F.)
B_SPLINE_SURFACE_WITH_KNOTS((3,3),(3,2,2,2,3),(0.,1.5707963267949),(-3.14159265358979,
-1.5707963267949,0.,1.5707963267949,3.14159265358979),.UNSPECIFIED.)
GEOMETRIC_REPRESENTATION_ITEM()
RATIONAL_B_SPLINE_SURFACE(((1.,0.707106781186548,1.,0.707106781186548,1.,
0.707106781186548,1.,0.707106781186548,1.),(0.707106781186548,0.5,0.707106781186548,
0.5,0.707106781186548,0.5,0.707106781186548,0.5,0.707106781186548),(1.,
0.707106781186548,1.,0.707106781186548,1.,0.707106781186548,1.,0.707106781186548,
1.)))
REPRESENTATION_ITEM('')
SURFACE()
);
#57=TOROIDAL_SURFACE('',#1103,1.2507280717673,1.25);
#58=PLANE('',#1099);
#59=PLANE('',#1102);
#60=PLANE('',#1108);
#61=PLANE('',#1111);
#62=PLANE('',#1112);
#63=PLANE('',#1113);
#64=PLANE('',#1114);
#65=PLANE('',#1115);
#66=PLANE('',#1116);
#67=PLANE('',#1117);
#68=PLANE('',#1118);
#69=PLANE('',#1119);
#70=PLANE('',#1120);
#71=PLANE('',#1121);
#72=PLANE('',#1122);
#73=PLANE('',#1123);
#74=PLANE('',#1124);
#75=PLANE('',#1125);
#76=PLANE('',#1126);
#77=PLANE('',#1127);
#78=PLANE('',#1128);
#79=PLANE('',#1129);
#80=PLANE('',#1130);
#81=PLANE('',#1131);
#82=PLANE('',#1132);
#83=PLANE('',#1133);
#84=PLANE('',#1134);
#85=PLANE('',#1135);
#86=PLANE('',#1136);
#87=PLANE('',#1140);
#88=PLANE('',#1141);
#89=PLANE('',#1145);
#90=PLANE('',#1146);
#91=FACE_OUTER_BOUND('',#155,.T.);
#92=FACE_OUTER_BOUND('',#156,.T.);
#93=FACE_OUTER_BOUND('',#157,.T.);
#94=FACE_OUTER_BOUND('',#158,.T.);
#95=FACE_OUTER_BOUND('',#159,.T.);
#96=FACE_OUTER_BOUND('',#160,.T.);
#97=FACE_OUTER_BOUND('',#161,.T.);
#98=FACE_OUTER_BOUND('',#164,.T.);
#99=FACE_OUTER_BOUND('',#165,.T.);
#100=FACE_OUTER_BOUND('',#166,.T.);
#101=FACE_OUTER_BOUND('',#167,.T.);
#102=FACE_OUTER_BOUND('',#168,.T.);
#103=FACE_OUTER_BOUND('',#169,.T.);
#104=FACE_OUTER_BOUND('',#170,.T.);
#105=FACE_OUTER_BOUND('',#171,.T.);
#106=FACE_OUTER_BOUND('',#172,.T.);
#107=FACE_OUTER_BOUND('',#173,.T.);
#108=FACE_OUTER_BOUND('',#174,.T.);
#109=FACE_OUTER_BOUND('',#175,.T.);
#110=FACE_OUTER_BOUND('',#176,.T.);
#111=FACE_OUTER_BOUND('',#177,.T.);
#112=FACE_OUTER_BOUND('',#178,.T.);
#113=FACE_OUTER_BOUND('',#179,.T.);
#114=FACE_OUTER_BOUND('',#181,.T.);
#115=FACE_OUTER_BOUND('',#183,.T.);
#116=FACE_OUTER_BOUND('',#184,.T.);
#117=FACE_OUTER_BOUND('',#185,.T.);
#118=FACE_OUTER_BOUND('',#186,.T.);
#119=FACE_OUTER_BOUND('',#187,.T.);
#120=FACE_OUTER_BOUND('',#188,.T.);
#121=FACE_OUTER_BOUND('',#189,.T.);
#122=FACE_OUTER_BOUND('',#190,.T.);
#123=FACE_OUTER_BOUND('',#191,.T.);
#124=FACE_OUTER_BOUND('',#192,.T.);
#125=FACE_OUTER_BOUND('',#193,.T.);
#126=FACE_OUTER_BOUND('',#194,.T.);
#127=FACE_OUTER_BOUND('',#195,.T.);
#128=FACE_OUTER_BOUND('',#196,.T.);
#129=FACE_OUTER_BOUND('',#197,.T.);
#130=FACE_OUTER_BOUND('',#198,.T.);
#131=FACE_OUTER_BOUND('',#199,.T.);
#132=FACE_OUTER_BOUND('',#200,.T.);
#133=FACE_OUTER_BOUND('',#201,.T.);
#134=FACE_OUTER_BOUND('',#202,.T.);
#135=FACE_OUTER_BOUND('',#203,.T.);
#136=FACE_OUTER_BOUND('',#205,.T.);
#137=FACE_OUTER_BOUND('',#207,.T.);
#138=FACE_OUTER_BOUND('',#208,.T.);
#139=FACE_OUTER_BOUND('',#209,.T.);
#140=FACE_OUTER_BOUND('',#210,.T.);
#141=FACE_OUTER_BOUND('',#211,.T.);
#142=FACE_OUTER_BOUND('',#212,.T.);
#143=FACE_OUTER_BOUND('',#213,.T.);
#144=FACE_OUTER_BOUND('',#214,.T.);
#145=FACE_OUTER_BOUND('',#215,.T.);
#146=FACE_OUTER_BOUND('',#216,.T.);
#147=FACE_OUTER_BOUND('',#217,.T.);
#148=FACE_OUTER_BOUND('',#218,.T.);
#149=FACE_OUTER_BOUND('',#219,.T.);
#150=FACE_OUTER_BOUND('',#220,.T.);
#151=FACE_OUTER_BOUND('',#221,.T.);
#152=FACE_OUTER_BOUND('',#222,.T.);
#153=FACE_OUTER_BOUND('',#223,.T.);
#154=FACE_OUTER_BOUND('',#224,.T.);
#155=EDGE_LOOP('',(#710,#711,#712,#713));
#156=EDGE_LOOP('',(#714));
#157=EDGE_LOOP('',(#715,#716));
#158=EDGE_LOOP('',(#717,#718));
#159=EDGE_LOOP('',(#719,#720,#721,#722,#723));
#160=EDGE_LOOP('',(#724));
#161=EDGE_LOOP('',(#725,#726,#727,#728,#729));
#162=EDGE_LOOP('',(#730));
#163=EDGE_LOOP('',(#731,#732));
#164=EDGE_LOOP('',(#733));
#165=EDGE_LOOP('',(#734,#735,#736,#737));
#166=EDGE_LOOP('',(#738,#739,#740,#741));
#167=EDGE_LOOP('',(#742,#743,#744,#745));
#168=EDGE_LOOP('',(#746,#747,#748,#749));
#169=EDGE_LOOP('',(#750,#751,#752,#753));
#170=EDGE_LOOP('',(#754,#755,#756,#757));
#171=EDGE_LOOP('',(#758,#759,#760,#761));
#172=EDGE_LOOP('',(#762,#763,#764,#765));
#173=EDGE_LOOP('',(#766,#767,#768,#769));
#174=EDGE_LOOP('',(#770,#771,#772,#773));
#175=EDGE_LOOP('',(#774,#775,#776,#777));
#176=EDGE_LOOP('',(#778,#779,#780,#781));
#177=EDGE_LOOP('',(#782,#783,#784,#785));
#178=EDGE_LOOP('',(#786,#787,#788,#789));
#179=EDGE_LOOP('',(#790,#791,#792,#793,#794,#795,#796,#797,#798,#799,#800));
#180=EDGE_LOOP('',(#801,#802,#803));
#181=EDGE_LOOP('',(#804,#805,#806,#807,#808,#809,#810,#811,#812,#813,#814));
#182=EDGE_LOOP('',(#815,#816,#817));
#183=EDGE_LOOP('',(#818,#819,#820,#821));
#184=EDGE_LOOP('',(#822,#823,#824,#825));
#185=EDGE_LOOP('',(#826,#827,#828,#829));
#186=EDGE_LOOP('',(#830,#831,#832,#833));
#187=EDGE_LOOP('',(#834,#835,#836,#837));
#188=EDGE_LOOP('',(#838,#839,#840,#841));
#189=EDGE_LOOP('',(#842,#843,#844,#845));
#190=EDGE_LOOP('',(#846,#847,#848,#849));
#191=EDGE_LOOP('',(#850,#851,#852,#853));
#192=EDGE_LOOP('',(#854,#855,#856,#857));
#193=EDGE_LOOP('',(#858,#859,#860,#861));
#194=EDGE_LOOP('',(#862,#863,#864,#865));
#195=EDGE_LOOP('',(#866,#867,#868,#869));
#196=EDGE_LOOP('',(#870,#871,#872,#873));
#197=EDGE_LOOP('',(#874,#875,#876,#877));
#198=EDGE_LOOP('',(#878,#879,#880,#881));
#199=EDGE_LOOP('',(#882,#883,#884,#885));
#200=EDGE_LOOP('',(#886,#887,#888,#889));
#201=EDGE_LOOP('',(#890,#891,#892,#893));
#202=EDGE_LOOP('',(#894,#895,#896,#897));
#203=EDGE_LOOP('',(#898,#899,#900,#901,#902,#903,#904,#905,#906,#907,#908,
#909));
#204=EDGE_LOOP('',(#910,#911,#912,#913,#914,#915,#916,#917));
#205=EDGE_LOOP('',(#918,#919,#920,#921,#922,#923,#924,#925,#926,#927,#928,
#929));
#206=EDGE_LOOP('',(#930,#931,#932,#933,#934,#935,#936,#937));
#207=EDGE_LOOP('',(#938,#939,#940,#941));
#208=EDGE_LOOP('',(#942,#943,#944,#945));
#209=EDGE_LOOP('',(#946,#947,#948,#949));
#210=EDGE_LOOP('',(#950,#951,#952,#953));
#211=EDGE_LOOP('',(#954,#955,#956,#957));
#212=EDGE_LOOP('',(#958,#959,#960,#961));
#213=EDGE_LOOP('',(#962,#963,#964,#965));
#214=EDGE_LOOP('',(#966,#967,#968,#969));
#215=EDGE_LOOP('',(#970,#971,#972,#973));
#216=EDGE_LOOP('',(#974,#975,#976,#977,#978,#979,#980,#981,#982));
#217=EDGE_LOOP('',(#983,#984,#985,#986,#987,#988,#989,#990,#991));
#218=EDGE_LOOP('',(#992,#993,#994,#995));
#219=EDGE_LOOP('',(#996));
#220=EDGE_LOOP('',(#997));
#221=EDGE_LOOP('',(#998,#999,#1000,#1001));
#222=EDGE_LOOP('',(#1002,#1003,#1004,#1005));
#223=EDGE_LOOP('',(#1006,#1007));
#224=EDGE_LOOP('',(#1008,#1009));
#225=CIRCLE('',#1098,0.19);
#226=CIRCLE('',#1101,0.19);
#227=CIRCLE('',#1104,1.2507280717673);
#228=CIRCLE('',#1105,1.25);
#229=CIRCLE('',#1106,2.435);
#230=CIRCLE('',#1107,2.435);
#231=CIRCLE('',#1109,1.185);
#232=CIRCLE('',#1110,1.25);
#233=CIRCLE('',#1138,0.19);
#234=CIRCLE('',#1139,0.19);
#235=CIRCLE('',#1143,0.19);
#236=CIRCLE('',#1144,0.19);
#237=LINE('',#1378,#322);
#238=LINE('',#1469,#323);
#239=LINE('',#1471,#324);
#240=LINE('',#1473,#325);
#241=LINE('',#1474,#326);
#242=LINE('',#1477,#327);
#243=LINE('',#1479,#328);
#244=LINE('',#1480,#329);
#245=LINE('',#1482,#330);
#246=LINE('',#1483,#331);
#247=LINE('',#1487,#332);
#248=LINE('',#1489,#333);
#249=LINE('',#1491,#334);
#250=LINE('',#1492,#335);
#251=LINE('',#1495,#336);
#252=LINE('',#1497,#337);
#253=LINE('',#1498,#338);
#254=LINE('',#1501,#339);
#255=LINE('',#1503,#340);
#256=LINE('',#1504,#341);
#257=LINE('',#1507,#342);
#258=LINE('',#1509,#343);
#259=LINE('',#1510,#344);
#260=LINE('',#1513,#345);
#261=LINE('',#1515,#346);
#262=LINE('',#1516,#347);
#263=LINE('',#1519,#348);
#264=LINE('',#1521,#349);
#265=LINE('',#1522,#350);
#266=LINE('',#1525,#351);
#267=LINE('',#1527,#352);
#268=LINE('',#1528,#353);
#269=LINE('',#1531,#354);
#270=LINE('',#1533,#355);
#271=LINE('',#1534,#356);
#272=LINE('',#1537,#357);
#273=LINE('',#1539,#358);
#274=LINE('',#1540,#359);
#275=LINE('',#1543,#360);
#276=LINE('',#1545,#361);
#277=LINE('',#1546,#362);
#278=LINE('',#1548,#363);
#279=LINE('',#1549,#364);
#280=LINE('',#1570,#365);
#281=LINE('',#1577,#366);
#282=LINE('',#1600,#367);
#283=LINE('',#1623,#368);
#284=LINE('',#1646,#369);
#285=LINE('',#1669,#370);
#286=LINE('',#1692,#371);
#287=LINE('',#1715,#372);
#288=LINE('',#1754,#373);
#289=LINE('',#1761,#374);
#290=LINE('',#1784,#375);
#291=LINE('',#1807,#376);
#292=LINE('',#1830,#377);
#293=LINE('',#1853,#378);
#294=LINE('',#1876,#379);
#295=LINE('',#1899,#380);
#296=LINE('',#1922,#381);
#297=LINE('',#1945,#382);
#298=LINE('',#1968,#383);
#299=LINE('',#1991,#384);
#300=LINE('',#2017,#385);
#301=LINE('',#2019,#386);
#302=LINE('',#2021,#387);
#303=LINE('',#2022,#388);
#304=LINE('',#2025,#389);
#305=LINE('',#2027,#390);
#306=LINE('',#2028,#391);
#307=LINE('',#2051,#392);
#308=LINE('',#2074,#393);
#309=LINE('',#2077,#394);
#310=LINE('',#2079,#395);
#311=LINE('',#2080,#396);
#312=LINE('',#2103,#397);
#313=LINE('',#2126,#398);
#314=LINE('',#2129,#399);
#315=LINE('',#2131,#400);
#316=LINE('',#2132,#401);
#317=LINE('',#2134,#402);
#318=LINE('',#2135,#403);
#319=LINE('',#2142,#404);
#320=LINE('',#2151,#405);
#321=LINE('',#2154,#406);
#322=VECTOR('',#1151,0.19);
#323=VECTOR('',#1182,10.);
#324=VECTOR('',#1183,10.);
#325=VECTOR('',#1184,10.);
#326=VECTOR('',#1185,10.);
#327=VECTOR('',#1188,10.);
#328=VECTOR('',#1189,10.);
#329=VECTOR('',#1190,10.);
#330=VECTOR('',#1193,10.);
#331=VECTOR('',#1194,10.);
#332=VECTOR('',#1197,10.);
#333=VECTOR('',#1198,10.);
#334=VECTOR('',#1199,10.);
#335=VECTOR('',#1200,10.);
#336=VECTOR('',#1203,10.);
#337=VECTOR('',#1204,10.);
#338=VECTOR('',#1205,10.);
#339=VECTOR('',#1208,10.);
#340=VECTOR('',#1209,10.);
#341=VECTOR('',#1210,10.);
#342=VECTOR('',#1213,10.);
#343=VECTOR('',#1214,10.);
#344=VECTOR('',#1215,10.);
#345=VECTOR('',#1218,10.);
#346=VECTOR('',#1219,10.);
#347=VECTOR('',#1220,10.);
#348=VECTOR('',#1223,10.);
#349=VECTOR('',#1224,10.);
#350=VECTOR('',#1225,10.);
#351=VECTOR('',#1228,10.);
#352=VECTOR('',#1229,10.);
#353=VECTOR('',#1230,10.);
#354=VECTOR('',#1233,10.);
#355=VECTOR('',#1234,10.);
#356=VECTOR('',#1235,10.);
#357=VECTOR('',#1238,10.);
#358=VECTOR('',#1239,10.);
#359=VECTOR('',#1240,10.);
#360=VECTOR('',#1243,10.);
#361=VECTOR('',#1244,10.);
#362=VECTOR('',#1245,10.);
#363=VECTOR('',#1248,10.);
#364=VECTOR('',#1249,10.);
#365=VECTOR('',#1254,10.);
#366=VECTOR('',#1255,10.);
#367=VECTOR('',#1256,10.);
#368=VECTOR('',#1257,10.);
#369=VECTOR('',#1258,10.);
#370=VECTOR('',#1259,10.);
#371=VECTOR('',#1260,10.);
#372=VECTOR('',#1261,10.);
#373=VECTOR('',#1262,10.);
#374=VECTOR('',#1263,10.);
#375=VECTOR('',#1264,10.);
#376=VECTOR('',#1265,10.);
#377=VECTOR('',#1266,10.);
#378=VECTOR('',#1267,10.);
#379=VECTOR('',#1268,10.);
#380=VECTOR('',#1269,10.);
#381=VECTOR('',#1270,10.);
#382=VECTOR('',#1271,10.);
#383=VECTOR('',#1272,10.);
#384=VECTOR('',#1273,10.);
#385=VECTOR('',#1280,10.);
#386=VECTOR('',#1281,10.);
#387=VECTOR('',#1282,10.);
#388=VECTOR('',#1283,10.);
#389=VECTOR('',#1286,10.);
#390=VECTOR('',#1287,10.);
#391=VECTOR('',#1288,10.);
#392=VECTOR('',#1289,10.);
#393=VECTOR('',#1290,10.);
#394=VECTOR('',#1293,10.);
#395=VECTOR('',#1294,10.);
#396=VECTOR('',#1295,10.);
#397=VECTOR('',#1296,10.);
#398=VECTOR('',#1297,10.);
#399=VECTOR('',#1300,10.);
#400=VECTOR('',#1301,10.);
#401=VECTOR('',#1302,10.);
#402=VECTOR('',#1305,10.);
#403=VECTOR('',#1306,10.);
#404=VECTOR('',#1315,0.19);
#405=VECTOR('',#1326,10.);
#406=VECTOR('',#1329,10.);
#407=B_SPLINE_CURVE_WITH_KNOTS('',3,(#1337,#1338,#1339,#1340,#1341,#1342,
#1343,#1344,#1345,#1346,#1347,#1348,#1349,#1350,#1351,#1352,#1353,#1354,
#1355,#1356,#1357,#1358,#1359,#1360,#1361,#1362,#1363,#1364,#1365,#1366,
#1367,#1368,#1369,#1370,#1371,#1372,#1373,#1374,#1375,#1376),
 .UNSPECIFIED.,.T.,.F.,(4,2,2,2,2,2,2,2,2,2,2,2,2,2,2,2,2,2,2,4),(-0.154413437009113,
-0.149367055259043,-0.138116091636892,-0.12383648109646,-0.11306448202457,
-0.105361107102091,-0.0996593432603645,-0.094566591698518,-0.0888586254093573,
-0.0828531638856363,-0.0749907896528253,-0.0635528745265976,-0.0487820172019171,
-0.0377767390925588,-0.0302946871167503,-0.0245278234613587,-0.01923590275734,
-0.0133084049335053,-0.00700302545248195,0.),.UNSPECIFIED.);
#408=B_SPLINE_CURVE_WITH_KNOTS('',3,(#1384,#1385,#1386,#1387,#1388,#1389,
#1390,#1391,#1392,#1393,#1394,#1395,#1396,#1397,#1398,#1399,#1400,#1401,
#1402,#1403,#1404,#1405,#1406,#1407,#1408,#1409,#1410,#1411,#1412,#1413,
#1414,#1415,#1416,#1417),.UNSPECIFIED.,.F.,.F.,(4,2,2,2,2,2,2,2,2,2,2,2,
2,2,2,2,4),(-0.153150283348072,-0.145567306450011,-0.136614675376026,-0.120019312102298,
-0.104470883829496,-0.0933589374723049,-0.0855357706849011,-0.0790940472591271,
-0.0726550436259835,-0.0660986994434507,-0.0578347883224587,-0.046549765689767,
-0.0332500060141146,-0.0211190884966256,-0.0126850689384536,-0.00608230459765277,
0.),.UNSPECIFIED.);
#409=B_SPLINE_CURVE_WITH_KNOTS('',3,(#1420,#1421,#1422,#1423,#1424,#1425),
 .UNSPECIFIED.,.F.,.F.,(4,2,4),(0.217401482375927,0.223883266974922,0.229417105407424),
 .UNSPECIFIED.);
#410=B_SPLINE_CURVE_WITH_KNOTS('',3,(#1564,#1565,#1566,#1567,#1568),
 .UNSPECIFIED.,.F.,.F.,(4,1,4),(0.,0.0123342289732238,0.0201396715845375),
 .UNSPECIFIED.);
#411=B_SPLINE_CURVE_WITH_KNOTS('',3,(#1572,#1573,#1574,#1575,#1576),
 .UNSPECIFIED.,.F.,.F.,(4,1,4),(-0.0201396715845375,-0.0123342289732238,
0.),.UNSPECIFIED.);
#412=B_SPLINE_CURVE_WITH_KNOTS('',3,(#1589,#1590,#1591,#1592,#1593),
 .UNSPECIFIED.,.F.,.F.,(4,1,4),(0.,0.00532677794989685,0.0101550373335565),
 .UNSPECIFIED.);
#413=B_SPLINE_CURVE_WITH_KNOTS('',3,(#1595,#1596,#1597,#1598,#1599),
 .UNSPECIFIED.,.F.,.F.,(4,1,4),(-0.0101550373335565,-0.00532677794989685,
0.),.UNSPECIFIED.);
#414=B_SPLINE_CURVE_WITH_KNOTS('',3,(#1612,#1613,#1614,#1615,#1616),
 .UNSPECIFIED.,.F.,.F.,(4,1,4),(0.,0.00482955815020063,0.0101669196629916),
 .UNSPECIFIED.);
#415=B_SPLINE_CURVE_WITH_KNOTS('',3,(#1618,#1619,#1620,#1621,#1622),
 .UNSPECIFIED.,.F.,.F.,(4,1,4),(-0.0101669196629916,-0.00482955815020063,
0.),.UNSPECIFIED.);
#416=B_SPLINE_CURVE_WITH_KNOTS('',3,(#1635,#1636,#1637,#1638,#1639),
 .UNSPECIFIED.,.F.,.F.,(4,1,4),(0.,0.00781026799110397,0.0201189784529221),
 .UNSPECIFIED.);
#417=B_SPLINE_CURVE_WITH_KNOTS('',3,(#1641,#1642,#1643,#1644,#1645),
 .UNSPECIFIED.,.F.,.F.,(4,1,4),(-0.0201189784529221,-0.00781026799110397,
0.),.UNSPECIFIED.);
#418=B_SPLINE_CURVE_WITH_KNOTS('',3,(#1658,#1659,#1660,#1661,#1662),
 .UNSPECIFIED.,.F.,.F.,(4,1,4),(0.,0.0123597440291678,0.0201603566795997),
 .UNSPECIFIED.);
#419=B_SPLINE_CURVE_WITH_KNOTS('',3,(#1664,#1665,#1666,#1667,#1668),
 .UNSPECIFIED.,.F.,.F.,(4,1,4),(-0.0201603566795997,-0.0123597440291678,
0.),.UNSPECIFIED.);
#420=B_SPLINE_CURVE_WITH_KNOTS('',3,(#1681,#1682,#1683,#1684,#1685),
 .UNSPECIFIED.,.F.,.F.,(4,1,4),(0.,0.00533110674227511,0.010217505395767),
 .UNSPECIFIED.);
#421=B_SPLINE_CURVE_WITH_KNOTS('',3,(#1687,#1688,#1689,#1690,#1691),
 .UNSPECIFIED.,.F.,.F.,(4,1,4),(-0.010217505395767,-0.00533110674227511,
0.),.UNSPECIFIED.);
#422=B_SPLINE_CURVE_WITH_KNOTS('',3,(#1704,#1705,#1706,#1707,#1708),
 .UNSPECIFIED.,.F.,.F.,(4,1,4),(0.,0.00468819562210007,0.00947583130613448),
 .UNSPECIFIED.);
#423=B_SPLINE_CURVE_WITH_KNOTS('',3,(#1710,#1711,#1712,#1713,#1714),
 .UNSPECIFIED.,.F.,.F.,(4,1,4),(-0.00947583130613448,-0.00468819562210007,
0.),.UNSPECIFIED.);
#424=B_SPLINE_CURVE_WITH_KNOTS('',3,(#1726,#1727,#1728,#1729,#1730),
 .UNSPECIFIED.,.F.,.F.,(4,1,4),(0.,0.00831251549158455,0.0208010696096524),
 .UNSPECIFIED.);
#425=B_SPLINE_CURVE_WITH_KNOTS('',3,(#1731,#1732,#1733,#1734,#1735),
 .UNSPECIFIED.,.F.,.F.,(4,1,4),(-0.0208010696096524,-0.00831251549158455,
0.),.UNSPECIFIED.);
#426=B_SPLINE_CURVE_WITH_KNOTS('',3,(#1748,#1749,#1750,#1751,#1752),
 .UNSPECIFIED.,.F.,.F.,(4,1,4),(0.,0.00961824859292521,0.0173209258188478),
 .UNSPECIFIED.);
#427=B_SPLINE_CURVE_WITH_KNOTS('',3,(#1756,#1757,#1758,#1759,#1760),
 .UNSPECIFIED.,.F.,.F.,(4,1,4),(-0.0173209258188478,-0.00961824859292521,
0.),.UNSPECIFIED.);
#428=B_SPLINE_CURVE_WITH_KNOTS('',3,(#1773,#1774,#1775,#1776,#1777),
 .UNSPECIFIED.,.F.,.F.,(4,1,4),(0.,0.00635729677141387,0.0120576098549067),
 .UNSPECIFIED.);
#429=B_SPLINE_CURVE_WITH_KNOTS('',3,(#1779,#1780,#1781,#1782,#1783),
 .UNSPECIFIED.,.F.,.F.,(4,1,4),(-0.0120576098549067,-0.00635729677141387,
0.),.UNSPECIFIED.);
#430=B_SPLINE_CURVE_WITH_KNOTS('',3,(#1796,#1797,#1798,#1799,#1800),
 .UNSPECIFIED.,.F.,.F.,(4,1,4),(0.,0.00554430693265757,0.011599374938501),
 .UNSPECIFIED.);
#431=B_SPLINE_CURVE_WITH_KNOTS('',3,(#1802,#1803,#1804,#1805,#1806),
 .UNSPECIFIED.,.F.,.F.,(4,1,4),(-0.011599374938501,-0.00554430693265757,
0.),.UNSPECIFIED.);
#432=B_SPLINE_CURVE_WITH_KNOTS('',3,(#1819,#1820,#1821,#1822,#1823),
 .UNSPECIFIED.,.F.,.F.,(4,1,4),(0.,0.00455872124339013,0.00875919005804921),
 .UNSPECIFIED.);
#433=B_SPLINE_CURVE_WITH_KNOTS('',3,(#1825,#1826,#1827,#1828,#1829),
 .UNSPECIFIED.,.F.,.F.,(4,1,4),(-0.00875919005804921,-0.00455872124339013,
0.),.UNSPECIFIED.);
#434=B_SPLINE_CURVE_WITH_KNOTS('',3,(#1842,#1843,#1844,#1845,#1846),
 .UNSPECIFIED.,.F.,.F.,(4,1,4),(0.,0.00408571426215589,0.00829233270700097),
 .UNSPECIFIED.);
#435=B_SPLINE_CURVE_WITH_KNOTS('',3,(#1848,#1849,#1850,#1851,#1852),
 .UNSPECIFIED.,.F.,.F.,(4,1,4),(-0.00829233270700097,-0.00408571426215589,
0.),.UNSPECIFIED.);
#436=B_SPLINE_CURVE_WITH_KNOTS('',3,(#1865,#1866,#1867,#1868,#1869),
 .UNSPECIFIED.,.F.,.F.,(4,1,4),(0.,0.00458109218007845,0.00969985590478869),
 .UNSPECIFIED.);
#437=B_SPLINE_CURVE_WITH_KNOTS('',3,(#1871,#1872,#1873,#1874,#1875),
 .UNSPECIFIED.,.F.,.F.,(4,1,4),(-0.00969985590478869,-0.00458109218007845,
0.),.UNSPECIFIED.);
#438=B_SPLINE_CURVE_WITH_KNOTS('',3,(#1888,#1889,#1890,#1891,#1892),
 .UNSPECIFIED.,.F.,.F.,(4,1,4),(0.,0.00625749940120777,0.0142710919317498),
 .UNSPECIFIED.);
#439=B_SPLINE_CURVE_WITH_KNOTS('',3,(#1894,#1895,#1896,#1897,#1898),
 .UNSPECIFIED.,.F.,.F.,(4,1,4),(-0.0142710919317498,-0.00625749940120777,
0.),.UNSPECIFIED.);
#440=B_SPLINE_CURVE_WITH_KNOTS('',3,(#1911,#1912,#1913,#1914,#1915),
 .UNSPECIFIED.,.F.,.F.,(4,1,4),(0.,0.00955667158012206,0.0172360897840884),
 .UNSPECIFIED.);
#441=B_SPLINE_CURVE_WITH_KNOTS('',3,(#1917,#1918,#1919,#1920,#1921),
 .UNSPECIFIED.,.F.,.F.,(4,1,4),(-0.0172360897840884,-0.00955667158012206,
0.),.UNSPECIFIED.);
#442=B_SPLINE_CURVE_WITH_KNOTS('',3,(#1934,#1935,#1936,#1937,#1938),
 .UNSPECIFIED.,.F.,.F.,(4,1,4),(0.,0.00635537004919419,0.0120637767317944),
 .UNSPECIFIED.);
#443=B_SPLINE_CURVE_WITH_KNOTS('',3,(#1940,#1941,#1942,#1943,#1944),
 .UNSPECIFIED.,.F.,.F.,(4,1,4),(-0.0120637767317944,-0.00635537004919419,
0.),.UNSPECIFIED.);
#444=B_SPLINE_CURVE_WITH_KNOTS('',3,(#1957,#1958,#1959,#1960,#1961),
 .UNSPECIFIED.,.F.,.F.,(4,1,4),(0.,0.00556062453467596,0.011646806670215),
 .UNSPECIFIED.);
#445=B_SPLINE_CURVE_WITH_KNOTS('',3,(#1963,#1964,#1965,#1966,#1967),
 .UNSPECIFIED.,.F.,.F.,(4,1,4),(-0.011646806670215,-0.00556062453467596,
0.),.UNSPECIFIED.);
#446=B_SPLINE_CURVE_WITH_KNOTS('',3,(#1980,#1981,#1982,#1983,#1984),
 .UNSPECIFIED.,.F.,.F.,(4,1,4),(0.,0.00790016209810529,0.0154090397148006),
 .UNSPECIFIED.);
#447=B_SPLINE_CURVE_WITH_KNOTS('',3,(#1986,#1987,#1988,#1989,#1990),
 .UNSPECIFIED.,.F.,.F.,(4,1,4),(-0.0154090397148006,-0.00790016209810529,
0.),.UNSPECIFIED.);
#448=B_SPLINE_CURVE_WITH_KNOTS('',3,(#2002,#2003,#2004,#2005,#2006),
 .UNSPECIFIED.,.F.,.F.,(4,1,4),(0.,0.0108026527883434,0.025427894607891),
 .UNSPECIFIED.);
#449=B_SPLINE_CURVE_WITH_KNOTS('',3,(#2007,#2008,#2009,#2010,#2011),
 .UNSPECIFIED.,.F.,.F.,(4,1,4),(-0.025427894607891,-0.0108026527883434,
0.),.UNSPECIFIED.);
#450=B_SPLINE_CURVE_WITH_KNOTS('',3,(#2040,#2041,#2042,#2043,#2044),
 .UNSPECIFIED.,.F.,.F.,(4,1,4),(0.,0.0039865708523294,0.00864233351196441),
 .UNSPECIFIED.);
#451=B_SPLINE_CURVE_WITH_KNOTS('',3,(#2046,#2047,#2048,#2049,#2050),
 .UNSPECIFIED.,.F.,.F.,(4,1,4),(-0.00864233351196441,-0.0039865708523294,
0.),.UNSPECIFIED.);
#452=B_SPLINE_CURVE_WITH_KNOTS('',3,(#2063,#2064,#2065,#2066,#2067),
 .UNSPECIFIED.,.F.,.F.,(4,1,4),(0.,0.00466074384881407,0.00864766591843269),
 .UNSPECIFIED.);
#453=B_SPLINE_CURVE_WITH_KNOTS('',3,(#2069,#2070,#2071,#2072,#2073),
 .UNSPECIFIED.,.F.,.F.,(4,1,4),(-0.00864766591843269,-0.00466074384881407,
0.),.UNSPECIFIED.);
#454=B_SPLINE_CURVE_WITH_KNOTS('',3,(#2092,#2093,#2094,#2095,#2096),
 .UNSPECIFIED.,.F.,.F.,(4,1,4),(0.,0.00662276520069219,0.0129299463152176),
 .UNSPECIFIED.);
#455=B_SPLINE_CURVE_WITH_KNOTS('',3,(#2098,#2099,#2100,#2101,#2102),
 .UNSPECIFIED.,.F.,.F.,(4,1,4),(-0.0129299463152176,-0.00662276520069219,
0.),.UNSPECIFIED.);
#456=B_SPLINE_CURVE_WITH_KNOTS('',3,(#2115,#2116,#2117,#2118,#2119),
 .UNSPECIFIED.,.F.,.F.,(4,1,4),(0.,0.00567295388657193,0.0104008567471731),
 .UNSPECIFIED.);
#457=B_SPLINE_CURVE_WITH_KNOTS('',3,(#2121,#2122,#2123,#2124,#2125),
 .UNSPECIFIED.,.F.,.F.,(4,1,4),(-0.0104008567471731,-0.00567295388657193,
0.),.UNSPECIFIED.);
#458=B_SPLINE_CURVE_WITH_KNOTS('',3,(#2167,#2168,#2169,#2170,#2171,#2172,
#2173),.UNSPECIFIED.,.F.,.F.,(4,3,4),(0.217401482375927,0.223883266974922,
0.229417105407424),.UNSPECIFIED.);
#459=B_SPLINE_CURVE_WITH_KNOTS('',3,(#2174,#2175,#2176,#2177,#2178,#2179,
#2180),.UNSPECIFIED.,.F.,.F.,(4,3,4),(-0.229417105407424,-0.223883266974922,
-0.217401482375927),.UNSPECIFIED.);
#460=VERTEX_POINT('',#1336);
#461=VERTEX_POINT('',#1377);
#462=VERTEX_POINT('',#1382);
#463=VERTEX_POINT('',#1383);
#464=VERTEX_POINT('',#1427);
#465=VERTEX_POINT('',#1429);
#466=VERTEX_POINT('',#1431);
#467=VERTEX_POINT('',#1462);
#468=VERTEX_POINT('',#1467);
#469=VERTEX_POINT('',#1468);
#470=VERTEX_POINT('',#1470);
#471=VERTEX_POINT('',#1472);
#472=VERTEX_POINT('',#1476);
#473=VERTEX_POINT('',#1478);
#474=VERTEX_POINT('',#1485);
#475=VERTEX_POINT('',#1486);
#476=VERTEX_POINT('',#1488);
#477=VERTEX_POINT('',#1490);
#478=VERTEX_POINT('',#1494);
#479=VERTEX_POINT('',#1496);
#480=VERTEX_POINT('',#1500);
#481=VERTEX_POINT('',#1502);
#482=VERTEX_POINT('',#1506);
#483=VERTEX_POINT('',#1508);
#484=VERTEX_POINT('',#1512);
#485=VERTEX_POINT('',#1514);
#486=VERTEX_POINT('',#1518);
#487=VERTEX_POINT('',#1520);
#488=VERTEX_POINT('',#1524);
#489=VERTEX_POINT('',#1526);
#490=VERTEX_POINT('',#1530);
#491=VERTEX_POINT('',#1532);
#492=VERTEX_POINT('',#1536);
#493=VERTEX_POINT('',#1538);
#494=VERTEX_POINT('',#1542);
#495=VERTEX_POINT('',#1544);
#496=VERTEX_POINT('',#1562);
#497=VERTEX_POINT('',#1563);
#498=VERTEX_POINT('',#1569);
#499=VERTEX_POINT('',#1571);
#500=VERTEX_POINT('',#1588);
#501=VERTEX_POINT('',#1594);
#502=VERTEX_POINT('',#1611);
#503=VERTEX_POINT('',#1617);
#504=VERTEX_POINT('',#1634);
#505=VERTEX_POINT('',#1640);
#506=VERTEX_POINT('',#1657);
#507=VERTEX_POINT('',#1663);
#508=VERTEX_POINT('',#1680);
#509=VERTEX_POINT('',#1686);
#510=VERTEX_POINT('',#1703);
#511=VERTEX_POINT('',#1709);
#512=VERTEX_POINT('',#1746);
#513=VERTEX_POINT('',#1747);
#514=VERTEX_POINT('',#1753);
#515=VERTEX_POINT('',#1755);
#516=VERTEX_POINT('',#1772);
#517=VERTEX_POINT('',#1778);
#518=VERTEX_POINT('',#1795);
#519=VERTEX_POINT('',#1801);
#520=VERTEX_POINT('',#1818);
#521=VERTEX_POINT('',#1824);
#522=VERTEX_POINT('',#1841);
#523=VERTEX_POINT('',#1847);
#524=VERTEX_POINT('',#1864);
#525=VERTEX_POINT('',#1870);
#526=VERTEX_POINT('',#1887);
#527=VERTEX_POINT('',#1893);
#528=VERTEX_POINT('',#1910);
#529=VERTEX_POINT('',#1916);
#530=VERTEX_POINT('',#1933);
#531=VERTEX_POINT('',#1939);
#532=VERTEX_POINT('',#1956);
#533=VERTEX_POINT('',#1962);
#534=VERTEX_POINT('',#1979);
#535=VERTEX_POINT('',#1985);
#536=VERTEX_POINT('',#2015);
#537=VERTEX_POINT('',#2016);
#538=VERTEX_POINT('',#2018);
#539=VERTEX_POINT('',#2020);
#540=VERTEX_POINT('',#2024);
#541=VERTEX_POINT('',#2026);
#542=VERTEX_POINT('',#2039);
#543=VERTEX_POINT('',#2045);
#544=VERTEX_POINT('',#2062);
#545=VERTEX_POINT('',#2068);
#546=VERTEX_POINT('',#2076);
#547=VERTEX_POINT('',#2078);
#548=VERTEX_POINT('',#2091);
#549=VERTEX_POINT('',#2097);
#550=VERTEX_POINT('',#2114);
#551=VERTEX_POINT('',#2120);
#552=VERTEX_POINT('',#2128);
#553=VERTEX_POINT('',#2130);
#554=VERTEX_POINT('',#2139);
#555=VERTEX_POINT('',#2141);
#556=VERTEX_POINT('',#2147);
#557=VERTEX_POINT('',#2148);
#558=VERTEX_POINT('',#2150);
#559=VERTEX_POINT('',#2152);
#560=EDGE_CURVE('',#460,#460,#407,.T.);
#561=EDGE_CURVE('',#460,#461,#237,.T.);
#562=EDGE_CURVE('',#461,#461,#225,.T.);
#563=EDGE_CURVE('',#462,#463,#408,.T.);
#564=EDGE_CURVE('',#462,#463,#226,.T.);
#565=EDGE_CURVE('',#463,#462,#409,.T.);
#566=EDGE_CURVE('',#464,#464,#227,.T.);
#567=EDGE_CURVE('',#464,#465,#228,.T.);
#568=EDGE_CURVE('',#466,#465,#229,.T.);
#569=EDGE_CURVE('',#465,#466,#230,.T.);
#570=EDGE_CURVE('',#467,#467,#231,.T.);
#571=EDGE_CURVE('',#467,#466,#232,.T.);
#572=EDGE_CURVE('',#468,#469,#238,.T.);
#573=EDGE_CURVE('',#468,#470,#239,.T.);
#574=EDGE_CURVE('',#471,#470,#240,.T.);
#575=EDGE_CURVE('',#469,#471,#241,.T.);
#576=EDGE_CURVE('',#469,#472,#242,.T.);
#577=EDGE_CURVE('',#473,#471,#243,.T.);
#578=EDGE_CURVE('',#472,#473,#244,.T.);
#579=EDGE_CURVE('',#472,#468,#245,.T.);
#580=EDGE_CURVE('',#470,#473,#246,.T.);
#581=EDGE_CURVE('',#474,#475,#247,.T.);
#582=EDGE_CURVE('',#474,#476,#248,.T.);
#583=EDGE_CURVE('',#477,#476,#249,.T.);
#584=EDGE_CURVE('',#475,#477,#250,.T.);
#585=EDGE_CURVE('',#475,#478,#251,.T.);
#586=EDGE_CURVE('',#479,#477,#252,.T.);
#587=EDGE_CURVE('',#478,#479,#253,.T.);
#588=EDGE_CURVE('',#478,#480,#254,.T.);
#589=EDGE_CURVE('',#481,#479,#255,.T.);
#590=EDGE_CURVE('',#480,#481,#256,.T.);
#591=EDGE_CURVE('',#480,#482,#257,.T.);
#592=EDGE_CURVE('',#483,#481,#258,.T.);
#593=EDGE_CURVE('',#482,#483,#259,.T.);
#594=EDGE_CURVE('',#482,#484,#260,.T.);
#595=EDGE_CURVE('',#485,#483,#261,.T.);
#596=EDGE_CURVE('',#484,#485,#262,.T.);
#597=EDGE_CURVE('',#484,#486,#263,.T.);
#598=EDGE_CURVE('',#487,#485,#264,.T.);
#599=EDGE_CURVE('',#486,#487,#265,.T.);
#600=EDGE_CURVE('',#486,#488,#266,.T.);
#601=EDGE_CURVE('',#489,#487,#267,.T.);
#602=EDGE_CURVE('',#488,#489,#268,.T.);
#603=EDGE_CURVE('',#488,#490,#269,.T.);
#604=EDGE_CURVE('',#491,#489,#270,.T.);
#605=EDGE_CURVE('',#490,#491,#271,.T.);
#606=EDGE_CURVE('',#490,#492,#272,.T.);
#607=EDGE_CURVE('',#493,#491,#273,.T.);
#608=EDGE_CURVE('',#492,#493,#274,.T.);
#609=EDGE_CURVE('',#492,#494,#275,.T.);
#610=EDGE_CURVE('',#495,#493,#276,.T.);
#611=EDGE_CURVE('',#494,#495,#277,.T.);
#612=EDGE_CURVE('',#494,#474,#278,.T.);
#613=EDGE_CURVE('',#476,#495,#279,.T.);
#614=EDGE_CURVE('',#496,#497,#410,.T.);
#615=EDGE_CURVE('',#496,#498,#280,.T.);
#616=EDGE_CURVE('',#499,#498,#411,.T.);
#617=EDGE_CURVE('',#497,#499,#281,.T.);
#618=EDGE_CURVE('',#497,#500,#412,.T.);
#619=EDGE_CURVE('',#501,#499,#413,.T.);
#620=EDGE_CURVE('',#500,#501,#282,.T.);
#621=EDGE_CURVE('',#500,#502,#414,.T.);
#622=EDGE_CURVE('',#503,#501,#415,.T.);
#623=EDGE_CURVE('',#502,#503,#283,.T.);
#624=EDGE_CURVE('',#502,#504,#416,.T.);
#625=EDGE_CURVE('',#505,#503,#417,.T.);
#626=EDGE_CURVE('',#504,#505,#284,.T.);
#627=EDGE_CURVE('',#504,#506,#418,.T.);
#628=EDGE_CURVE('',#507,#505,#419,.T.);
#629=EDGE_CURVE('',#506,#507,#285,.T.);
#630=EDGE_CURVE('',#506,#508,#420,.T.);
#631=EDGE_CURVE('',#509,#507,#421,.T.);
#632=EDGE_CURVE('',#508,#509,#286,.T.);
#633=EDGE_CURVE('',#508,#510,#422,.T.);
#634=EDGE_CURVE('',#511,#509,#423,.T.);
#635=EDGE_CURVE('',#510,#511,#287,.T.);
#636=EDGE_CURVE('',#510,#496,#424,.T.);
#637=EDGE_CURVE('',#498,#511,#425,.T.);
#638=EDGE_CURVE('',#512,#513,#426,.T.);
#639=EDGE_CURVE('',#512,#514,#288,.T.);
#640=EDGE_CURVE('',#515,#514,#427,.T.);
#641=EDGE_CURVE('',#513,#515,#289,.T.);
#642=EDGE_CURVE('',#513,#516,#428,.T.);
#643=EDGE_CURVE('',#517,#515,#429,.T.);
#644=EDGE_CURVE('',#516,#517,#290,.T.);
#645=EDGE_CURVE('',#516,#518,#430,.T.);
#646=EDGE_CURVE('',#519,#517,#431,.T.);
#647=EDGE_CURVE('',#518,#519,#291,.T.);
#648=EDGE_CURVE('',#518,#520,#432,.T.);
#649=EDGE_CURVE('',#521,#519,#433,.T.);
#650=EDGE_CURVE('',#520,#521,#292,.T.);
#651=EDGE_CURVE('',#520,#522,#434,.T.);
#652=EDGE_CURVE('',#523,#521,#435,.T.);
#653=EDGE_CURVE('',#522,#523,#293,.T.);
#654=EDGE_CURVE('',#522,#524,#436,.T.);
#655=EDGE_CURVE('',#525,#523,#437,.T.);
#656=EDGE_CURVE('',#524,#525,#294,.T.);
#657=EDGE_CURVE('',#524,#526,#438,.T.);
#658=EDGE_CURVE('',#527,#525,#439,.T.);
#659=EDGE_CURVE('',#526,#527,#295,.T.);
#660=EDGE_CURVE('',#526,#528,#440,.T.);
#661=EDGE_CURVE('',#529,#527,#441,.T.);
#662=EDGE_CURVE('',#528,#529,#296,.T.);
#663=EDGE_CURVE('',#528,#530,#442,.T.);
#664=EDGE_CURVE('',#531,#529,#443,.T.);
#665=EDGE_CURVE('',#530,#531,#297,.T.);
#666=EDGE_CURVE('',#530,#532,#444,.T.);
#667=EDGE_CURVE('',#533,#531,#445,.T.);
#668=EDGE_CURVE('',#532,#533,#298,.T.);
#669=EDGE_CURVE('',#532,#534,#446,.T.);
#670=EDGE_CURVE('',#535,#533,#447,.T.);
#671=EDGE_CURVE('',#534,#535,#299,.T.);
#672=EDGE_CURVE('',#534,#512,#448,.T.);
#673=EDGE_CURVE('',#514,#535,#449,.T.);
#674=EDGE_CURVE('',#536,#537,#300,.T.);
#675=EDGE_CURVE('',#536,#538,#301,.T.);
#676=EDGE_CURVE('',#539,#538,#302,.T.);
#677=EDGE_CURVE('',#537,#539,#303,.T.);
#678=EDGE_CURVE('',#537,#540,#304,.T.);
#679=EDGE_CURVE('',#541,#539,#305,.T.);
#680=EDGE_CURVE('',#540,#541,#306,.T.);
#681=EDGE_CURVE('',#540,#542,#450,.T.);
#682=EDGE_CURVE('',#543,#541,#451,.T.);
#683=EDGE_CURVE('',#542,#543,#307,.T.);
#684=EDGE_CURVE('',#542,#544,#452,.T.);
#685=EDGE_CURVE('',#545,#543,#453,.T.);
#686=EDGE_CURVE('',#544,#545,#308,.T.);
#687=EDGE_CURVE('',#544,#546,#309,.T.);
#688=EDGE_CURVE('',#547,#545,#310,.T.);
#689=EDGE_CURVE('',#546,#547,#311,.T.);
#690=EDGE_CURVE('',#546,#548,#454,.T.);
#691=EDGE_CURVE('',#549,#547,#455,.T.);
#692=EDGE_CURVE('',#548,#549,#312,.T.);
#693=EDGE_CURVE('',#548,#550,#456,.T.);
#694=EDGE_CURVE('',#551,#549,#457,.T.);
#695=EDGE_CURVE('',#550,#551,#313,.T.);
#696=EDGE_CURVE('',#550,#552,#314,.T.);
#697=EDGE_CURVE('',#553,#551,#315,.T.);
#698=EDGE_CURVE('',#552,#553,#316,.T.);
#699=EDGE_CURVE('',#552,#536,#317,.T.);
#700=EDGE_CURVE('',#538,#553,#318,.T.);
#701=EDGE_CURVE('',#554,#554,#233,.T.);
#702=EDGE_CURVE('',#554,#555,#319,.T.);
#703=EDGE_CURVE('',#555,#555,#234,.T.);
#704=EDGE_CURVE('',#556,#557,#235,.T.);
#705=EDGE_CURVE('',#556,#558,#320,.T.);
#706=EDGE_CURVE('',#559,#558,#236,.T.);
#707=EDGE_CURVE('',#557,#559,#321,.T.);
#708=EDGE_CURVE('',#557,#556,#458,.T.);
#709=EDGE_CURVE('',#558,#559,#459,.T.);
#710=ORIENTED_EDGE('',*,*,#560,.F.);
#711=ORIENTED_EDGE('',*,*,#561,.T.);
#712=ORIENTED_EDGE('',*,*,#562,.T.);
#713=ORIENTED_EDGE('',*,*,#561,.F.);
#714=ORIENTED_EDGE('',*,*,#562,.F.);
#715=ORIENTED_EDGE('',*,*,#563,.F.);
#716=ORIENTED_EDGE('',*,*,#564,.T.);
#717=ORIENTED_EDGE('',*,*,#565,.F.);
#718=ORIENTED_EDGE('',*,*,#564,.F.);
#719=ORIENTED_EDGE('',*,*,#566,.T.);
#720=ORIENTED_EDGE('',*,*,#567,.T.);
#721=ORIENTED_EDGE('',*,*,#568,.F.);
#722=ORIENTED_EDGE('',*,*,#569,.F.);
#723=ORIENTED_EDGE('',*,*,#567,.F.);
#724=ORIENTED_EDGE('',*,*,#566,.F.);
#725=ORIENTED_EDGE('',*,*,#570,.T.);
#726=ORIENTED_EDGE('',*,*,#571,.T.);
#727=ORIENTED_EDGE('',*,*,#568,.T.);
#728=ORIENTED_EDGE('',*,*,#569,.T.);
#729=ORIENTED_EDGE('',*,*,#571,.F.);
#730=ORIENTED_EDGE('',*,*,#560,.T.);
#731=ORIENTED_EDGE('',*,*,#563,.T.);
#732=ORIENTED_EDGE('',*,*,#565,.T.);
#733=ORIENTED_EDGE('',*,*,#570,.F.);
#734=ORIENTED_EDGE('',*,*,#572,.F.);
#735=ORIENTED_EDGE('',*,*,#573,.T.);
#736=ORIENTED_EDGE('',*,*,#574,.F.);
#737=ORIENTED_EDGE('',*,*,#575,.F.);
#738=ORIENTED_EDGE('',*,*,#576,.F.);
#739=ORIENTED_EDGE('',*,*,#575,.T.);
#740=ORIENTED_EDGE('',*,*,#577,.F.);
#741=ORIENTED_EDGE('',*,*,#578,.F.);
#742=ORIENTED_EDGE('',*,*,#579,.F.);
#743=ORIENTED_EDGE('',*,*,#578,.T.);
#744=ORIENTED_EDGE('',*,*,#580,.F.);
#745=ORIENTED_EDGE('',*,*,#573,.F.);
#746=ORIENTED_EDGE('',*,*,#581,.F.);
#747=ORIENTED_EDGE('',*,*,#582,.T.);
#748=ORIENTED_EDGE('',*,*,#583,.F.);
#749=ORIENTED_EDGE('',*,*,#584,.F.);
#750=ORIENTED_EDGE('',*,*,#585,.F.);
#751=ORIENTED_EDGE('',*,*,#584,.T.);
#752=ORIENTED_EDGE('',*,*,#586,.F.);
#753=ORIENTED_EDGE('',*,*,#587,.F.);
#754=ORIENTED_EDGE('',*,*,#588,.F.);
#755=ORIENTED_EDGE('',*,*,#587,.T.);
#756=ORIENTED_EDGE('',*,*,#589,.F.);
#757=ORIENTED_EDGE('',*,*,#590,.F.);
#758=ORIENTED_EDGE('',*,*,#591,.F.);
#759=ORIENTED_EDGE('',*,*,#590,.T.);
#760=ORIENTED_EDGE('',*,*,#592,.F.);
#761=ORIENTED_EDGE('',*,*,#593,.F.);
#762=ORIENTED_EDGE('',*,*,#594,.F.);
#763=ORIENTED_EDGE('',*,*,#593,.T.);
#764=ORIENTED_EDGE('',*,*,#595,.F.);
#765=ORIENTED_EDGE('',*,*,#596,.F.);
#766=ORIENTED_EDGE('',*,*,#597,.F.);
#767=ORIENTED_EDGE('',*,*,#596,.T.);
#768=ORIENTED_EDGE('',*,*,#598,.F.);
#769=ORIENTED_EDGE('',*,*,#599,.F.);
#770=ORIENTED_EDGE('',*,*,#600,.F.);
#771=ORIENTED_EDGE('',*,*,#599,.T.);
#772=ORIENTED_EDGE('',*,*,#601,.F.);
#773=ORIENTED_EDGE('',*,*,#602,.F.);
#774=ORIENTED_EDGE('',*,*,#603,.F.);
#775=ORIENTED_EDGE('',*,*,#602,.T.);
#776=ORIENTED_EDGE('',*,*,#604,.F.);
#777=ORIENTED_EDGE('',*,*,#605,.F.);
#778=ORIENTED_EDGE('',*,*,#606,.F.);
#779=ORIENTED_EDGE('',*,*,#605,.T.);
#780=ORIENTED_EDGE('',*,*,#607,.F.);
#781=ORIENTED_EDGE('',*,*,#608,.F.);
#782=ORIENTED_EDGE('',*,*,#609,.F.);
#783=ORIENTED_EDGE('',*,*,#608,.T.);
#784=ORIENTED_EDGE('',*,*,#610,.F.);
#785=ORIENTED_EDGE('',*,*,#611,.F.);
#786=ORIENTED_EDGE('',*,*,#612,.F.);
#787=ORIENTED_EDGE('',*,*,#611,.T.);
#788=ORIENTED_EDGE('',*,*,#613,.F.);
#789=ORIENTED_EDGE('',*,*,#582,.F.);
#790=ORIENTED_EDGE('',*,*,#613,.T.);
#791=ORIENTED_EDGE('',*,*,#610,.T.);
#792=ORIENTED_EDGE('',*,*,#607,.T.);
#793=ORIENTED_EDGE('',*,*,#604,.T.);
#794=ORIENTED_EDGE('',*,*,#601,.T.);
#795=ORIENTED_EDGE('',*,*,#598,.T.);
#796=ORIENTED_EDGE('',*,*,#595,.T.);
#797=ORIENTED_EDGE('',*,*,#592,.T.);
#798=ORIENTED_EDGE('',*,*,#589,.T.);
#799=ORIENTED_EDGE('',*,*,#586,.T.);
#800=ORIENTED_EDGE('',*,*,#583,.T.);
#801=ORIENTED_EDGE('',*,*,#580,.T.);
#802=ORIENTED_EDGE('',*,*,#577,.T.);
#803=ORIENTED_EDGE('',*,*,#574,.T.);
#804=ORIENTED_EDGE('',*,*,#612,.T.);
#805=ORIENTED_EDGE('',*,*,#581,.T.);
#806=ORIENTED_EDGE('',*,*,#585,.T.);
#807=ORIENTED_EDGE('',*,*,#588,.T.);
#808=ORIENTED_EDGE('',*,*,#591,.T.);
#809=ORIENTED_EDGE('',*,*,#594,.T.);
#810=ORIENTED_EDGE('',*,*,#597,.T.);
#811=ORIENTED_EDGE('',*,*,#600,.T.);
#812=ORIENTED_EDGE('',*,*,#603,.T.);
#813=ORIENTED_EDGE('',*,*,#606,.T.);
#814=ORIENTED_EDGE('',*,*,#609,.T.);
#815=ORIENTED_EDGE('',*,*,#579,.T.);
#816=ORIENTED_EDGE('',*,*,#572,.T.);
#817=ORIENTED_EDGE('',*,*,#576,.T.);
#818=ORIENTED_EDGE('',*,*,#614,.F.);
#819=ORIENTED_EDGE('',*,*,#615,.T.);
#820=ORIENTED_EDGE('',*,*,#616,.F.);
#821=ORIENTED_EDGE('',*,*,#617,.F.);
#822=ORIENTED_EDGE('',*,*,#618,.F.);
#823=ORIENTED_EDGE('',*,*,#617,.T.);
#824=ORIENTED_EDGE('',*,*,#619,.F.);
#825=ORIENTED_EDGE('',*,*,#620,.F.);
#826=ORIENTED_EDGE('',*,*,#621,.F.);
#827=ORIENTED_EDGE('',*,*,#620,.T.);
#828=ORIENTED_EDGE('',*,*,#622,.F.);
#829=ORIENTED_EDGE('',*,*,#623,.F.);
#830=ORIENTED_EDGE('',*,*,#624,.F.);
#831=ORIENTED_EDGE('',*,*,#623,.T.);
#832=ORIENTED_EDGE('',*,*,#625,.F.);
#833=ORIENTED_EDGE('',*,*,#626,.F.);
#834=ORIENTED_EDGE('',*,*,#627,.F.);
#835=ORIENTED_EDGE('',*,*,#626,.T.);
#836=ORIENTED_EDGE('',*,*,#628,.F.);
#837=ORIENTED_EDGE('',*,*,#629,.F.);
#838=ORIENTED_EDGE('',*,*,#630,.F.);
#839=ORIENTED_EDGE('',*,*,#629,.T.);
#840=ORIENTED_EDGE('',*,*,#631,.F.);
#841=ORIENTED_EDGE('',*,*,#632,.F.);
#842=ORIENTED_EDGE('',*,*,#633,.F.);
#843=ORIENTED_EDGE('',*,*,#632,.T.);
#844=ORIENTED_EDGE('',*,*,#634,.F.);
#845=ORIENTED_EDGE('',*,*,#635,.F.);
#846=ORIENTED_EDGE('',*,*,#636,.F.);
#847=ORIENTED_EDGE('',*,*,#635,.T.);
#848=ORIENTED_EDGE('',*,*,#637,.F.);
#849=ORIENTED_EDGE('',*,*,#615,.F.);
#850=ORIENTED_EDGE('',*,*,#638,.F.);
#851=ORIENTED_EDGE('',*,*,#639,.T.);
#852=ORIENTED_EDGE('',*,*,#640,.F.);
#853=ORIENTED_EDGE('',*,*,#641,.F.);
#854=ORIENTED_EDGE('',*,*,#642,.F.);
#855=ORIENTED_EDGE('',*,*,#641,.T.);
#856=ORIENTED_EDGE('',*,*,#643,.F.);
#857=ORIENTED_EDGE('',*,*,#644,.F.);
#858=ORIENTED_EDGE('',*,*,#645,.F.);
#859=ORIENTED_EDGE('',*,*,#644,.T.);
#860=ORIENTED_EDGE('',*,*,#646,.F.);
#861=ORIENTED_EDGE('',*,*,#647,.F.);
#862=ORIENTED_EDGE('',*,*,#648,.F.);
#863=ORIENTED_EDGE('',*,*,#647,.T.);
#864=ORIENTED_EDGE('',*,*,#649,.F.);
#865=ORIENTED_EDGE('',*,*,#650,.F.);
#866=ORIENTED_EDGE('',*,*,#651,.F.);
#867=ORIENTED_EDGE('',*,*,#650,.T.);
#868=ORIENTED_EDGE('',*,*,#652,.F.);
#869=ORIENTED_EDGE('',*,*,#653,.F.);
#870=ORIENTED_EDGE('',*,*,#654,.F.);
#871=ORIENTED_EDGE('',*,*,#653,.T.);
#872=ORIENTED_EDGE('',*,*,#655,.F.);
#873=ORIENTED_EDGE('',*,*,#656,.F.);
#874=ORIENTED_EDGE('',*,*,#657,.F.);
#875=ORIENTED_EDGE('',*,*,#656,.T.);
#876=ORIENTED_EDGE('',*,*,#658,.F.);
#877=ORIENTED_EDGE('',*,*,#659,.F.);
#878=ORIENTED_EDGE('',*,*,#660,.F.);
#879=ORIENTED_EDGE('',*,*,#659,.T.);
#880=ORIENTED_EDGE('',*,*,#661,.F.);
#881=ORIENTED_EDGE('',*,*,#662,.F.);
#882=ORIENTED_EDGE('',*,*,#663,.F.);
#883=ORIENTED_EDGE('',*,*,#662,.T.);
#884=ORIENTED_EDGE('',*,*,#664,.F.);
#885=ORIENTED_EDGE('',*,*,#665,.F.);
#886=ORIENTED_EDGE('',*,*,#666,.F.);
#887=ORIENTED_EDGE('',*,*,#665,.T.);
#888=ORIENTED_EDGE('',*,*,#667,.F.);
#889=ORIENTED_EDGE('',*,*,#668,.F.);
#890=ORIENTED_EDGE('',*,*,#669,.F.);
#891=ORIENTED_EDGE('',*,*,#668,.T.);
#892=ORIENTED_EDGE('',*,*,#670,.F.);
#893=ORIENTED_EDGE('',*,*,#671,.F.);
#894=ORIENTED_EDGE('',*,*,#672,.F.);
#895=ORIENTED_EDGE('',*,*,#671,.T.);
#896=ORIENTED_EDGE('',*,*,#673,.F.);
#897=ORIENTED_EDGE('',*,*,#639,.F.);
#898=ORIENTED_EDGE('',*,*,#673,.T.);
#899=ORIENTED_EDGE('',*,*,#670,.T.);
#900=ORIENTED_EDGE('',*,*,#667,.T.);
#901=ORIENTED_EDGE('',*,*,#664,.T.);
#902=ORIENTED_EDGE('',*,*,#661,.T.);
#903=ORIENTED_EDGE('',*,*,#658,.T.);
#904=ORIENTED_EDGE('',*,*,#655,.T.);
#905=ORIENTED_EDGE('',*,*,#652,.T.);
#906=ORIENTED_EDGE('',*,*,#649,.T.);
#907=ORIENTED_EDGE('',*,*,#646,.T.);
#908=ORIENTED_EDGE('',*,*,#643,.T.);
#909=ORIENTED_EDGE('',*,*,#640,.T.);
#910=ORIENTED_EDGE('',*,*,#637,.T.);
#911=ORIENTED_EDGE('',*,*,#634,.T.);
#912=ORIENTED_EDGE('',*,*,#631,.T.);
#913=ORIENTED_EDGE('',*,*,#628,.T.);
#914=ORIENTED_EDGE('',*,*,#625,.T.);
#915=ORIENTED_EDGE('',*,*,#622,.T.);
#916=ORIENTED_EDGE('',*,*,#619,.T.);
#917=ORIENTED_EDGE('',*,*,#616,.T.);
#918=ORIENTED_EDGE('',*,*,#672,.T.);
#919=ORIENTED_EDGE('',*,*,#638,.T.);
#920=ORIENTED_EDGE('',*,*,#642,.T.);
#921=ORIENTED_EDGE('',*,*,#645,.T.);
#922=ORIENTED_EDGE('',*,*,#648,.T.);
#923=ORIENTED_EDGE('',*,*,#651,.T.);
#924=ORIENTED_EDGE('',*,*,#654,.T.);
#925=ORIENTED_EDGE('',*,*,#657,.T.);
#926=ORIENTED_EDGE('',*,*,#660,.T.);
#927=ORIENTED_EDGE('',*,*,#663,.T.);
#928=ORIENTED_EDGE('',*,*,#666,.T.);
#929=ORIENTED_EDGE('',*,*,#669,.T.);
#930=ORIENTED_EDGE('',*,*,#636,.T.);
#931=ORIENTED_EDGE('',*,*,#614,.T.);
#932=ORIENTED_EDGE('',*,*,#618,.T.);
#933=ORIENTED_EDGE('',*,*,#621,.T.);
#934=ORIENTED_EDGE('',*,*,#624,.T.);
#935=ORIENTED_EDGE('',*,*,#627,.T.);
#936=ORIENTED_EDGE('',*,*,#630,.T.);
#937=ORIENTED_EDGE('',*,*,#633,.T.);
#938=ORIENTED_EDGE('',*,*,#674,.F.);
#939=ORIENTED_EDGE('',*,*,#675,.T.);
#940=ORIENTED_EDGE('',*,*,#676,.F.);
#941=ORIENTED_EDGE('',*,*,#677,.F.);
#942=ORIENTED_EDGE('',*,*,#678,.F.);
#943=ORIENTED_EDGE('',*,*,#677,.T.);
#944=ORIENTED_EDGE('',*,*,#679,.F.);
#945=ORIENTED_EDGE('',*,*,#680,.F.);
#946=ORIENTED_EDGE('',*,*,#681,.F.);
#947=ORIENTED_EDGE('',*,*,#680,.T.);
#948=ORIENTED_EDGE('',*,*,#682,.F.);
#949=ORIENTED_EDGE('',*,*,#683,.F.);
#950=ORIENTED_EDGE('',*,*,#684,.F.);
#951=ORIENTED_EDGE('',*,*,#683,.T.);
#952=ORIENTED_EDGE('',*,*,#685,.F.);
#953=ORIENTED_EDGE('',*,*,#686,.F.);
#954=ORIENTED_EDGE('',*,*,#687,.F.);
#955=ORIENTED_EDGE('',*,*,#686,.T.);
#956=ORIENTED_EDGE('',*,*,#688,.F.);
#957=ORIENTED_EDGE('',*,*,#689,.F.);
#958=ORIENTED_EDGE('',*,*,#690,.F.);
#959=ORIENTED_EDGE('',*,*,#689,.T.);
#960=ORIENTED_EDGE('',*,*,#691,.F.);
#961=ORIENTED_EDGE('',*,*,#692,.F.);
#962=ORIENTED_EDGE('',*,*,#693,.F.);
#963=ORIENTED_EDGE('',*,*,#692,.T.);
#964=ORIENTED_EDGE('',*,*,#694,.F.);
#965=ORIENTED_EDGE('',*,*,#695,.F.);
#966=ORIENTED_EDGE('',*,*,#696,.F.);
#967=ORIENTED_EDGE('',*,*,#695,.T.);
#968=ORIENTED_EDGE('',*,*,#697,.F.);
#969=ORIENTED_EDGE('',*,*,#698,.F.);
#970=ORIENTED_EDGE('',*,*,#699,.F.);
#971=ORIENTED_EDGE('',*,*,#698,.T.);
#972=ORIENTED_EDGE('',*,*,#700,.F.);
#973=ORIENTED_EDGE('',*,*,#675,.F.);
#974=ORIENTED_EDGE('',*,*,#700,.T.);
#975=ORIENTED_EDGE('',*,*,#697,.T.);
#976=ORIENTED_EDGE('',*,*,#694,.T.);
#977=ORIENTED_EDGE('',*,*,#691,.T.);
#978=ORIENTED_EDGE('',*,*,#688,.T.);
#979=ORIENTED_EDGE('',*,*,#685,.T.);
#980=ORIENTED_EDGE('',*,*,#682,.T.);
#981=ORIENTED_EDGE('',*,*,#679,.T.);
#982=ORIENTED_EDGE('',*,*,#676,.T.);
#983=ORIENTED_EDGE('',*,*,#699,.T.);
#984=ORIENTED_EDGE('',*,*,#674,.T.);
#985=ORIENTED_EDGE('',*,*,#678,.T.);
#986=ORIENTED_EDGE('',*,*,#681,.T.);
#987=ORIENTED_EDGE('',*,*,#684,.T.);
#988=ORIENTED_EDGE('',*,*,#687,.T.);
#989=ORIENTED_EDGE('',*,*,#690,.T.);
#990=ORIENTED_EDGE('',*,*,#693,.T.);
#991=ORIENTED_EDGE('',*,*,#696,.T.);
#992=ORIENTED_EDGE('',*,*,#701,.F.);
#993=ORIENTED_EDGE('',*,*,#702,.T.);
#994=ORIENTED_EDGE('',*,*,#703,.F.);
#995=ORIENTED_EDGE('',*,*,#702,.F.);
#996=ORIENTED_EDGE('',*,*,#701,.T.);
#997=ORIENTED_EDGE('',*,*,#703,.T.);
#998=ORIENTED_EDGE('',*,*,#704,.F.);
#999=ORIENTED_EDGE('',*,*,#705,.T.);
#1000=ORIENTED_EDGE('',*,*,#706,.F.);
#1001=ORIENTED_EDGE('',*,*,#707,.F.);
#1002=ORIENTED_EDGE('',*,*,#708,.F.);
#1003=ORIENTED_EDGE('',*,*,#707,.T.);
#1004=ORIENTED_EDGE('',*,*,#709,.F.);
#1005=ORIENTED_EDGE('',*,*,#705,.F.);
#1006=ORIENTED_EDGE('',*,*,#709,.T.);
#1007=ORIENTED_EDGE('',*,*,#706,.T.);
#1008=ORIENTED_EDGE('',*,*,#708,.T.);
#1009=ORIENTED_EDGE('',*,*,#704,.T.);
#1010=CYLINDRICAL_SURFACE('',#1097,0.19);
#1011=CYLINDRICAL_SURFACE('',#1100,0.19);
#1012=CYLINDRICAL_SURFACE('',#1137,0.19);
#1013=CYLINDRICAL_SURFACE('',#1142,0.19);
#1014=ADVANCED_FACE('',(#91),#1010,.T.);
#1015=ADVANCED_FACE('',(#92),#58,.F.);
#1016=ADVANCED_FACE('',(#93),#1011,.T.);
#1017=ADVANCED_FACE('',(#94),#59,.F.);
#1018=ADVANCED_FACE('',(#95),#57,.T.);
#1019=ADVANCED_FACE('',(#96),#60,.F.);
#1020=ADVANCED_FACE('',(#97,#50,#51),#56,.F.);
#1021=ADVANCED_FACE('',(#98),#61,.T.);
#1022=ADVANCED_FACE('',(#99),#62,.T.);
#1023=ADVANCED_FACE('',(#100),#63,.T.);
#1024=ADVANCED_FACE('',(#101),#64,.T.);
#1025=ADVANCED_FACE('',(#102),#65,.T.);
#1026=ADVANCED_FACE('',(#103),#66,.T.);
#1027=ADVANCED_FACE('',(#104),#67,.T.);
#1028=ADVANCED_FACE('',(#105),#68,.T.);
#1029=ADVANCED_FACE('',(#106),#69,.T.);
#1030=ADVANCED_FACE('',(#107),#70,.T.);
#1031=ADVANCED_FACE('',(#108),#71,.T.);
#1032=ADVANCED_FACE('',(#109),#72,.T.);
#1033=ADVANCED_FACE('',(#110),#73,.T.);
#1034=ADVANCED_FACE('',(#111),#74,.T.);
#1035=ADVANCED_FACE('',(#112),#75,.T.);
#1036=ADVANCED_FACE('',(#113,#52),#76,.T.);
#1037=ADVANCED_FACE('',(#114,#53),#77,.F.);
#1038=ADVANCED_FACE('',(#115),#13,.T.);
#1039=ADVANCED_FACE('',(#116),#14,.T.);
#1040=ADVANCED_FACE('',(#117),#15,.T.);
#1041=ADVANCED_FACE('',(#118),#16,.T.);
#1042=ADVANCED_FACE('',(#119),#17,.T.);
#1043=ADVANCED_FACE('',(#120),#18,.T.);
#1044=ADVANCED_FACE('',(#121),#19,.T.);
#1045=ADVANCED_FACE('',(#122),#20,.T.);
#1046=ADVANCED_FACE('',(#123),#21,.T.);
#1047=ADVANCED_FACE('',(#124),#22,.T.);
#1048=ADVANCED_FACE('',(#125),#23,.T.);
#1049=ADVANCED_FACE('',(#126),#24,.T.);
#1050=ADVANCED_FACE('',(#127),#25,.T.);
#1051=ADVANCED_FACE('',(#128),#26,.T.);
#1052=ADVANCED_FACE('',(#129),#27,.T.);
#1053=ADVANCED_FACE('',(#130),#28,.T.);
#1054=ADVANCED_FACE('',(#131),#29,.T.);
#1055=ADVANCED_FACE('',(#132),#30,.T.);
#1056=ADVANCED_FACE('',(#133),#31,.T.);
#1057=ADVANCED_FACE('',(#134),#32,.T.);
#1058=ADVANCED_FACE('',(#135,#54),#78,.T.);
#1059=ADVANCED_FACE('',(#136,#55),#79,.F.);
#1060=ADVANCED_FACE('',(#137),#80,.T.);
#1061=ADVANCED_FACE('',(#138),#81,.T.);
#1062=ADVANCED_FACE('',(#139),#33,.T.);
#1063=ADVANCED_FACE('',(#140),#34,.T.);
#1064=ADVANCED_FACE('',(#141),#82,.T.);
#1065=ADVANCED_FACE('',(#142),#35,.T.);
#1066=ADVANCED_FACE('',(#143),#36,.T.);
#1067=ADVANCED_FACE('',(#144),#83,.T.);
#1068=ADVANCED_FACE('',(#145),#84,.T.);
#1069=ADVANCED_FACE('',(#146),#85,.T.);
#1070=ADVANCED_FACE('',(#147),#86,.F.);
#1071=ADVANCED_FACE('',(#148),#1012,.T.);
#1072=ADVANCED_FACE('',(#149),#87,.F.);
#1073=ADVANCED_FACE('',(#150),#88,.T.);
#1074=ADVANCED_FACE('',(#151),#1013,.T.);
#1075=ADVANCED_FACE('',(#152),#37,.T.);
#1076=ADVANCED_FACE('',(#153),#89,.F.);
#1077=ADVANCED_FACE('',(#154),#90,.T.);
#1078=CLOSED_SHELL('',(#1014,#1015,#1016,#1017,#1018,#1019,#1020,#1021));
#1079=CLOSED_SHELL('',(#1022,#1023,#1024,#1025,#1026,#1027,#1028,#1029,
#1030,#1031,#1032,#1033,#1034,#1035,#1036,#1037));
#1080=CLOSED_SHELL('',(#1038,#1039,#1040,#1041,#1042,#1043,#1044,#1045,
#1046,#1047,#1048,#1049,#1050,#1051,#1052,#1053,#1054,#1055,#1056,#1057,
#1058,#1059));
#1081=CLOSED_SHELL('',(#1060,#1061,#1062,#1063,#1064,#1065,#1066,#1067,
#1068,#1069,#1070));
#1082=CLOSED_SHELL('',(#1071,#1072,#1073));
#1083=CLOSED_SHELL('',(#1074,#1075,#1076,#1077));
#1084=DERIVED_UNIT_ELEMENT(#1086,1.);
#1085=DERIVED_UNIT_ELEMENT(#2188,-3.);
#1086=(
MASS_UNIT()
NAMED_UNIT(*)
SI_UNIT(.KILO.,.GRAM.)
);
#1087=DERIVED_UNIT((#1084,#1085));
#1088=MEASURE_REPRESENTATION_ITEM('density measure',
POSITIVE_RATIO_MEASURE(7850.),#1087);
#1089=PROPERTY_DEFINITION_REPRESENTATION(#1094,#1091);
#1090=PROPERTY_DEFINITION_REPRESENTATION(#1095,#1092);
#1091=REPRESENTATION('material name',(#1093),#2185);
#1092=REPRESENTATION('density',(#1088),#2185);
#1093=DESCRIPTIVE_REPRESENTATION_ITEM('Steel','Steel');
#1094=PROPERTY_DEFINITION('material property','material name',#2195);
#1095=PROPERTY_DEFINITION('material property','density of part',#2195);
#1096=AXIS2_PLACEMENT_3D('',#1334,#1147,#1148);
#1097=AXIS2_PLACEMENT_3D('',#1335,#1149,#1150);
#1098=AXIS2_PLACEMENT_3D('',#1379,#1152,#1153);
#1099=AXIS2_PLACEMENT_3D('',#1380,#1154,#1155);
#1100=AXIS2_PLACEMENT_3D('',#1381,#1156,#1157);
#1101=AXIS2_PLACEMENT_3D('',#1418,#1158,#1159);
#1102=AXIS2_PLACEMENT_3D('',#1419,#1160,#1161);
#1103=AXIS2_PLACEMENT_3D('',#1426,#1162,#1163);
#1104=AXIS2_PLACEMENT_3D('',#1428,#1164,#1165);
#1105=AXIS2_PLACEMENT_3D('',#1430,#1166,#1167);
#1106=AXIS2_PLACEMENT_3D('',#1432,#1168,#1169);
#1107=AXIS2_PLACEMENT_3D('',#1433,#1170,#1171);
#1108=AXIS2_PLACEMENT_3D('',#1434,#1172,#1173);
#1109=AXIS2_PLACEMENT_3D('',#1463,#1174,#1175);
#1110=AXIS2_PLACEMENT_3D('',#1464,#1176,#1177);
#1111=AXIS2_PLACEMENT_3D('',#1465,#1178,#1179);
#1112=AXIS2_PLACEMENT_3D('',#1466,#1180,#1181);
#1113=AXIS2_PLACEMENT_3D('',#1475,#1186,#1187);
#1114=AXIS2_PLACEMENT_3D('',#1481,#1191,#1192);
#1115=AXIS2_PLACEMENT_3D('',#1484,#1195,#1196);
#1116=AXIS2_PLACEMENT_3D('',#1493,#1201,#1202);
#1117=AXIS2_PLACEMENT_3D('',#1499,#1206,#1207);
#1118=AXIS2_PLACEMENT_3D('',#1505,#1211,#1212);
#1119=AXIS2_PLACEMENT_3D('',#1511,#1216,#1217);
#1120=AXIS2_PLACEMENT_3D('',#1517,#1221,#1222);
#1121=AXIS2_PLACEMENT_3D('',#1523,#1226,#1227);
#1122=AXIS2_PLACEMENT_3D('',#1529,#1231,#1232);
#1123=AXIS2_PLACEMENT_3D('',#1535,#1236,#1237);
#1124=AXIS2_PLACEMENT_3D('',#1541,#1241,#1242);
#1125=AXIS2_PLACEMENT_3D('',#1547,#1246,#1247);
#1126=AXIS2_PLACEMENT_3D('',#1550,#1250,#1251);
#1127=AXIS2_PLACEMENT_3D('',#1551,#1252,#1253);
#1128=AXIS2_PLACEMENT_3D('',#2012,#1274,#1275);
#1129=AXIS2_PLACEMENT_3D('',#2013,#1276,#1277);
#1130=AXIS2_PLACEMENT_3D('',#2014,#1278,#1279);
#1131=AXIS2_PLACEMENT_3D('',#2023,#1284,#1285);
#1132=AXIS2_PLACEMENT_3D('',#2075,#1291,#1292);
#1133=AXIS2_PLACEMENT_3D('',#2127,#1298,#1299);
#1134=AXIS2_PLACEMENT_3D('',#2133,#1303,#1304);
#1135=AXIS2_PLACEMENT_3D('',#2136,#1307,#1308);
#1136=AXIS2_PLACEMENT_3D('',#2137,#1309,#1310);
#1137=AXIS2_PLACEMENT_3D('',#2138,#1311,#1312);
#1138=AXIS2_PLACEMENT_3D('',#2140,#1313,#1314);
#1139=AXIS2_PLACEMENT_3D('',#2143,#1316,#1317);
#1140=AXIS2_PLACEMENT_3D('',#2144,#1318,#1319);
#1141=AXIS2_PLACEMENT_3D('',#2145,#1320,#1321);
#1142=AXIS2_PLACEMENT_3D('',#2146,#1322,#1323);
#1143=AXIS2_PLACEMENT_3D('',#2149,#1324,#1325);
#1144=AXIS2_PLACEMENT_3D('',#2153,#1327,#1328);
#1145=AXIS2_PLACEMENT_3D('',#2181,#1330,#1331);
#1146=AXIS2_PLACEMENT_3D('',#2182,#1332,#1333);
#1147=DIRECTION('axis',(0.,0.,1.));
#1148=DIRECTION('refdir',(1.,0.,0.));
#1149=DIRECTION('center_axis',(0.,0.,1.));
#1150=DIRECTION('ref_axis',(1.,0.,0.));
#1151=DIRECTION('',(0.,0.,-1.));
#1152=DIRECTION('center_axis',(0.,0.,1.));
#1153=DIRECTION('ref_axis',(1.,0.,0.));
#1154=DIRECTION('center_axis',(0.,0.,1.));
#1155=DIRECTION('ref_axis',(1.,0.,0.));
#1156=DIRECTION('center_axis',(0.,0.,1.));
#1157=DIRECTION('ref_axis',(0.614740209568066,0.788729658844024,0.));
#1158=DIRECTION('center_axis',(0.,0.,1.));
#1159=DIRECTION('ref_axis',(1.,0.,0.));
#1160=DIRECTION('center_axis',(0.,0.,1.));
#1161=DIRECTION('ref_axis',(1.,0.,0.));
#1162=DIRECTION('center_axis',(-1.,0.,0.));
#1163=DIRECTION('ref_axis',(0.,-1.,0.));
#1164=DIRECTION('center_axis',(1.,0.,0.));
#1165=DIRECTION('ref_axis',(0.,-1.,0.));
#1166=DIRECTION('center_axis',(0.,1.22464679914735E-16,-1.));
#1167=DIRECTION('ref_axis',(0.,1.,1.22464679914735E-16));
#1168=DIRECTION('center_axis',(1.,0.,0.));
#1169=DIRECTION('ref_axis',(0.,1.,0.));
#1170=DIRECTION('center_axis',(1.,0.,0.));
#1171=DIRECTION('ref_axis',(0.,1.,0.));
#1172=DIRECTION('center_axis',(1.,0.,0.));
#1173=DIRECTION('ref_axis',(0.,1.,0.));
#1174=DIRECTION('center_axis',(-1.,0.,0.));
#1175=DIRECTION('ref_axis',(0.,1.,0.));
#1176=DIRECTION('center_axis',(0.,-1.,-1.22464679914735E-16));
#1177=DIRECTION('ref_axis',(0.,-1.22464679914735E-16,1.));
#1178=DIRECTION('center_axis',(1.,0.,0.));
#1179=DIRECTION('ref_axis',(0.,1.,0.));
#1180=DIRECTION('center_axis',(0.,-1.,0.));
#1181=DIRECTION('ref_axis',(0.,0.,-1.));
#1182=DIRECTION('',(0.,0.,1.));
#1183=DIRECTION('',(1.,0.,0.));
#1184=DIRECTION('',(0.,0.,-1.));
#1185=DIRECTION('',(1.,0.,0.));
#1186=DIRECTION('center_axis',(0.,0.821386214511043,-0.570372410457605));
#1187=DIRECTION('ref_axis',(0.,0.570372410457605,0.821386214511043));
#1188=DIRECTION('',(0.,-0.570372410457605,-0.821386214511043));
#1189=DIRECTION('',(0.,0.570372410457605,0.821386214511043));
#1190=DIRECTION('',(1.,0.,0.));
#1191=DIRECTION('center_axis',(0.,0.,1.));
#1192=DIRECTION('ref_axis',(0.,-1.,0.));
#1193=DIRECTION('',(0.,1.,0.));
#1194=DIRECTION('',(0.,-1.,0.));
#1195=DIRECTION('center_axis',(0.,-1.,0.));
#1196=DIRECTION('ref_axis',(0.,0.,-1.));
#1197=DIRECTION('',(0.,0.,1.));
#1198=DIRECTION('',(1.,0.,0.));
#1199=DIRECTION('',(0.,0.,-1.));
#1200=DIRECTION('',(1.,0.,0.));
#1201=DIRECTION('center_axis',(0.,0.,-1.));
#1202=DIRECTION('ref_axis',(0.,1.,0.));
#1203=DIRECTION('',(0.,-1.,0.));
#1204=DIRECTION('',(0.,1.,0.));
#1205=DIRECTION('',(1.,0.,0.));
#1206=DIRECTION('center_axis',(0.,-1.,0.));
#1207=DIRECTION('ref_axis',(0.,0.,-1.));
#1208=DIRECTION('',(0.,0.,1.));
#1209=DIRECTION('',(0.,0.,-1.));
#1210=DIRECTION('',(1.,0.,0.));
#1211=DIRECTION('center_axis',(0.,-0.817611289455637,0.575770596118532));
#1212=DIRECTION('ref_axis',(0.,-0.575770596118532,-0.817611289455637));
#1213=DIRECTION('',(0.,0.575770596118532,0.817611289455637));
#1214=DIRECTION('',(0.,-0.575770596118532,-0.817611289455637));
#1215=DIRECTION('',(1.,0.,0.));
#1216=DIRECTION('center_axis',(0.,0.,1.));
#1217=DIRECTION('ref_axis',(0.,-1.,0.));
#1218=DIRECTION('',(0.,1.,0.));
#1219=DIRECTION('',(0.,-1.,0.));
#1220=DIRECTION('',(1.,0.,0.));
#1221=DIRECTION('center_axis',(0.,1.,0.));
#1222=DIRECTION('ref_axis',(0.,0.,1.));
#1223=DIRECTION('',(0.,0.,-1.));
#1224=DIRECTION('',(0.,0.,1.));
#1225=DIRECTION('',(1.,0.,0.));
#1226=DIRECTION('center_axis',(0.,0.,1.));
#1227=DIRECTION('ref_axis',(0.,-1.,0.));
#1228=DIRECTION('',(0.,1.,0.));
#1229=DIRECTION('',(0.,-1.,0.));
#1230=DIRECTION('',(1.,0.,0.));
#1231=DIRECTION('center_axis',(0.,1.,0.));
#1232=DIRECTION('ref_axis',(0.,0.,1.));
#1233=DIRECTION('',(0.,0.,-1.));
#1234=DIRECTION('',(0.,0.,1.));
#1235=DIRECTION('',(1.,0.,0.));
#1236=DIRECTION('center_axis',(0.,0.,-1.));
#1237=DIRECTION('ref_axis',(0.,1.,0.));
#1238=DIRECTION('',(0.,-1.,0.));
#1239=DIRECTION('',(0.,1.,0.));
#1240=DIRECTION('',(1.,0.,0.));
#1241=DIRECTION('center_axis',(0.,1.,0.));
#1242=DIRECTION('ref_axis',(0.,0.,1.));
#1243=DIRECTION('',(0.,0.,-1.));
#1244=DIRECTION('',(0.,0.,1.));
#1245=DIRECTION('',(1.,0.,0.));
#1246=DIRECTION('center_axis',(0.,0.,-1.));
#1247=DIRECTION('ref_axis',(0.,1.,0.));
#1248=DIRECTION('',(0.,-1.,0.));
#1249=DIRECTION('',(0.,1.,0.));
#1250=DIRECTION('center_axis',(1.,0.,0.));
#1251=DIRECTION('ref_axis',(0.,0.,-1.));
#1252=DIRECTION('center_axis',(1.,0.,0.));
#1253=DIRECTION('ref_axis',(0.,1.,0.));
#1254=DIRECTION('',(1.,0.,0.));
#1255=DIRECTION('',(1.,0.,0.));
#1256=DIRECTION('',(1.,0.,0.));
#1257=DIRECTION('',(1.,0.,0.));
#1258=DIRECTION('',(1.,0.,0.));
#1259=DIRECTION('',(1.,0.,0.));
#1260=DIRECTION('',(1.,0.,0.));
#1261=DIRECTION('',(1.,0.,0.));
#1262=DIRECTION('',(1.,0.,0.));
#1263=DIRECTION('',(1.,0.,0.));
#1264=DIRECTION('',(1.,0.,0.));
#1265=DIRECTION('',(1.,0.,0.));
#1266=DIRECTION('',(1.,0.,0.));
#1267=DIRECTION('',(1.,0.,0.));
#1268=DIRECTION('',(1.,0.,0.));
#1269=DIRECTION('',(1.,0.,0.));
#1270=DIRECTION('',(1.,0.,0.));
#1271=DIRECTION('',(1.,0.,0.));
#1272=DIRECTION('',(1.,0.,0.));
#1273=DIRECTION('',(1.,0.,0.));
#1274=DIRECTION('center_axis',(1.,0.,0.));
#1275=DIRECTION('ref_axis',(0.,1.,0.));
#1276=DIRECTION('center_axis',(1.,0.,0.));
#1277=DIRECTION('ref_axis',(0.,1.,0.));
#1278=DIRECTION('center_axis',(0.,0.,-1.));
#1279=DIRECTION('ref_axis',(0.,1.,0.));
#1280=DIRECTION('',(0.,-1.,0.));
#1281=DIRECTION('',(1.,0.,0.));
#1282=DIRECTION('',(0.,1.,0.));
#1283=DIRECTION('',(1.,0.,0.));
#1284=DIRECTION('center_axis',(0.,-1.,0.));
#1285=DIRECTION('ref_axis',(0.,0.,-1.));
#1286=DIRECTION('',(0.,0.,1.));
#1287=DIRECTION('',(0.,0.,-1.));
#1288=DIRECTION('',(1.,0.,0.));
#1289=DIRECTION('',(1.,0.,0.));
#1290=DIRECTION('',(1.,0.,0.));
#1291=DIRECTION('center_axis',(0.,-1.,0.));
#1292=DIRECTION('ref_axis',(0.,0.,-1.));
#1293=DIRECTION('',(0.,0.,1.));
#1294=DIRECTION('',(0.,0.,-1.));
#1295=DIRECTION('',(1.,0.,0.));
#1296=DIRECTION('',(1.,0.,0.));
#1297=DIRECTION('',(1.,0.,0.));
#1298=DIRECTION('center_axis',(0.,0.,1.));
#1299=DIRECTION('ref_axis',(0.,-1.,0.));
#1300=DIRECTION('',(0.,1.,0.));
#1301=DIRECTION('',(0.,-1.,0.));
#1302=DIRECTION('',(1.,0.,0.));
#1303=DIRECTION('center_axis',(0.,1.,0.));
#1304=DIRECTION('ref_axis',(0.,0.,1.));
#1305=DIRECTION('',(0.,0.,-1.));
#1306=DIRECTION('',(0.,0.,1.));
#1307=DIRECTION('center_axis',(1.,0.,0.));
#1308=DIRECTION('ref_axis',(0.,1.,0.));
#1309=DIRECTION('center_axis',(1.,0.,0.));
#1310=DIRECTION('ref_axis',(0.,1.,0.));
#1311=DIRECTION('center_axis',(0.,0.,-1.));
#1312=DIRECTION('ref_axis',(1.,0.,0.));
#1313=DIRECTION('center_axis',(0.,0.,-1.));
#1314=DIRECTION('ref_axis',(1.,0.,0.));
#1315=DIRECTION('',(0.,0.,1.));
#1316=DIRECTION('center_axis',(0.,0.,1.));
#1317=DIRECTION('ref_axis',(1.,0.,0.));
#1318=DIRECTION('center_axis',(0.,0.,1.));
#1319=DIRECTION('ref_axis',(1.,0.,0.));
#1320=DIRECTION('center_axis',(0.,0.,1.));
#1321=DIRECTION('ref_axis',(1.,0.,0.));
#1322=DIRECTION('center_axis',(0.,0.,-1.));
#1323=DIRECTION('ref_axis',(0.614740209568066,0.788729658844024,0.));
#1324=DIRECTION('center_axis',(0.,0.,1.));
#1325=DIRECTION('ref_axis',(1.,0.,0.));
#1326=DIRECTION('',(0.,0.,-1.));
#1327=DIRECTION('center_axis',(0.,0.,-1.));
#1328=DIRECTION('ref_axis',(1.,0.,0.));
#1329=DIRECTION('',(0.,0.,-1.));
#1330=DIRECTION('center_axis',(0.,0.,1.));
#1331=DIRECTION('ref_axis',(1.,0.,0.));
#1332=DIRECTION('center_axis',(0.,0.,1.));
#1333=DIRECTION('ref_axis',(1.,0.,0.));
#1334=CARTESIAN_POINT('',(0.,0.,0.));
#1335=CARTESIAN_POINT('Origin',(0.379758606192007,-1.43955748998689,-2.));
#1336=CARTESIAN_POINT('',(0.189758606192007,-1.4395574899869,-1.88607886854822));
#1337=CARTESIAN_POINT('Ctrl Pts',(0.189758606192007,-1.4395574899869,-1.88607886854822));
#1338=CARTESIAN_POINT('Ctrl Pts',(0.189758606192008,-1.45292896088663,-1.87587303813103));
#1339=CARTESIAN_POINT('Ctrl Pts',(0.191169102597391,-1.46593330346609,-1.86514044322013));
#1340=CARTESIAN_POINT('Ctrl Pts',(0.199559971647846,-1.50613180853073,-1.82952610096701));
#1341=CARTESIAN_POINT('Ctrl Pts',(0.211314576834396,-1.53149321023865,-1.80314415608953));
#1342=CARTESIAN_POINT('Ctrl Pts',(0.247838957816873,-1.58050422527123,-1.74264378800215));
#1343=CARTESIAN_POINT('Ctrl Pts',(0.275613514198622,-1.60233557949017,-1.70773355827485));
#1344=CARTESIAN_POINT('Ctrl Pts',(0.332919464765064,-1.62560422133378,-1.64984724373681));
#1345=CARTESIAN_POINT('Ctrl Pts',(0.359160679017712,-1.63024459206428,-1.62724093554902));
#1346=CARTESIAN_POINT('Ctrl Pts',(0.404058239663956,-1.62892558723593,-1.59470469414712));
#1347=CARTESIAN_POINT('Ctrl Pts',(0.423824351961081,-1.62557024013545,-1.58221972782628));
#1348=CARTESIAN_POINT('Ctrl Pts',(0.45830042573773,-1.61326304956344,-1.56516948450384));
#1349=CARTESIAN_POINT('Ctrl Pts',(0.472942506620533,-1.60600172659627,-1.55942293023426));
#1350=CARTESIAN_POINT('Ctrl Pts',(0.499422496131465,-1.58791333523462,-1.55302675160049));
#1351=CARTESIAN_POINT('Ctrl Pts',(0.510995115008829,-1.57782046069505,-1.55200252714955));
#1352=CARTESIAN_POINT('Ctrl Pts',(0.532894282493792,-1.55335791977765,-1.55469568291047));
#1353=CARTESIAN_POINT('Ctrl Pts',(0.542272167987732,-1.53933066416403,-1.55892613996905));
#1354=CARTESIAN_POINT('Ctrl Pts',(0.557264335171368,-1.50945341342984,-1.57234426717049));
#1355=CARTESIAN_POINT('Ctrl Pts',(0.562443652502991,-1.49397567271907,-1.58158136977136));
#1356=CARTESIAN_POINT('Ctrl Pts',(0.569790066022199,-1.45933424962426,-1.60599089626818));
#1357=CARTESIAN_POINT('Ctrl Pts',(0.570587980481501,-1.44026809891753,-1.62227168929517));
#1358=CARTESIAN_POINT('Ctrl Pts',(0.56668042698357,-1.39678192309532,-1.66404564867734));
#1359=CARTESIAN_POINT('Ctrl Pts',(0.559231944916862,-1.37276507784384,-1.69138368318984));
#1360=CARTESIAN_POINT('Ctrl Pts',(0.533855414447452,-1.32419744432471,-1.7536997732965));
#1361=CARTESIAN_POINT('Ctrl Pts',(0.512739268584185,-1.30005303181033,-1.79045267954251));
#1362=CARTESIAN_POINT('Ctrl Pts',(0.465947990644376,-1.26852623565488,-1.85013944409156));
#1363=CARTESIAN_POINT('Ctrl Pts',(0.44209927559991,-1.25796430625338,-1.8751107644551));
#1364=CARTESIAN_POINT('Ctrl Pts',(0.396517606534151,-1.24936930702227,-1.9116564127741));
#1365=CARTESIAN_POINT('Ctrl Pts',(0.376317561902566,-1.24838112150363,-1.92513509514314));
#1366=CARTESIAN_POINT('Ctrl Pts',(0.338651590577977,-1.25332207176747,-1.94416716586022));
#1367=CARTESIAN_POINT('Ctrl Pts',(0.321817081052393,-1.25770285194872,-1.9507244415973));
#1368=CARTESIAN_POINT('Ctrl Pts',(0.2898604783124,-1.27134689987209,-1.95871275825357));
#1369=CARTESIAN_POINT('Ctrl Pts',(0.275242792429915,-1.27996135583329,-1.96038615115404));
#1370=CARTESIAN_POINT('Ctrl Pts',(0.24672289256777,-1.30255032059905,-1.9590862053231));
#1371=CARTESIAN_POINT('Ctrl Pts',(0.233829456885451,-1.31648516067804,-1.95556679185158));
#1372=CARTESIAN_POINT('Ctrl Pts',(0.212163072037378,-1.34791218316926,-1.94354543589309));
#1373=CARTESIAN_POINT('Ctrl Pts',(0.204001129260777,-1.36513196109177,-1.93491428125133));
#1374=CARTESIAN_POINT('Ctrl Pts',(0.192480359104465,-1.40169276522095,-1.91342575712258));
#1375=CARTESIAN_POINT('Ctrl Pts',(0.189758606192007,-1.42100147189598,-1.90024182603243));
#1376=CARTESIAN_POINT('Ctrl Pts',(0.189758606192007,-1.4395574899869,-1.88607886854822));
#1377=CARTESIAN_POINT('',(0.189758606192007,-1.43955748998689,-2.));
#1378=CARTESIAN_POINT('',(0.189758606192007,-1.43955748998689,-2.));
#1379=CARTESIAN_POINT('Origin',(0.379758606192007,-1.43955748998689,-2.));
#1380=CARTESIAN_POINT('Origin',(0.379758606192007,-1.43955748998689,-2.));
#1381=CARTESIAN_POINT('Origin',(0.379758606192007,1.3604425100131,-2.));
#1382=CARTESIAN_POINT('',(0.31827812717659,1.18066445045067,-2.));
#1383=CARTESIAN_POINT('',(0.220435700682758,1.2569233727481,-2.));
#1384=CARTESIAN_POINT('Ctrl Pts',(0.31827812717659,1.18066445045067,-2.));
#1385=CARTESIAN_POINT('Ctrl Pts',(0.335147429242904,1.17489548857503,-1.99448003536982));
#1386=CARTESIAN_POINT('Ctrl Pts',(0.352014226433694,1.17177063174308,-1.98686599755958));
#1387=CARTESIAN_POINT('Ctrl Pts',(0.387569809826719,1.16962608332696,-1.96704384218482));
#1388=CARTESIAN_POINT('Ctrl Pts',(0.405885704051004,1.17145022322134,-1.95434363893061));
#1389=CARTESIAN_POINT('Ctrl Pts',(0.454086385912842,1.18265425135419,-1.91517673547093));
#1390=CARTESIAN_POINT('Ctrl Pts',(0.482546533306792,1.19759541338622,-1.88453436853008));
#1391=CARTESIAN_POINT('Ctrl Pts',(0.52796783134482,1.23797513478938,-1.82074873038612));
#1392=CARTESIAN_POINT('Ctrl Pts',(0.545176261685442,1.26239390974251,-1.78839704872373));
#1393=CARTESIAN_POINT('Ctrl Pts',(0.564028610720801,1.3095283531263,-1.73604638104168));
#1394=CARTESIAN_POINT('Ctrl Pts',(0.568969281800771,1.33140364851677,-1.71443879824349));
#1395=CARTESIAN_POINT('Ctrl Pts',(0.570167202159991,1.37112774117906,-1.68149326652123));
#1396=CARTESIAN_POINT('Ctrl Pts',(0.568565291404733,1.38858308252286,-1.66874619262994));
#1397=CARTESIAN_POINT('Ctrl Pts',(0.560422198552724,1.42119688287836,-1.64932938617094));
#1398=CARTESIAN_POINT('Ctrl Pts',(0.554805078227122,1.43619944323347,-1.64200049730013));
#1399=CARTESIAN_POINT('Ctrl Pts',(0.53886041343566,1.46564117218667,-1.63177858793406));
#1400=CARTESIAN_POINT('Ctrl Pts',(0.528815672282628,1.47955463057738,-1.62906996377069));
#1401=CARTESIAN_POINT('Ctrl Pts',(0.504353333234889,1.50498697980363,-1.62898948916512));
#1402=CARTESIAN_POINT('Ctrl Pts',(0.490507891445044,1.51577365638614,-1.63171327948206));
#1403=CARTESIAN_POINT('Ctrl Pts',(0.457104547067904,1.53532352580431,-1.64283615843362));
#1404=CARTESIAN_POINT('Ctrl Pts',(0.437617415395374,1.5424722154294,-1.65229916589183));
#1405=CARTESIAN_POINT('Ctrl Pts',(0.39232549847977,1.55189819246291,-1.67874521738403));
#1406=CARTESIAN_POINT('Ctrl Pts',(0.365079311114129,1.55182503815402,-1.69821222996768));
#1407=CARTESIAN_POINT('Ctrl Pts',(0.307125021718394,1.53892500501248,-1.74699232547078));
#1408=CARTESIAN_POINT('Ctrl Pts',(0.277732163798919,1.52403233676968,-1.77654996340004));
#1409=CARTESIAN_POINT('Ctrl Pts',(0.231027036036285,1.48238497811146,-1.83480805258227));
#1410=CARTESIAN_POINT('Ctrl Pts',(0.213345743968479,1.45719307118835,-1.86281881653443));
#1411=CARTESIAN_POINT('Ctrl Pts',(0.194633070235747,1.40829259503049,-1.9077622429531));
#1412=CARTESIAN_POINT('Ctrl Pts',(0.190125200192178,1.38632681457143,-1.92560200277277));
#1413=CARTESIAN_POINT('Ctrl Pts',(0.189509646793174,1.34525464583855,-1.95468290344806));
#1414=CARTESIAN_POINT('Ctrl Pts',(0.191798375059053,1.3264935536554,-1.96656245156242));
#1415=CARTESIAN_POINT('Ctrl Pts',(0.202210746347971,1.29043856211045,-1.9862300100202));
#1416=CARTESIAN_POINT('Ctrl Pts',(0.209847095080826,1.27321994799363,-1.99422485669322));
#1417=CARTESIAN_POINT('Ctrl Pts',(0.220435700682758,1.2569233727481,-2.));
#1418=CARTESIAN_POINT('Origin',(0.379758606192007,1.3604425100131,-2.));
#1419=CARTESIAN_POINT('Origin',(0.379758606192007,1.3604425100131,-2.));
#1420=CARTESIAN_POINT('Ctrl Pts',(0.220435700682758,1.2569233727481,-2.));
#1421=CARTESIAN_POINT('Ctrl Pts',(0.239638613113769,1.24403406814699,-2.));
#1422=CARTESIAN_POINT('Ctrl Pts',(0.257896909803333,1.23062619365127,-2.));
#1423=CARTESIAN_POINT('Ctrl Pts',(0.289326593217987,1.20579992018589,-2.));
#1424=CARTESIAN_POINT('Ctrl Pts',(0.303868070444265,1.19357985407737,-2.));
#1425=CARTESIAN_POINT('Ctrl Pts',(0.31827812717659,1.18066445045067,-2.));
#1426=CARTESIAN_POINT('Origin',(0.2,0.,0.));
#1427=CARTESIAN_POINT('',(-1.05,1.2507280717673,1.53170012969356E-16));
#1428=CARTESIAN_POINT('Origin',(-1.05,0.,0.));
#1429=CARTESIAN_POINT('',(-0.2,2.435,2.98201495592381E-16));
#1430=CARTESIAN_POINT('Origin',(0.2,1.2507280717673,1.53170012969356E-16));
#1431=CARTESIAN_POINT('',(-0.2,-2.98201495592381E-16,2.435));
#1432=CARTESIAN_POINT('Origin',(-0.2,0.,0.));
#1433=CARTESIAN_POINT('Origin',(-0.2,0.,0.));
#1434=CARTESIAN_POINT('Origin',(-1.05,0.,0.));
#1435=CARTESIAN_POINT('Ctrl Pts',(-0.2,0.,2.435));
#1436=CARTESIAN_POINT('Ctrl Pts',(-0.2,-2.435,2.435));
#1437=CARTESIAN_POINT('Ctrl Pts',(-0.2,-2.435,0.));
#1438=CARTESIAN_POINT('Ctrl Pts',(-0.2,-2.435,-2.435));
#1439=CARTESIAN_POINT('Ctrl Pts',(-0.2,0.,-2.435));
#1440=CARTESIAN_POINT('Ctrl Pts',(-0.2,2.435,-2.435));
#1441=CARTESIAN_POINT('Ctrl Pts',(-0.2,2.435,0.));
#1442=CARTESIAN_POINT('Ctrl Pts',(-0.2,2.435,2.435));
#1443=CARTESIAN_POINT('Ctrl Pts',(-0.2,0.,2.435));
#1444=CARTESIAN_POINT('Ctrl Pts',(1.05,0.,2.435));
#1445=CARTESIAN_POINT('Ctrl Pts',(1.05,-2.435,2.435));
#1446=CARTESIAN_POINT('Ctrl Pts',(1.05,-2.435,0.));
#1447=CARTESIAN_POINT('Ctrl Pts',(1.05,-2.435,-2.435));
#1448=CARTESIAN_POINT('Ctrl Pts',(1.05,0.,-2.435));
#1449=CARTESIAN_POINT('Ctrl Pts',(1.05,2.435,-2.435));
#1450=CARTESIAN_POINT('Ctrl Pts',(1.05,2.435,0.));
#1451=CARTESIAN_POINT('Ctrl Pts',(1.05,2.435,2.435));
#1452=CARTESIAN_POINT('Ctrl Pts',(1.05,0.,2.435));
#1453=CARTESIAN_POINT('Ctrl Pts',(1.05,0.,1.185));
#1454=CARTESIAN_POINT('Ctrl Pts',(1.05,-1.185,1.185));
#1455=CARTESIAN_POINT('Ctrl Pts',(1.05,-1.185,0.));
#1456=CARTESIAN_POINT('Ctrl Pts',(1.05,-1.185,-1.185));
#1457=CARTESIAN_POINT('Ctrl Pts',(1.05,0.,-1.185));
#1458=CARTESIAN_POINT('Ctrl Pts',(1.05,1.185,-1.185));
#1459=CARTESIAN_POINT('Ctrl Pts',(1.05,1.185,0.));
#1460=CARTESIAN_POINT('Ctrl Pts',(1.05,1.185,1.185));
#1461=CARTESIAN_POINT('Ctrl Pts',(1.05,0.,1.185));
#1462=CARTESIAN_POINT('',(1.05,-1.45120645698961E-16,1.185));
#1463=CARTESIAN_POINT('Origin',(1.05,0.,0.));
#1464=CARTESIAN_POINT('Origin',(-0.2,-1.45120645698961E-16,1.185));
#1465=CARTESIAN_POINT('Origin',(1.05,0.,0.));
#1466=CARTESIAN_POINT('Origin',(1.05,0.428649298846721,0.431718919426203));
#1467=CARTESIAN_POINT('',(1.05,0.428649298846721,0.161186885088682));
#1468=CARTESIAN_POINT('',(1.05,0.428649298846721,0.431718919426203));
#1469=CARTESIAN_POINT('',(1.05,0.428649298846721,0.161186885088682));
#1470=CARTESIAN_POINT('',(1.0501,0.428649298846721,0.161186885088682));
#1471=CARTESIAN_POINT('',(1.05,0.428649298846721,0.161186885088682));
#1472=CARTESIAN_POINT('',(1.0501,0.428649298846721,0.431718919426203));
#1473=CARTESIAN_POINT('',(1.0501,0.428649298846721,0.161186885088682));
#1474=CARTESIAN_POINT('',(1.05,0.428649298846721,0.431718919426203));
#1475=CARTESIAN_POINT('Origin',(1.05,0.240791253745556,0.161186885088682));
#1476=CARTESIAN_POINT('',(1.05,0.240791253745556,0.161186885088682));
#1477=CARTESIAN_POINT('',(1.05,0.428649298846721,0.431718919426203));
#1478=CARTESIAN_POINT('',(1.0501,0.240791253745556,0.161186885088682));
#1479=CARTESIAN_POINT('',(1.0501,0.428649298846721,0.431718919426203));
#1480=CARTESIAN_POINT('',(1.05,0.240791253745556,0.161186885088682));
#1481=CARTESIAN_POINT('Origin',(1.05,0.428649298846721,0.161186885088682));
#1482=CARTESIAN_POINT('',(1.05,0.240791253745556,0.161186885088682));
#1483=CARTESIAN_POINT('',(1.0501,0.240791253745556,0.161186885088682));
#1484=CARTESIAN_POINT('Origin',(1.05,0.428649298846721,0.093656163662672));
#1485=CARTESIAN_POINT('',(1.05,0.428649298846721,-0.0500000454485416));
#1486=CARTESIAN_POINT('',(1.05,0.428649298846721,0.093656163662672));
#1487=CARTESIAN_POINT('',(1.05,0.428649298846721,-0.0500000454485416));
#1488=CARTESIAN_POINT('',(1.0501,0.428649298846721,-0.0500000454485416));
#1489=CARTESIAN_POINT('',(1.05,0.428649298846721,-0.0500000454485416));
#1490=CARTESIAN_POINT('',(1.0501,0.428649298846721,0.093656163662672));
#1491=CARTESIAN_POINT('',(1.0501,0.428649298846721,-0.0500000454485416));
#1492=CARTESIAN_POINT('',(1.05,0.428649298846721,0.093656163662672));
#1493=CARTESIAN_POINT('Origin',(1.05,0.168349258601665,0.093656163662672));
#1494=CARTESIAN_POINT('',(1.05,0.168349258601665,0.093656163662672));
#1495=CARTESIAN_POINT('',(1.05,0.428649298846721,0.093656163662672));
#1496=CARTESIAN_POINT('',(1.0501,0.168349258601665,0.093656163662672));
#1497=CARTESIAN_POINT('',(1.0501,0.428649298846721,0.093656163662672));
#1498=CARTESIAN_POINT('',(1.05,0.168349258601665,0.093656163662672));
#1499=CARTESIAN_POINT('Origin',(1.05,0.168349258601665,0.161186885088682));
#1500=CARTESIAN_POINT('',(1.05,0.168349258601665,0.161186885088682));
#1501=CARTESIAN_POINT('',(1.05,0.168349258601665,0.093656163662672));
#1502=CARTESIAN_POINT('',(1.0501,0.168349258601665,0.161186885088682));
#1503=CARTESIAN_POINT('',(1.0501,0.168349258601665,0.093656163662672));
#1504=CARTESIAN_POINT('',(1.05,0.168349258601665,0.161186885088682));
#1505=CARTESIAN_POINT('Origin',(1.05,0.442155562341213,0.549999941140413));
#1506=CARTESIAN_POINT('',(1.05,0.442155562341213,0.549999941140413));
#1507=CARTESIAN_POINT('',(1.05,0.168349258601665,0.161186885088682));
#1508=CARTESIAN_POINT('',(1.0501,0.442155562341213,0.549999941140413));
#1509=CARTESIAN_POINT('',(1.0501,0.168349258601665,0.161186885088682));
#1510=CARTESIAN_POINT('',(1.05,0.442155562341213,0.549999941140413));
#1511=CARTESIAN_POINT('Origin',(1.05,0.502319298684597,0.549999941140413));
#1512=CARTESIAN_POINT('',(1.05,0.502319298684597,0.549999941140413));
#1513=CARTESIAN_POINT('',(1.05,0.442155562341213,0.549999941140413));
#1514=CARTESIAN_POINT('',(1.0501,0.502319298684597,0.549999941140413));
#1515=CARTESIAN_POINT('',(1.0501,0.442155562341213,0.549999941140413));
#1516=CARTESIAN_POINT('',(1.05,0.502319298684597,0.549999941140413));
#1517=CARTESIAN_POINT('Origin',(1.05,0.502319298684597,0.161186885088682));
#1518=CARTESIAN_POINT('',(1.05,0.502319298684597,0.161186885088682));
#1519=CARTESIAN_POINT('',(1.05,0.502319298684597,0.549999941140413));
#1520=CARTESIAN_POINT('',(1.0501,0.502319298684597,0.161186885088682));
#1521=CARTESIAN_POINT('',(1.0501,0.502319298684597,0.549999941140413));
#1522=CARTESIAN_POINT('',(1.05,0.502319298684597,0.161186885088682));
#1523=CARTESIAN_POINT('Origin',(1.05,0.583356134593487,0.161186885088682));
#1524=CARTESIAN_POINT('',(1.05,0.583356134593487,0.161186885088682));
#1525=CARTESIAN_POINT('',(1.05,0.502319298684597,0.161186885088682));
#1526=CARTESIAN_POINT('',(1.0501,0.583356134593487,0.161186885088682));
#1527=CARTESIAN_POINT('',(1.0501,0.502319298684597,0.161186885088682));
#1528=CARTESIAN_POINT('',(1.05,0.583356134593487,0.161186885088682));
#1529=CARTESIAN_POINT('Origin',(1.05,0.583356134593487,0.093656163662672));
#1530=CARTESIAN_POINT('',(1.05,0.583356134593487,0.093656163662672));
#1531=CARTESIAN_POINT('',(1.05,0.583356134593487,0.161186885088682));
#1532=CARTESIAN_POINT('',(1.0501,0.583356134593487,0.093656163662672));
#1533=CARTESIAN_POINT('',(1.0501,0.583356134593487,0.161186885088682));
#1534=CARTESIAN_POINT('',(1.05,0.583356134593487,0.093656163662672));
#1535=CARTESIAN_POINT('Origin',(1.05,0.502319298684597,0.093656163662672));
#1536=CARTESIAN_POINT('',(1.05,0.502319298684597,0.093656163662672));
#1537=CARTESIAN_POINT('',(1.05,0.583356134593487,0.093656163662672));
#1538=CARTESIAN_POINT('',(1.0501,0.502319298684597,0.093656163662672));
#1539=CARTESIAN_POINT('',(1.0501,0.583356134593487,0.093656163662672));
#1540=CARTESIAN_POINT('',(1.05,0.502319298684597,0.093656163662672));
#1541=CARTESIAN_POINT('Origin',(1.05,0.502319298684597,-0.0500000454485416));
#1542=CARTESIAN_POINT('',(1.05,0.502319298684597,-0.0500000454485416));
#1543=CARTESIAN_POINT('',(1.05,0.502319298684597,0.093656163662672));
#1544=CARTESIAN_POINT('',(1.0501,0.502319298684597,-0.0500000454485416));
#1545=CARTESIAN_POINT('',(1.0501,0.502319298684597,0.093656163662672));
#1546=CARTESIAN_POINT('',(1.05,0.502319298684597,-0.0500000454485416));
#1547=CARTESIAN_POINT('Origin',(1.05,0.428649298846721,-0.0500000454485416));
#1548=CARTESIAN_POINT('',(1.05,0.502319298684597,-0.0500000454485416));
#1549=CARTESIAN_POINT('',(1.0501,0.502319298684597,-0.0500000454485416));
#1550=CARTESIAN_POINT('Origin',(1.0501,-0.0499999709427358,0.246111806482077));
#1551=CARTESIAN_POINT('Origin',(1.05,-0.0499999709427358,0.246111806482077));
#1552=CARTESIAN_POINT('Ctrl Pts',(1.05,-0.163369663059712,0.0492496229708195));
#1553=CARTESIAN_POINT('Ctrl Pts',(1.0501,-0.163369663059712,0.0492496229708195));
#1554=CARTESIAN_POINT('Ctrl Pts',(1.05,-0.173337689658525,0.0735150704055921));
#1555=CARTESIAN_POINT('Ctrl Pts',(1.0501,-0.173337689658525,0.0735150704055921));
#1556=CARTESIAN_POINT('Ctrl Pts',(1.05,-0.199057279442588,0.136124991011482));
#1557=CARTESIAN_POINT('Ctrl Pts',(1.0501,-0.199057279442588,0.136124991011482));
#1558=CARTESIAN_POINT('Ctrl Pts',(1.05,-0.198372811078579,0.204209756609315));
#1559=CARTESIAN_POINT('Ctrl Pts',(1.0501,-0.198372811078579,0.204209756609315));
#1560=CARTESIAN_POINT('Ctrl Pts',(1.05,-0.197953619062901,0.245907213538885));
#1561=CARTESIAN_POINT('Ctrl Pts',(1.0501,-0.197953619062901,0.245907213538885));
#1562=CARTESIAN_POINT('',(1.05,-0.197953619062901,0.245907213538885));
#1563=CARTESIAN_POINT('',(1.05,-0.163369663059712,0.0492496229708195));
#1564=CARTESIAN_POINT('Ctrl Pts',(1.05,-0.197953619062901,0.245907213538885));
#1565=CARTESIAN_POINT('Ctrl Pts',(1.05,-0.198372811078579,0.204209756609315));
#1566=CARTESIAN_POINT('Ctrl Pts',(1.05,-0.199057279442588,0.136124991011482));
#1567=CARTESIAN_POINT('Ctrl Pts',(1.05,-0.173337689658525,0.0735150704055921));
#1568=CARTESIAN_POINT('Ctrl Pts',(1.05,-0.163369663059712,0.0492496229708195));
#1569=CARTESIAN_POINT('',(1.0501,-0.197953619062901,0.245907213538885));
#1570=CARTESIAN_POINT('',(1.05,-0.197953619062901,0.245907213538885));
#1571=CARTESIAN_POINT('',(1.0501,-0.163369663059712,0.0492496229708195));
#1572=CARTESIAN_POINT('Ctrl Pts',(1.0501,-0.163369663059712,0.0492496229708195));
#1573=CARTESIAN_POINT('Ctrl Pts',(1.0501,-0.173337689658525,0.0735150704055921));
#1574=CARTESIAN_POINT('Ctrl Pts',(1.0501,-0.199057279442588,0.136124991011482));
#1575=CARTESIAN_POINT('Ctrl Pts',(1.0501,-0.198372811078579,0.204209756609315));
#1576=CARTESIAN_POINT('Ctrl Pts',(1.0501,-0.197953619062901,0.245907213538885));
#1577=CARTESIAN_POINT('',(1.05,-0.163369663059712,0.0492496229708195));
#1578=CARTESIAN_POINT('Ctrl Pts',(1.05,-0.0780354812741281,0.000340994447469711));
#1579=CARTESIAN_POINT('Ctrl Pts',(1.0501,-0.0780354812741281,0.000340994447469711));
#1580=CARTESIAN_POINT('Ctrl Pts',(1.05,-0.0945320475193741,0.00275092236813324));
#1581=CARTESIAN_POINT('Ctrl Pts',(1.0501,-0.0945320475193741,0.00275092236813324));
#1582=CARTESIAN_POINT('Ctrl Pts',(1.05,-0.129228453156344,0.00781960365902279));
#1583=CARTESIAN_POINT('Ctrl Pts',(1.0501,-0.129228453156344,0.00781960365902279));
#1584=CARTESIAN_POINT('Ctrl Pts',(1.05,-0.151622807748085,0.0349949306564275));
#1585=CARTESIAN_POINT('Ctrl Pts',(1.0501,-0.151622807748085,0.0349949306564275));
#1586=CARTESIAN_POINT('Ctrl Pts',(1.05,-0.163369663059712,0.0492496229708195));
#1587=CARTESIAN_POINT('Ctrl Pts',(1.0501,-0.163369663059712,0.0492496229708195));
#1588=CARTESIAN_POINT('',(1.05,-0.0780354812741281,0.000340994447469711));
#1589=CARTESIAN_POINT('Ctrl Pts',(1.05,-0.163369663059712,0.0492496229708195));
#1590=CARTESIAN_POINT('Ctrl Pts',(1.05,-0.151622807748085,0.0349949306564275));
#1591=CARTESIAN_POINT('Ctrl Pts',(1.05,-0.129228453156344,0.00781960365902279));
#1592=CARTESIAN_POINT('Ctrl Pts',(1.05,-0.0945320475193741,0.00275092236813324));
#1593=CARTESIAN_POINT('Ctrl Pts',(1.05,-0.0780354812741281,0.000340994447469711));
#1594=CARTESIAN_POINT('',(1.0501,-0.0780354812741281,0.000340994447469711));
#1595=CARTESIAN_POINT('Ctrl Pts',(1.0501,-0.0780354812741281,0.000340994447469711));
#1596=CARTESIAN_POINT('Ctrl Pts',(1.0501,-0.0945320475193741,0.00275092236813324));
#1597=CARTESIAN_POINT('Ctrl Pts',(1.0501,-0.129228453156344,0.00781960365902279));
#1598=CARTESIAN_POINT('Ctrl Pts',(1.0501,-0.151622807748085,0.0349949306564275));
#1599=CARTESIAN_POINT('Ctrl Pts',(1.0501,-0.163369663059712,0.0492496229708195));
#1600=CARTESIAN_POINT('',(1.05,-0.0780354812741281,0.000340994447469711));
#1601=CARTESIAN_POINT('Ctrl Pts',(1.05,0.00729877501726137,0.049454253166914));
#1602=CARTESIAN_POINT('Ctrl Pts',(1.0501,0.00729877501726137,0.049454253166914));
#1603=CARTESIAN_POINT('Ctrl Pts',(1.05,-0.00443944778487026,0.0351403092134281));
#1604=CARTESIAN_POINT('Ctrl Pts',(1.0501,-0.00443944778487026,0.0351403092134281));
#1605=CARTESIAN_POINT('Ctrl Pts',(1.05,-0.0267991039426112,0.00787426813922021));
#1606=CARTESIAN_POINT('Ctrl Pts',(1.0501,-0.0267991039426112,0.00787426813922021));
#1607=CARTESIAN_POINT('Ctrl Pts',(1.05,-0.0615350025076737,0.00276705634072838));
#1608=CARTESIAN_POINT('Ctrl Pts',(1.0501,-0.0615350025076737,0.00276705634072838));
#1609=CARTESIAN_POINT('Ctrl Pts',(1.05,-0.0780354812741281,0.000340994447469711));
#1610=CARTESIAN_POINT('Ctrl Pts',(1.0501,-0.0780354812741281,0.000340994447469711));
#1611=CARTESIAN_POINT('',(1.05,0.00729877501726137,0.049454253166914));
#1612=CARTESIAN_POINT('Ctrl Pts',(1.05,-0.0780354812741281,0.000340994447469711));
#1613=CARTESIAN_POINT('Ctrl Pts',(1.05,-0.0615350025076737,0.00276705634072838));
#1614=CARTESIAN_POINT('Ctrl Pts',(1.05,-0.0267991039426112,0.00787426813922021));
#1615=CARTESIAN_POINT('Ctrl Pts',(1.05,-0.00443944778487027,0.0351403092134281));
#1616=CARTESIAN_POINT('Ctrl Pts',(1.05,0.00729877501726137,0.049454253166914));
#1617=CARTESIAN_POINT('',(1.0501,0.00729877501726137,0.049454253166914));
#1618=CARTESIAN_POINT('Ctrl Pts',(1.0501,0.00729877501726137,0.049454253166914));
#1619=CARTESIAN_POINT('Ctrl Pts',(1.0501,-0.00443944778487027,0.0351403092134281));
#1620=CARTESIAN_POINT('Ctrl Pts',(1.0501,-0.0267991039426112,0.00787426813922021));
#1621=CARTESIAN_POINT('Ctrl Pts',(1.0501,-0.0615350025076737,0.00276705634072838));
#1622=CARTESIAN_POINT('Ctrl Pts',(1.0501,-0.0780354812741281,0.000340994447469711));
#1623=CARTESIAN_POINT('',(1.05,0.00729877501726137,0.049454253166914));
#1624=CARTESIAN_POINT('Ctrl Pts',(1.05,0.0418826565146445,0.245907213538885));
#1625=CARTESIAN_POINT('Ctrl Pts',(1.0501,0.0418826565146445,0.245907213538885));
#1626=CARTESIAN_POINT('Ctrl Pts',(1.05,0.0422871716158184,0.204298196848163));
#1627=CARTESIAN_POINT('Ctrl Pts',(1.0501,0.0422871716158184,0.204298196848163));
#1628=CARTESIAN_POINT('Ctrl Pts',(1.05,0.042948364405237,0.136286936623567));
#1629=CARTESIAN_POINT('Ctrl Pts',(1.0501,0.042948364405237,0.136286936623567));
#1630=CARTESIAN_POINT('Ctrl Pts',(1.05,0.0172679966162374,0.0737365598715485));
#1631=CARTESIAN_POINT('Ctrl Pts',(1.0501,0.0172679966162374,0.0737365598715485));
#1632=CARTESIAN_POINT('Ctrl Pts',(1.05,0.00729877501726137,0.049454253166914));
#1633=CARTESIAN_POINT('Ctrl Pts',(1.0501,0.00729877501726137,0.049454253166914));
#1634=CARTESIAN_POINT('',(1.05,0.0418826565146445,0.245907213538885));
#1635=CARTESIAN_POINT('Ctrl Pts',(1.05,0.00729877501726137,0.049454253166914));
#1636=CARTESIAN_POINT('Ctrl Pts',(1.05,0.0172679966162374,0.0737365598715485));
#1637=CARTESIAN_POINT('Ctrl Pts',(1.05,0.042948364405237,0.136286936623567));
#1638=CARTESIAN_POINT('Ctrl Pts',(1.05,0.0422871716158184,0.204298196848163));
#1639=CARTESIAN_POINT('Ctrl Pts',(1.05,0.0418826565146445,0.245907213538885));
#1640=CARTESIAN_POINT('',(1.0501,0.0418826565146445,0.245907213538885));
#1641=CARTESIAN_POINT('Ctrl Pts',(1.0501,0.0418826565146445,0.245907213538885));
#1642=CARTESIAN_POINT('Ctrl Pts',(1.0501,0.0422871716158184,0.204298196848163));
#1643=CARTESIAN_POINT('Ctrl Pts',(1.0501,0.042948364405237,0.136286936623567));
#1644=CARTESIAN_POINT('Ctrl Pts',(1.0501,0.0172679966162374,0.0737365598715485));
#1645=CARTESIAN_POINT('Ctrl Pts',(1.0501,0.00729877501726137,0.049454253166914));
#1646=CARTESIAN_POINT('',(1.05,0.0418826565146445,0.245907213538885));
#1647=CARTESIAN_POINT('Ctrl Pts',(1.05,0.00729877501726137,0.442769397050142));
#1648=CARTESIAN_POINT('Ctrl Pts',(1.0501,0.00729877501726137,0.442769397050142));
#1649=CARTESIAN_POINT('Ctrl Pts',(1.05,0.0172655445945882,0.418520805606057));
#1650=CARTESIAN_POINT('Ctrl Pts',(1.0501,0.0172655445945882,0.418520805606057));
#1651=CARTESIAN_POINT('Ctrl Pts',(1.05,0.0430242431259359,0.355851336629978));
#1652=CARTESIAN_POINT('Ctrl Pts',(1.0501,0.0430242431259359,0.355851336629978));
#1653=CARTESIAN_POINT('Ctrl Pts',(1.05,0.0423165333475929,0.287693099477143));
#1654=CARTESIAN_POINT('Ctrl Pts',(1.0501,0.0423165333475929,0.287693099477143));
#1655=CARTESIAN_POINT('Ctrl Pts',(1.05,0.0418826565146445,0.245907213538885));
#1656=CARTESIAN_POINT('Ctrl Pts',(1.0501,0.0418826565146445,0.245907213538885));
#1657=CARTESIAN_POINT('',(1.05,0.00729877501726137,0.442769397050142));
#1658=CARTESIAN_POINT('Ctrl Pts',(1.05,0.0418826565146445,0.245907213538885));
#1659=CARTESIAN_POINT('Ctrl Pts',(1.05,0.0423165333475929,0.287693099477143));
#1660=CARTESIAN_POINT('Ctrl Pts',(1.05,0.0430242431259359,0.355851336629978));
#1661=CARTESIAN_POINT('Ctrl Pts',(1.05,0.0172655445945882,0.418520805606057));
#1662=CARTESIAN_POINT('Ctrl Pts',(1.05,0.00729877501726137,0.442769397050142));
#1663=CARTESIAN_POINT('',(1.0501,0.00729877501726137,0.442769397050142));
#1664=CARTESIAN_POINT('Ctrl Pts',(1.0501,0.00729877501726137,0.442769397050142));
#1665=CARTESIAN_POINT('Ctrl Pts',(1.0501,0.0172655445945882,0.418520805606057));
#1666=CARTESIAN_POINT('Ctrl Pts',(1.0501,0.0430242431259359,0.355851336629978));
#1667=CARTESIAN_POINT('Ctrl Pts',(1.0501,0.0423165333475929,0.287693099477143));
#1668=CARTESIAN_POINT('Ctrl Pts',(1.0501,0.0418826565146445,0.245907213538885));
#1669=CARTESIAN_POINT('',(1.05,0.00729877501726137,0.442769397050142));
#1670=CARTESIAN_POINT('Ctrl Pts',(1.05,-0.0788540020585062,0.491473358124495));
#1671=CARTESIAN_POINT('Ctrl Pts',(1.0501,-0.0788540020585062,0.491473358124495));
#1672=CARTESIAN_POINT('Ctrl Pts',(1.05,-0.0621446944310089,0.489112825806393));
#1673=CARTESIAN_POINT('Ctrl Pts',(1.0501,-0.0621446944310089,0.489112825806393));
#1674=CARTESIAN_POINT('Ctrl Pts',(1.05,-0.0272053755276111,0.48417693059861));
#1675=CARTESIAN_POINT('Ctrl Pts',(1.0501,-0.0272053755276111,0.48417693059861));
#1676=CARTESIAN_POINT('Ctrl Pts',(1.05,-0.00453156121938539,0.45696667583756));
#1677=CARTESIAN_POINT('Ctrl Pts',(1.0501,-0.00453156121938539,0.45696667583756));
#1678=CARTESIAN_POINT('Ctrl Pts',(1.05,0.00729877501726137,0.442769397050142));
#1679=CARTESIAN_POINT('Ctrl Pts',(1.0501,0.00729877501726137,0.442769397050142));
#1680=CARTESIAN_POINT('',(1.05,-0.0788540020585062,0.491473358124495));
#1681=CARTESIAN_POINT('Ctrl Pts',(1.05,0.00729877501726137,0.442769397050142));
#1682=CARTESIAN_POINT('Ctrl Pts',(1.05,-0.00453156121938539,0.45696667583756));
#1683=CARTESIAN_POINT('Ctrl Pts',(1.05,-0.0272053755276111,0.48417693059861));
#1684=CARTESIAN_POINT('Ctrl Pts',(1.05,-0.0621446944310089,0.489112825806393));
#1685=CARTESIAN_POINT('Ctrl Pts',(1.05,-0.0788540020585062,0.491473358124495));
#1686=CARTESIAN_POINT('',(1.0501,-0.0788540020585062,0.491473358124495));
#1687=CARTESIAN_POINT('Ctrl Pts',(1.0501,-0.0788540020585062,0.491473358124495));
#1688=CARTESIAN_POINT('Ctrl Pts',(1.0501,-0.0621446944310089,0.489112825806393));
#1689=CARTESIAN_POINT('Ctrl Pts',(1.0501,-0.0272053755276111,0.48417693059861));
#1690=CARTESIAN_POINT('Ctrl Pts',(1.0501,-0.00453156121938539,0.45696667583756));
#1691=CARTESIAN_POINT('Ctrl Pts',(1.0501,0.00729877501726137,0.442769397050142));
#1692=CARTESIAN_POINT('',(1.05,-0.0788540020585062,0.491473358124495));
#1693=CARTESIAN_POINT('Ctrl Pts',(1.05,-0.159890837967396,0.448499266058207));
#1694=CARTESIAN_POINT('Ctrl Pts',(1.0501,-0.159890837967396,0.448499266058207));
#1695=CARTESIAN_POINT('Ctrl Pts',(1.05,-0.149033125057782,0.461032982372381));
#1696=CARTESIAN_POINT('Ctrl Pts',(1.0501,-0.149033125057782,0.461032982372381));
#1697=CARTESIAN_POINT('Ctrl Pts',(1.05,-0.127543215905955,0.485840087438483));
#1698=CARTESIAN_POINT('Ctrl Pts',(1.0501,-0.127543215905955,0.485840087438483));
#1699=CARTESIAN_POINT('Ctrl Pts',(1.05,-0.0949697974011486,0.489608784221743));
#1700=CARTESIAN_POINT('Ctrl Pts',(1.0501,-0.0949697974011486,0.489608784221743));
#1701=CARTESIAN_POINT('Ctrl Pts',(1.05,-0.0788540020585062,0.491473358124495));
#1702=CARTESIAN_POINT('Ctrl Pts',(1.0501,-0.0788540020585062,0.491473358124495));
#1703=CARTESIAN_POINT('',(1.05,-0.159890837967396,0.448499266058207));
#1704=CARTESIAN_POINT('Ctrl Pts',(1.05,-0.0788540020585062,0.491473358124495));
#1705=CARTESIAN_POINT('Ctrl Pts',(1.05,-0.0949697974011486,0.489608784221743));
#1706=CARTESIAN_POINT('Ctrl Pts',(1.05,-0.127543215905955,0.485840087438483));
#1707=CARTESIAN_POINT('Ctrl Pts',(1.05,-0.149033125057782,0.461032982372381));
#1708=CARTESIAN_POINT('Ctrl Pts',(1.05,-0.159890837967396,0.448499266058207));
#1709=CARTESIAN_POINT('',(1.0501,-0.159890837967396,0.448499266058207));
#1710=CARTESIAN_POINT('Ctrl Pts',(1.0501,-0.159890837967396,0.448499266058207));
#1711=CARTESIAN_POINT('Ctrl Pts',(1.0501,-0.149033125057782,0.461032982372381));
#1712=CARTESIAN_POINT('Ctrl Pts',(1.0501,-0.127543215905955,0.485840087438483));
#1713=CARTESIAN_POINT('Ctrl Pts',(1.0501,-0.0949697974011486,0.489608784221743));
#1714=CARTESIAN_POINT('Ctrl Pts',(1.0501,-0.0788540020585062,0.491473358124495));
#1715=CARTESIAN_POINT('',(1.05,-0.159890837967396,0.448499266058207));
#1716=CARTESIAN_POINT('Ctrl Pts',(1.05,-0.197953619062901,0.245907213538885));
#1717=CARTESIAN_POINT('Ctrl Pts',(1.0501,-0.197953619062901,0.245907213538885));
#1718=CARTESIAN_POINT('Ctrl Pts',(1.05,-0.198121101186382,0.288138402498971));
#1719=CARTESIAN_POINT('Ctrl Pts',(1.0501,-0.198121101186382,0.288138402498971));
#1720=CARTESIAN_POINT('Ctrl Pts',(1.05,-0.19840006120657,0.358479123526573));
#1721=CARTESIAN_POINT('Ctrl Pts',(1.0501,-0.19840006120657,0.358479123526573));
#1722=CARTESIAN_POINT('Ctrl Pts',(1.05,-0.170885997568366,0.422796700512026));
#1723=CARTESIAN_POINT('Ctrl Pts',(1.0501,-0.170885997568366,0.422796700512026));
#1724=CARTESIAN_POINT('Ctrl Pts',(1.05,-0.159890837967396,0.448499266058207));
#1725=CARTESIAN_POINT('Ctrl Pts',(1.0501,-0.159890837967396,0.448499266058207));
#1726=CARTESIAN_POINT('Ctrl Pts',(1.05,-0.159890837967396,0.448499266058207));
#1727=CARTESIAN_POINT('Ctrl Pts',(1.05,-0.170885997568366,0.422796700512026));
#1728=CARTESIAN_POINT('Ctrl Pts',(1.05,-0.19840006120657,0.358479123526573));
#1729=CARTESIAN_POINT('Ctrl Pts',(1.05,-0.198121101186382,0.288138402498971));
#1730=CARTESIAN_POINT('Ctrl Pts',(1.05,-0.197953619062901,0.245907213538885));
#1731=CARTESIAN_POINT('Ctrl Pts',(1.0501,-0.197953619062901,0.245907213538885));
#1732=CARTESIAN_POINT('Ctrl Pts',(1.0501,-0.198121101186382,0.288138402498971));
#1733=CARTESIAN_POINT('Ctrl Pts',(1.0501,-0.19840006120657,0.358479123526573));
#1734=CARTESIAN_POINT('Ctrl Pts',(1.0501,-0.170885997568366,0.422796700512026));
#1735=CARTESIAN_POINT('Ctrl Pts',(1.0501,-0.159890837967396,0.448499266058207));
#1736=CARTESIAN_POINT('Ctrl Pts',(1.05,-0.251773484051228,0.417189579457045));
#1737=CARTESIAN_POINT('Ctrl Pts',(1.0501,-0.251773484051228,0.417189579457045));
#1738=CARTESIAN_POINT('Ctrl Pts',(1.05,-0.258139827950689,0.392226326278991));
#1739=CARTESIAN_POINT('Ctrl Pts',(1.0501,-0.258139827950689,0.392226326278991));
#1740=CARTESIAN_POINT('Ctrl Pts',(1.05,-0.272455755671084,0.336091732577074));
#1741=CARTESIAN_POINT('Ctrl Pts',(1.0501,-0.272455755671084,0.336091732577074));
#1742=CARTESIAN_POINT('Ctrl Pts',(1.05,-0.273236372566312,0.27810631177716));
#1743=CARTESIAN_POINT('Ctrl Pts',(1.0501,-0.273236372566312,0.27810631177716));
#1744=CARTESIAN_POINT('Ctrl Pts',(1.05,-0.273669846355915,0.245907213538885));
#1745=CARTESIAN_POINT('Ctrl Pts',(1.0501,-0.273669846355915,0.245907213538885));
#1746=CARTESIAN_POINT('',(1.05,-0.273669846355915,0.245907213538885));
#1747=CARTESIAN_POINT('',(1.05,-0.251773484051228,0.417189579457045));
#1748=CARTESIAN_POINT('Ctrl Pts',(1.05,-0.273669846355915,0.245907213538885));
#1749=CARTESIAN_POINT('Ctrl Pts',(1.05,-0.273236372566312,0.27810631177716));
#1750=CARTESIAN_POINT('Ctrl Pts',(1.05,-0.272455755671084,0.336091732577074));
#1751=CARTESIAN_POINT('Ctrl Pts',(1.05,-0.258139827950689,0.392226326278991));
#1752=CARTESIAN_POINT('Ctrl Pts',(1.05,-0.251773484051228,0.417189579457045));
#1753=CARTESIAN_POINT('',(1.0501,-0.273669846355915,0.245907213538885));
#1754=CARTESIAN_POINT('',(1.05,-0.273669846355915,0.245907213538885));
#1755=CARTESIAN_POINT('',(1.0501,-0.251773484051228,0.417189579457045));
#1756=CARTESIAN_POINT('Ctrl Pts',(1.0501,-0.251773484051228,0.417189579457045));
#1757=CARTESIAN_POINT('Ctrl Pts',(1.0501,-0.258139827950689,0.392226326278991));
#1758=CARTESIAN_POINT('Ctrl Pts',(1.0501,-0.272455755671084,0.336091732577074));
#1759=CARTESIAN_POINT('Ctrl Pts',(1.0501,-0.273236372566312,0.27810631177716));
#1760=CARTESIAN_POINT('Ctrl Pts',(1.0501,-0.273669846355915,0.245907213538885));
#1761=CARTESIAN_POINT('',(1.05,-0.251773484051228,0.417189579457045));
#1762=CARTESIAN_POINT('Ctrl Pts',(1.05,-0.186698473989964,0.517257805913687));
#1763=CARTESIAN_POINT('Ctrl Pts',(1.0501,-0.186698473989964,0.517257805913687));
#1764=CARTESIAN_POINT('Ctrl Pts',(1.05,-0.200377914893582,0.503753662147348));
#1765=CARTESIAN_POINT('Ctrl Pts',(1.0501,-0.200377914893582,0.503753662147348));
#1766=CARTESIAN_POINT('Ctrl Pts',(1.05,-0.22931340651188,0.475188968493835));
#1767=CARTESIAN_POINT('Ctrl Pts',(1.0501,-0.22931340651188,0.475188968493835));
#1768=CARTESIAN_POINT('Ctrl Pts',(1.05,-0.244019690815995,0.437212452021631));
#1769=CARTESIAN_POINT('Ctrl Pts',(1.0501,-0.244019690815995,0.437212452021631));
#1770=CARTESIAN_POINT('Ctrl Pts',(1.05,-0.251773484051228,0.417189579457045));
#1771=CARTESIAN_POINT('Ctrl Pts',(1.0501,-0.251773484051228,0.417189579457045));
#1772=CARTESIAN_POINT('',(1.05,-0.186698473989964,0.517257805913687));
#1773=CARTESIAN_POINT('Ctrl Pts',(1.05,-0.251773484051228,0.417189579457045));
#1774=CARTESIAN_POINT('Ctrl Pts',(1.05,-0.244019690815995,0.437212452021631));
#1775=CARTESIAN_POINT('Ctrl Pts',(1.05,-0.22931340651188,0.475188968493835));
#1776=CARTESIAN_POINT('Ctrl Pts',(1.05,-0.200377914893582,0.503753662147348));
#1777=CARTESIAN_POINT('Ctrl Pts',(1.05,-0.186698473989964,0.517257805913687));
#1778=CARTESIAN_POINT('',(1.0501,-0.186698473989964,0.517257805913687));
#1779=CARTESIAN_POINT('Ctrl Pts',(1.0501,-0.186698473989964,0.517257805913687));
#1780=CARTESIAN_POINT('Ctrl Pts',(1.0501,-0.200377914893582,0.503753662147348));
#1781=CARTESIAN_POINT('Ctrl Pts',(1.0501,-0.22931340651188,0.475188968493835));
#1782=CARTESIAN_POINT('Ctrl Pts',(1.0501,-0.244019690815995,0.437212452021631));
#1783=CARTESIAN_POINT('Ctrl Pts',(1.0501,-0.251773484051228,0.417189579457045));
#1784=CARTESIAN_POINT('',(1.05,-0.186698473989964,0.517257805913687));
#1785=CARTESIAN_POINT('Ctrl Pts',(1.05,-0.0780354812741281,0.552455615252256));
#1786=CARTESIAN_POINT('Ctrl Pts',(1.0501,-0.0780354812741281,0.552455615252256));
#1787=CARTESIAN_POINT('Ctrl Pts',(1.05,-0.098584325853923,0.551265201232782));
#1788=CARTESIAN_POINT('Ctrl Pts',(1.0501,-0.098584325853923,0.551265201232782));
#1789=CARTESIAN_POINT('Ctrl Pts',(1.05,-0.137948665379756,0.548984787779027));
#1790=CARTESIAN_POINT('Ctrl Pts',(1.0501,-0.137948665379756,0.548984787779027));
#1791=CARTESIAN_POINT('Ctrl Pts',(1.05,-0.170932671528474,0.527518386273862));
#1792=CARTESIAN_POINT('Ctrl Pts',(1.0501,-0.170932671528474,0.527518386273862));
#1793=CARTESIAN_POINT('Ctrl Pts',(1.05,-0.186698473989964,0.517257805913687));
#1794=CARTESIAN_POINT('Ctrl Pts',(1.0501,-0.186698473989964,0.517257805913687));
#1795=CARTESIAN_POINT('',(1.05,-0.0780354812741281,0.552455615252256));
#1796=CARTESIAN_POINT('Ctrl Pts',(1.05,-0.186698473989964,0.517257805913687));
#1797=CARTESIAN_POINT('Ctrl Pts',(1.05,-0.170932671528474,0.527518386273862));
#1798=CARTESIAN_POINT('Ctrl Pts',(1.05,-0.137948665379756,0.548984787779027));
#1799=CARTESIAN_POINT('Ctrl Pts',(1.05,-0.098584325853923,0.551265201232782));
#1800=CARTESIAN_POINT('Ctrl Pts',(1.05,-0.0780354812741281,0.552455615252256));
#1801=CARTESIAN_POINT('',(1.0501,-0.0780354812741281,0.552455615252256));
#1802=CARTESIAN_POINT('Ctrl Pts',(1.0501,-0.0780354812741281,0.552455615252256));
#1803=CARTESIAN_POINT('Ctrl Pts',(1.0501,-0.098584325853923,0.551265201232782));
#1804=CARTESIAN_POINT('Ctrl Pts',(1.0501,-0.137948665379756,0.548984787779027));
#1805=CARTESIAN_POINT('Ctrl Pts',(1.0501,-0.170932671528474,0.527518386273862));
#1806=CARTESIAN_POINT('Ctrl Pts',(1.0501,-0.186698473989964,0.517257805913687));
#1807=CARTESIAN_POINT('',(1.05,-0.0780354812741281,0.552455615252256));
#1808=CARTESIAN_POINT('Ctrl Pts',(1.05,0.00668484717607484,0.533014964312315));
#1809=CARTESIAN_POINT('Ctrl Pts',(1.0501,0.00668484717607484,0.533014964312315));
#1810=CARTESIAN_POINT('Ctrl Pts',(1.05,-0.00625652007917962,0.538682550590193));
#1811=CARTESIAN_POINT('Ctrl Pts',(1.0501,-0.00625652007917962,0.538682550590193));
#1812=CARTESIAN_POINT('Ctrl Pts',(1.05,-0.0332430066837675,0.550501104082383));
#1813=CARTESIAN_POINT('Ctrl Pts',(1.0501,-0.0332430066837675,0.550501104082383));
#1814=CARTESIAN_POINT('Ctrl Pts',(1.05,-0.0627030165326771,0.551786586048737));
#1815=CARTESIAN_POINT('Ctrl Pts',(1.0501,-0.0627030165326771,0.551786586048737));
#1816=CARTESIAN_POINT('Ctrl Pts',(1.05,-0.0780354812741281,0.552455615252256));
#1817=CARTESIAN_POINT('Ctrl Pts',(1.0501,-0.0780354812741281,0.552455615252256));
#1818=CARTESIAN_POINT('',(1.05,0.00668484717607484,0.533014964312315));
#1819=CARTESIAN_POINT('Ctrl Pts',(1.05,-0.0780354812741281,0.552455615252256));
#1820=CARTESIAN_POINT('Ctrl Pts',(1.05,-0.0627030165326771,0.551786586048737));
#1821=CARTESIAN_POINT('Ctrl Pts',(1.05,-0.0332430066837675,0.550501104082383));
#1822=CARTESIAN_POINT('Ctrl Pts',(1.05,-0.00625652007917962,0.538682550590193));
#1823=CARTESIAN_POINT('Ctrl Pts',(1.05,0.00668484717607484,0.533014964312315));
#1824=CARTESIAN_POINT('',(1.0501,0.00668484717607484,0.533014964312315));
#1825=CARTESIAN_POINT('Ctrl Pts',(1.0501,0.00668484717607484,0.533014964312315));
#1826=CARTESIAN_POINT('Ctrl Pts',(1.0501,-0.00625652007917962,0.538682550590193));
#1827=CARTESIAN_POINT('Ctrl Pts',(1.0501,-0.0332430066837675,0.550501104082383));
#1828=CARTESIAN_POINT('Ctrl Pts',(1.0501,-0.0627030165326771,0.551786586048737));
#1829=CARTESIAN_POINT('Ctrl Pts',(1.0501,-0.0780354812741281,0.552455615252256));
#1830=CARTESIAN_POINT('',(1.05,0.00668484717607484,0.533014964312315));
#1831=CARTESIAN_POINT('Ctrl Pts',(1.05,0.0668485835194586,0.476944018155336));
#1832=CARTESIAN_POINT('Ctrl Pts',(1.0501,0.0668485835194586,0.476944018155336));
#1833=CARTESIAN_POINT('Ctrl Pts',(1.05,0.0584981316046813,0.488388932836728));
#1834=CARTESIAN_POINT('Ctrl Pts',(1.0501,0.0584981316046813,0.488388932836728));
#1835=CARTESIAN_POINT('Ctrl Pts',(1.05,0.042037231611244,0.510949819112886));
#1836=CARTESIAN_POINT('Ctrl Pts',(1.0501,0.042037231611244,0.510949819112886));
#1837=CARTESIAN_POINT('Ctrl Pts',(1.05,0.018353872317755,0.525731757303771));
#1838=CARTESIAN_POINT('Ctrl Pts',(1.0501,0.018353872317755,0.525731757303771));
#1839=CARTESIAN_POINT('Ctrl Pts',(1.05,0.00668484717607484,0.533014964312315));
#1840=CARTESIAN_POINT('Ctrl Pts',(1.0501,0.00668484717607484,0.533014964312315));
#1841=CARTESIAN_POINT('',(1.05,0.0668485835194586,0.476944018155336));
#1842=CARTESIAN_POINT('Ctrl Pts',(1.05,0.00668484717607484,0.533014964312315));
#1843=CARTESIAN_POINT('Ctrl Pts',(1.05,0.018353872317755,0.525731757303771));
#1844=CARTESIAN_POINT('Ctrl Pts',(1.05,0.042037231611244,0.510949819112886));
#1845=CARTESIAN_POINT('Ctrl Pts',(1.05,0.0584981316046813,0.488388932836728));
#1846=CARTESIAN_POINT('Ctrl Pts',(1.05,0.0668485835194586,0.476944018155336));
#1847=CARTESIAN_POINT('',(1.0501,0.0668485835194586,0.476944018155336));
#1848=CARTESIAN_POINT('Ctrl Pts',(1.0501,0.0668485835194586,0.476944018155336));
#1849=CARTESIAN_POINT('Ctrl Pts',(1.0501,0.0584981316046813,0.488388932836728));
#1850=CARTESIAN_POINT('Ctrl Pts',(1.0501,0.042037231611244,0.510949819112886));
#1851=CARTESIAN_POINT('Ctrl Pts',(1.0501,0.018353872317755,0.525731757303771));
#1852=CARTESIAN_POINT('Ctrl Pts',(1.0501,0.00668484717607484,0.533014964312315));
#1853=CARTESIAN_POINT('',(1.05,0.0668485835194586,0.476944018155336));
#1854=CARTESIAN_POINT('Ctrl Pts',(1.05,0.104092769324779,0.387721639126539));
#1855=CARTESIAN_POINT('Ctrl Pts',(1.0501,0.104092769324779,0.387721639126539));
#1856=CARTESIAN_POINT('Ctrl Pts',(1.05,0.0994066591613545,0.404204801141625));
#1857=CARTESIAN_POINT('Ctrl Pts',(1.0501,0.0994066591613545,0.404204801141625));
#1858=CARTESIAN_POINT('Ctrl Pts',(1.05,0.0905266647361845,0.435439744772604));
#1859=CARTESIAN_POINT('Ctrl Pts',(1.0501,0.0905266647361845,0.435439744772604));
#1860=CARTESIAN_POINT('Ctrl Pts',(1.05,0.0744441207384579,0.463630133033455));
#1861=CARTESIAN_POINT('Ctrl Pts',(1.0501,0.0744441207384579,0.463630133033455));
#1862=CARTESIAN_POINT('Ctrl Pts',(1.05,0.0668485835194586,0.476944018155336));
#1863=CARTESIAN_POINT('Ctrl Pts',(1.0501,0.0668485835194586,0.476944018155336));
#1864=CARTESIAN_POINT('',(1.05,0.104092769324779,0.387721639126539));
#1865=CARTESIAN_POINT('Ctrl Pts',(1.05,0.0668485835194586,0.476944018155336));
#1866=CARTESIAN_POINT('Ctrl Pts',(1.05,0.0744441207384579,0.463630133033455));
#1867=CARTESIAN_POINT('Ctrl Pts',(1.05,0.0905266647361845,0.435439744772604));
#1868=CARTESIAN_POINT('Ctrl Pts',(1.05,0.0994066591613545,0.404204801141625));
#1869=CARTESIAN_POINT('Ctrl Pts',(1.05,0.104092769324779,0.387721639126539));
#1870=CARTESIAN_POINT('',(1.0501,0.104092769324779,0.387721639126539));
#1871=CARTESIAN_POINT('Ctrl Pts',(1.0501,0.104092769324779,0.387721639126539));
#1872=CARTESIAN_POINT('Ctrl Pts',(1.0501,0.0994066591613545,0.404204801141625));
#1873=CARTESIAN_POINT('Ctrl Pts',(1.0501,0.0905266647361845,0.435439744772604));
#1874=CARTESIAN_POINT('Ctrl Pts',(1.0501,0.0744441207384579,0.463630133033455));
#1875=CARTESIAN_POINT('Ctrl Pts',(1.0501,0.0668485835194586,0.476944018155336));
#1876=CARTESIAN_POINT('',(1.05,0.104092769324779,0.387721639126539));
#1877=CARTESIAN_POINT('Ctrl Pts',(1.05,0.117598883807659,0.245907213538885));
#1878=CARTESIAN_POINT('Ctrl Pts',(1.0501,0.117598883807659,0.245907213538885));
#1879=CARTESIAN_POINT('Ctrl Pts',(1.05,0.11737142369989,0.272687723193165));
#1880=CARTESIAN_POINT('Ctrl Pts',(1.0501,0.11737142369989,0.272687723193165));
#1881=CARTESIAN_POINT('Ctrl Pts',(1.05,0.116966348935182,0.320380080122809));
#1882=CARTESIAN_POINT('Ctrl Pts',(1.0501,0.116966348935182,0.320380080122809));
#1883=CARTESIAN_POINT('Ctrl Pts',(1.05,0.108016877676733,0.367194669774009));
#1884=CARTESIAN_POINT('Ctrl Pts',(1.0501,0.108016877676733,0.367194669774009));
#1885=CARTESIAN_POINT('Ctrl Pts',(1.05,0.104092769324779,0.387721639126539));
#1886=CARTESIAN_POINT('Ctrl Pts',(1.0501,0.104092769324779,0.387721639126539));
#1887=CARTESIAN_POINT('',(1.05,0.117598883807659,0.245907213538885));
#1888=CARTESIAN_POINT('Ctrl Pts',(1.05,0.104092769324779,0.387721639126539));
#1889=CARTESIAN_POINT('Ctrl Pts',(1.05,0.108016877676733,0.367194669774009));
#1890=CARTESIAN_POINT('Ctrl Pts',(1.05,0.116966348935182,0.320380080122809));
#1891=CARTESIAN_POINT('Ctrl Pts',(1.05,0.11737142369989,0.272687723193165));
#1892=CARTESIAN_POINT('Ctrl Pts',(1.05,0.117598883807659,0.245907213538885));
#1893=CARTESIAN_POINT('',(1.0501,0.117598883807659,0.245907213538885));
#1894=CARTESIAN_POINT('Ctrl Pts',(1.0501,0.117598883807659,0.245907213538885));
#1895=CARTESIAN_POINT('Ctrl Pts',(1.0501,0.11737142369989,0.272687723193165));
#1896=CARTESIAN_POINT('Ctrl Pts',(1.0501,0.116966348935182,0.320380080122809));
#1897=CARTESIAN_POINT('Ctrl Pts',(1.0501,0.108016877676733,0.367194669774009));
#1898=CARTESIAN_POINT('Ctrl Pts',(1.0501,0.104092769324779,0.387721639126539));
#1899=CARTESIAN_POINT('',(1.05,0.117598883807659,0.245907213538885));
#1900=CARTESIAN_POINT('Ctrl Pts',(1.05,0.095907263457775,0.0754433311522007));
#1901=CARTESIAN_POINT('Ctrl Pts',(1.0501,0.095907263457775,0.0754433311522007));
#1902=CARTESIAN_POINT('Ctrl Pts',(1.05,0.102214649414476,0.100340137389398));
#1903=CARTESIAN_POINT('Ctrl Pts',(1.0501,0.102214649414476,0.100340137389398));
#1904=CARTESIAN_POINT('Ctrl Pts',(1.05,0.116371277920065,0.156219837679681));
#1905=CARTESIAN_POINT('Ctrl Pts',(1.0501,0.116371277920065,0.156219837679681));
#1906=CARTESIAN_POINT('Ctrl Pts',(1.05,0.117161010826294,0.21391675222293));
#1907=CARTESIAN_POINT('Ctrl Pts',(1.0501,0.117161010826294,0.21391675222293));
#1908=CARTESIAN_POINT('Ctrl Pts',(1.05,0.117598883807659,0.245907213538885));
#1909=CARTESIAN_POINT('Ctrl Pts',(1.0501,0.117598883807659,0.245907213538885));
#1910=CARTESIAN_POINT('',(1.05,0.095907263457775,0.0754433311522007));
#1911=CARTESIAN_POINT('Ctrl Pts',(1.05,0.117598883807659,0.245907213538885));
#1912=CARTESIAN_POINT('Ctrl Pts',(1.05,0.117161010826294,0.21391675222293));
#1913=CARTESIAN_POINT('Ctrl Pts',(1.05,0.116371277920065,0.156219837679681));
#1914=CARTESIAN_POINT('Ctrl Pts',(1.05,0.102214649414476,0.100340137389398));
#1915=CARTESIAN_POINT('Ctrl Pts',(1.05,0.095907263457775,0.0754433311522007));
#1916=CARTESIAN_POINT('',(1.0501,0.095907263457775,0.0754433311522007));
#1917=CARTESIAN_POINT('Ctrl Pts',(1.0501,0.095907263457775,0.0754433311522007));
#1918=CARTESIAN_POINT('Ctrl Pts',(1.0501,0.102214649414476,0.100340137389398));
#1919=CARTESIAN_POINT('Ctrl Pts',(1.0501,0.116371277920065,0.156219837679681));
#1920=CARTESIAN_POINT('Ctrl Pts',(1.0501,0.117161010826294,0.21391675222293));
#1921=CARTESIAN_POINT('Ctrl Pts',(1.0501,0.117598883807659,0.245907213538885));
#1922=CARTESIAN_POINT('',(1.05,0.095907263457775,0.0754433311522007));
#1923=CARTESIAN_POINT('Ctrl Pts',(1.05,0.0310368463397025,-0.024829525500536));
#1924=CARTESIAN_POINT('Ctrl Pts',(1.0501,0.0310368463397025,-0.024829525500536));
#1925=CARTESIAN_POINT('Ctrl Pts',(1.05,0.0447037009817669,-0.0112733694322638));
#1926=CARTESIAN_POINT('Ctrl Pts',(1.0501,0.0447037009817669,-0.0112733694322638));
#1927=CARTESIAN_POINT('Ctrl Pts',(1.05,0.0735863458588928,0.0173753322531775));
#1928=CARTESIAN_POINT('Ctrl Pts',(1.0501,0.0735863458588928,0.0173753322531775));
#1929=CARTESIAN_POINT('Ctrl Pts',(1.05,0.0882056205497068,0.0554074616622847));
#1930=CARTESIAN_POINT('Ctrl Pts',(1.0501,0.0882056205497068,0.0554074616622847));
#1931=CARTESIAN_POINT('Ctrl Pts',(1.05,0.095907263457775,0.0754433311522007));
#1932=CARTESIAN_POINT('Ctrl Pts',(1.0501,0.095907263457775,0.0754433311522007));
#1933=CARTESIAN_POINT('',(1.05,0.0310368463397025,-0.024829525500536));
#1934=CARTESIAN_POINT('Ctrl Pts',(1.05,0.095907263457775,0.0754433311522007));
#1935=CARTESIAN_POINT('Ctrl Pts',(1.05,0.0882056205497068,0.0554074616622847));
#1936=CARTESIAN_POINT('Ctrl Pts',(1.05,0.0735863458588928,0.0173753322531775));
#1937=CARTESIAN_POINT('Ctrl Pts',(1.05,0.0447037009817669,-0.0112733694322638));
#1938=CARTESIAN_POINT('Ctrl Pts',(1.05,0.0310368463397025,-0.024829525500536));
#1939=CARTESIAN_POINT('',(1.0501,0.0310368463397025,-0.024829525500536));
#1940=CARTESIAN_POINT('Ctrl Pts',(1.0501,0.0310368463397025,-0.024829525500536));
#1941=CARTESIAN_POINT('Ctrl Pts',(1.0501,0.0447037009817669,-0.0112733694322638));
#1942=CARTESIAN_POINT('Ctrl Pts',(1.0501,0.0735863458588928,0.0173753322531775));
#1943=CARTESIAN_POINT('Ctrl Pts',(1.0501,0.0882056205497068,0.0554074616622847));
#1944=CARTESIAN_POINT('Ctrl Pts',(1.0501,0.095907263457775,0.0754433311522007));
#1945=CARTESIAN_POINT('',(1.05,0.0310368463397025,-0.024829525500536));
#1946=CARTESIAN_POINT('Ctrl Pts',(1.05,-0.0780354812741281,-0.0602320022881031));
#1947=CARTESIAN_POINT('Ctrl Pts',(1.0501,-0.0780354812741281,-0.0602320022881031));
#1948=CARTESIAN_POINT('Ctrl Pts',(1.05,-0.0573768847874215,-0.0590420264726456));
#1949=CARTESIAN_POINT('Ctrl Pts',(1.0501,-0.0573768847874215,-0.0590420264726456));
#1950=CARTESIAN_POINT('Ctrl Pts',(1.05,-0.0178436151611837,-0.0567648323374365));
#1951=CARTESIAN_POINT('Ctrl Pts',(1.0501,-0.0178436151611837,-0.0567648323374365));
#1952=CARTESIAN_POINT('Ctrl Pts',(1.05,0.0152410026573024,-0.0351494999700083));
#1953=CARTESIAN_POINT('Ctrl Pts',(1.0501,0.0152410026573024,-0.0351494999700083));
#1954=CARTESIAN_POINT('Ctrl Pts',(1.05,0.0310368463397025,-0.024829525500536));
#1955=CARTESIAN_POINT('Ctrl Pts',(1.0501,0.0310368463397025,-0.024829525500536));
#1956=CARTESIAN_POINT('',(1.05,-0.0780354812741281,-0.0602320022881031));
#1957=CARTESIAN_POINT('Ctrl Pts',(1.05,0.0310368463397025,-0.024829525500536));
#1958=CARTESIAN_POINT('Ctrl Pts',(1.05,0.0152410026573024,-0.0351494999700083));
#1959=CARTESIAN_POINT('Ctrl Pts',(1.05,-0.0178436151611837,-0.0567648323374365));
#1960=CARTESIAN_POINT('Ctrl Pts',(1.05,-0.0573768847874215,-0.0590420264726456));
#1961=CARTESIAN_POINT('Ctrl Pts',(1.05,-0.0780354812741281,-0.0602320022881031));
#1962=CARTESIAN_POINT('',(1.0501,-0.0780354812741281,-0.0602320022881031));
#1963=CARTESIAN_POINT('Ctrl Pts',(1.0501,-0.0780354812741281,-0.0602320022881031));
#1964=CARTESIAN_POINT('Ctrl Pts',(1.0501,-0.0573768847874215,-0.0590420264726456));
#1965=CARTESIAN_POINT('Ctrl Pts',(1.0501,-0.0178436151611837,-0.0567648323374365));
#1966=CARTESIAN_POINT('Ctrl Pts',(1.0501,0.0152410026573024,-0.0351494999700083));
#1967=CARTESIAN_POINT('Ctrl Pts',(1.0501,0.0310368463397025,-0.024829525500536));
#1968=CARTESIAN_POINT('',(1.05,-0.0780354812741281,-0.0602320022881031));
#1969=CARTESIAN_POINT('Ctrl Pts',(1.05,-0.214324705302715,0.00197811052203178));
#1970=CARTESIAN_POINT('Ctrl Pts',(1.0501,-0.214324705302715,0.00197811052203178));
#1971=CARTESIAN_POINT('Ctrl Pts',(1.05,-0.195914370843734,-0.0161632639895225));
#1972=CARTESIAN_POINT('Ctrl Pts',(1.0501,-0.195914370843734,-0.0161632639895225));
#1973=CARTESIAN_POINT('Ctrl Pts',(1.05,-0.158134347074209,-0.0533913524734896));
#1974=CARTESIAN_POINT('Ctrl Pts',(1.0501,-0.158134347074209,-0.0533913524734896));
#1975=CARTESIAN_POINT('Ctrl Pts',(1.05,-0.105183301640275,-0.0579135083806069));
#1976=CARTESIAN_POINT('Ctrl Pts',(1.0501,-0.105183301640275,-0.0579135083806069));
#1977=CARTESIAN_POINT('Ctrl Pts',(1.05,-0.0780354812741281,-0.0602320022881031));
#1978=CARTESIAN_POINT('Ctrl Pts',(1.0501,-0.0780354812741281,-0.0602320022881031));
#1979=CARTESIAN_POINT('',(1.05,-0.214324705302715,0.00197811052203178));
#1980=CARTESIAN_POINT('Ctrl Pts',(1.05,-0.0780354812741281,-0.0602320022881031));
#1981=CARTESIAN_POINT('Ctrl Pts',(1.05,-0.105183301640275,-0.0579135083806069));
#1982=CARTESIAN_POINT('Ctrl Pts',(1.05,-0.158134347074209,-0.0533913524734896));
#1983=CARTESIAN_POINT('Ctrl Pts',(1.05,-0.195914370843734,-0.0161632639895225));
#1984=CARTESIAN_POINT('Ctrl Pts',(1.05,-0.214324705302715,0.00197811052203178));
#1985=CARTESIAN_POINT('',(1.0501,-0.214324705302715,0.00197811052203178));
#1986=CARTESIAN_POINT('Ctrl Pts',(1.0501,-0.214324705302715,0.00197811052203178));
#1987=CARTESIAN_POINT('Ctrl Pts',(1.0501,-0.195914370843734,-0.0161632639895225));
#1988=CARTESIAN_POINT('Ctrl Pts',(1.0501,-0.158134347074209,-0.0533913524734896));
#1989=CARTESIAN_POINT('Ctrl Pts',(1.0501,-0.105183301640275,-0.0579135083806069));
#1990=CARTESIAN_POINT('Ctrl Pts',(1.0501,-0.0780354812741281,-0.0602320022881031));
#1991=CARTESIAN_POINT('',(1.05,-0.214324705302715,0.00197811052203178));
#1992=CARTESIAN_POINT('Ctrl Pts',(1.05,-0.273669846355915,0.245907213538885));
#1993=CARTESIAN_POINT('Ctrl Pts',(1.0501,-0.273669846355915,0.245907213538885));
#1994=CARTESIAN_POINT('Ctrl Pts',(1.05,-0.273078651724593,0.196234912116505));
#1995=CARTESIAN_POINT('Ctrl Pts',(1.0501,-0.273078651724593,0.196234912116505));
#1996=CARTESIAN_POINT('Ctrl Pts',(1.05,-0.272050782581402,0.109873123293874));
#1997=CARTESIAN_POINT('Ctrl Pts',(1.0501,-0.272050782581402,0.109873123293874));
#1998=CARTESIAN_POINT('Ctrl Pts',(1.05,-0.231536555922989,0.0341485425009102));
#1999=CARTESIAN_POINT('Ctrl Pts',(1.0501,-0.231536555922989,0.0341485425009102));
#2000=CARTESIAN_POINT('Ctrl Pts',(1.05,-0.214324705302715,0.00197811052203178));
#2001=CARTESIAN_POINT('Ctrl Pts',(1.0501,-0.214324705302715,0.00197811052203178));
#2002=CARTESIAN_POINT('Ctrl Pts',(1.05,-0.214324705302715,0.00197811052203178));
#2003=CARTESIAN_POINT('Ctrl Pts',(1.05,-0.231536555922989,0.0341485425009102));
#2004=CARTESIAN_POINT('Ctrl Pts',(1.05,-0.272050782581402,0.109873123293874));
#2005=CARTESIAN_POINT('Ctrl Pts',(1.05,-0.273078651724593,0.196234912116505));
#2006=CARTESIAN_POINT('Ctrl Pts',(1.05,-0.273669846355915,0.245907213538885));
#2007=CARTESIAN_POINT('Ctrl Pts',(1.0501,-0.273669846355915,0.245907213538885));
#2008=CARTESIAN_POINT('Ctrl Pts',(1.0501,-0.273078651724593,0.196234912116505));
#2009=CARTESIAN_POINT('Ctrl Pts',(1.0501,-0.272050782581402,0.109873123293874));
#2010=CARTESIAN_POINT('Ctrl Pts',(1.0501,-0.231536555922989,0.0341485425009102));
#2011=CARTESIAN_POINT('Ctrl Pts',(1.0501,-0.214324705302715,0.00197811052203178));
#2012=CARTESIAN_POINT('Origin',(1.0501,-0.0499999709427358,0.246111806482077));
#2013=CARTESIAN_POINT('Origin',(1.05,-0.0499999709427358,0.246111806482077));
#2014=CARTESIAN_POINT('Origin',(1.05,-0.536016374826431,-0.0500000454485416));
#2015=CARTESIAN_POINT('',(1.05,-0.462346524000168,-0.0500000454485416));
#2016=CARTESIAN_POINT('',(1.05,-0.536016374826431,-0.0500000454485416));
#2017=CARTESIAN_POINT('',(1.05,-0.462346524000168,-0.0500000454485416));
#2018=CARTESIAN_POINT('',(1.0501,-0.462346524000168,-0.0500000454485416));
#2019=CARTESIAN_POINT('',(1.05,-0.462346524000168,-0.0500000454485416));
#2020=CARTESIAN_POINT('',(1.0501,-0.536016374826431,-0.0500000454485416));
#2021=CARTESIAN_POINT('',(1.0501,-0.462346524000168,-0.0500000454485416));
#2022=CARTESIAN_POINT('',(1.05,-0.536016374826431,-0.0500000454485416));
#2023=CARTESIAN_POINT('Origin',(1.05,-0.536016374826431,0.419440623372793));
#2024=CARTESIAN_POINT('',(1.05,-0.536016374826431,0.419440623372793));
#2025=CARTESIAN_POINT('',(1.05,-0.536016374826431,-0.0500000454485416));
#2026=CARTESIAN_POINT('',(1.0501,-0.536016374826431,0.419440623372793));
#2027=CARTESIAN_POINT('',(1.0501,-0.536016374826431,-0.0500000454485416));
#2028=CARTESIAN_POINT('',(1.05,-0.536016374826431,0.419440623372793));
#2029=CARTESIAN_POINT('Ctrl Pts',(1.05,-0.605798102915287,0.36869028583169));
#2030=CARTESIAN_POINT('Ctrl Pts',(1.0501,-0.605798102915287,0.36869028583169));
#2031=CARTESIAN_POINT('Ctrl Pts',(1.05,-0.59250578244151,0.376766220903838));
#2032=CARTESIAN_POINT('Ctrl Pts',(1.0501,-0.59250578244151,0.376766220903838));
#2033=CARTESIAN_POINT('Ctrl Pts',(1.05,-0.567831701076009,0.39175730387282));
#2034=CARTESIAN_POINT('Ctrl Pts',(1.0501,-0.567831701076009,0.39175730387282));
#2035=CARTESIAN_POINT('Ctrl Pts',(1.05,-0.546059530481527,0.410701819797216));
#2036=CARTESIAN_POINT('Ctrl Pts',(1.0501,-0.546059530481527,0.410701819797216));
#2037=CARTESIAN_POINT('Ctrl Pts',(1.05,-0.536016374826431,0.419440623372793));
#2038=CARTESIAN_POINT('Ctrl Pts',(1.0501,-0.536016374826431,0.419440623372793));
#2039=CARTESIAN_POINT('',(1.05,-0.605798102915287,0.36869028583169));
#2040=CARTESIAN_POINT('Ctrl Pts',(1.05,-0.536016374826431,0.419440623372793));
#2041=CARTESIAN_POINT('Ctrl Pts',(1.05,-0.546059530481527,0.410701819797216));
#2042=CARTESIAN_POINT('Ctrl Pts',(1.05,-0.567831701076009,0.39175730387282));
#2043=CARTESIAN_POINT('Ctrl Pts',(1.05,-0.59250578244151,0.376766220903838));
#2044=CARTESIAN_POINT('Ctrl Pts',(1.05,-0.605798102915287,0.36869028583169));
#2045=CARTESIAN_POINT('',(1.0501,-0.605798102915287,0.36869028583169));
#2046=CARTESIAN_POINT('Ctrl Pts',(1.0501,-0.605798102915287,0.36869028583169));
#2047=CARTESIAN_POINT('Ctrl Pts',(1.0501,-0.59250578244151,0.376766220903838));
#2048=CARTESIAN_POINT('Ctrl Pts',(1.0501,-0.567831701076009,0.39175730387282));
#2049=CARTESIAN_POINT('Ctrl Pts',(1.0501,-0.546059530481527,0.410701819797216));
#2050=CARTESIAN_POINT('Ctrl Pts',(1.0501,-0.536016374826431,0.419440623372793));
#2051=CARTESIAN_POINT('',(1.05,-0.605798102915287,0.36869028583169));
#2052=CARTESIAN_POINT('Ctrl Pts',(1.05,-0.683356076478958,0.330627504736185));
#2053=CARTESIAN_POINT('Ctrl Pts',(1.0501,-0.683356076478958,0.330627504736185));
#2054=CARTESIAN_POINT('Ctrl Pts',(1.05,-0.671045880441733,0.335673202215121));
#2055=CARTESIAN_POINT('Ctrl Pts',(1.0501,-0.671045880441733,0.335673202215121));
#2056=CARTESIAN_POINT('Ctrl Pts',(1.05,-0.644344966588525,0.346617360480921));
#2057=CARTESIAN_POINT('Ctrl Pts',(1.0501,-0.644344966588525,0.346617360480921));
#2058=CARTESIAN_POINT('Ctrl Pts',(1.05,-0.619297616448322,0.360960117250082));
#2059=CARTESIAN_POINT('Ctrl Pts',(1.0501,-0.619297616448322,0.360960117250082));
#2060=CARTESIAN_POINT('Ctrl Pts',(1.05,-0.605798102915287,0.36869028583169));
#2061=CARTESIAN_POINT('Ctrl Pts',(1.0501,-0.605798102915287,0.36869028583169));
#2062=CARTESIAN_POINT('',(1.05,-0.683356076478958,0.330627504736185));
#2063=CARTESIAN_POINT('Ctrl Pts',(1.05,-0.605798102915287,0.36869028583169));
#2064=CARTESIAN_POINT('Ctrl Pts',(1.05,-0.619297616448322,0.360960117250082));
#2065=CARTESIAN_POINT('Ctrl Pts',(1.05,-0.644344966588525,0.346617360480921));
#2066=CARTESIAN_POINT('Ctrl Pts',(1.05,-0.671045880441733,0.335673202215121));
#2067=CARTESIAN_POINT('Ctrl Pts',(1.05,-0.683356076478958,0.330627504736185));
#2068=CARTESIAN_POINT('',(1.0501,-0.683356076478958,0.330627504736185));
#2069=CARTESIAN_POINT('Ctrl Pts',(1.0501,-0.683356076478958,0.330627504736185));
#2070=CARTESIAN_POINT('Ctrl Pts',(1.0501,-0.671045880441733,0.335673202215121));
#2071=CARTESIAN_POINT('Ctrl Pts',(1.0501,-0.644344966588525,0.346617360480921));
#2072=CARTESIAN_POINT('Ctrl Pts',(1.0501,-0.619297616448322,0.360960117250082));
#2073=CARTESIAN_POINT('Ctrl Pts',(1.0501,-0.605798102915287,0.36869028583169));
#2074=CARTESIAN_POINT('',(1.05,-0.683356076478958,0.330627504736185));
#2075=CARTESIAN_POINT('Origin',(1.05,-0.683356076478958,0.401841718703508));
#2076=CARTESIAN_POINT('',(1.05,-0.683356076478958,0.401841718703508));
#2077=CARTESIAN_POINT('',(1.05,-0.683356076478958,0.330627504736185));
#2078=CARTESIAN_POINT('',(1.0501,-0.683356076478958,0.401841718703508));
#2079=CARTESIAN_POINT('',(1.0501,-0.683356076478958,0.330627504736185));
#2080=CARTESIAN_POINT('',(1.05,-0.683356076478958,0.401841718703508));
#2081=CARTESIAN_POINT('Ctrl Pts',(1.05,-0.575306974351406,0.472237337380648));
#2082=CARTESIAN_POINT('Ctrl Pts',(1.0501,-0.575306974351406,0.472237337380648));
#2083=CARTESIAN_POINT('Ctrl Pts',(1.05,-0.59161126853149,0.458857972700867));
#2084=CARTESIAN_POINT('Ctrl Pts',(1.0501,-0.59161126853149,0.458857972700867));
#2085=CARTESIAN_POINT('Ctrl Pts',(1.05,-0.625035653312592,0.431429797752336));
#2086=CARTESIAN_POINT('Ctrl Pts',(1.0501,-0.625035653312592,0.431429797752336));
#2087=CARTESIAN_POINT('Ctrl Pts',(1.05,-0.663602168243695,0.411863597260887));
#2088=CARTESIAN_POINT('Ctrl Pts',(1.0501,-0.663602168243695,0.411863597260887));
#2089=CARTESIAN_POINT('Ctrl Pts',(1.05,-0.683356076478958,0.401841718703508));
#2090=CARTESIAN_POINT('Ctrl Pts',(1.0501,-0.683356076478958,0.401841718703508));
#2091=CARTESIAN_POINT('',(1.05,-0.575306974351406,0.472237337380648));
#2092=CARTESIAN_POINT('Ctrl Pts',(1.05,-0.683356076478958,0.401841718703508));
#2093=CARTESIAN_POINT('Ctrl Pts',(1.05,-0.663602168243695,0.411863597260887));
#2094=CARTESIAN_POINT('Ctrl Pts',(1.05,-0.625035653312592,0.431429797752336));
#2095=CARTESIAN_POINT('Ctrl Pts',(1.05,-0.59161126853149,0.458857972700867));
#2096=CARTESIAN_POINT('Ctrl Pts',(1.05,-0.575306974351406,0.472237337380648));
#2097=CARTESIAN_POINT('',(1.0501,-0.575306974351406,0.472237337380648));
#2098=CARTESIAN_POINT('Ctrl Pts',(1.0501,-0.575306974351406,0.472237337380648));
#2099=CARTESIAN_POINT('Ctrl Pts',(1.0501,-0.59161126853149,0.458857972700867));
#2100=CARTESIAN_POINT('Ctrl Pts',(1.0501,-0.625035653312592,0.431429797752336));
#2101=CARTESIAN_POINT('Ctrl Pts',(1.0501,-0.663602168243695,0.411863597260887));
#2102=CARTESIAN_POINT('Ctrl Pts',(1.0501,-0.683356076478958,0.401841718703508));
#2103=CARTESIAN_POINT('',(1.05,-0.575306974351406,0.472237337380648));
#2104=CARTESIAN_POINT('Ctrl Pts',(1.05,-0.509822629392147,0.552455615252256));
#2105=CARTESIAN_POINT('Ctrl Pts',(1.0501,-0.509822629392147,0.552455615252256));
#2106=CARTESIAN_POINT('Ctrl Pts',(1.05,-0.517960894992959,0.538869598275177));
#2107=CARTESIAN_POINT('Ctrl Pts',(1.0501,-0.517960894992959,0.538869598275177));
#2108=CARTESIAN_POINT('Ctrl Pts',(1.05,-0.5358641677928,0.508981882619931));
#2109=CARTESIAN_POINT('Ctrl Pts',(1.0501,-0.5358641677928,0.508981882619931));
#2110=CARTESIAN_POINT('Ctrl Pts',(1.05,-0.561386365986505,0.485205644366167));
#2111=CARTESIAN_POINT('Ctrl Pts',(1.0501,-0.561386365986505,0.485205644366167));
#2112=CARTESIAN_POINT('Ctrl Pts',(1.05,-0.575306974351406,0.472237337380648));
#2113=CARTESIAN_POINT('Ctrl Pts',(1.0501,-0.575306974351406,0.472237337380648));
#2114=CARTESIAN_POINT('',(1.05,-0.509822629392147,0.552455615252256));
#2115=CARTESIAN_POINT('Ctrl Pts',(1.05,-0.575306974351406,0.472237337380648));
#2116=CARTESIAN_POINT('Ctrl Pts',(1.05,-0.561386365986505,0.485205644366167));
#2117=CARTESIAN_POINT('Ctrl Pts',(1.05,-0.5358641677928,0.508981882619931));
#2118=CARTESIAN_POINT('Ctrl Pts',(1.05,-0.517960894992959,0.538869598275177));
#2119=CARTESIAN_POINT('Ctrl Pts',(1.05,-0.509822629392147,0.552455615252256));
#2120=CARTESIAN_POINT('',(1.0501,-0.509822629392147,0.552455615252256));
#2121=CARTESIAN_POINT('Ctrl Pts',(1.0501,-0.509822629392147,0.552455615252256));
#2122=CARTESIAN_POINT('Ctrl Pts',(1.0501,-0.517960894992959,0.538869598275177));
#2123=CARTESIAN_POINT('Ctrl Pts',(1.0501,-0.5358641677928,0.508981882619931));
#2124=CARTESIAN_POINT('Ctrl Pts',(1.0501,-0.561386365986505,0.485205644366167));
#2125=CARTESIAN_POINT('Ctrl Pts',(1.0501,-0.575306974351406,0.472237337380648));
#2126=CARTESIAN_POINT('',(1.05,-0.509822629392147,0.552455615252256));
#2127=CARTESIAN_POINT('Origin',(1.05,-0.462346524000168,0.552455615252256));
#2128=CARTESIAN_POINT('',(1.05,-0.462346524000168,0.552455615252256));
#2129=CARTESIAN_POINT('',(1.05,-0.509822629392147,0.552455615252256));
#2130=CARTESIAN_POINT('',(1.0501,-0.462346524000168,0.552455615252256));
#2131=CARTESIAN_POINT('',(1.0501,-0.509822629392147,0.552455615252256));
#2132=CARTESIAN_POINT('',(1.05,-0.462346524000168,0.552455615252256));
#2133=CARTESIAN_POINT('Origin',(1.05,-0.462346524000168,-0.0500000454485416));
#2134=CARTESIAN_POINT('',(1.05,-0.462346524000168,0.552455615252256));
#2135=CARTESIAN_POINT('',(1.0501,-0.462346524000168,0.552455615252256));
#2136=CARTESIAN_POINT('Origin',(1.0501,-0.0499999709427358,0.246111806482077));
#2137=CARTESIAN_POINT('Origin',(1.05,-0.0499999709427358,0.246111806482077));
#2138=CARTESIAN_POINT('Origin',(0.379758606192007,-1.43955748998689,-2.));
#2139=CARTESIAN_POINT('',(0.189758606192007,-1.43955748998689,-20.4));
#2140=CARTESIAN_POINT('Origin',(0.379758606192007,-1.43955748998689,-20.4));
#2141=CARTESIAN_POINT('',(0.189758606192007,-1.43955748998689,-2.));
#2142=CARTESIAN_POINT('',(0.189758606192007,-1.43955748998689,-2.));
#2143=CARTESIAN_POINT('Origin',(0.379758606192007,-1.43955748998689,-2.));
#2144=CARTESIAN_POINT('Origin',(0.379758606192007,-1.43955748998689,-20.4));
#2145=CARTESIAN_POINT('Origin',(0.379758606192007,-1.43955748998689,-2.));
#2146=CARTESIAN_POINT('Origin',(0.379758606192007,1.3604425100131,-2.));
#2147=CARTESIAN_POINT('',(0.31827812717659,1.18066445045067,-2.));
#2148=CARTESIAN_POINT('',(0.220435700682758,1.2569233727481,-2.));
#2149=CARTESIAN_POINT('Origin',(0.379758606192007,1.3604425100131,-2.));
#2150=CARTESIAN_POINT('',(0.31827812717659,1.18066445045067,-20.4));
#2151=CARTESIAN_POINT('',(0.31827812717659,1.18066445045067,-2.));
#2152=CARTESIAN_POINT('',(0.220435700682758,1.2569233727481,-20.4));
#2153=CARTESIAN_POINT('Origin',(0.379758606192007,1.3604425100131,-20.4));
#2154=CARTESIAN_POINT('',(0.220435700682758,1.2569233727481,-2.));
#2155=CARTESIAN_POINT('Ctrl Pts',(0.31827812717659,1.18066445045067,-2.));
#2156=CARTESIAN_POINT('Ctrl Pts',(0.31827812717659,1.18066445045067,-20.4));
#2157=CARTESIAN_POINT('Ctrl Pts',(0.303868070444265,1.19357985407737,-2.));
#2158=CARTESIAN_POINT('Ctrl Pts',(0.303868070444265,1.19357985407737,-20.4));
#2159=CARTESIAN_POINT('Ctrl Pts',(0.289326593217987,1.20579992018589,-2.));
#2160=CARTESIAN_POINT('Ctrl Pts',(0.289326593217987,1.20579992018589,-20.4));
#2161=CARTESIAN_POINT('Ctrl Pts',(0.257896909803333,1.23062619365127,-2.));
#2162=CARTESIAN_POINT('Ctrl Pts',(0.257896909803333,1.23062619365127,-20.4));
#2163=CARTESIAN_POINT('Ctrl Pts',(0.239638613113769,1.24403406814699,-2.));
#2164=CARTESIAN_POINT('Ctrl Pts',(0.239638613113769,1.24403406814699,-20.4));
#2165=CARTESIAN_POINT('Ctrl Pts',(0.220435700682758,1.2569233727481,-2.));
#2166=CARTESIAN_POINT('Ctrl Pts',(0.220435700682758,1.2569233727481,-20.4));
#2167=CARTESIAN_POINT('Ctrl Pts',(0.220435700682758,1.2569233727481,-2.));
#2168=CARTESIAN_POINT('Ctrl Pts',(0.239638613113769,1.24403406814699,-2.));
#2169=CARTESIAN_POINT('Ctrl Pts',(0.257896909803333,1.23062619365127,-2.));
#2170=CARTESIAN_POINT('Ctrl Pts',(0.27485153940301,1.21723374978244,-2.));
#2171=CARTESIAN_POINT('Ctrl Pts',(0.289326593217987,1.20579992018589,-2.));
#2172=CARTESIAN_POINT('Ctrl Pts',(0.303868070444265,1.19357985407737,-2.));
#2173=CARTESIAN_POINT('Ctrl Pts',(0.31827812717659,1.18066445045067,-2.));
#2174=CARTESIAN_POINT('Ctrl Pts',(0.31827812717659,1.18066445045067,-20.4));
#2175=CARTESIAN_POINT('Ctrl Pts',(0.303868070444265,1.19357985407737,-20.4));
#2176=CARTESIAN_POINT('Ctrl Pts',(0.289326593217987,1.20579992018589,-20.4));
#2177=CARTESIAN_POINT('Ctrl Pts',(0.27485153940301,1.21723374978244,-20.4));
#2178=CARTESIAN_POINT('Ctrl Pts',(0.257896909803333,1.23062619365127,-20.4));
#2179=CARTESIAN_POINT('Ctrl Pts',(0.239638613113769,1.24403406814699,-20.4));
#2180=CARTESIAN_POINT('Ctrl Pts',(0.220435700682758,1.2569233727481,-20.4));
#2181=CARTESIAN_POINT('Origin',(0.379758606192007,1.3604425100131,-20.4));
#2182=CARTESIAN_POINT('Origin',(0.379758606192007,1.3604425100131,-2.));
#2183=UNCERTAINTY_MEASURE_WITH_UNIT(LENGTH_MEASURE(0.01),#2187,
'DISTANCE_ACCURACY_VALUE',
'Maximum model space distance between geometric entities at asserted c
onnectivities');
#2184=UNCERTAINTY_MEASURE_WITH_UNIT(LENGTH_MEASURE(0.01),#2187,
'DISTANCE_ACCURACY_VALUE',
'Maximum model space distance between geometric entities at asserted c
onnectivities');
#2185=(
GEOMETRIC_REPRESENTATION_CONTEXT(3)
GLOBAL_UNCERTAINTY_ASSIGNED_CONTEXT((#2183))
GLOBAL_UNIT_ASSIGNED_CONTEXT((#2187,#2189,#2190))
REPRESENTATION_CONTEXT('','3D')
);
#2186=(
GEOMETRIC_REPRESENTATION_CONTEXT(3)
GLOBAL_UNCERTAINTY_ASSIGNED_CONTEXT((#2184))
GLOBAL_UNIT_ASSIGNED_CONTEXT((#2187,#2189,#2190))
REPRESENTATION_CONTEXT('','3D')
);
#2187=(
LENGTH_UNIT()
NAMED_UNIT(*)
SI_UNIT(.MILLI.,.METRE.)
);
#2188=(
LENGTH_UNIT()
NAMED_UNIT(*)
SI_UNIT($,.METRE.)
);
#2189=(
NAMED_UNIT(*)
PLANE_ANGLE_UNIT()
SI_UNIT($,.RADIAN.)
);
#2190=(
NAMED_UNIT(*)
SI_UNIT($,.STERADIAN.)
SOLID_ANGLE_UNIT()
);
#2191=SHAPE_DEFINITION_REPRESENTATION(#2192,#2193);
#2192=PRODUCT_DEFINITION_SHAPE('',$,#2195);
#2193=SHAPE_REPRESENTATION('',(#1096),#2185);
#2194=PRODUCT_DEFINITION_CONTEXT('part definition',#2199,'design');
#2195=PRODUCT_DEFINITION('104 ceramic capacitor',
'104 ceramic capacitor v1',#2196,#2194);
#2196=PRODUCT_DEFINITION_FORMATION('',$,#2201);
#2197=PRODUCT_RELATED_PRODUCT_CATEGORY('104 ceramic capacitor v1',
'104 ceramic capacitor v1',(#2201));
#2198=APPLICATION_PROTOCOL_DEFINITION('international standard',
'automotive_design',2009,#2199);
#2199=APPLICATION_CONTEXT(
'Core Data for Automotive Mechanical Design Process');
#2200=PRODUCT_CONTEXT('part definition',#2199,'mechanical');
#2201=PRODUCT('104 ceramic capacitor','104 ceramic capacitor v1',$,(#2200));
#2202=PRESENTATION_STYLE_ASSIGNMENT((#2206));
#2203=PRESENTATION_STYLE_ASSIGNMENT((#2207));
#2204=PRESENTATION_STYLE_ASSIGNMENT((#2208));
#2205=PRESENTATION_STYLE_ASSIGNMENT((#2209));
#2206=SURFACE_STYLE_USAGE(.BOTH.,#2210);
#2207=SURFACE_STYLE_USAGE(.BOTH.,#2211);
#2208=SURFACE_STYLE_USAGE(.BOTH.,#2212);
#2209=SURFACE_STYLE_USAGE(.BOTH.,#2213);
#2210=SURFACE_SIDE_STYLE('',(#2214));
#2211=SURFACE_SIDE_STYLE('',(#2215));
#2212=SURFACE_SIDE_STYLE('',(#2216));
#2213=SURFACE_SIDE_STYLE('',(#2217));
#2214=SURFACE_STYLE_FILL_AREA(#2218);
#2215=SURFACE_STYLE_FILL_AREA(#2219);
#2216=SURFACE_STYLE_FILL_AREA(#2220);
#2217=SURFACE_STYLE_FILL_AREA(#2221);
#2218=FILL_AREA_STYLE('Steel - Satin',(#2222));
#2219=FILL_AREA_STYLE('Bronze - Patina',(#2223));
#2220=FILL_AREA_STYLE('Display - Electroluminescent (Orange)',(#2224));
#2221=FILL_AREA_STYLE('Silver - Polished',(#2225));
#2222=FILL_AREA_STYLE_COLOUR('Steel - Satin',#2226);
#2223=FILL_AREA_STYLE_COLOUR('Bronze - Patina',#2227);
#2224=FILL_AREA_STYLE_COLOUR('Display - Electroluminescent (Orange)',#2228);
#2225=FILL_AREA_STYLE_COLOUR('Silver - Polished',#2229);
#2226=COLOUR_RGB('Steel - Satin',0.627450980392157,0.627450980392157,0.627450980392157);
#2227=COLOUR_RGB('Bronze - Patina',0.517647058823529,0.411764705882353,
0.294117647058824);
#2228=COLOUR_RGB('Display - Electroluminescent (Orange)',0.0980392156862745,
0.0980392156862745,0.0980392156862745);
#2229=COLOUR_RGB('Silver - Polished',0.984313725490196,0.980392156862745,
0.96078431372549);
ENDSEC;
END-ISO-10303-21;
