ISO-10303-21;
HEADER;
FILE_DESCRIPTION(('CATIA V5 STEP','CAx-IF Rec.Pracs.--- Model Styling and Organization---1.4--- 2014-01-23','CAx-IF Rec.Pracs.---User Defined Attributes---1.3---2014-10-09'),'2;1');

FILE_NAME('C:\\Users\\engineer\\Documents\\\X2\041F0440043E0435043A0442\X0\\\3D Models\\MT6826S\\MT6826S.stp','2026-08-04T08:48:45+00:00',('none'),('none'),'CATIA Version 5-6 Release 2019 SP6','CATIA V5 STEP AP214 v1','none');

FILE_SCHEMA(('AUTOMOTIVE_DESIGN { 1 0 10303 214 1 1 1 1 }'));

ENDSEC;
DATA;
#5=PRODUCT('Part1','','',(#2)) ;
#2=PRODUCT_CONTEXT(' ',#1,'mechanical') ;
#1=APPLICATION_CONTEXT('automotive design') ;
#10=PRODUCT_DEFINITION('',' ',#6,#3) ;
#3=PRODUCT_DEFINITION_CONTEXT('part definition',#1,' ') ;
#11=PRODUCT_DEFINITION_SHAPE(' ',' ',#10) ;
#30=SHAPE_ASPECT('','',#11,.F.) ;
#37=SHAPE_ASPECT('','',#11,.F.) ;
#78=SHAPE_ASPECT('','',#11,.F.) ;
#110=SHAPE_ASPECT('','',#11,.F.) ;
#135=SHAPE_ASPECT('','',#11,.F.) ;
#160=SHAPE_ASPECT('','',#11,.F.) ;
#235=SHAPE_ASPECT('','',#11,.F.) ;
#264=SHAPE_ASPECT('','',#11,.F.) ;
#1623=SHAPE_ASPECT('','',#11,.F.) ;
#2084=SHAPE_ASPECT('','',#11,.F.) ;
#2102=SHAPE_ASPECT('','',#11,.F.) ;
#2115=SHAPE_ASPECT('','',#11,.F.) ;
#2128=SHAPE_ASPECT('','',#11,.F.) ;
#2141=SHAPE_ASPECT('','',#11,.F.) ;
#2170=SHAPE_ASPECT('','',#11,.F.) ;
#2183=SHAPE_ASPECT('','',#11,.F.) ;
#2196=SHAPE_ASPECT('','',#11,.F.) ;
#2225=SHAPE_ASPECT('','',#11,.F.) ;
#2238=SHAPE_ASPECT('','',#11,.F.) ;
#2251=SHAPE_ASPECT('','',#11,.F.) ;
#2264=SHAPE_ASPECT('','',#11,.F.) ;
#2277=SHAPE_ASPECT('','',#11,.F.) ;
#2290=SHAPE_ASPECT('','',#11,.F.) ;
#2303=SHAPE_ASPECT('','',#11,.F.) ;
#2316=SHAPE_ASPECT('','',#11,.F.) ;
#2329=SHAPE_ASPECT('','',#11,.F.) ;
#2342=SHAPE_ASPECT('','',#11,.F.) ;
#2355=SHAPE_ASPECT('','',#11,.F.) ;
#2368=SHAPE_ASPECT('','',#11,.F.) ;
#2381=SHAPE_ASPECT('','',#11,.F.) ;
#2418=SHAPE_ASPECT('','',#11,.F.) ;
#2422=MECHANICAL_DESIGN_GEOMETRIC_PRESENTATION_REPRESENTATION(' ',(#29),#16) ;
#2423=MECHANICAL_DESIGN_GEOMETRIC_PRESENTATION_REPRESENTATION(' ',(#2089,#2105,#2118,#2131,#2144,#2173,#2186,#2199,#2228,#2241,#2254,#2267,#2280,#2293,#2306,#2319,#2332,#2345,#2358,#2371,#2384,#2421),#16) ;
#19=SHAPE_REPRESENTATION(' ',(#18),#16) ;
#18=AXIS2_PLACEMENT_3D(' ',#17,$,$) ;
#35=AXIS2_PLACEMENT_3D('Plane Axis2P3D',#32,#33,#34) ;
#76=AXIS2_PLACEMENT_3D('Plane Axis2P3D',#73,#74,#75) ;
#108=AXIS2_PLACEMENT_3D('Plane Axis2P3D',#105,#106,#107) ;
#133=AXIS2_PLACEMENT_3D('Plane Axis2P3D',#130,#131,#132) ;
#158=AXIS2_PLACEMENT_3D('Plane Axis2P3D',#155,#156,#157) ;
#176=AXIS2_PLACEMENT_3D('Cylinder Axis2P3D',#173,#174,#175) ;
#189=AXIS2_PLACEMENT_3D('Circle Axis2P3D',#187,#188,$) ;
#203=AXIS2_PLACEMENT_3D('Circle Axis2P3D',#201,#202,$) ;
#215=AXIS2_PLACEMENT_3D('Circle Axis2P3D',#213,#214,$) ;
#220=AXIS2_PLACEMENT_3D('Circle Axis2P3D',#218,#219,$) ;
#233=AXIS2_PLACEMENT_3D('Plane Axis2P3D',#230,#231,#232) ;
#238=AXIS2_PLACEMENT_3D('Circle Axis2P3D',#236,#237,$) ;
#247=AXIS2_PLACEMENT_3D('Circle Axis2P3D',#245,#246,$) ;
#262=AXIS2_PLACEMENT_3D('Plane Axis2P3D',#259,#260,#261) ;
#267=AXIS2_PLACEMENT_3D('Circle Axis2P3D',#265,#266,$) ;
#276=AXIS2_PLACEMENT_3D('Circle Axis2P3D',#274,#275,$) ;
#285=AXIS2_PLACEMENT_3D('Circle Axis2P3D',#283,#284,$) ;
#294=AXIS2_PLACEMENT_3D('Circle Axis2P3D',#292,#293,$) ;
#303=AXIS2_PLACEMENT_3D('Circle Axis2P3D',#301,#302,$) ;
#312=AXIS2_PLACEMENT_3D('Circle Axis2P3D',#310,#311,$) ;
#325=AXIS2_PLACEMENT_3D('Circle Axis2P3D',#323,#324,$) ;
#334=AXIS2_PLACEMENT_3D('Circle Axis2P3D',#332,#333,$) ;
#343=AXIS2_PLACEMENT_3D('Circle Axis2P3D',#341,#342,$) ;
#352=AXIS2_PLACEMENT_3D('Circle Axis2P3D',#350,#351,$) ;
#361=AXIS2_PLACEMENT_3D('Circle Axis2P3D',#359,#360,$) ;
#370=AXIS2_PLACEMENT_3D('Circle Axis2P3D',#368,#369,$) ;
#379=AXIS2_PLACEMENT_3D('Circle Axis2P3D',#377,#378,$) ;
#388=AXIS2_PLACEMENT_3D('Circle Axis2P3D',#386,#387,$) ;
#397=AXIS2_PLACEMENT_3D('Circle Axis2P3D',#395,#396,$) ;
#406=AXIS2_PLACEMENT_3D('Circle Axis2P3D',#404,#405,$) ;
#415=AXIS2_PLACEMENT_3D('Circle Axis2P3D',#413,#414,$) ;
#424=AXIS2_PLACEMENT_3D('Circle Axis2P3D',#422,#423,$) ;
#433=AXIS2_PLACEMENT_3D('Circle Axis2P3D',#431,#432,$) ;
#442=AXIS2_PLACEMENT_3D('Circle Axis2P3D',#440,#441,$) ;
#451=AXIS2_PLACEMENT_3D('Circle Axis2P3D',#449,#450,$) ;
#460=AXIS2_PLACEMENT_3D('Circle Axis2P3D',#458,#459,$) ;
#469=AXIS2_PLACEMENT_3D('Circle Axis2P3D',#467,#468,$) ;
#478=AXIS2_PLACEMENT_3D('Circle Axis2P3D',#476,#477,$) ;
#487=AXIS2_PLACEMENT_3D('Circle Axis2P3D',#485,#486,$) ;
#496=AXIS2_PLACEMENT_3D('Circle Axis2P3D',#494,#495,$) ;
#505=AXIS2_PLACEMENT_3D('Circle Axis2P3D',#503,#504,$) ;
#514=AXIS2_PLACEMENT_3D('Circle Axis2P3D',#512,#513,$) ;
#523=AXIS2_PLACEMENT_3D('Circle Axis2P3D',#521,#522,$) ;
#532=AXIS2_PLACEMENT_3D('Circle Axis2P3D',#530,#531,$) ;
#541=AXIS2_PLACEMENT_3D('Circle Axis2P3D',#539,#540,$) ;
#550=AXIS2_PLACEMENT_3D('Circle Axis2P3D',#548,#549,$) ;
#559=AXIS2_PLACEMENT_3D('Circle Axis2P3D',#557,#558,$) ;
#568=AXIS2_PLACEMENT_3D('Circle Axis2P3D',#566,#567,$) ;
#577=AXIS2_PLACEMENT_3D('Circle Axis2P3D',#575,#576,$) ;
#586=AXIS2_PLACEMENT_3D('Circle Axis2P3D',#584,#585,$) ;
#595=AXIS2_PLACEMENT_3D('Circle Axis2P3D',#593,#594,$) ;
#604=AXIS2_PLACEMENT_3D('Circle Axis2P3D',#602,#603,$) ;
#613=AXIS2_PLACEMENT_3D('Circle Axis2P3D',#611,#612,$) ;
#622=AXIS2_PLACEMENT_3D('Circle Axis2P3D',#620,#621,$) ;
#631=AXIS2_PLACEMENT_3D('Circle Axis2P3D',#629,#630,$) ;
#640=AXIS2_PLACEMENT_3D('Circle Axis2P3D',#638,#639,$) ;
#651=AXIS2_PLACEMENT_3D('Cylinder Axis2P3D',#648,#649,#650) ;
#655=AXIS2_PLACEMENT_3D('Circle Axis2P3D',#653,#654,$) ;
#681=AXIS2_PLACEMENT_3D('Circle Axis2P3D',#679,#680,$) ;
#694=AXIS2_PLACEMENT_3D('Cylinder Axis2P3D',#691,#692,#693) ;
#712=AXIS2_PLACEMENT_3D('Circle Axis2P3D',#710,#711,$) ;
#719=AXIS2_PLACEMENT_3D('Circle Axis2P3D',#717,#718,$) ;
#732=AXIS2_PLACEMENT_3D('Circle Axis2P3D',#730,#731,$) ;
#739=AXIS2_PLACEMENT_3D('Circle Axis2P3D',#737,#738,$) ;
#746=AXIS2_PLACEMENT_3D('Circle Axis2P3D',#744,#745,$) ;
#761=AXIS2_PLACEMENT_3D('Cylinder Axis2P3D',#758,#759,#760) ;
#772=AXIS2_PLACEMENT_3D('Circle Axis2P3D',#770,#771,$) ;
#791=AXIS2_PLACEMENT_3D('Circle Axis2P3D',#789,#790,$) ;
#804=AXIS2_PLACEMENT_3D('Cylinder Axis2P3D',#801,#802,#803) ;
#815=AXIS2_PLACEMENT_3D('Circle Axis2P3D',#813,#814,$) ;
#834=AXIS2_PLACEMENT_3D('Circle Axis2P3D',#832,#833,$) ;
#847=AXIS2_PLACEMENT_3D('Cylinder Axis2P3D',#844,#845,#846) ;
#858=AXIS2_PLACEMENT_3D('Circle Axis2P3D',#856,#857,$) ;
#877=AXIS2_PLACEMENT_3D('Circle Axis2P3D',#875,#876,$) ;
#890=AXIS2_PLACEMENT_3D('Cylinder Axis2P3D',#887,#888,#889) ;
#901=AXIS2_PLACEMENT_3D('Circle Axis2P3D',#899,#900,$) ;
#920=AXIS2_PLACEMENT_3D('Circle Axis2P3D',#918,#919,$) ;
#933=AXIS2_PLACEMENT_3D('Cylinder Axis2P3D',#930,#931,#932) ;
#944=AXIS2_PLACEMENT_3D('Circle Axis2P3D',#942,#943,$) ;
#963=AXIS2_PLACEMENT_3D('Circle Axis2P3D',#961,#962,$) ;
#976=AXIS2_PLACEMENT_3D('Cylinder Axis2P3D',#973,#974,#975) ;
#987=AXIS2_PLACEMENT_3D('Circle Axis2P3D',#985,#986,$) ;
#1006=AXIS2_PLACEMENT_3D('Circle Axis2P3D',#1004,#1005,$) ;
#1019=AXIS2_PLACEMENT_3D('Cylinder Axis2P3D',#1016,#1017,#1018) ;
#1030=AXIS2_PLACEMENT_3D('Circle Axis2P3D',#1028,#1029,$) ;
#1049=AXIS2_PLACEMENT_3D('Circle Axis2P3D',#1047,#1048,$) ;
#1062=AXIS2_PLACEMENT_3D('Cylinder Axis2P3D',#1059,#1060,#1061) ;
#1073=AXIS2_PLACEMENT_3D('Circle Axis2P3D',#1071,#1072,$) ;
#1092=AXIS2_PLACEMENT_3D('Circle Axis2P3D',#1090,#1091,$) ;
#1105=AXIS2_PLACEMENT_3D('Cylinder Axis2P3D',#1102,#1103,#1104) ;
#1116=AXIS2_PLACEMENT_3D('Circle Axis2P3D',#1114,#1115,$) ;
#1135=AXIS2_PLACEMENT_3D('Circle Axis2P3D',#1133,#1134,$) ;
#1148=AXIS2_PLACEMENT_3D('Cylinder Axis2P3D',#1145,#1146,#1147) ;
#1159=AXIS2_PLACEMENT_3D('Circle Axis2P3D',#1157,#1158,$) ;
#1178=AXIS2_PLACEMENT_3D('Circle Axis2P3D',#1176,#1177,$) ;
#1191=AXIS2_PLACEMENT_3D('Cylinder Axis2P3D',#1188,#1189,#1190) ;
#1202=AXIS2_PLACEMENT_3D('Circle Axis2P3D',#1200,#1201,$) ;
#1221=AXIS2_PLACEMENT_3D('Circle Axis2P3D',#1219,#1220,$) ;
#1234=AXIS2_PLACEMENT_3D('Cylinder Axis2P3D',#1231,#1232,#1233) ;
#1245=AXIS2_PLACEMENT_3D('Circle Axis2P3D',#1243,#1244,$) ;
#1264=AXIS2_PLACEMENT_3D('Circle Axis2P3D',#1262,#1263,$) ;
#1277=AXIS2_PLACEMENT_3D('Cylinder Axis2P3D',#1274,#1275,#1276) ;
#1288=AXIS2_PLACEMENT_3D('Circle Axis2P3D',#1286,#1287,$) ;
#1307=AXIS2_PLACEMENT_3D('Circle Axis2P3D',#1305,#1306,$) ;
#1320=AXIS2_PLACEMENT_3D('Cylinder Axis2P3D',#1317,#1318,#1319) ;
#1331=AXIS2_PLACEMENT_3D('Circle Axis2P3D',#1329,#1330,$) ;
#1350=AXIS2_PLACEMENT_3D('Circle Axis2P3D',#1348,#1349,$) ;
#1363=AXIS2_PLACEMENT_3D('Cylinder Axis2P3D',#1360,#1361,#1362) ;
#1374=AXIS2_PLACEMENT_3D('Circle Axis2P3D',#1372,#1373,$) ;
#1393=AXIS2_PLACEMENT_3D('Circle Axis2P3D',#1391,#1392,$) ;
#1406=AXIS2_PLACEMENT_3D('Cylinder Axis2P3D',#1403,#1404,#1405) ;
#1417=AXIS2_PLACEMENT_3D('Circle Axis2P3D',#1415,#1416,$) ;
#1436=AXIS2_PLACEMENT_3D('Circle Axis2P3D',#1434,#1435,$) ;
#1449=AXIS2_PLACEMENT_3D('Cylinder Axis2P3D',#1446,#1447,#1448) ;
#1460=AXIS2_PLACEMENT_3D('Circle Axis2P3D',#1458,#1459,$) ;
#1479=AXIS2_PLACEMENT_3D('Circle Axis2P3D',#1477,#1478,$) ;
#1492=AXIS2_PLACEMENT_3D('Cylinder Axis2P3D',#1489,#1490,#1491) ;
#1503=AXIS2_PLACEMENT_3D('Circle Axis2P3D',#1501,#1502,$) ;
#1522=AXIS2_PLACEMENT_3D('Circle Axis2P3D',#1520,#1521,$) ;
#1535=AXIS2_PLACEMENT_3D('Cylinder Axis2P3D',#1532,#1533,#1534) ;
#1546=AXIS2_PLACEMENT_3D('Circle Axis2P3D',#1544,#1545,$) ;
#1565=AXIS2_PLACEMENT_3D('Circle Axis2P3D',#1563,#1564,$) ;
#1578=AXIS2_PLACEMENT_3D('Cylinder Axis2P3D',#1575,#1576,#1577) ;
#1589=AXIS2_PLACEMENT_3D('Circle Axis2P3D',#1587,#1588,$) ;
#1608=AXIS2_PLACEMENT_3D('Circle Axis2P3D',#1606,#1607,$) ;
#1621=AXIS2_PLACEMENT_3D('Plane Axis2P3D',#1618,#1619,#1620) ;
#1626=AXIS2_PLACEMENT_3D('Circle Axis2P3D',#1624,#1625,$) ;
#1635=AXIS2_PLACEMENT_3D('Circle Axis2P3D',#1633,#1634,$) ;
#1662=AXIS2_PLACEMENT_3D('Circle Axis2P3D',#1660,#1661,$) ;
#1669=AXIS2_PLACEMENT_3D('Circle Axis2P3D',#1667,#1668,$) ;
#1676=AXIS2_PLACEMENT_3D('Circle Axis2P3D',#1674,#1675,$) ;
#1686=AXIS2_PLACEMENT_3D('Circle Axis2P3D',#1684,#1685,$) ;
#1693=AXIS2_PLACEMENT_3D('Circle Axis2P3D',#1691,#1692,$) ;
#1700=AXIS2_PLACEMENT_3D('Circle Axis2P3D',#1698,#1699,$) ;
#1710=AXIS2_PLACEMENT_3D('Circle Axis2P3D',#1708,#1709,$) ;
#1717=AXIS2_PLACEMENT_3D('Circle Axis2P3D',#1715,#1716,$) ;
#1724=AXIS2_PLACEMENT_3D('Circle Axis2P3D',#1722,#1723,$) ;
#1807=AXIS2_PLACEMENT_3D('Circle Axis2P3D',#1805,#1806,$) ;
#1816=AXIS2_PLACEMENT_3D('Circle Axis2P3D',#1814,#1815,$) ;
#1830=AXIS2_PLACEMENT_3D('Circle Axis2P3D',#1828,#1829,$) ;
#1839=AXIS2_PLACEMENT_3D('Circle Axis2P3D',#1837,#1838,$) ;
#1854=AXIS2_PLACEMENT_3D('Cylinder Axis2P3D',#1851,#1852,#1853) ;
#1884=AXIS2_PLACEMENT_3D('Cylinder Axis2P3D',#1881,#1882,#1883) ;
#1902=AXIS2_PLACEMENT_3D('Circle Axis2P3D',#1900,#1901,$) ;
#1915=AXIS2_PLACEMENT_3D('Circle Axis2P3D',#1913,#1914,$) ;
#1928=AXIS2_PLACEMENT_3D('Cylinder Axis2P3D',#1925,#1926,#1927) ;
#1946=AXIS2_PLACEMENT_3D('Circle Axis2P3D',#1944,#1945,$) ;
#1959=AXIS2_PLACEMENT_3D('Circle Axis2P3D',#1957,#1958,$) ;
#1972=AXIS2_PLACEMENT_3D('Cylinder Axis2P3D',#1969,#1970,#1971) ;
#1976=AXIS2_PLACEMENT_3D('Circle Axis2P3D',#1974,#1975,$) ;
#2002=AXIS2_PLACEMENT_3D('Circle Axis2P3D',#2000,#2001,$) ;
#2015=AXIS2_PLACEMENT_3D('Cylinder Axis2P3D',#2012,#2013,#2014) ;
#2019=AXIS2_PLACEMENT_3D('Circle Axis2P3D',#2017,#2018,$) ;
#2045=AXIS2_PLACEMENT_3D('Circle Axis2P3D',#2043,#2044,$) ;
#17=CARTESIAN_POINT(' ',(0.,0.,0.)) ;
#32=CARTESIAN_POINT('Axis2P3D Location',(-1.5,1.5,1.6)) ;
#38=CARTESIAN_POINT('Line Origine',(1.5,1.5,2.1)) ;
#42=CARTESIAN_POINT('Vertex',(1.5,1.5,1.6)) ;
#44=CARTESIAN_POINT('Vertex',(1.5,1.5,2.6)) ;
#47=CARTESIAN_POINT('Line Origine',(0.,1.5,1.6)) ;
#51=CARTESIAN_POINT('Vertex',(-1.5,1.5,1.6)) ;
#54=CARTESIAN_POINT('Line Origine',(-1.5,1.5,2.1)) ;
#58=CARTESIAN_POINT('Vertex',(-1.5,1.5,2.6)) ;
#61=CARTESIAN_POINT('Line Origine',(0.,1.5,2.6)) ;
#73=CARTESIAN_POINT('Axis2P3D Location',(0.,0.,2.6)) ;
#79=CARTESIAN_POINT('Line Origine',(-1.5,0.,2.6)) ;
#83=CARTESIAN_POINT('Vertex',(-1.5,-1.5,2.6)) ;
#86=CARTESIAN_POINT('Line Origine',(0.,-1.5,2.6)) ;
#90=CARTESIAN_POINT('Vertex',(1.5,-1.5,2.6)) ;
#93=CARTESIAN_POINT('Line Origine',(1.5,0.,2.6)) ;
#105=CARTESIAN_POINT('Axis2P3D Location',(-1.5,-1.5,1.6)) ;
#111=CARTESIAN_POINT('Line Origine',(-1.5,0.,1.6)) ;
#115=CARTESIAN_POINT('Vertex',(-1.5,-1.5,1.6)) ;
#118=CARTESIAN_POINT('Line Origine',(-1.5,-1.5,2.1)) ;
#130=CARTESIAN_POINT('Axis2P3D Location',(1.5,1.5,1.6)) ;
#136=CARTESIAN_POINT('Line Origine',(1.5,-1.5,2.1)) ;
#140=CARTESIAN_POINT('Vertex',(1.5,-1.5,1.6)) ;
#143=CARTESIAN_POINT('Line Origine',(1.5,0.,1.6)) ;
#155=CARTESIAN_POINT('Axis2P3D Location',(1.5,-1.5,1.6)) ;
#161=CARTESIAN_POINT('Line Origine',(0.,-1.5,1.6)) ;
#173=CARTESIAN_POINT('Axis2P3D Location',(-11.71,-6.71758141,0.8)) ;
#178=CARTESIAN_POINT('Line Origine',(-10.21,-6.71758141,0.8)) ;
#182=CARTESIAN_POINT('Vertex',(-10.21,-6.71758141,1.6)) ;
#184=CARTESIAN_POINT('Vertex',(-10.21,-6.71758141,0.)) ;
#187=CARTESIAN_POINT('Axis2P3D Location',(-11.71,-6.71758141,1.6)) ;
#191=CARTESIAN_POINT('Vertex',(-13.21,-6.71758141,1.6)) ;
#194=CARTESIAN_POINT('Line Origine',(-13.21,-6.71758141,0.8)) ;
#198=CARTESIAN_POINT('Vertex',(-13.21,-6.71758141,0.)) ;
#201=CARTESIAN_POINT('Axis2P3D Location',(-11.71,-6.71758141,0.)) ;
#213=CARTESIAN_POINT('Axis2P3D Location',(-11.71,-6.71758141,1.6)) ;
#218=CARTESIAN_POINT('Axis2P3D Location',(-11.71,-6.71758141,0.)) ;
#230=CARTESIAN_POINT('Axis2P3D Location',(0.,0.,1.6)) ;
#236=CARTESIAN_POINT('Axis2P3D Location',(-11.71,-6.71758141,1.6)) ;
#240=CARTESIAN_POINT('Vertex',(-8.91,-6.71758141,1.6)) ;
#242=CARTESIAN_POINT('Vertex',(-14.51,-6.71758141,1.6)) ;
#245=CARTESIAN_POINT('Axis2P3D Location',(-11.71,-6.71758141,1.6)) ;
#259=CARTESIAN_POINT('Axis2P3D Location',(0.,0.,0.)) ;
#265=CARTESIAN_POINT('Axis2P3D Location',(0.,0.,0.)) ;
#269=CARTESIAN_POINT('Vertex',(-16.5,2.02066721859E-15,0.)) ;
#271=CARTESIAN_POINT('Vertex',(16.5,0.,0.)) ;
#274=CARTESIAN_POINT('Axis2P3D Location',(0.,0.,0.)) ;
#283=CARTESIAN_POINT('Axis2P3D Location',(0.,13.5,0.)) ;
#287=CARTESIAN_POINT('Vertex',(-1.5,13.5,0.)) ;
#289=CARTESIAN_POINT('Vertex',(1.5,13.5,0.)) ;
#292=CARTESIAN_POINT('Axis2P3D Location',(0.,13.5,0.)) ;
#301=CARTESIAN_POINT('Axis2P3D Location',(11.71,-6.71758141,0.)) ;
#305=CARTESIAN_POINT('Vertex',(10.21,-6.71758141,0.)) ;
#307=CARTESIAN_POINT('Vertex',(13.21,-6.71758141,0.)) ;
#310=CARTESIAN_POINT('Axis2P3D Location',(11.71,-6.71758141,0.)) ;
#323=CARTESIAN_POINT('Axis2P3D Location',(14.5762947109,1.08327925641,0.)) ;
#327=CARTESIAN_POINT('Vertex',(14.0762947109,1.08327925641,0.)) ;
#329=CARTESIAN_POINT('Vertex',(15.0762947109,1.08327925641,0.)) ;
#332=CARTESIAN_POINT('Axis2P3D Location',(14.5762947109,1.08327925641,0.)) ;
#341=CARTESIAN_POINT('Axis2P3D Location',(13.3062947109,3.28298378202,0.)) ;
#345=CARTESIAN_POINT('Vertex',(12.8062947109,3.28298378202,0.)) ;
#347=CARTESIAN_POINT('Vertex',(13.8062947109,3.28298378202,0.)) ;
#350=CARTESIAN_POINT('Axis2P3D Location',(13.3062947109,3.28298378202,0.)) ;
#359=CARTESIAN_POINT('Axis2P3D Location',(12.0362947109,5.48268830763,0.)) ;
#363=CARTESIAN_POINT('Vertex',(11.5362947109,5.48268830763,0.)) ;
#365=CARTESIAN_POINT('Vertex',(12.5362947109,5.48268830763,0.)) ;
#368=CARTESIAN_POINT('Axis2P3D Location',(12.0362947109,5.48268830763,0.)) ;
#377=CARTESIAN_POINT('Axis2P3D Location',(10.7662947109,7.68239283324,0.)) ;
#381=CARTESIAN_POINT('Vertex',(10.2662947109,7.68239283324,0.)) ;
#383=CARTESIAN_POINT('Vertex',(11.2662947109,7.68239283324,0.)) ;
#386=CARTESIAN_POINT('Axis2P3D Location',(10.7662947109,7.68239283324,0.)) ;
#395=CARTESIAN_POINT('Axis2P3D Location',(9.49629471088,9.88209735886,0.)) ;
#399=CARTESIAN_POINT('Vertex',(8.99629471088,9.88209735886,0.)) ;
#401=CARTESIAN_POINT('Vertex',(9.99629471088,9.88209735886,0.)) ;
#404=CARTESIAN_POINT('Axis2P3D Location',(9.49629471088,9.88209735886,0.)) ;
#413=CARTESIAN_POINT('Axis2P3D Location',(8.22629471088,12.0818018845,0.)) ;
#417=CARTESIAN_POINT('Vertex',(7.72629471088,12.0818018845,0.)) ;
#419=CARTESIAN_POINT('Vertex',(8.72629471088,12.0818018845,0.)) ;
#422=CARTESIAN_POINT('Axis2P3D Location',(8.22629471088,12.0818018845,0.)) ;
#431=CARTESIAN_POINT('Axis2P3D Location',(-5.08,-13.7591660967,0.)) ;
#435=CARTESIAN_POINT('Vertex',(-5.58,-13.7591660967,0.)) ;
#437=CARTESIAN_POINT('Vertex',(-4.58,-13.7591660967,0.)) ;
#440=CARTESIAN_POINT('Axis2P3D Location',(-5.08,-13.7591660967,0.)) ;
#449=CARTESIAN_POINT('Axis2P3D Location',(-2.54,-13.7591660967,0.)) ;
#453=CARTESIAN_POINT('Vertex',(-3.04,-13.7591660967,0.)) ;
#455=CARTESIAN_POINT('Vertex',(-2.04,-13.7591660967,0.)) ;
#458=CARTESIAN_POINT('Axis2P3D Location',(-2.54,-13.7591660967,0.)) ;
#467=CARTESIAN_POINT('Axis2P3D Location',(1.7763568394E-15,-13.7591660967,0.)) ;
#471=CARTESIAN_POINT('Vertex',(-0.5,-13.7591660967,0.)) ;
#473=CARTESIAN_POINT('Vertex',(0.5,-13.7591660967,0.)) ;
#476=CARTESIAN_POINT('Axis2P3D Location',(1.7763568394E-15,-13.7591660967,0.)) ;
#485=CARTESIAN_POINT('Axis2P3D Location',(2.54,-13.7591660967,0.)) ;
#489=CARTESIAN_POINT('Vertex',(2.04,-13.7591660967,0.)) ;
#491=CARTESIAN_POINT('Vertex',(3.04,-13.7591660967,0.)) ;
#494=CARTESIAN_POINT('Axis2P3D Location',(2.54,-13.7591660967,0.)) ;
#503=CARTESIAN_POINT('Axis2P3D Location',(5.08,-13.7591660967,0.)) ;
#507=CARTESIAN_POINT('Vertex',(4.58,-13.7591660967,0.)) ;
#509=CARTESIAN_POINT('Vertex',(5.58,-13.7591660967,0.)) ;
#512=CARTESIAN_POINT('Axis2P3D Location',(5.08,-13.7591660967,0.)) ;
#521=CARTESIAN_POINT('Axis2P3D Location',(-14.5749418673,-0.383971491959,0.)) ;
#525=CARTESIAN_POINT('Vertex',(-15.0749418673,-0.383971491959,0.)) ;
#527=CARTESIAN_POINT('Vertex',(-14.0749418673,-0.383971491959,0.)) ;
#530=CARTESIAN_POINT('Axis2P3D Location',(-14.5749418673,-0.383971491959,0.)) ;
#539=CARTESIAN_POINT('Axis2P3D Location',(-13.3049418673,1.81573303365,0.)) ;
#543=CARTESIAN_POINT('Vertex',(-13.8049418673,1.81573303365,0.)) ;
#545=CARTESIAN_POINT('Vertex',(-12.8049418673,1.81573303365,0.)) ;
#548=CARTESIAN_POINT('Axis2P3D Location',(-13.3049418673,1.81573303365,0.)) ;
#557=CARTESIAN_POINT('Axis2P3D Location',(-12.0349418673,4.01543755927,0.)) ;
#561=CARTESIAN_POINT('Vertex',(-12.5349418673,4.01543755927,0.)) ;
#563=CARTESIAN_POINT('Vertex',(-11.5349418673,4.01543755927,0.)) ;
#566=CARTESIAN_POINT('Axis2P3D Location',(-12.0349418673,4.01543755927,0.)) ;
#575=CARTESIAN_POINT('Axis2P3D Location',(-10.7649418673,6.21514208488,0.)) ;
#579=CARTESIAN_POINT('Vertex',(-11.2649418673,6.21514208488,0.)) ;
#581=CARTESIAN_POINT('Vertex',(-10.2649418673,6.21514208488,0.)) ;
#584=CARTESIAN_POINT('Axis2P3D Location',(-10.7649418673,6.21514208488,0.)) ;
#593=CARTESIAN_POINT('Axis2P3D Location',(-9.49494186727,8.41484661049,0.)) ;
#597=CARTESIAN_POINT('Vertex',(-9.99494186727,8.41484661049,0.)) ;
#599=CARTESIAN_POINT('Vertex',(-8.99494186727,8.41484661049,0.)) ;
#602=CARTESIAN_POINT('Axis2P3D Location',(-9.49494186727,8.41484661049,0.)) ;
#611=CARTESIAN_POINT('Axis2P3D Location',(-8.22494186727,10.6145511361,0.)) ;
#615=CARTESIAN_POINT('Vertex',(-8.72494186727,10.6145511361,0.)) ;
#617=CARTESIAN_POINT('Vertex',(-7.72494186727,10.6145511361,0.)) ;
#620=CARTESIAN_POINT('Axis2P3D Location',(-8.22494186727,10.6145511361,0.)) ;
#629=CARTESIAN_POINT('Axis2P3D Location',(-6.95494186727,12.8142556617,0.)) ;
#633=CARTESIAN_POINT('Vertex',(-7.45494186727,12.8142556617,0.)) ;
#635=CARTESIAN_POINT('Vertex',(-6.45494186727,12.8142556617,0.)) ;
#638=CARTESIAN_POINT('Axis2P3D Location',(-6.95494186727,12.8142556617,0.)) ;
#648=CARTESIAN_POINT('Axis2P3D Location',(-11.71,-6.71758141,1.55)) ;
#653=CARTESIAN_POINT('Axis2P3D Location',(-11.71,-6.71758141,1.5)) ;
#657=CARTESIAN_POINT('Vertex',(-8.91,-6.71758141,1.5)) ;
#659=CARTESIAN_POINT('Vertex',(-14.51,-6.71758141,1.5)) ;
#662=CARTESIAN_POINT('Line Origine',(-14.51,-6.71758141,1.55)) ;
#667=CARTESIAN_POINT('Line Origine',(-8.91,-6.71758141,1.55)) ;
#679=CARTESIAN_POINT('Axis2P3D Location',(-11.71,-6.71758141,1.5)) ;
#691=CARTESIAN_POINT('Axis2P3D Location',(0.,0.,0.8)) ;
#696=CARTESIAN_POINT('Line Origine',(16.5,0.,0.8)) ;
#700=CARTESIAN_POINT('Vertex',(16.5,0.,1.6)) ;
#703=CARTESIAN_POINT('Line Origine',(-16.5,2.02066721859E-15,0.8)) ;
#707=CARTESIAN_POINT('Vertex',(-16.5,2.02066721859E-15,1.6)) ;
#710=CARTESIAN_POINT('Axis2P3D Location',(0.,0.,1.6)) ;
#714=CARTESIAN_POINT('Vertex',(1.0103336093E-15,16.5,1.6)) ;
#717=CARTESIAN_POINT('Axis2P3D Location',(0.,0.,1.6)) ;
#730=CARTESIAN_POINT('Axis2P3D Location',(0.,0.,1.6)) ;
#734=CARTESIAN_POINT('Vertex',(14.3122222222,-8.21037727889,1.6)) ;
#737=CARTESIAN_POINT('Axis2P3D Location',(0.,0.,1.6)) ;
#741=CARTESIAN_POINT('Vertex',(-14.3122222222,-8.21037727889,1.6)) ;
#744=CARTESIAN_POINT('Axis2P3D Location',(0.,0.,1.6)) ;
#758=CARTESIAN_POINT('Axis2P3D Location',(0.,13.5,0.8)) ;
#763=CARTESIAN_POINT('Line Origine',(1.5,13.5,0.8)) ;
#767=CARTESIAN_POINT('Vertex',(1.5,13.5,1.6)) ;
#770=CARTESIAN_POINT('Axis2P3D Location',(0.,13.5,1.6)) ;
#774=CARTESIAN_POINT('Vertex',(-1.5,13.5,1.6)) ;
#777=CARTESIAN_POINT('Line Origine',(-1.5,13.5,0.8)) ;
#789=CARTESIAN_POINT('Axis2P3D Location',(0.,13.5,1.6)) ;
#801=CARTESIAN_POINT('Axis2P3D Location',(11.71,-6.71758141,0.8)) ;
#806=CARTESIAN_POINT('Line Origine',(13.21,-6.71758141,0.8)) ;
#810=CARTESIAN_POINT('Vertex',(13.21,-6.71758141,1.6)) ;
#813=CARTESIAN_POINT('Axis2P3D Location',(11.71,-6.71758141,1.6)) ;
#817=CARTESIAN_POINT('Vertex',(10.21,-6.71758141,1.6)) ;
#820=CARTESIAN_POINT('Line Origine',(10.21,-6.71758141,0.8)) ;
#832=CARTESIAN_POINT('Axis2P3D Location',(11.71,-6.71758141,1.6)) ;
#844=CARTESIAN_POINT('Axis2P3D Location',(14.5762947109,1.08327925641,0.8)) ;
#849=CARTESIAN_POINT('Line Origine',(15.0762947109,1.08327925641,0.8)) ;
#853=CARTESIAN_POINT('Vertex',(15.0762947109,1.08327925641,1.6)) ;
#856=CARTESIAN_POINT('Axis2P3D Location',(14.5762947109,1.08327925641,1.6)) ;
#860=CARTESIAN_POINT('Vertex',(14.0762947109,1.08327925641,1.6)) ;
#863=CARTESIAN_POINT('Line Origine',(14.0762947109,1.08327925641,0.8)) ;
#875=CARTESIAN_POINT('Axis2P3D Location',(14.5762947109,1.08327925641,1.6)) ;
#887=CARTESIAN_POINT('Axis2P3D Location',(13.3062947109,3.28298378202,0.8)) ;
#892=CARTESIAN_POINT('Line Origine',(13.8062947109,3.28298378202,0.8)) ;
#896=CARTESIAN_POINT('Vertex',(13.8062947109,3.28298378202,1.6)) ;
#899=CARTESIAN_POINT('Axis2P3D Location',(13.3062947109,3.28298378202,1.6)) ;
#903=CARTESIAN_POINT('Vertex',(12.8062947109,3.28298378202,1.6)) ;
#906=CARTESIAN_POINT('Line Origine',(12.8062947109,3.28298378202,0.8)) ;
#918=CARTESIAN_POINT('Axis2P3D Location',(13.3062947109,3.28298378202,1.6)) ;
#930=CARTESIAN_POINT('Axis2P3D Location',(12.0362947109,5.48268830763,0.8)) ;
#935=CARTESIAN_POINT('Line Origine',(12.5362947109,5.48268830763,0.8)) ;
#939=CARTESIAN_POINT('Vertex',(12.5362947109,5.48268830763,1.6)) ;
#942=CARTESIAN_POINT('Axis2P3D Location',(12.0362947109,5.48268830763,1.6)) ;
#946=CARTESIAN_POINT('Vertex',(11.5362947109,5.48268830763,1.6)) ;
#949=CARTESIAN_POINT('Line Origine',(11.5362947109,5.48268830763,0.8)) ;
#961=CARTESIAN_POINT('Axis2P3D Location',(12.0362947109,5.48268830763,1.6)) ;
#973=CARTESIAN_POINT('Axis2P3D Location',(10.7662947109,7.68239283324,0.8)) ;
#978=CARTESIAN_POINT('Line Origine',(11.2662947109,7.68239283324,0.8)) ;
#982=CARTESIAN_POINT('Vertex',(11.2662947109,7.68239283324,1.6)) ;
#985=CARTESIAN_POINT('Axis2P3D Location',(10.7662947109,7.68239283324,1.6)) ;
#989=CARTESIAN_POINT('Vertex',(10.2662947109,7.68239283324,1.6)) ;
#992=CARTESIAN_POINT('Line Origine',(10.2662947109,7.68239283324,0.8)) ;
#1004=CARTESIAN_POINT('Axis2P3D Location',(10.7662947109,7.68239283324,1.6)) ;
#1016=CARTESIAN_POINT('Axis2P3D Location',(9.49629471088,9.88209735886,0.8)) ;
#1021=CARTESIAN_POINT('Line Origine',(9.99629471088,9.88209735886,0.8)) ;
#1025=CARTESIAN_POINT('Vertex',(9.99629471088,9.88209735886,1.6)) ;
#1028=CARTESIAN_POINT('Axis2P3D Location',(9.49629471088,9.88209735886,1.6)) ;
#1032=CARTESIAN_POINT('Vertex',(8.99629471088,9.88209735886,1.6)) ;
#1035=CARTESIAN_POINT('Line Origine',(8.99629471088,9.88209735886,0.8)) ;
#1047=CARTESIAN_POINT('Axis2P3D Location',(9.49629471088,9.88209735886,1.6)) ;
#1059=CARTESIAN_POINT('Axis2P3D Location',(8.22629471088,12.0818018845,0.8)) ;
#1064=CARTESIAN_POINT('Line Origine',(8.72629471088,12.0818018845,0.8)) ;
#1068=CARTESIAN_POINT('Vertex',(8.72629471088,12.0818018845,1.6)) ;
#1071=CARTESIAN_POINT('Axis2P3D Location',(8.22629471088,12.0818018845,1.6)) ;
#1075=CARTESIAN_POINT('Vertex',(7.72629471088,12.0818018845,1.6)) ;
#1078=CARTESIAN_POINT('Line Origine',(7.72629471088,12.0818018845,0.8)) ;
#1090=CARTESIAN_POINT('Axis2P3D Location',(8.22629471088,12.0818018845,1.6)) ;
#1102=CARTESIAN_POINT('Axis2P3D Location',(-5.08,-13.7591660967,0.8)) ;
#1107=CARTESIAN_POINT('Line Origine',(-4.58,-13.7591660967,0.8)) ;
#1111=CARTESIAN_POINT('Vertex',(-4.58,-13.7591660967,1.6)) ;
#1114=CARTESIAN_POINT('Axis2P3D Location',(-5.08,-13.7591660967,1.6)) ;
#1118=CARTESIAN_POINT('Vertex',(-5.58,-13.7591660967,1.6)) ;
#1121=CARTESIAN_POINT('Line Origine',(-5.58,-13.7591660967,0.8)) ;
#1133=CARTESIAN_POINT('Axis2P3D Location',(-5.08,-13.7591660967,1.6)) ;
#1145=CARTESIAN_POINT('Axis2P3D Location',(-2.54,-13.7591660967,0.8)) ;
#1150=CARTESIAN_POINT('Line Origine',(-2.04,-13.7591660967,0.8)) ;
#1154=CARTESIAN_POINT('Vertex',(-2.04,-13.7591660967,1.6)) ;
#1157=CARTESIAN_POINT('Axis2P3D Location',(-2.54,-13.7591660967,1.6)) ;
#1161=CARTESIAN_POINT('Vertex',(-3.04,-13.7591660967,1.6)) ;
#1164=CARTESIAN_POINT('Line Origine',(-3.04,-13.7591660967,0.8)) ;
#1176=CARTESIAN_POINT('Axis2P3D Location',(-2.54,-13.7591660967,1.6)) ;
#1188=CARTESIAN_POINT('Axis2P3D Location',(1.7763568394E-15,-13.7591660967,0.8)) ;
#1193=CARTESIAN_POINT('Line Origine',(0.5,-13.7591660967,0.8)) ;
#1197=CARTESIAN_POINT('Vertex',(0.5,-13.7591660967,1.6)) ;
#1200=CARTESIAN_POINT('Axis2P3D Location',(1.7763568394E-15,-13.7591660967,1.6)) ;
#1204=CARTESIAN_POINT('Vertex',(-0.5,-13.7591660967,1.6)) ;
#1207=CARTESIAN_POINT('Line Origine',(-0.5,-13.7591660967,0.8)) ;
#1219=CARTESIAN_POINT('Axis2P3D Location',(1.7763568394E-15,-13.7591660967,1.6)) ;
#1231=CARTESIAN_POINT('Axis2P3D Location',(2.54,-13.7591660967,0.8)) ;
#1236=CARTESIAN_POINT('Line Origine',(3.04,-13.7591660967,0.8)) ;
#1240=CARTESIAN_POINT('Vertex',(3.04,-13.7591660967,1.6)) ;
#1243=CARTESIAN_POINT('Axis2P3D Location',(2.54,-13.7591660967,1.6)) ;
#1247=CARTESIAN_POINT('Vertex',(2.04,-13.7591660967,1.6)) ;
#1250=CARTESIAN_POINT('Line Origine',(2.04,-13.7591660967,0.8)) ;
#1262=CARTESIAN_POINT('Axis2P3D Location',(2.54,-13.7591660967,1.6)) ;
#1274=CARTESIAN_POINT('Axis2P3D Location',(5.08,-13.7591660967,0.8)) ;
#1279=CARTESIAN_POINT('Line Origine',(5.58,-13.7591660967,0.8)) ;
#1283=CARTESIAN_POINT('Vertex',(5.58,-13.7591660967,1.6)) ;
#1286=CARTESIAN_POINT('Axis2P3D Location',(5.08,-13.7591660967,1.6)) ;
#1290=CARTESIAN_POINT('Vertex',(4.58,-13.7591660967,1.6)) ;
#1293=CARTESIAN_POINT('Line Origine',(4.58,-13.7591660967,0.8)) ;
#1305=CARTESIAN_POINT('Axis2P3D Location',(5.08,-13.7591660967,1.6)) ;
#1317=CARTESIAN_POINT('Axis2P3D Location',(-14.5749418673,-0.383971491959,0.8)) ;
#1322=CARTESIAN_POINT('Line Origine',(-14.0749418673,-0.383971491959,0.8)) ;
#1326=CARTESIAN_POINT('Vertex',(-14.0749418673,-0.383971491959,1.6)) ;
#1329=CARTESIAN_POINT('Axis2P3D Location',(-14.5749418673,-0.383971491959,1.6)) ;
#1333=CARTESIAN_POINT('Vertex',(-15.0749418673,-0.383971491959,1.6)) ;
#1336=CARTESIAN_POINT('Line Origine',(-15.0749418673,-0.383971491959,0.8)) ;
#1348=CARTESIAN_POINT('Axis2P3D Location',(-14.5749418673,-0.383971491959,1.6)) ;
#1360=CARTESIAN_POINT('Axis2P3D Location',(-13.3049418673,1.81573303365,0.8)) ;
#1365=CARTESIAN_POINT('Line Origine',(-12.8049418673,1.81573303365,0.8)) ;
#1369=CARTESIAN_POINT('Vertex',(-12.8049418673,1.81573303365,1.6)) ;
#1372=CARTESIAN_POINT('Axis2P3D Location',(-13.3049418673,1.81573303365,1.6)) ;
#1376=CARTESIAN_POINT('Vertex',(-13.8049418673,1.81573303365,1.6)) ;
#1379=CARTESIAN_POINT('Line Origine',(-13.8049418673,1.81573303365,0.8)) ;
#1391=CARTESIAN_POINT('Axis2P3D Location',(-13.3049418673,1.81573303365,1.6)) ;
#1403=CARTESIAN_POINT('Axis2P3D Location',(-12.0349418673,4.01543755927,0.8)) ;
#1408=CARTESIAN_POINT('Line Origine',(-11.5349418673,4.01543755927,0.8)) ;
#1412=CARTESIAN_POINT('Vertex',(-11.5349418673,4.01543755927,1.6)) ;
#1415=CARTESIAN_POINT('Axis2P3D Location',(-12.0349418673,4.01543755927,1.6)) ;
#1419=CARTESIAN_POINT('Vertex',(-12.5349418673,4.01543755927,1.6)) ;
#1422=CARTESIAN_POINT('Line Origine',(-12.5349418673,4.01543755927,0.8)) ;
#1434=CARTESIAN_POINT('Axis2P3D Location',(-12.0349418673,4.01543755927,1.6)) ;
#1446=CARTESIAN_POINT('Axis2P3D Location',(-10.7649418673,6.21514208488,0.8)) ;
#1451=CARTESIAN_POINT('Line Origine',(-10.2649418673,6.21514208488,0.8)) ;
#1455=CARTESIAN_POINT('Vertex',(-10.2649418673,6.21514208488,1.6)) ;
#1458=CARTESIAN_POINT('Axis2P3D Location',(-10.7649418673,6.21514208488,1.6)) ;
#1462=CARTESIAN_POINT('Vertex',(-11.2649418673,6.21514208488,1.6)) ;
#1465=CARTESIAN_POINT('Line Origine',(-11.2649418673,6.21514208488,0.8)) ;
#1477=CARTESIAN_POINT('Axis2P3D Location',(-10.7649418673,6.21514208488,1.6)) ;
#1489=CARTESIAN_POINT('Axis2P3D Location',(-9.49494186727,8.41484661049,0.8)) ;
#1494=CARTESIAN_POINT('Line Origine',(-8.99494186727,8.41484661049,0.8)) ;
#1498=CARTESIAN_POINT('Vertex',(-8.99494186727,8.41484661049,1.6)) ;
#1501=CARTESIAN_POINT('Axis2P3D Location',(-9.49494186727,8.41484661049,1.6)) ;
#1505=CARTESIAN_POINT('Vertex',(-9.99494186727,8.41484661049,1.6)) ;
#1508=CARTESIAN_POINT('Line Origine',(-9.99494186727,8.41484661049,0.8)) ;
#1520=CARTESIAN_POINT('Axis2P3D Location',(-9.49494186727,8.41484661049,1.6)) ;
#1532=CARTESIAN_POINT('Axis2P3D Location',(-8.22494186727,10.6145511361,0.8)) ;
#1537=CARTESIAN_POINT('Line Origine',(-7.72494186727,10.6145511361,0.8)) ;
#1541=CARTESIAN_POINT('Vertex',(-7.72494186727,10.6145511361,1.6)) ;
#1544=CARTESIAN_POINT('Axis2P3D Location',(-8.22494186727,10.6145511361,1.6)) ;
#1548=CARTESIAN_POINT('Vertex',(-8.72494186727,10.6145511361,1.6)) ;
#1551=CARTESIAN_POINT('Line Origine',(-8.72494186727,10.6145511361,0.8)) ;
#1563=CARTESIAN_POINT('Axis2P3D Location',(-8.22494186727,10.6145511361,1.6)) ;
#1575=CARTESIAN_POINT('Axis2P3D Location',(-6.95494186727,12.8142556617,0.8)) ;
#1580=CARTESIAN_POINT('Line Origine',(-6.45494186727,12.8142556617,0.8)) ;
#1584=CARTESIAN_POINT('Vertex',(-6.45494186727,12.8142556617,1.6)) ;
#1587=CARTESIAN_POINT('Axis2P3D Location',(-6.95494186727,12.8142556617,1.6)) ;
#1591=CARTESIAN_POINT('Vertex',(-7.45494186727,12.8142556617,1.6)) ;
#1594=CARTESIAN_POINT('Line Origine',(-7.45494186727,12.8142556617,0.8)) ;
#1606=CARTESIAN_POINT('Axis2P3D Location',(-6.95494186727,12.8142556617,1.6)) ;
#1618=CARTESIAN_POINT('Axis2P3D Location',(0.,0.,1.5)) ;
#1624=CARTESIAN_POINT('Axis2P3D Location',(-11.71,-6.71758141,1.5)) ;
#1628=CARTESIAN_POINT('Vertex',(-8.71,-6.71758141,1.5)) ;
#1630=CARTESIAN_POINT('Vertex',(-14.71,-6.71758141,1.5)) ;
#1633=CARTESIAN_POINT('Axis2P3D Location',(-11.71,-6.71758141,1.5)) ;
#1660=CARTESIAN_POINT('Axis2P3D Location',(0.,13.5,1.6)) ;
#1664=CARTESIAN_POINT('Vertex',(3.,13.5,1.6)) ;
#1667=CARTESIAN_POINT('Axis2P3D Location',(0.,13.5,1.6)) ;
#1671=CARTESIAN_POINT('Vertex',(-3.,13.5,1.6)) ;
#1674=CARTESIAN_POINT('Axis2P3D Location',(0.,13.5,1.6)) ;
#1684=CARTESIAN_POINT('Axis2P3D Location',(-11.71,-6.71758141,1.6)) ;
#1688=CARTESIAN_POINT('Vertex',(-14.71,-6.71758141,1.6)) ;
#1691=CARTESIAN_POINT('Axis2P3D Location',(-11.71,-6.71758141,1.6)) ;
#1695=CARTESIAN_POINT('Vertex',(-8.71,-6.71758141,1.6)) ;
#1698=CARTESIAN_POINT('Axis2P3D Location',(-11.71,-6.71758141,1.6)) ;
#1708=CARTESIAN_POINT('Axis2P3D Location',(11.71,-6.71758141,1.6)) ;
#1712=CARTESIAN_POINT('Vertex',(8.71,-6.71758141,1.6)) ;
#1715=CARTESIAN_POINT('Axis2P3D Location',(11.71,-6.71758141,1.6)) ;
#1719=CARTESIAN_POINT('Vertex',(14.71,-6.71758141,1.6)) ;
#1722=CARTESIAN_POINT('Axis2P3D Location',(11.71,-6.71758141,1.6)) ;
#1805=CARTESIAN_POINT('Axis2P3D Location',(0.,13.5,1.6)) ;
#1809=CARTESIAN_POINT('Vertex',(2.8,13.5,1.6)) ;
#1811=CARTESIAN_POINT('Vertex',(-2.8,13.5,1.6)) ;
#1814=CARTESIAN_POINT('Axis2P3D Location',(0.,13.5,1.6)) ;
#1828=CARTESIAN_POINT('Axis2P3D Location',(11.71,-6.71758141,1.6)) ;
#1832=CARTESIAN_POINT('Vertex',(14.51,-6.71758141,1.6)) ;
#1834=CARTESIAN_POINT('Vertex',(8.91,-6.71758141,1.6)) ;
#1837=CARTESIAN_POINT('Axis2P3D Location',(11.71,-6.71758141,1.6)) ;
#1851=CARTESIAN_POINT('Axis2P3D Location',(-11.71,-6.71758141,1.55)) ;
#1856=CARTESIAN_POINT('Line Origine',(-8.71,-6.71758141,1.55)) ;
#1861=CARTESIAN_POINT('Line Origine',(-14.71,-6.71758141,1.55)) ;
#1881=CARTESIAN_POINT('Axis2P3D Location',(0.,13.5,1.55)) ;
#1886=CARTESIAN_POINT('Line Origine',(3.,13.5,1.55)) ;
#1890=CARTESIAN_POINT('Vertex',(3.,13.5,1.5)) ;
#1893=CARTESIAN_POINT('Line Origine',(-3.,13.5,1.55)) ;
#1897=CARTESIAN_POINT('Vertex',(-3.,13.5,1.5)) ;
#1900=CARTESIAN_POINT('Axis2P3D Location',(0.,13.5,1.5)) ;
#1913=CARTESIAN_POINT('Axis2P3D Location',(0.,13.5,1.5)) ;
#1925=CARTESIAN_POINT('Axis2P3D Location',(11.71,-6.71758141,1.55)) ;
#1930=CARTESIAN_POINT('Line Origine',(8.71,-6.71758141,1.55)) ;
#1934=CARTESIAN_POINT('Vertex',(8.71,-6.71758141,1.5)) ;
#1937=CARTESIAN_POINT('Line Origine',(14.71,-6.71758141,1.55)) ;
#1941=CARTESIAN_POINT('Vertex',(14.71,-6.71758141,1.5)) ;
#1944=CARTESIAN_POINT('Axis2P3D Location',(11.71,-6.71758141,1.5)) ;
#1957=CARTESIAN_POINT('Axis2P3D Location',(11.71,-6.71758141,1.5)) ;
#1969=CARTESIAN_POINT('Axis2P3D Location',(0.,13.5,1.55)) ;
#1974=CARTESIAN_POINT('Axis2P3D Location',(0.,13.5,1.5)) ;
#1978=CARTESIAN_POINT('Vertex',(2.8,13.5,1.5)) ;
#1980=CARTESIAN_POINT('Vertex',(-2.8,13.5,1.5)) ;
#1983=CARTESIAN_POINT('Line Origine',(-2.8,13.5,1.55)) ;
#1988=CARTESIAN_POINT('Line Origine',(2.8,13.5,1.55)) ;
#2000=CARTESIAN_POINT('Axis2P3D Location',(0.,13.5,1.5)) ;
#2012=CARTESIAN_POINT('Axis2P3D Location',(11.71,-6.71758141,1.55)) ;
#2017=CARTESIAN_POINT('Axis2P3D Location',(11.71,-6.71758141,1.5)) ;
#2021=CARTESIAN_POINT('Vertex',(14.51,-6.71758141,1.5)) ;
#2023=CARTESIAN_POINT('Vertex',(8.91,-6.71758141,1.5)) ;
#2026=CARTESIAN_POINT('Line Origine',(8.91,-6.71758141,1.55)) ;
#2031=CARTESIAN_POINT('Line Origine',(14.51,-6.71758141,1.55)) ;
#2043=CARTESIAN_POINT('Axis2P3D Location',(11.71,-6.71758141,1.5)) ;
#2075=CARTESIAN_POINT('Line Origine',(8.86129471088,10.9819496217,1.6)) ;
#2079=CARTESIAN_POINT('Limit',(7.76144244808,10.3469496217,1.6)) ;
#2080=CARTESIAN_POINT('Limit',(9.96114697369,11.6169496217,1.6)) ;
#2093=CARTESIAN_POINT('Line Origine',(12.6712947109,4.38283604483,1.6)) ;
#2097=CARTESIAN_POINT('Limit',(11.5714424481,3.74783604483,1.6)) ;
#2098=CARTESIAN_POINT('Limit',(13.7711469737,5.01783604483,1.6)) ;
#2106=CARTESIAN_POINT('Line Origine',(13.9412947109,2.18313151921,1.6)) ;
#2110=CARTESIAN_POINT('Limit',(12.8414424481,1.54813151921,1.6)) ;
#2111=CARTESIAN_POINT('Limit',(15.0411469737,2.81813151921,1.6)) ;
#2119=CARTESIAN_POINT('Line Origine',(-6.31994186727,13.9141079245,1.6)) ;
#2123=CARTESIAN_POINT('Limit',(-7.41979413008,14.5491079245,1.6)) ;
#2124=CARTESIAN_POINT('Limit',(-5.22008960446,13.2791079245,1.6)) ;
#2132=CARTESIAN_POINT('Line Origine',(-6.31994186727,13.9141079245,1.6)) ;
#2136=CARTESIAN_POINT('Limit',(-5.22008960446,13.2791079245,1.6)) ;
#2137=CARTESIAN_POINT('Limit',(-7.41979413008,14.5491079245,1.6)) ;
#2145=CARTESIAN_POINT('Line Origine',(-11.8647941301,6.85014208488,1.6)) ;
#2149=CARTESIAN_POINT('Limit',(-7.41979413008,14.5491079245,1.6)) ;
#2150=CARTESIAN_POINT('Limit',(-16.3097941301,-0.848823754765,1.6)) ;
#2153=CARTESIAN_POINT('Line Origine',(-15.2099418673,-1.48382375477,1.6)) ;
#2157=CARTESIAN_POINT('Limit',(-16.3097941301,-0.848823754765,1.6)) ;
#2158=CARTESIAN_POINT('Limit',(-14.1100896045,-2.11882375477,1.6)) ;
#2161=CARTESIAN_POINT('Line Origine',(-9.66508960446,5.58014208488,1.6)) ;
#2165=CARTESIAN_POINT('Limit',(-14.1100896045,-2.11882375477,1.6)) ;
#2166=CARTESIAN_POINT('Limit',(-5.22008960446,13.2791079245,1.6)) ;
#2174=CARTESIAN_POINT('Line Origine',(6.35,-13.7591660967,1.6)) ;
#2178=CARTESIAN_POINT('Limit',(6.35,-15.0291660967,1.6)) ;
#2179=CARTESIAN_POINT('Limit',(6.35,-12.4891660967,1.6)) ;
#2187=CARTESIAN_POINT('Line Origine',(6.35,-13.7591660967,1.6)) ;
#2191=CARTESIAN_POINT('Limit',(6.35,-12.4891660967,1.6)) ;
#2192=CARTESIAN_POINT('Limit',(6.35,-15.0291660967,1.6)) ;
#2200=CARTESIAN_POINT('Line Origine',(0.,-12.4891660967,1.6)) ;
#2204=CARTESIAN_POINT('Limit',(6.35,-12.4891660967,1.6)) ;
#2205=CARTESIAN_POINT('Limit',(-6.35,-12.4891660967,1.6)) ;
#2208=CARTESIAN_POINT('Line Origine',(-6.35,-13.7591660967,1.6)) ;
#2212=CARTESIAN_POINT('Limit',(-6.35,-12.4891660967,1.6)) ;
#2213=CARTESIAN_POINT('Limit',(-6.35,-15.0291660967,1.6)) ;
#2216=CARTESIAN_POINT('Line Origine',(0.,-15.0291660967,1.6)) ;
#2220=CARTESIAN_POINT('Limit',(-6.35,-15.0291660967,1.6)) ;
#2221=CARTESIAN_POINT('Limit',(6.35,-15.0291660967,1.6)) ;
#2229=CARTESIAN_POINT('Line Origine',(3.81,-13.7470792042,1.6)) ;
#2233=CARTESIAN_POINT('Limit',(3.81,-12.4649923118,1.6)) ;
#2234=CARTESIAN_POINT('Limit',(3.81,-15.0291660967,1.6)) ;
#2242=CARTESIAN_POINT('Line Origine',(-10.1299418673,7.31499434768,1.6)) ;
#2246=CARTESIAN_POINT('Limit',(-9.03008960446,6.67999434768,1.6)) ;
#2247=CARTESIAN_POINT('Limit',(-11.2297941301,7.94999434768,1.6)) ;
#2255=CARTESIAN_POINT('Line Origine',(11.4012947109,6.58254057044,1.6)) ;
#2259=CARTESIAN_POINT('Limit',(10.3014424481,5.94754057044,1.6)) ;
#2260=CARTESIAN_POINT('Limit',(12.5011469737,7.21754057044,1.6)) ;
#2268=CARTESIAN_POINT('Line Origine',(-3.81,-13.7591660967,1.6)) ;
#2272=CARTESIAN_POINT('Limit',(-3.81,-12.4891660967,1.6)) ;
#2273=CARTESIAN_POINT('Limit',(-3.81,-15.0291660967,1.6)) ;
#2281=CARTESIAN_POINT('Line Origine',(-1.27,-13.7591660967,1.6)) ;
#2285=CARTESIAN_POINT('Limit',(-1.27,-12.4891660967,1.6)) ;
#2286=CARTESIAN_POINT('Limit',(-1.27,-15.0291660967,1.6)) ;
#2294=CARTESIAN_POINT('Line Origine',(1.27,-13.7591660967,1.6)) ;
#2298=CARTESIAN_POINT('Limit',(1.27,-12.4891660967,1.6)) ;
#2299=CARTESIAN_POINT('Limit',(1.27,-15.0291660967,1.6)) ;
#2307=CARTESIAN_POINT('Line Origine',(-13.9399418673,0.715880770847,1.6)) ;
#2311=CARTESIAN_POINT('Limit',(-12.8400896045,0.0808807708474,1.6)) ;
#2312=CARTESIAN_POINT('Limit',(-15.0397941301,1.35088077085,1.6)) ;
#2320=CARTESIAN_POINT('Line Origine',(-12.6699418673,2.91558529646,1.6)) ;
#2324=CARTESIAN_POINT('Limit',(-11.5700896045,2.28058529646,1.6)) ;
#2325=CARTESIAN_POINT('Limit',(-13.7697941301,3.55058529646,1.6)) ;
#2333=CARTESIAN_POINT('Line Origine',(-11.3999418673,5.11528982207,1.6)) ;
#2337=CARTESIAN_POINT('Limit',(-10.3000896045,4.48028982207,1.6)) ;
#2338=CARTESIAN_POINT('Limit',(-12.4997941301,5.75028982207,1.6)) ;
#2346=CARTESIAN_POINT('Line Origine',(-8.85994186727,9.5146988733,1.6)) ;
#2350=CARTESIAN_POINT('Limit',(-7.76008960446,8.8796988733,1.6)) ;
#2351=CARTESIAN_POINT('Limit',(-9.95979413008,10.1496988733,1.6)) ;
#2359=CARTESIAN_POINT('Line Origine',(-7.58994186727,11.7144033989,1.6)) ;
#2363=CARTESIAN_POINT('Limit',(-6.49008960446,11.0794033989,1.6)) ;
#2364=CARTESIAN_POINT('Limit',(-8.68979413008,12.3494033989,1.6)) ;
#2372=CARTESIAN_POINT('Line Origine',(10.1312947109,8.78224509605,1.6)) ;
#2376=CARTESIAN_POINT('Limit',(9.03144244808,8.14724509605,1.6)) ;
#2377=CARTESIAN_POINT('Limit',(11.2311469737,9.41724509605,1.6)) ;
#2385=CARTESIAN_POINT('Line Origine',(7.59129471088,13.1816541473,1.6)) ;
#2389=CARTESIAN_POINT('Limit',(8.69114697369,13.8166541473,1.6)) ;
#2390=CARTESIAN_POINT('Limit',(6.49144244808,12.5466541473,1.6)) ;
#2393=CARTESIAN_POINT('Line Origine',(10.3014424481,5.94754057044,1.6)) ;
#2397=CARTESIAN_POINT('Limit',(6.49144244808,12.5466541473,1.6)) ;
#2398=CARTESIAN_POINT('Limit',(14.1114424481,-0.6515730064,1.6)) ;
#2401=CARTESIAN_POINT('Line Origine',(15.2112947109,-0.0165730063998,1.6)) ;
#2405=CARTESIAN_POINT('Limit',(14.1114424481,-0.6515730064,1.6)) ;
#2406=CARTESIAN_POINT('Limit',(16.3111469737,0.6184269936,1.6)) ;
#2409=CARTESIAN_POINT('Line Origine',(12.5011469737,7.21754057044,1.6)) ;
#2413=CARTESIAN_POINT('Limit',(16.3111469737,0.6184269936,1.6)) ;
#2414=CARTESIAN_POINT('Limit',(8.69114697369,13.8166541473,1.6)) ;
#33=DIRECTION('Axis2P3D Direction',(0.,-1.,0.)) ;
#34=DIRECTION('Axis2P3D XDirection',(1.,0.,0.)) ;
#39=DIRECTION('Vector Direction',(0.,0.,1.)) ;
#48=DIRECTION('Vector Direction',(1.,0.,0.)) ;
#55=DIRECTION('Vector Direction',(0.,0.,1.)) ;
#62=DIRECTION('Vector Direction',(1.,0.,0.)) ;
#74=DIRECTION('Axis2P3D Direction',(0.,0.,1.)) ;
#75=DIRECTION('Axis2P3D XDirection',(1.,0.,0.)) ;
#80=DIRECTION('Vector Direction',(0.,1.,0.)) ;
#87=DIRECTION('Vector Direction',(-1.,0.,0.)) ;
#94=DIRECTION('Vector Direction',(0.,-1.,0.)) ;
#106=DIRECTION('Axis2P3D Direction',(1.,0.,0.)) ;
#107=DIRECTION('Axis2P3D XDirection',(0.,1.,0.)) ;
#112=DIRECTION('Vector Direction',(0.,1.,0.)) ;
#119=DIRECTION('Vector Direction',(0.,0.,1.)) ;
#131=DIRECTION('Axis2P3D Direction',(-1.,0.,0.)) ;
#132=DIRECTION('Axis2P3D XDirection',(0.,-1.,0.)) ;
#137=DIRECTION('Vector Direction',(0.,0.,1.)) ;
#144=DIRECTION('Vector Direction',(0.,-1.,0.)) ;
#156=DIRECTION('Axis2P3D Direction',(0.,1.,-0.)) ;
#157=DIRECTION('Axis2P3D XDirection',(-1.,0.,0.)) ;
#162=DIRECTION('Vector Direction',(-1.,0.,0.)) ;
#174=DIRECTION('Axis2P3D Direction',(0.,0.,1.)) ;
#175=DIRECTION('Axis2P3D XDirection',(1.,0.,0.)) ;
#179=DIRECTION('Vector Direction',(0.,0.,1.)) ;
#188=DIRECTION('Axis2P3D Direction',(0.,0.,1.)) ;
#195=DIRECTION('Vector Direction',(0.,0.,1.)) ;
#202=DIRECTION('Axis2P3D Direction',(0.,0.,1.)) ;
#214=DIRECTION('Axis2P3D Direction',(0.,0.,1.)) ;
#219=DIRECTION('Axis2P3D Direction',(0.,0.,1.)) ;
#231=DIRECTION('Axis2P3D Direction',(0.,0.,1.)) ;
#232=DIRECTION('Axis2P3D XDirection',(1.,0.,0.)) ;
#237=DIRECTION('Axis2P3D Direction',(0.,0.,1.)) ;
#246=DIRECTION('Axis2P3D Direction',(0.,0.,1.)) ;
#260=DIRECTION('Axis2P3D Direction',(0.,0.,1.)) ;
#261=DIRECTION('Axis2P3D XDirection',(1.,0.,0.)) ;
#266=DIRECTION('Axis2P3D Direction',(0.,0.,1.)) ;
#275=DIRECTION('Axis2P3D Direction',(0.,0.,1.)) ;
#284=DIRECTION('Axis2P3D Direction',(0.,0.,1.)) ;
#293=DIRECTION('Axis2P3D Direction',(0.,0.,1.)) ;
#302=DIRECTION('Axis2P3D Direction',(0.,0.,1.)) ;
#311=DIRECTION('Axis2P3D Direction',(0.,0.,1.)) ;
#324=DIRECTION('Axis2P3D Direction',(0.,0.,1.)) ;
#333=DIRECTION('Axis2P3D Direction',(0.,0.,1.)) ;
#342=DIRECTION('Axis2P3D Direction',(0.,0.,1.)) ;
#351=DIRECTION('Axis2P3D Direction',(0.,0.,1.)) ;
#360=DIRECTION('Axis2P3D Direction',(0.,0.,1.)) ;
#369=DIRECTION('Axis2P3D Direction',(0.,0.,1.)) ;
#378=DIRECTION('Axis2P3D Direction',(0.,0.,1.)) ;
#387=DIRECTION('Axis2P3D Direction',(0.,0.,1.)) ;
#396=DIRECTION('Axis2P3D Direction',(0.,0.,1.)) ;
#405=DIRECTION('Axis2P3D Direction',(0.,0.,1.)) ;
#414=DIRECTION('Axis2P3D Direction',(0.,0.,1.)) ;
#423=DIRECTION('Axis2P3D Direction',(0.,0.,1.)) ;
#432=DIRECTION('Axis2P3D Direction',(0.,0.,1.)) ;
#441=DIRECTION('Axis2P3D Direction',(0.,0.,1.)) ;
#450=DIRECTION('Axis2P3D Direction',(0.,0.,1.)) ;
#459=DIRECTION('Axis2P3D Direction',(0.,0.,1.)) ;
#468=DIRECTION('Axis2P3D Direction',(0.,0.,1.)) ;
#477=DIRECTION('Axis2P3D Direction',(0.,0.,1.)) ;
#486=DIRECTION('Axis2P3D Direction',(0.,0.,1.)) ;
#495=DIRECTION('Axis2P3D Direction',(0.,0.,1.)) ;
#504=DIRECTION('Axis2P3D Direction',(0.,0.,1.)) ;
#513=DIRECTION('Axis2P3D Direction',(0.,0.,1.)) ;
#522=DIRECTION('Axis2P3D Direction',(0.,0.,1.)) ;
#531=DIRECTION('Axis2P3D Direction',(0.,0.,1.)) ;
#540=DIRECTION('Axis2P3D Direction',(0.,0.,1.)) ;
#549=DIRECTION('Axis2P3D Direction',(0.,0.,1.)) ;
#558=DIRECTION('Axis2P3D Direction',(0.,0.,1.)) ;
#567=DIRECTION('Axis2P3D Direction',(0.,0.,1.)) ;
#576=DIRECTION('Axis2P3D Direction',(0.,0.,1.)) ;
#585=DIRECTION('Axis2P3D Direction',(0.,0.,1.)) ;
#594=DIRECTION('Axis2P3D Direction',(0.,0.,1.)) ;
#603=DIRECTION('Axis2P3D Direction',(0.,0.,1.)) ;
#612=DIRECTION('Axis2P3D Direction',(0.,0.,1.)) ;
#621=DIRECTION('Axis2P3D Direction',(0.,0.,1.)) ;
#630=DIRECTION('Axis2P3D Direction',(0.,0.,1.)) ;
#639=DIRECTION('Axis2P3D Direction',(0.,0.,1.)) ;
#649=DIRECTION('Axis2P3D Direction',(0.,0.,1.)) ;
#650=DIRECTION('Axis2P3D XDirection',(1.,0.,0.)) ;
#654=DIRECTION('Axis2P3D Direction',(0.,0.,1.)) ;
#663=DIRECTION('Vector Direction',(0.,0.,1.)) ;
#668=DIRECTION('Vector Direction',(0.,0.,1.)) ;
#680=DIRECTION('Axis2P3D Direction',(0.,0.,1.)) ;
#692=DIRECTION('Axis2P3D Direction',(0.,0.,1.)) ;
#693=DIRECTION('Axis2P3D XDirection',(1.,0.,0.)) ;
#697=DIRECTION('Vector Direction',(0.,0.,1.)) ;
#704=DIRECTION('Vector Direction',(0.,0.,1.)) ;
#711=DIRECTION('Axis2P3D Direction',(0.,0.,1.)) ;
#718=DIRECTION('Axis2P3D Direction',(0.,0.,1.)) ;
#731=DIRECTION('Axis2P3D Direction',(0.,0.,1.)) ;
#738=DIRECTION('Axis2P3D Direction',(0.,0.,1.)) ;
#745=DIRECTION('Axis2P3D Direction',(0.,0.,1.)) ;
#759=DIRECTION('Axis2P3D Direction',(0.,0.,1.)) ;
#760=DIRECTION('Axis2P3D XDirection',(1.,0.,0.)) ;
#764=DIRECTION('Vector Direction',(0.,0.,1.)) ;
#771=DIRECTION('Axis2P3D Direction',(0.,0.,1.)) ;
#778=DIRECTION('Vector Direction',(0.,0.,1.)) ;
#790=DIRECTION('Axis2P3D Direction',(0.,0.,1.)) ;
#802=DIRECTION('Axis2P3D Direction',(0.,0.,1.)) ;
#803=DIRECTION('Axis2P3D XDirection',(1.,0.,0.)) ;
#807=DIRECTION('Vector Direction',(0.,0.,1.)) ;
#814=DIRECTION('Axis2P3D Direction',(0.,0.,1.)) ;
#821=DIRECTION('Vector Direction',(0.,0.,1.)) ;
#833=DIRECTION('Axis2P3D Direction',(0.,0.,1.)) ;
#845=DIRECTION('Axis2P3D Direction',(0.,0.,1.)) ;
#846=DIRECTION('Axis2P3D XDirection',(1.,0.,0.)) ;
#850=DIRECTION('Vector Direction',(0.,0.,1.)) ;
#857=DIRECTION('Axis2P3D Direction',(0.,0.,1.)) ;
#864=DIRECTION('Vector Direction',(0.,0.,1.)) ;
#876=DIRECTION('Axis2P3D Direction',(0.,0.,1.)) ;
#888=DIRECTION('Axis2P3D Direction',(0.,0.,1.)) ;
#889=DIRECTION('Axis2P3D XDirection',(1.,0.,0.)) ;
#893=DIRECTION('Vector Direction',(0.,0.,1.)) ;
#900=DIRECTION('Axis2P3D Direction',(0.,0.,1.)) ;
#907=DIRECTION('Vector Direction',(0.,0.,1.)) ;
#919=DIRECTION('Axis2P3D Direction',(0.,0.,1.)) ;
#931=DIRECTION('Axis2P3D Direction',(0.,0.,1.)) ;
#932=DIRECTION('Axis2P3D XDirection',(1.,0.,0.)) ;
#936=DIRECTION('Vector Direction',(0.,0.,1.)) ;
#943=DIRECTION('Axis2P3D Direction',(0.,0.,1.)) ;
#950=DIRECTION('Vector Direction',(0.,0.,1.)) ;
#962=DIRECTION('Axis2P3D Direction',(0.,0.,1.)) ;
#974=DIRECTION('Axis2P3D Direction',(0.,0.,1.)) ;
#975=DIRECTION('Axis2P3D XDirection',(1.,0.,0.)) ;
#979=DIRECTION('Vector Direction',(0.,0.,1.)) ;
#986=DIRECTION('Axis2P3D Direction',(0.,0.,1.)) ;
#993=DIRECTION('Vector Direction',(0.,0.,1.)) ;
#1005=DIRECTION('Axis2P3D Direction',(0.,0.,1.)) ;
#1017=DIRECTION('Axis2P3D Direction',(0.,0.,1.)) ;
#1018=DIRECTION('Axis2P3D XDirection',(1.,0.,0.)) ;
#1022=DIRECTION('Vector Direction',(0.,0.,1.)) ;
#1029=DIRECTION('Axis2P3D Direction',(0.,0.,1.)) ;
#1036=DIRECTION('Vector Direction',(0.,0.,1.)) ;
#1048=DIRECTION('Axis2P3D Direction',(0.,0.,1.)) ;
#1060=DIRECTION('Axis2P3D Direction',(0.,0.,1.)) ;
#1061=DIRECTION('Axis2P3D XDirection',(1.,0.,0.)) ;
#1065=DIRECTION('Vector Direction',(0.,0.,1.)) ;
#1072=DIRECTION('Axis2P3D Direction',(0.,0.,1.)) ;
#1079=DIRECTION('Vector Direction',(0.,0.,1.)) ;
#1091=DIRECTION('Axis2P3D Direction',(0.,0.,1.)) ;
#1103=DIRECTION('Axis2P3D Direction',(0.,0.,1.)) ;
#1104=DIRECTION('Axis2P3D XDirection',(1.,0.,0.)) ;
#1108=DIRECTION('Vector Direction',(0.,0.,1.)) ;
#1115=DIRECTION('Axis2P3D Direction',(0.,0.,1.)) ;
#1122=DIRECTION('Vector Direction',(0.,0.,1.)) ;
#1134=DIRECTION('Axis2P3D Direction',(0.,0.,1.)) ;
#1146=DIRECTION('Axis2P3D Direction',(0.,0.,1.)) ;
#1147=DIRECTION('Axis2P3D XDirection',(1.,0.,0.)) ;
#1151=DIRECTION('Vector Direction',(0.,0.,1.)) ;
#1158=DIRECTION('Axis2P3D Direction',(0.,0.,1.)) ;
#1165=DIRECTION('Vector Direction',(0.,0.,1.)) ;
#1177=DIRECTION('Axis2P3D Direction',(0.,0.,1.)) ;
#1189=DIRECTION('Axis2P3D Direction',(0.,0.,1.)) ;
#1190=DIRECTION('Axis2P3D XDirection',(1.,0.,0.)) ;
#1194=DIRECTION('Vector Direction',(0.,0.,1.)) ;
#1201=DIRECTION('Axis2P3D Direction',(0.,0.,1.)) ;
#1208=DIRECTION('Vector Direction',(0.,0.,1.)) ;
#1220=DIRECTION('Axis2P3D Direction',(0.,0.,1.)) ;
#1232=DIRECTION('Axis2P3D Direction',(0.,0.,1.)) ;
#1233=DIRECTION('Axis2P3D XDirection',(1.,0.,0.)) ;
#1237=DIRECTION('Vector Direction',(0.,0.,1.)) ;
#1244=DIRECTION('Axis2P3D Direction',(0.,0.,1.)) ;
#1251=DIRECTION('Vector Direction',(0.,0.,1.)) ;
#1263=DIRECTION('Axis2P3D Direction',(0.,0.,1.)) ;
#1275=DIRECTION('Axis2P3D Direction',(0.,0.,1.)) ;
#1276=DIRECTION('Axis2P3D XDirection',(1.,0.,0.)) ;
#1280=DIRECTION('Vector Direction',(0.,0.,1.)) ;
#1287=DIRECTION('Axis2P3D Direction',(0.,0.,1.)) ;
#1294=DIRECTION('Vector Direction',(0.,0.,1.)) ;
#1306=DIRECTION('Axis2P3D Direction',(0.,0.,1.)) ;
#1318=DIRECTION('Axis2P3D Direction',(0.,0.,1.)) ;
#1319=DIRECTION('Axis2P3D XDirection',(1.,0.,0.)) ;
#1323=DIRECTION('Vector Direction',(0.,0.,1.)) ;
#1330=DIRECTION('Axis2P3D Direction',(0.,0.,1.)) ;
#1337=DIRECTION('Vector Direction',(0.,0.,1.)) ;
#1349=DIRECTION('Axis2P3D Direction',(0.,0.,1.)) ;
#1361=DIRECTION('Axis2P3D Direction',(0.,0.,1.)) ;
#1362=DIRECTION('Axis2P3D XDirection',(1.,0.,0.)) ;
#1366=DIRECTION('Vector Direction',(0.,0.,1.)) ;
#1373=DIRECTION('Axis2P3D Direction',(0.,0.,1.)) ;
#1380=DIRECTION('Vector Direction',(0.,0.,1.)) ;
#1392=DIRECTION('Axis2P3D Direction',(0.,0.,1.)) ;
#1404=DIRECTION('Axis2P3D Direction',(0.,0.,1.)) ;
#1405=DIRECTION('Axis2P3D XDirection',(1.,0.,0.)) ;
#1409=DIRECTION('Vector Direction',(0.,0.,1.)) ;
#1416=DIRECTION('Axis2P3D Direction',(0.,0.,1.)) ;
#1423=DIRECTION('Vector Direction',(0.,0.,1.)) ;
#1435=DIRECTION('Axis2P3D Direction',(0.,0.,1.)) ;
#1447=DIRECTION('Axis2P3D Direction',(0.,0.,1.)) ;
#1448=DIRECTION('Axis2P3D XDirection',(1.,0.,0.)) ;
#1452=DIRECTION('Vector Direction',(0.,0.,1.)) ;
#1459=DIRECTION('Axis2P3D Direction',(0.,0.,1.)) ;
#1466=DIRECTION('Vector Direction',(0.,0.,1.)) ;
#1478=DIRECTION('Axis2P3D Direction',(0.,0.,1.)) ;
#1490=DIRECTION('Axis2P3D Direction',(0.,0.,1.)) ;
#1491=DIRECTION('Axis2P3D XDirection',(1.,0.,0.)) ;
#1495=DIRECTION('Vector Direction',(0.,0.,1.)) ;
#1502=DIRECTION('Axis2P3D Direction',(0.,0.,1.)) ;
#1509=DIRECTION('Vector Direction',(0.,0.,1.)) ;
#1521=DIRECTION('Axis2P3D Direction',(0.,0.,1.)) ;
#1533=DIRECTION('Axis2P3D Direction',(0.,0.,1.)) ;
#1534=DIRECTION('Axis2P3D XDirection',(1.,0.,0.)) ;
#1538=DIRECTION('Vector Direction',(0.,0.,1.)) ;
#1545=DIRECTION('Axis2P3D Direction',(0.,0.,1.)) ;
#1552=DIRECTION('Vector Direction',(0.,0.,1.)) ;
#1564=DIRECTION('Axis2P3D Direction',(0.,0.,1.)) ;
#1576=DIRECTION('Axis2P3D Direction',(0.,0.,1.)) ;
#1577=DIRECTION('Axis2P3D XDirection',(1.,0.,0.)) ;
#1581=DIRECTION('Vector Direction',(0.,0.,1.)) ;
#1588=DIRECTION('Axis2P3D Direction',(0.,0.,1.)) ;
#1595=DIRECTION('Vector Direction',(0.,0.,1.)) ;
#1607=DIRECTION('Axis2P3D Direction',(0.,0.,1.)) ;
#1619=DIRECTION('Axis2P3D Direction',(0.,0.,1.)) ;
#1620=DIRECTION('Axis2P3D XDirection',(1.,0.,0.)) ;
#1625=DIRECTION('Axis2P3D Direction',(0.,0.,1.)) ;
#1634=DIRECTION('Axis2P3D Direction',(0.,0.,1.)) ;
#1661=DIRECTION('Axis2P3D Direction',(0.,0.,1.)) ;
#1668=DIRECTION('Axis2P3D Direction',(0.,0.,1.)) ;
#1675=DIRECTION('Axis2P3D Direction',(0.,0.,1.)) ;
#1685=DIRECTION('Axis2P3D Direction',(0.,0.,1.)) ;
#1692=DIRECTION('Axis2P3D Direction',(0.,0.,1.)) ;
#1699=DIRECTION('Axis2P3D Direction',(0.,0.,1.)) ;
#1709=DIRECTION('Axis2P3D Direction',(0.,0.,1.)) ;
#1716=DIRECTION('Axis2P3D Direction',(0.,0.,1.)) ;
#1723=DIRECTION('Axis2P3D Direction',(0.,0.,1.)) ;
#1806=DIRECTION('Axis2P3D Direction',(0.,0.,1.)) ;
#1815=DIRECTION('Axis2P3D Direction',(0.,0.,1.)) ;
#1829=DIRECTION('Axis2P3D Direction',(0.,0.,1.)) ;
#1838=DIRECTION('Axis2P3D Direction',(0.,0.,1.)) ;
#1852=DIRECTION('Axis2P3D Direction',(0.,0.,1.)) ;
#1853=DIRECTION('Axis2P3D XDirection',(1.,0.,0.)) ;
#1857=DIRECTION('Vector Direction',(0.,0.,1.)) ;
#1862=DIRECTION('Vector Direction',(0.,0.,1.)) ;
#1882=DIRECTION('Axis2P3D Direction',(0.,0.,1.)) ;
#1883=DIRECTION('Axis2P3D XDirection',(1.,0.,0.)) ;
#1887=DIRECTION('Vector Direction',(0.,0.,1.)) ;
#1894=DIRECTION('Vector Direction',(0.,0.,1.)) ;
#1901=DIRECTION('Axis2P3D Direction',(0.,0.,1.)) ;
#1914=DIRECTION('Axis2P3D Direction',(0.,0.,1.)) ;
#1926=DIRECTION('Axis2P3D Direction',(0.,0.,1.)) ;
#1927=DIRECTION('Axis2P3D XDirection',(1.,0.,0.)) ;
#1931=DIRECTION('Vector Direction',(0.,0.,1.)) ;
#1938=DIRECTION('Vector Direction',(0.,0.,1.)) ;
#1945=DIRECTION('Axis2P3D Direction',(0.,0.,1.)) ;
#1958=DIRECTION('Axis2P3D Direction',(0.,0.,1.)) ;
#1970=DIRECTION('Axis2P3D Direction',(0.,0.,1.)) ;
#1971=DIRECTION('Axis2P3D XDirection',(1.,0.,0.)) ;
#1975=DIRECTION('Axis2P3D Direction',(0.,0.,1.)) ;
#1984=DIRECTION('Vector Direction',(0.,0.,1.)) ;
#1989=DIRECTION('Vector Direction',(0.,0.,1.)) ;
#2001=DIRECTION('Axis2P3D Direction',(0.,0.,1.)) ;
#2013=DIRECTION('Axis2P3D Direction',(0.,0.,1.)) ;
#2014=DIRECTION('Axis2P3D XDirection',(1.,0.,0.)) ;
#2018=DIRECTION('Axis2P3D Direction',(0.,0.,1.)) ;
#2027=DIRECTION('Vector Direction',(0.,0.,1.)) ;
#2032=DIRECTION('Vector Direction',(0.,0.,1.)) ;
#2044=DIRECTION('Axis2P3D Direction',(0.,0.,1.)) ;
#2076=DIRECTION('Vector Direction',(0.866025403784,0.5,0.)) ;
#2094=DIRECTION('Vector Direction',(0.866025403784,0.5,0.)) ;
#2107=DIRECTION('Vector Direction',(0.866025403784,0.5,0.)) ;
#2120=DIRECTION('Vector Direction',(0.866025403784,-0.5,0.)) ;
#2133=DIRECTION('Vector Direction',(-0.866025403784,0.5,0.)) ;
#2146=DIRECTION('Vector Direction',(-0.5,-0.866025403784,0.)) ;
#2154=DIRECTION('Vector Direction',(0.866025403784,-0.5,0.)) ;
#2162=DIRECTION('Vector Direction',(0.5,0.866025403784,0.)) ;
#2175=DIRECTION('Vector Direction',(0.,1.,0.)) ;
#2188=DIRECTION('Vector Direction',(0.,-1.,0.)) ;
#2201=DIRECTION('Vector Direction',(1.,0.,0.)) ;
#2209=DIRECTION('Vector Direction',(0.,1.,0.)) ;
#2217=DIRECTION('Vector Direction',(-1.,0.,0.)) ;
#2230=DIRECTION('Vector Direction',(0.,-1.,0.)) ;
#2243=DIRECTION('Vector Direction',(-0.866025403784,0.5,0.)) ;
#2256=DIRECTION('Vector Direction',(0.866025403784,0.5,0.)) ;
#2269=DIRECTION('Vector Direction',(-3.49676543189E-16,-1.,0.)) ;
#2282=DIRECTION('Vector Direction',(0.,-1.,0.)) ;
#2295=DIRECTION('Vector Direction',(0.,-1.,0.)) ;
#2308=DIRECTION('Vector Direction',(-0.866025403784,0.5,0.)) ;
#2321=DIRECTION('Vector Direction',(-0.866025403784,0.5,0.)) ;
#2334=DIRECTION('Vector Direction',(-0.866025403784,0.5,0.)) ;
#2347=DIRECTION('Vector Direction',(-0.866025403784,0.5,0.)) ;
#2360=DIRECTION('Vector Direction',(-0.866025403784,0.5,0.)) ;
#2373=DIRECTION('Vector Direction',(0.866025403784,0.5,0.)) ;
#2386=DIRECTION('Vector Direction',(-0.866025403784,-0.5,0.)) ;
#2394=DIRECTION('Vector Direction',(-0.5,0.866025403784,0.)) ;
#2402=DIRECTION('Vector Direction',(-0.866025403784,-0.5,0.)) ;
#2410=DIRECTION('Vector Direction',(0.5,-0.866025403784,0.)) ;
#8=PRODUCT_RELATED_PRODUCT_CATEGORY('part',$,(#5)) ;
#7=PRODUCT_CATEGORY('part','specification') ;
#29=STYLED_ITEM(' ',(#28),#21) ;
#2089=STYLED_ITEM(' ',(#2088),#2083) ;
#2105=STYLED_ITEM(' ',(#2104),#2101) ;
#2118=STYLED_ITEM(' ',(#2117),#2114) ;
#2131=STYLED_ITEM(' ',(#2130),#2127) ;
#2144=STYLED_ITEM(' ',(#2143),#2140) ;
#2173=STYLED_ITEM(' ',(#2172),#2169) ;
#2186=STYLED_ITEM(' ',(#2185),#2182) ;
#2199=STYLED_ITEM(' ',(#2198),#2195) ;
#2228=STYLED_ITEM(' ',(#2227),#2224) ;
#2241=STYLED_ITEM(' ',(#2240),#2237) ;
#2254=STYLED_ITEM(' ',(#2253),#2250) ;
#2267=STYLED_ITEM(' ',(#2266),#2263) ;
#2280=STYLED_ITEM(' ',(#2279),#2276) ;
#2293=STYLED_ITEM(' ',(#2292),#2289) ;
#2306=STYLED_ITEM(' ',(#2305),#2302) ;
#2319=STYLED_ITEM(' ',(#2318),#2315) ;
#2332=STYLED_ITEM(' ',(#2331),#2328) ;
#2345=STYLED_ITEM(' ',(#2344),#2341) ;
#2358=STYLED_ITEM(' ',(#2357),#2354) ;
#2371=STYLED_ITEM(' ',(#2370),#2367) ;
#2384=STYLED_ITEM(' ',(#2383),#2380) ;
#2421=STYLED_ITEM(' ',(#2420),#2417) ;
#28=PRESENTATION_STYLE_ASSIGNMENT((#27)) ;
#2088=PRESENTATION_STYLE_ASSIGNMENT((#2087)) ;
#2104=PRESENTATION_STYLE_ASSIGNMENT((#2103)) ;
#2117=PRESENTATION_STYLE_ASSIGNMENT((#2116)) ;
#2130=PRESENTATION_STYLE_ASSIGNMENT((#2129)) ;
#2143=PRESENTATION_STYLE_ASSIGNMENT((#2142)) ;
#2172=PRESENTATION_STYLE_ASSIGNMENT((#2171)) ;
#2185=PRESENTATION_STYLE_ASSIGNMENT((#2184)) ;
#2198=PRESENTATION_STYLE_ASSIGNMENT((#2197)) ;
#2227=PRESENTATION_STYLE_ASSIGNMENT((#2226)) ;
#2240=PRESENTATION_STYLE_ASSIGNMENT((#2239)) ;
#2253=PRESENTATION_STYLE_ASSIGNMENT((#2252)) ;
#2266=PRESENTATION_STYLE_ASSIGNMENT((#2265)) ;
#2279=PRESENTATION_STYLE_ASSIGNMENT((#2278)) ;
#2292=PRESENTATION_STYLE_ASSIGNMENT((#2291)) ;
#2305=PRESENTATION_STYLE_ASSIGNMENT((#2304)) ;
#2318=PRESENTATION_STYLE_ASSIGNMENT((#2317)) ;
#2331=PRESENTATION_STYLE_ASSIGNMENT((#2330)) ;
#2344=PRESENTATION_STYLE_ASSIGNMENT((#2343)) ;
#2357=PRESENTATION_STYLE_ASSIGNMENT((#2356)) ;
#2370=PRESENTATION_STYLE_ASSIGNMENT((#2369)) ;
#2383=PRESENTATION_STYLE_ASSIGNMENT((#2382)) ;
#2420=PRESENTATION_STYLE_ASSIGNMENT((#2419)) ;
#2087=CURVE_STYLE(' ',#2085,POSITIVE_LENGTH_MEASURE(0.129999995232),#2086) ;
#2103=CURVE_STYLE(' ',#2085,POSITIVE_LENGTH_MEASURE(0.129999995232),#2086) ;
#2116=CURVE_STYLE(' ',#2085,POSITIVE_LENGTH_MEASURE(0.129999995232),#2086) ;
#2129=CURVE_STYLE(' ',#2085,POSITIVE_LENGTH_MEASURE(0.129999995232),#2086) ;
#2142=CURVE_STYLE(' ',#2085,POSITIVE_LENGTH_MEASURE(0.129999995232),#2086) ;
#2171=CURVE_STYLE(' ',#2085,POSITIVE_LENGTH_MEASURE(0.129999995232),#2086) ;
#2184=CURVE_STYLE(' ',#2085,POSITIVE_LENGTH_MEASURE(0.129999995232),#2086) ;
#2197=CURVE_STYLE(' ',#2085,POSITIVE_LENGTH_MEASURE(0.129999995232),#2086) ;
#2226=CURVE_STYLE(' ',#2085,POSITIVE_LENGTH_MEASURE(0.129999995232),#2086) ;
#2239=CURVE_STYLE(' ',#2085,POSITIVE_LENGTH_MEASURE(0.129999995232),#2086) ;
#2252=CURVE_STYLE(' ',#2085,POSITIVE_LENGTH_MEASURE(0.129999995232),#2086) ;
#2265=CURVE_STYLE(' ',#2085,POSITIVE_LENGTH_MEASURE(0.129999995232),#2086) ;
#2278=CURVE_STYLE(' ',#2085,POSITIVE_LENGTH_MEASURE(0.129999995232),#2086) ;
#2291=CURVE_STYLE(' ',#2085,POSITIVE_LENGTH_MEASURE(0.129999995232),#2086) ;
#2304=CURVE_STYLE(' ',#2085,POSITIVE_LENGTH_MEASURE(0.129999995232),#2086) ;
#2317=CURVE_STYLE(' ',#2085,POSITIVE_LENGTH_MEASURE(0.129999995232),#2086) ;
#2330=CURVE_STYLE(' ',#2085,POSITIVE_LENGTH_MEASURE(0.129999995232),#2086) ;
#2343=CURVE_STYLE(' ',#2085,POSITIVE_LENGTH_MEASURE(0.129999995232),#2086) ;
#2356=CURVE_STYLE(' ',#2085,POSITIVE_LENGTH_MEASURE(0.129999995232),#2086) ;
#2369=CURVE_STYLE(' ',#2085,POSITIVE_LENGTH_MEASURE(0.129999995232),#2086) ;
#2382=CURVE_STYLE(' ',#2085,POSITIVE_LENGTH_MEASURE(0.129999995232),#2086) ;
#2419=CURVE_STYLE(' ',#2085,POSITIVE_LENGTH_MEASURE(0.129999995232),#2086) ;
#27=SURFACE_STYLE_USAGE(.BOTH.,#26) ;
#26=SURFACE_SIDE_STYLE(' ',(#25)) ;
#25=SURFACE_STYLE_FILL_AREA(#24) ;
#24=FILL_AREA_STYLE(' ',(#23)) ;
#23=FILL_AREA_STYLE_COLOUR(' ',#22) ;
#40=VECTOR('Line Direction',#39,1.) ;
#49=VECTOR('Line Direction',#48,1.) ;
#56=VECTOR('Line Direction',#55,1.) ;
#63=VECTOR('Line Direction',#62,1.) ;
#81=VECTOR('Line Direction',#80,1.) ;
#88=VECTOR('Line Direction',#87,1.) ;
#95=VECTOR('Line Direction',#94,1.) ;
#113=VECTOR('Line Direction',#112,1.) ;
#120=VECTOR('Line Direction',#119,1.) ;
#138=VECTOR('Line Direction',#137,1.) ;
#145=VECTOR('Line Direction',#144,1.) ;
#163=VECTOR('Line Direction',#162,1.) ;
#180=VECTOR('Line Direction',#179,1.) ;
#196=VECTOR('Line Direction',#195,1.) ;
#664=VECTOR('Line Direction',#663,1.) ;
#669=VECTOR('Line Direction',#668,1.) ;
#698=VECTOR('Line Direction',#697,1.) ;
#705=VECTOR('Line Direction',#704,1.) ;
#765=VECTOR('Line Direction',#764,1.) ;
#779=VECTOR('Line Direction',#778,1.) ;
#808=VECTOR('Line Direction',#807,1.) ;
#822=VECTOR('Line Direction',#821,1.) ;
#851=VECTOR('Line Direction',#850,1.) ;
#865=VECTOR('Line Direction',#864,1.) ;
#894=VECTOR('Line Direction',#893,1.) ;
#908=VECTOR('Line Direction',#907,1.) ;
#937=VECTOR('Line Direction',#936,1.) ;
#951=VECTOR('Line Direction',#950,1.) ;
#980=VECTOR('Line Direction',#979,1.) ;
#994=VECTOR('Line Direction',#993,1.) ;
#1023=VECTOR('Line Direction',#1022,1.) ;
#1037=VECTOR('Line Direction',#1036,1.) ;
#1066=VECTOR('Line Direction',#1065,1.) ;
#1080=VECTOR('Line Direction',#1079,1.) ;
#1109=VECTOR('Line Direction',#1108,1.) ;
#1123=VECTOR('Line Direction',#1122,1.) ;
#1152=VECTOR('Line Direction',#1151,1.) ;
#1166=VECTOR('Line Direction',#1165,1.) ;
#1195=VECTOR('Line Direction',#1194,1.) ;
#1209=VECTOR('Line Direction',#1208,1.) ;
#1238=VECTOR('Line Direction',#1237,1.) ;
#1252=VECTOR('Line Direction',#1251,1.) ;
#1281=VECTOR('Line Direction',#1280,1.) ;
#1295=VECTOR('Line Direction',#1294,1.) ;
#1324=VECTOR('Line Direction',#1323,1.) ;
#1338=VECTOR('Line Direction',#1337,1.) ;
#1367=VECTOR('Line Direction',#1366,1.) ;
#1381=VECTOR('Line Direction',#1380,1.) ;
#1410=VECTOR('Line Direction',#1409,1.) ;
#1424=VECTOR('Line Direction',#1423,1.) ;
#1453=VECTOR('Line Direction',#1452,1.) ;
#1467=VECTOR('Line Direction',#1466,1.) ;
#1496=VECTOR('Line Direction',#1495,1.) ;
#1510=VECTOR('Line Direction',#1509,1.) ;
#1539=VECTOR('Line Direction',#1538,1.) ;
#1553=VECTOR('Line Direction',#1552,1.) ;
#1582=VECTOR('Line Direction',#1581,1.) ;
#1596=VECTOR('Line Direction',#1595,1.) ;
#1858=VECTOR('Line Direction',#1857,1.) ;
#1863=VECTOR('Line Direction',#1862,1.) ;
#1888=VECTOR('Line Direction',#1887,1.) ;
#1895=VECTOR('Line Direction',#1894,1.) ;
#1932=VECTOR('Line Direction',#1931,1.) ;
#1939=VECTOR('Line Direction',#1938,1.) ;
#1985=VECTOR('Line Direction',#1984,1.) ;
#1990=VECTOR('Line Direction',#1989,1.) ;
#2028=VECTOR('Line Direction',#2027,1.) ;
#2033=VECTOR('Line Direction',#2032,1.) ;
#2077=VECTOR('Line Direction',#2076,1.) ;
#2095=VECTOR('Line Direction',#2094,1.) ;
#2108=VECTOR('Line Direction',#2107,1.) ;
#2121=VECTOR('Line Direction',#2120,1.) ;
#2134=VECTOR('Line Direction',#2133,1.) ;
#2147=VECTOR('Line Direction',#2146,1.) ;
#2155=VECTOR('Line Direction',#2154,1.) ;
#2163=VECTOR('Line Direction',#2162,1.) ;
#2176=VECTOR('Line Direction',#2175,1.) ;
#2189=VECTOR('Line Direction',#2188,1.) ;
#2202=VECTOR('Line Direction',#2201,1.) ;
#2210=VECTOR('Line Direction',#2209,1.) ;
#2218=VECTOR('Line Direction',#2217,1.) ;
#2231=VECTOR('Line Direction',#2230,1.) ;
#2244=VECTOR('Line Direction',#2243,1.) ;
#2257=VECTOR('Line Direction',#2256,1.) ;
#2270=VECTOR('Line Direction',#2269,1.) ;
#2283=VECTOR('Line Direction',#2282,1.) ;
#2296=VECTOR('Line Direction',#2295,1.) ;
#2309=VECTOR('Line Direction',#2308,1.) ;
#2322=VECTOR('Line Direction',#2321,1.) ;
#2335=VECTOR('Line Direction',#2334,1.) ;
#2348=VECTOR('Line Direction',#2347,1.) ;
#2361=VECTOR('Line Direction',#2360,1.) ;
#2374=VECTOR('Line Direction',#2373,1.) ;
#2387=VECTOR('Line Direction',#2386,1.) ;
#2395=VECTOR('Line Direction',#2394,1.) ;
#2403=VECTOR('Line Direction',#2402,1.) ;
#2411=VECTOR('Line Direction',#2410,1.) ;
#15=UNCERTAINTY_MEASURE_WITH_UNIT(LENGTH_MEASURE(0.005),#12,'distance_accuracy_value','CONFUSED CURVE UNCERTAINTY') ;
#2083=COMPOSITE_CURVE('\X2\042D0441043A04380437\X0\.5',(#2082),.U.) ;
#2101=COMPOSITE_CURVE('\X2\042D0441043A04380437\X0\.5',(#2100),.U.) ;
#2114=COMPOSITE_CURVE('\X2\042D0441043A04380437\X0\.5',(#2113),.U.) ;
#2127=COMPOSITE_CURVE('\X2\042D0441043A04380437\X0\.5',(#2126),.U.) ;
#2140=COMPOSITE_CURVE('\X2\042D0441043A04380437\X0\.5',(#2139),.U.) ;
#2169=COMPOSITE_CURVE('\X2\042D0441043A04380437\X0\.5',(#2152,#2160,#2168),.U.) ;
#2182=COMPOSITE_CURVE('\X2\042D0441043A04380437\X0\.5',(#2181),.U.) ;
#2195=COMPOSITE_CURVE('\X2\042D0441043A04380437\X0\.5',(#2194),.U.) ;
#2224=COMPOSITE_CURVE('\X2\042D0441043A04380437\X0\.5',(#2207,#2215,#2223),.U.) ;
#2237=COMPOSITE_CURVE('\X2\042D0441043A04380437\X0\.5',(#2236),.U.) ;
#2250=COMPOSITE_CURVE('\X2\042D0441043A04380437\X0\.5',(#2249),.U.) ;
#2263=COMPOSITE_CURVE('\X2\042D0441043A04380437\X0\.5',(#2262),.U.) ;
#2276=COMPOSITE_CURVE('\X2\042D0441043A04380437\X0\.5',(#2275),.U.) ;
#2289=COMPOSITE_CURVE('\X2\042D0441043A04380437\X0\.5',(#2288),.U.) ;
#2302=COMPOSITE_CURVE('\X2\042D0441043A04380437\X0\.5',(#2301),.U.) ;
#2315=COMPOSITE_CURVE('\X2\042D0441043A04380437\X0\.5',(#2314),.U.) ;
#2328=COMPOSITE_CURVE('\X2\042D0441043A04380437\X0\.5',(#2327),.U.) ;
#2341=COMPOSITE_CURVE('\X2\042D0441043A04380437\X0\.5',(#2340),.U.) ;
#2354=COMPOSITE_CURVE('\X2\042D0441043A04380437\X0\.5',(#2353),.U.) ;
#2367=COMPOSITE_CURVE('\X2\042D0441043A04380437\X0\.5',(#2366),.U.) ;
#2380=COMPOSITE_CURVE('\X2\042D0441043A04380437\X0\.5',(#2379),.U.) ;
#2417=COMPOSITE_CURVE('\X2\042D0441043A04380437\X0\.5',(#2392,#2400,#2408,#2416),.U.) ;
#2082=COMPOSITE_CURVE_SEGMENT(.DISCONTINUOUS.,.T.,#2081) ;
#2100=COMPOSITE_CURVE_SEGMENT(.DISCONTINUOUS.,.T.,#2099) ;
#2113=COMPOSITE_CURVE_SEGMENT(.DISCONTINUOUS.,.T.,#2112) ;
#2126=COMPOSITE_CURVE_SEGMENT(.DISCONTINUOUS.,.T.,#2125) ;
#2139=COMPOSITE_CURVE_SEGMENT(.DISCONTINUOUS.,.T.,#2138) ;
#2152=COMPOSITE_CURVE_SEGMENT(.CONTINUOUS.,.T.,#2151) ;
#2160=COMPOSITE_CURVE_SEGMENT(.CONTINUOUS.,.T.,#2159) ;
#2168=COMPOSITE_CURVE_SEGMENT(.DISCONTINUOUS.,.T.,#2167) ;
#2181=COMPOSITE_CURVE_SEGMENT(.DISCONTINUOUS.,.T.,#2180) ;
#2194=COMPOSITE_CURVE_SEGMENT(.DISCONTINUOUS.,.T.,#2193) ;
#2207=COMPOSITE_CURVE_SEGMENT(.CONTINUOUS.,.T.,#2206) ;
#2215=COMPOSITE_CURVE_SEGMENT(.CONTINUOUS.,.T.,#2214) ;
#2223=COMPOSITE_CURVE_SEGMENT(.DISCONTINUOUS.,.T.,#2222) ;
#2236=COMPOSITE_CURVE_SEGMENT(.DISCONTINUOUS.,.T.,#2235) ;
#2249=COMPOSITE_CURVE_SEGMENT(.DISCONTINUOUS.,.T.,#2248) ;
#2262=COMPOSITE_CURVE_SEGMENT(.DISCONTINUOUS.,.T.,#2261) ;
#2275=COMPOSITE_CURVE_SEGMENT(.DISCONTINUOUS.,.T.,#2274) ;
#2288=COMPOSITE_CURVE_SEGMENT(.DISCONTINUOUS.,.T.,#2287) ;
#2301=COMPOSITE_CURVE_SEGMENT(.DISCONTINUOUS.,.T.,#2300) ;
#2314=COMPOSITE_CURVE_SEGMENT(.DISCONTINUOUS.,.T.,#2313) ;
#2327=COMPOSITE_CURVE_SEGMENT(.DISCONTINUOUS.,.T.,#2326) ;
#2340=COMPOSITE_CURVE_SEGMENT(.DISCONTINUOUS.,.T.,#2339) ;
#2353=COMPOSITE_CURVE_SEGMENT(.DISCONTINUOUS.,.T.,#2352) ;
#2366=COMPOSITE_CURVE_SEGMENT(.DISCONTINUOUS.,.T.,#2365) ;
#2379=COMPOSITE_CURVE_SEGMENT(.DISCONTINUOUS.,.T.,#2378) ;
#2392=COMPOSITE_CURVE_SEGMENT(.CONTINUOUS.,.T.,#2391) ;
#2400=COMPOSITE_CURVE_SEGMENT(.CONTINUOUS.,.T.,#2399) ;
#2408=COMPOSITE_CURVE_SEGMENT(.CONTINUOUS.,.T.,#2407) ;
#2416=COMPOSITE_CURVE_SEGMENT(.DISCONTINUOUS.,.T.,#2415) ;
#2074=SHAPE_REPRESENTATION_RELATIONSHIP(' ',' ',#19,#2073) ;
#2092=SHAPE_REPRESENTATION_RELATIONSHIP(' ',' ',#19,#2090) ;
#67=ORIENTED_EDGE('',*,*,#46,.F.) ;
#68=ORIENTED_EDGE('',*,*,#53,.T.) ;
#69=ORIENTED_EDGE('',*,*,#60,.T.) ;
#70=ORIENTED_EDGE('',*,*,#65,.F.) ;
#99=ORIENTED_EDGE('',*,*,#65,.T.) ;
#100=ORIENTED_EDGE('',*,*,#85,.T.) ;
#101=ORIENTED_EDGE('',*,*,#92,.T.) ;
#102=ORIENTED_EDGE('',*,*,#97,.T.) ;
#124=ORIENTED_EDGE('',*,*,#60,.F.) ;
#125=ORIENTED_EDGE('',*,*,#117,.T.) ;
#126=ORIENTED_EDGE('',*,*,#122,.T.) ;
#127=ORIENTED_EDGE('',*,*,#85,.F.) ;
#149=ORIENTED_EDGE('',*,*,#142,.F.) ;
#150=ORIENTED_EDGE('',*,*,#147,.T.) ;
#151=ORIENTED_EDGE('',*,*,#46,.T.) ;
#152=ORIENTED_EDGE('',*,*,#97,.F.) ;
#167=ORIENTED_EDGE('',*,*,#122,.F.) ;
#168=ORIENTED_EDGE('',*,*,#165,.T.) ;
#169=ORIENTED_EDGE('',*,*,#142,.T.) ;
#170=ORIENTED_EDGE('',*,*,#92,.F.) ;
#207=ORIENTED_EDGE('',*,*,#186,.F.) ;
#208=ORIENTED_EDGE('',*,*,#193,.T.) ;
#209=ORIENTED_EDGE('',*,*,#200,.T.) ;
#210=ORIENTED_EDGE('',*,*,#205,.F.) ;
#224=ORIENTED_EDGE('',*,*,#200,.F.) ;
#225=ORIENTED_EDGE('',*,*,#217,.T.) ;
#226=ORIENTED_EDGE('',*,*,#186,.T.) ;
#227=ORIENTED_EDGE('',*,*,#222,.F.) ;
#251=ORIENTED_EDGE('',*,*,#244,.T.) ;
#252=ORIENTED_EDGE('',*,*,#249,.T.) ;
#255=ORIENTED_EDGE('',*,*,#193,.F.) ;
#256=ORIENTED_EDGE('',*,*,#217,.F.) ;
#280=ORIENTED_EDGE('',*,*,#273,.F.) ;
#281=ORIENTED_EDGE('',*,*,#278,.F.) ;
#298=ORIENTED_EDGE('',*,*,#291,.T.) ;
#299=ORIENTED_EDGE('',*,*,#296,.T.) ;
#316=ORIENTED_EDGE('',*,*,#309,.T.) ;
#317=ORIENTED_EDGE('',*,*,#314,.T.) ;
#320=ORIENTED_EDGE('',*,*,#222,.T.) ;
#321=ORIENTED_EDGE('',*,*,#205,.T.) ;
#338=ORIENTED_EDGE('',*,*,#331,.T.) ;
#339=ORIENTED_EDGE('',*,*,#336,.T.) ;
#356=ORIENTED_EDGE('',*,*,#349,.T.) ;
#357=ORIENTED_EDGE('',*,*,#354,.T.) ;
#374=ORIENTED_EDGE('',*,*,#367,.T.) ;
#375=ORIENTED_EDGE('',*,*,#372,.T.) ;
#392=ORIENTED_EDGE('',*,*,#385,.T.) ;
#393=ORIENTED_EDGE('',*,*,#390,.T.) ;
#410=ORIENTED_EDGE('',*,*,#403,.T.) ;
#411=ORIENTED_EDGE('',*,*,#408,.T.) ;
#428=ORIENTED_EDGE('',*,*,#421,.T.) ;
#429=ORIENTED_EDGE('',*,*,#426,.T.) ;
#446=ORIENTED_EDGE('',*,*,#439,.T.) ;
#447=ORIENTED_EDGE('',*,*,#444,.T.) ;
#464=ORIENTED_EDGE('',*,*,#457,.T.) ;
#465=ORIENTED_EDGE('',*,*,#462,.T.) ;
#482=ORIENTED_EDGE('',*,*,#475,.T.) ;
#483=ORIENTED_EDGE('',*,*,#480,.T.) ;
#500=ORIENTED_EDGE('',*,*,#493,.T.) ;
#501=ORIENTED_EDGE('',*,*,#498,.T.) ;
#518=ORIENTED_EDGE('',*,*,#511,.T.) ;
#519=ORIENTED_EDGE('',*,*,#516,.T.) ;
#536=ORIENTED_EDGE('',*,*,#529,.T.) ;
#537=ORIENTED_EDGE('',*,*,#534,.T.) ;
#554=ORIENTED_EDGE('',*,*,#547,.T.) ;
#555=ORIENTED_EDGE('',*,*,#552,.T.) ;
#572=ORIENTED_EDGE('',*,*,#565,.T.) ;
#573=ORIENTED_EDGE('',*,*,#570,.T.) ;
#590=ORIENTED_EDGE('',*,*,#583,.T.) ;
#591=ORIENTED_EDGE('',*,*,#588,.T.) ;
#608=ORIENTED_EDGE('',*,*,#601,.T.) ;
#609=ORIENTED_EDGE('',*,*,#606,.T.) ;
#626=ORIENTED_EDGE('',*,*,#619,.T.) ;
#627=ORIENTED_EDGE('',*,*,#624,.T.) ;
#644=ORIENTED_EDGE('',*,*,#637,.T.) ;
#645=ORIENTED_EDGE('',*,*,#642,.T.) ;
#673=ORIENTED_EDGE('',*,*,#661,.T.) ;
#674=ORIENTED_EDGE('',*,*,#666,.F.) ;
#675=ORIENTED_EDGE('',*,*,#244,.F.) ;
#676=ORIENTED_EDGE('',*,*,#671,.T.) ;
#685=ORIENTED_EDGE('',*,*,#683,.T.) ;
#686=ORIENTED_EDGE('',*,*,#671,.F.) ;
#687=ORIENTED_EDGE('',*,*,#249,.F.) ;
#688=ORIENTED_EDGE('',*,*,#666,.T.) ;
#723=ORIENTED_EDGE('',*,*,#702,.F.) ;
#724=ORIENTED_EDGE('',*,*,#278,.T.) ;
#725=ORIENTED_EDGE('',*,*,#709,.T.) ;
#726=ORIENTED_EDGE('',*,*,#716,.F.) ;
#727=ORIENTED_EDGE('',*,*,#721,.F.) ;
#750=ORIENTED_EDGE('',*,*,#709,.F.) ;
#751=ORIENTED_EDGE('',*,*,#273,.T.) ;
#752=ORIENTED_EDGE('',*,*,#702,.T.) ;
#753=ORIENTED_EDGE('',*,*,#736,.F.) ;
#754=ORIENTED_EDGE('',*,*,#743,.F.) ;
#755=ORIENTED_EDGE('',*,*,#748,.F.) ;
#783=ORIENTED_EDGE('',*,*,#769,.F.) ;
#784=ORIENTED_EDGE('',*,*,#776,.T.) ;
#785=ORIENTED_EDGE('',*,*,#781,.T.) ;
#786=ORIENTED_EDGE('',*,*,#296,.F.) ;
#795=ORIENTED_EDGE('',*,*,#781,.F.) ;
#796=ORIENTED_EDGE('',*,*,#793,.T.) ;
#797=ORIENTED_EDGE('',*,*,#769,.T.) ;
#798=ORIENTED_EDGE('',*,*,#291,.F.) ;
#826=ORIENTED_EDGE('',*,*,#812,.F.) ;
#827=ORIENTED_EDGE('',*,*,#819,.T.) ;
#828=ORIENTED_EDGE('',*,*,#824,.T.) ;
#829=ORIENTED_EDGE('',*,*,#314,.F.) ;
#838=ORIENTED_EDGE('',*,*,#824,.F.) ;
#839=ORIENTED_EDGE('',*,*,#836,.T.) ;
#840=ORIENTED_EDGE('',*,*,#812,.T.) ;
#841=ORIENTED_EDGE('',*,*,#309,.F.) ;
#869=ORIENTED_EDGE('',*,*,#855,.F.) ;
#870=ORIENTED_EDGE('',*,*,#862,.T.) ;
#871=ORIENTED_EDGE('',*,*,#867,.T.) ;
#872=ORIENTED_EDGE('',*,*,#336,.F.) ;
#881=ORIENTED_EDGE('',*,*,#867,.F.) ;
#882=ORIENTED_EDGE('',*,*,#879,.T.) ;
#883=ORIENTED_EDGE('',*,*,#855,.T.) ;
#884=ORIENTED_EDGE('',*,*,#331,.F.) ;
#912=ORIENTED_EDGE('',*,*,#898,.F.) ;
#913=ORIENTED_EDGE('',*,*,#905,.T.) ;
#914=ORIENTED_EDGE('',*,*,#910,.T.) ;
#915=ORIENTED_EDGE('',*,*,#354,.F.) ;
#924=ORIENTED_EDGE('',*,*,#910,.F.) ;
#925=ORIENTED_EDGE('',*,*,#922,.T.) ;
#926=ORIENTED_EDGE('',*,*,#898,.T.) ;
#927=ORIENTED_EDGE('',*,*,#349,.F.) ;
#955=ORIENTED_EDGE('',*,*,#941,.F.) ;
#956=ORIENTED_EDGE('',*,*,#948,.T.) ;
#957=ORIENTED_EDGE('',*,*,#953,.T.) ;
#958=ORIENTED_EDGE('',*,*,#372,.F.) ;
#967=ORIENTED_EDGE('',*,*,#953,.F.) ;
#968=ORIENTED_EDGE('',*,*,#965,.T.) ;
#969=ORIENTED_EDGE('',*,*,#941,.T.) ;
#970=ORIENTED_EDGE('',*,*,#367,.F.) ;
#998=ORIENTED_EDGE('',*,*,#984,.F.) ;
#999=ORIENTED_EDGE('',*,*,#991,.T.) ;
#1000=ORIENTED_EDGE('',*,*,#996,.T.) ;
#1001=ORIENTED_EDGE('',*,*,#390,.F.) ;
#1010=ORIENTED_EDGE('',*,*,#996,.F.) ;
#1011=ORIENTED_EDGE('',*,*,#1008,.T.) ;
#1012=ORIENTED_EDGE('',*,*,#984,.T.) ;
#1013=ORIENTED_EDGE('',*,*,#385,.F.) ;
#1041=ORIENTED_EDGE('',*,*,#1027,.F.) ;
#1042=ORIENTED_EDGE('',*,*,#1034,.T.) ;
#1043=ORIENTED_EDGE('',*,*,#1039,.T.) ;
#1044=ORIENTED_EDGE('',*,*,#408,.F.) ;
#1053=ORIENTED_EDGE('',*,*,#1039,.F.) ;
#1054=ORIENTED_EDGE('',*,*,#1051,.T.) ;
#1055=ORIENTED_EDGE('',*,*,#1027,.T.) ;
#1056=ORIENTED_EDGE('',*,*,#403,.F.) ;
#1084=ORIENTED_EDGE('',*,*,#1070,.F.) ;
#1085=ORIENTED_EDGE('',*,*,#1077,.T.) ;
#1086=ORIENTED_EDGE('',*,*,#1082,.T.) ;
#1087=ORIENTED_EDGE('',*,*,#426,.F.) ;
#1096=ORIENTED_EDGE('',*,*,#1082,.F.) ;
#1097=ORIENTED_EDGE('',*,*,#1094,.T.) ;
#1098=ORIENTED_EDGE('',*,*,#1070,.T.) ;
#1099=ORIENTED_EDGE('',*,*,#421,.F.) ;
#1127=ORIENTED_EDGE('',*,*,#1113,.F.) ;
#1128=ORIENTED_EDGE('',*,*,#1120,.T.) ;
#1129=ORIENTED_EDGE('',*,*,#1125,.T.) ;
#1130=ORIENTED_EDGE('',*,*,#444,.F.) ;
#1139=ORIENTED_EDGE('',*,*,#1125,.F.) ;
#1140=ORIENTED_EDGE('',*,*,#1137,.T.) ;
#1141=ORIENTED_EDGE('',*,*,#1113,.T.) ;
#1142=ORIENTED_EDGE('',*,*,#439,.F.) ;
#1170=ORIENTED_EDGE('',*,*,#1156,.F.) ;
#1171=ORIENTED_EDGE('',*,*,#1163,.T.) ;
#1172=ORIENTED_EDGE('',*,*,#1168,.T.) ;
#1173=ORIENTED_EDGE('',*,*,#462,.F.) ;
#1182=ORIENTED_EDGE('',*,*,#1168,.F.) ;
#1183=ORIENTED_EDGE('',*,*,#1180,.T.) ;
#1184=ORIENTED_EDGE('',*,*,#1156,.T.) ;
#1185=ORIENTED_EDGE('',*,*,#457,.F.) ;
#1213=ORIENTED_EDGE('',*,*,#1199,.F.) ;
#1214=ORIENTED_EDGE('',*,*,#1206,.T.) ;
#1215=ORIENTED_EDGE('',*,*,#1211,.T.) ;
#1216=ORIENTED_EDGE('',*,*,#480,.F.) ;
#1225=ORIENTED_EDGE('',*,*,#1211,.F.) ;
#1226=ORIENTED_EDGE('',*,*,#1223,.T.) ;
#1227=ORIENTED_EDGE('',*,*,#1199,.T.) ;
#1228=ORIENTED_EDGE('',*,*,#475,.F.) ;
#1256=ORIENTED_EDGE('',*,*,#1242,.F.) ;
#1257=ORIENTED_EDGE('',*,*,#1249,.T.) ;
#1258=ORIENTED_EDGE('',*,*,#1254,.T.) ;
#1259=ORIENTED_EDGE('',*,*,#498,.F.) ;
#1268=ORIENTED_EDGE('',*,*,#1254,.F.) ;
#1269=ORIENTED_EDGE('',*,*,#1266,.T.) ;
#1270=ORIENTED_EDGE('',*,*,#1242,.T.) ;
#1271=ORIENTED_EDGE('',*,*,#493,.F.) ;
#1299=ORIENTED_EDGE('',*,*,#1285,.F.) ;
#1300=ORIENTED_EDGE('',*,*,#1292,.T.) ;
#1301=ORIENTED_EDGE('',*,*,#1297,.T.) ;
#1302=ORIENTED_EDGE('',*,*,#516,.F.) ;
#1311=ORIENTED_EDGE('',*,*,#1297,.F.) ;
#1312=ORIENTED_EDGE('',*,*,#1309,.T.) ;
#1313=ORIENTED_EDGE('',*,*,#1285,.T.) ;
#1314=ORIENTED_EDGE('',*,*,#511,.F.) ;
#1342=ORIENTED_EDGE('',*,*,#1328,.F.) ;
#1343=ORIENTED_EDGE('',*,*,#1335,.T.) ;
#1344=ORIENTED_EDGE('',*,*,#1340,.T.) ;
#1345=ORIENTED_EDGE('',*,*,#534,.F.) ;
#1354=ORIENTED_EDGE('',*,*,#1340,.F.) ;
#1355=ORIENTED_EDGE('',*,*,#1352,.T.) ;
#1356=ORIENTED_EDGE('',*,*,#1328,.T.) ;
#1357=ORIENTED_EDGE('',*,*,#529,.F.) ;
#1385=ORIENTED_EDGE('',*,*,#1371,.F.) ;
#1386=ORIENTED_EDGE('',*,*,#1378,.T.) ;
#1387=ORIENTED_EDGE('',*,*,#1383,.T.) ;
#1388=ORIENTED_EDGE('',*,*,#552,.F.) ;
#1397=ORIENTED_EDGE('',*,*,#1383,.F.) ;
#1398=ORIENTED_EDGE('',*,*,#1395,.T.) ;
#1399=ORIENTED_EDGE('',*,*,#1371,.T.) ;
#1400=ORIENTED_EDGE('',*,*,#547,.F.) ;
#1428=ORIENTED_EDGE('',*,*,#1414,.F.) ;
#1429=ORIENTED_EDGE('',*,*,#1421,.T.) ;
#1430=ORIENTED_EDGE('',*,*,#1426,.T.) ;
#1431=ORIENTED_EDGE('',*,*,#570,.F.) ;
#1440=ORIENTED_EDGE('',*,*,#1426,.F.) ;
#1441=ORIENTED_EDGE('',*,*,#1438,.T.) ;
#1442=ORIENTED_EDGE('',*,*,#1414,.T.) ;
#1443=ORIENTED_EDGE('',*,*,#565,.F.) ;
#1471=ORIENTED_EDGE('',*,*,#1457,.F.) ;
#1472=ORIENTED_EDGE('',*,*,#1464,.T.) ;
#1473=ORIENTED_EDGE('',*,*,#1469,.T.) ;
#1474=ORIENTED_EDGE('',*,*,#588,.F.) ;
#1483=ORIENTED_EDGE('',*,*,#1469,.F.) ;
#1484=ORIENTED_EDGE('',*,*,#1481,.T.) ;
#1485=ORIENTED_EDGE('',*,*,#1457,.T.) ;
#1486=ORIENTED_EDGE('',*,*,#583,.F.) ;
#1514=ORIENTED_EDGE('',*,*,#1500,.F.) ;
#1515=ORIENTED_EDGE('',*,*,#1507,.T.) ;
#1516=ORIENTED_EDGE('',*,*,#1512,.T.) ;
#1517=ORIENTED_EDGE('',*,*,#606,.F.) ;
#1526=ORIENTED_EDGE('',*,*,#1512,.F.) ;
#1527=ORIENTED_EDGE('',*,*,#1524,.T.) ;
#1528=ORIENTED_EDGE('',*,*,#1500,.T.) ;
#1529=ORIENTED_EDGE('',*,*,#601,.F.) ;
#1557=ORIENTED_EDGE('',*,*,#1543,.F.) ;
#1558=ORIENTED_EDGE('',*,*,#1550,.T.) ;
#1559=ORIENTED_EDGE('',*,*,#1555,.T.) ;
#1560=ORIENTED_EDGE('',*,*,#624,.F.) ;
#1569=ORIENTED_EDGE('',*,*,#1555,.F.) ;
#1570=ORIENTED_EDGE('',*,*,#1567,.T.) ;
#1571=ORIENTED_EDGE('',*,*,#1543,.T.) ;
#1572=ORIENTED_EDGE('',*,*,#619,.F.) ;
#1600=ORIENTED_EDGE('',*,*,#1586,.F.) ;
#1601=ORIENTED_EDGE('',*,*,#1593,.T.) ;
#1602=ORIENTED_EDGE('',*,*,#1598,.T.) ;
#1603=ORIENTED_EDGE('',*,*,#642,.F.) ;
#1612=ORIENTED_EDGE('',*,*,#1598,.F.) ;
#1613=ORIENTED_EDGE('',*,*,#1610,.T.) ;
#1614=ORIENTED_EDGE('',*,*,#1586,.T.) ;
#1615=ORIENTED_EDGE('',*,*,#637,.F.) ;
#1639=ORIENTED_EDGE('',*,*,#1632,.T.) ;
#1640=ORIENTED_EDGE('',*,*,#1637,.T.) ;
#1643=ORIENTED_EDGE('',*,*,#683,.F.) ;
#1644=ORIENTED_EDGE('',*,*,#661,.F.) ;
#1648=ORIENTED_EDGE('',*,*,#736,.T.) ;
#1649=ORIENTED_EDGE('',*,*,#721,.T.) ;
#1650=ORIENTED_EDGE('',*,*,#716,.T.) ;
#1651=ORIENTED_EDGE('',*,*,#748,.T.) ;
#1652=ORIENTED_EDGE('',*,*,#743,.T.) ;
#1655=ORIENTED_EDGE('',*,*,#165,.F.) ;
#1656=ORIENTED_EDGE('',*,*,#117,.F.) ;
#1657=ORIENTED_EDGE('',*,*,#53,.F.) ;
#1658=ORIENTED_EDGE('',*,*,#147,.F.) ;
#1680=ORIENTED_EDGE('',*,*,#1666,.F.) ;
#1681=ORIENTED_EDGE('',*,*,#1673,.F.) ;
#1682=ORIENTED_EDGE('',*,*,#1678,.F.) ;
#1704=ORIENTED_EDGE('',*,*,#1690,.F.) ;
#1705=ORIENTED_EDGE('',*,*,#1697,.F.) ;
#1706=ORIENTED_EDGE('',*,*,#1702,.F.) ;
#1728=ORIENTED_EDGE('',*,*,#1714,.F.) ;
#1729=ORIENTED_EDGE('',*,*,#1721,.F.) ;
#1730=ORIENTED_EDGE('',*,*,#1726,.F.) ;
#1733=ORIENTED_EDGE('',*,*,#862,.F.) ;
#1734=ORIENTED_EDGE('',*,*,#879,.F.) ;
#1737=ORIENTED_EDGE('',*,*,#905,.F.) ;
#1738=ORIENTED_EDGE('',*,*,#922,.F.) ;
#1741=ORIENTED_EDGE('',*,*,#948,.F.) ;
#1742=ORIENTED_EDGE('',*,*,#965,.F.) ;
#1745=ORIENTED_EDGE('',*,*,#991,.F.) ;
#1746=ORIENTED_EDGE('',*,*,#1008,.F.) ;
#1749=ORIENTED_EDGE('',*,*,#1034,.F.) ;
#1750=ORIENTED_EDGE('',*,*,#1051,.F.) ;
#1753=ORIENTED_EDGE('',*,*,#1077,.F.) ;
#1754=ORIENTED_EDGE('',*,*,#1094,.F.) ;
#1757=ORIENTED_EDGE('',*,*,#1120,.F.) ;
#1758=ORIENTED_EDGE('',*,*,#1137,.F.) ;
#1761=ORIENTED_EDGE('',*,*,#1163,.F.) ;
#1762=ORIENTED_EDGE('',*,*,#1180,.F.) ;
#1765=ORIENTED_EDGE('',*,*,#1206,.F.) ;
#1766=ORIENTED_EDGE('',*,*,#1223,.F.) ;
#1769=ORIENTED_EDGE('',*,*,#1249,.F.) ;
#1770=ORIENTED_EDGE('',*,*,#1266,.F.) ;
#1773=ORIENTED_EDGE('',*,*,#1292,.F.) ;
#1774=ORIENTED_EDGE('',*,*,#1309,.F.) ;
#1777=ORIENTED_EDGE('',*,*,#1335,.F.) ;
#1778=ORIENTED_EDGE('',*,*,#1352,.F.) ;
#1781=ORIENTED_EDGE('',*,*,#1378,.F.) ;
#1782=ORIENTED_EDGE('',*,*,#1395,.F.) ;
#1785=ORIENTED_EDGE('',*,*,#1421,.F.) ;
#1786=ORIENTED_EDGE('',*,*,#1438,.F.) ;
#1789=ORIENTED_EDGE('',*,*,#1464,.F.) ;
#1790=ORIENTED_EDGE('',*,*,#1481,.F.) ;
#1793=ORIENTED_EDGE('',*,*,#1507,.F.) ;
#1794=ORIENTED_EDGE('',*,*,#1524,.F.) ;
#1797=ORIENTED_EDGE('',*,*,#1550,.F.) ;
#1798=ORIENTED_EDGE('',*,*,#1567,.F.) ;
#1801=ORIENTED_EDGE('',*,*,#1593,.F.) ;
#1802=ORIENTED_EDGE('',*,*,#1610,.F.) ;
#1820=ORIENTED_EDGE('',*,*,#1813,.T.) ;
#1821=ORIENTED_EDGE('',*,*,#1818,.T.) ;
#1824=ORIENTED_EDGE('',*,*,#776,.F.) ;
#1825=ORIENTED_EDGE('',*,*,#793,.F.) ;
#1843=ORIENTED_EDGE('',*,*,#1836,.T.) ;
#1844=ORIENTED_EDGE('',*,*,#1841,.T.) ;
#1847=ORIENTED_EDGE('',*,*,#819,.F.) ;
#1848=ORIENTED_EDGE('',*,*,#836,.F.) ;
#1867=ORIENTED_EDGE('',*,*,#1860,.F.) ;
#1868=ORIENTED_EDGE('',*,*,#1697,.T.) ;
#1869=ORIENTED_EDGE('',*,*,#1865,.T.) ;
#1870=ORIENTED_EDGE('',*,*,#1632,.F.) ;
#1874=ORIENTED_EDGE('',*,*,#1865,.F.) ;
#1875=ORIENTED_EDGE('',*,*,#1690,.T.) ;
#1876=ORIENTED_EDGE('',*,*,#1702,.T.) ;
#1877=ORIENTED_EDGE('',*,*,#1860,.T.) ;
#1878=ORIENTED_EDGE('',*,*,#1637,.F.) ;
#1906=ORIENTED_EDGE('',*,*,#1892,.F.) ;
#1907=ORIENTED_EDGE('',*,*,#1666,.T.) ;
#1908=ORIENTED_EDGE('',*,*,#1678,.T.) ;
#1909=ORIENTED_EDGE('',*,*,#1899,.T.) ;
#1910=ORIENTED_EDGE('',*,*,#1904,.F.) ;
#1919=ORIENTED_EDGE('',*,*,#1899,.F.) ;
#1920=ORIENTED_EDGE('',*,*,#1673,.T.) ;
#1921=ORIENTED_EDGE('',*,*,#1892,.T.) ;
#1922=ORIENTED_EDGE('',*,*,#1917,.F.) ;
#1950=ORIENTED_EDGE('',*,*,#1936,.F.) ;
#1951=ORIENTED_EDGE('',*,*,#1714,.T.) ;
#1952=ORIENTED_EDGE('',*,*,#1726,.T.) ;
#1953=ORIENTED_EDGE('',*,*,#1943,.T.) ;
#1954=ORIENTED_EDGE('',*,*,#1948,.F.) ;
#1963=ORIENTED_EDGE('',*,*,#1943,.F.) ;
#1964=ORIENTED_EDGE('',*,*,#1721,.T.) ;
#1965=ORIENTED_EDGE('',*,*,#1936,.T.) ;
#1966=ORIENTED_EDGE('',*,*,#1961,.F.) ;
#1994=ORIENTED_EDGE('',*,*,#1982,.T.) ;
#1995=ORIENTED_EDGE('',*,*,#1987,.F.) ;
#1996=ORIENTED_EDGE('',*,*,#1813,.F.) ;
#1997=ORIENTED_EDGE('',*,*,#1992,.T.) ;
#2006=ORIENTED_EDGE('',*,*,#2004,.T.) ;
#2007=ORIENTED_EDGE('',*,*,#1992,.F.) ;
#2008=ORIENTED_EDGE('',*,*,#1818,.F.) ;
#2009=ORIENTED_EDGE('',*,*,#1987,.T.) ;
#2037=ORIENTED_EDGE('',*,*,#2025,.T.) ;
#2038=ORIENTED_EDGE('',*,*,#2030,.F.) ;
#2039=ORIENTED_EDGE('',*,*,#1836,.F.) ;
#2040=ORIENTED_EDGE('',*,*,#2035,.T.) ;
#2049=ORIENTED_EDGE('',*,*,#2047,.T.) ;
#2050=ORIENTED_EDGE('',*,*,#2035,.F.) ;
#2051=ORIENTED_EDGE('',*,*,#1841,.F.) ;
#2052=ORIENTED_EDGE('',*,*,#2030,.T.) ;
#2056=ORIENTED_EDGE('',*,*,#1904,.T.) ;
#2057=ORIENTED_EDGE('',*,*,#1917,.T.) ;
#2060=ORIENTED_EDGE('',*,*,#2004,.F.) ;
#2061=ORIENTED_EDGE('',*,*,#1982,.F.) ;
#2065=ORIENTED_EDGE('',*,*,#1961,.T.) ;
#2066=ORIENTED_EDGE('',*,*,#1948,.T.) ;
#2069=ORIENTED_EDGE('',*,*,#2047,.F.) ;
#2070=ORIENTED_EDGE('',*,*,#2025,.F.) ;
#257=FACE_BOUND('',#254,.T.) ;
#300=FACE_BOUND('',#297,.T.) ;
#318=FACE_BOUND('',#315,.T.) ;
#322=FACE_BOUND('',#319,.T.) ;
#340=FACE_BOUND('',#337,.T.) ;
#358=FACE_BOUND('',#355,.T.) ;
#376=FACE_BOUND('',#373,.T.) ;
#394=FACE_BOUND('',#391,.T.) ;
#412=FACE_BOUND('',#409,.T.) ;
#430=FACE_BOUND('',#427,.T.) ;
#448=FACE_BOUND('',#445,.T.) ;
#466=FACE_BOUND('',#463,.T.) ;
#484=FACE_BOUND('',#481,.T.) ;
#502=FACE_BOUND('',#499,.T.) ;
#520=FACE_BOUND('',#517,.T.) ;
#538=FACE_BOUND('',#535,.T.) ;
#556=FACE_BOUND('',#553,.T.) ;
#574=FACE_BOUND('',#571,.T.) ;
#592=FACE_BOUND('',#589,.T.) ;
#610=FACE_BOUND('',#607,.T.) ;
#628=FACE_BOUND('',#625,.T.) ;
#646=FACE_BOUND('',#643,.T.) ;
#1645=FACE_BOUND('',#1642,.T.) ;
#1659=FACE_BOUND('',#1654,.T.) ;
#1683=FACE_BOUND('',#1679,.T.) ;
#1707=FACE_BOUND('',#1703,.T.) ;
#1731=FACE_BOUND('',#1727,.T.) ;
#1735=FACE_BOUND('',#1732,.T.) ;
#1739=FACE_BOUND('',#1736,.T.) ;
#1743=FACE_BOUND('',#1740,.T.) ;
#1747=FACE_BOUND('',#1744,.T.) ;
#1751=FACE_BOUND('',#1748,.T.) ;
#1755=FACE_BOUND('',#1752,.T.) ;
#1759=FACE_BOUND('',#1756,.T.) ;
#1763=FACE_BOUND('',#1760,.T.) ;
#1767=FACE_BOUND('',#1764,.T.) ;
#1771=FACE_BOUND('',#1768,.T.) ;
#1775=FACE_BOUND('',#1772,.T.) ;
#1779=FACE_BOUND('',#1776,.T.) ;
#1783=FACE_BOUND('',#1780,.T.) ;
#1787=FACE_BOUND('',#1784,.T.) ;
#1791=FACE_BOUND('',#1788,.T.) ;
#1795=FACE_BOUND('',#1792,.T.) ;
#1799=FACE_BOUND('',#1796,.T.) ;
#1803=FACE_BOUND('',#1800,.T.) ;
#1826=FACE_BOUND('',#1823,.T.) ;
#1849=FACE_BOUND('',#1846,.T.) ;
#2062=FACE_BOUND('',#2059,.T.) ;
#2071=FACE_BOUND('',#2068,.T.) ;
#31=CLOSED_SHELL('Closed Shell',(#72,#104,#129,#154,#172,#212,#229,#258,#647,#678,#690,#729,#757,#788,#800,#831,#843,#874,#886,#917,#929,#960,#972,#1003,#1015,#1046,#1058,#1089,#1101,#1132,#1144,#1175,#1187,#1218,#1230,#1261,#1273,#1304,#1316,#1347,#1359,#1390,#1402,#1433,#1445,#1476,#1488,#1519,#1531,#1562,#1574,#1605,#1617,#1646,#1804,#1827,#1850,#1872,#1880,#1912,#1924,#1956,#1968,#1999,#2011,#2042,#2054,#2063,#2072)) ;
#2073=ADVANCED_BREP_SHAPE_REPRESENTATION('NONE',(#21),#16) ;
#72=ADVANCED_FACE('\X2\04220435043B043E\X0\ \X2\0434043504420430043B0438\X0\',(#71),#36,.F.) ;
#104=ADVANCED_FACE('\X2\04220435043B043E\X0\ \X2\0434043504420430043B0438\X0\',(#103),#77,.T.) ;
#129=ADVANCED_FACE('\X2\04220435043B043E\X0\ \X2\0434043504420430043B0438\X0\',(#128),#109,.F.) ;
#154=ADVANCED_FACE('\X2\04220435043B043E\X0\ \X2\0434043504420430043B0438\X0\',(#153),#134,.F.) ;
#172=ADVANCED_FACE('\X2\04220435043B043E\X0\ \X2\0434043504420430043B0438\X0\',(#171),#159,.F.) ;
#212=ADVANCED_FACE('\X2\04220435043B043E\X0\ \X2\0434043504420430043B0438\X0\',(#211),#177,.F.) ;
#229=ADVANCED_FACE('\X2\04220435043B043E\X0\ \X2\0434043504420430043B0438\X0\',(#228),#177,.F.) ;
#258=ADVANCED_FACE('\X2\04220435043B043E\X0\ \X2\0434043504420430043B0438\X0\',(#253,#257),#234,.T.) ;
#647=ADVANCED_FACE('\X2\04220435043B043E\X0\ \X2\0434043504420430043B0438\X0\',(#282,#300,#318,#322,#340,#358,#376,#394,#412,#430,#448,#466,#484,#502,#520,#538,#556,#574,#592,#610,#628,#646),#263,.F.) ;
#678=ADVANCED_FACE('\X2\04220435043B043E\X0\ \X2\0434043504420430043B0438\X0\',(#677),#652,.T.) ;
#690=ADVANCED_FACE('\X2\04220435043B043E\X0\ \X2\0434043504420430043B0438\X0\',(#689),#652,.T.) ;
#729=ADVANCED_FACE('\X2\04220435043B043E\X0\ \X2\0434043504420430043B0438\X0\',(#728),#695,.T.) ;
#757=ADVANCED_FACE('\X2\04220435043B043E\X0\ \X2\0434043504420430043B0438\X0\',(#756),#695,.T.) ;
#788=ADVANCED_FACE('\X2\04220435043B043E\X0\ \X2\0434043504420430043B0438\X0\',(#787),#762,.F.) ;
#800=ADVANCED_FACE('\X2\04220435043B043E\X0\ \X2\0434043504420430043B0438\X0\',(#799),#762,.F.) ;
#831=ADVANCED_FACE('\X2\04220435043B043E\X0\ \X2\0434043504420430043B0438\X0\',(#830),#805,.F.) ;
#843=ADVANCED_FACE('\X2\04220435043B043E\X0\ \X2\0434043504420430043B0438\X0\',(#842),#805,.F.) ;
#874=ADVANCED_FACE('\X2\04220435043B043E\X0\ \X2\0434043504420430043B0438\X0\',(#873),#848,.F.) ;
#886=ADVANCED_FACE('\X2\04220435043B043E\X0\ \X2\0434043504420430043B0438\X0\',(#885),#848,.F.) ;
#917=ADVANCED_FACE('\X2\04220435043B043E\X0\ \X2\0434043504420430043B0438\X0\',(#916),#891,.F.) ;
#929=ADVANCED_FACE('\X2\04220435043B043E\X0\ \X2\0434043504420430043B0438\X0\',(#928),#891,.F.) ;
#960=ADVANCED_FACE('\X2\04220435043B043E\X0\ \X2\0434043504420430043B0438\X0\',(#959),#934,.F.) ;
#972=ADVANCED_FACE('\X2\04220435043B043E\X0\ \X2\0434043504420430043B0438\X0\',(#971),#934,.F.) ;
#1003=ADVANCED_FACE('\X2\04220435043B043E\X0\ \X2\0434043504420430043B0438\X0\',(#1002),#977,.F.) ;
#1015=ADVANCED_FACE('\X2\04220435043B043E\X0\ \X2\0434043504420430043B0438\X0\',(#1014),#977,.F.) ;
#1046=ADVANCED_FACE('\X2\04220435043B043E\X0\ \X2\0434043504420430043B0438\X0\',(#1045),#1020,.F.) ;
#1058=ADVANCED_FACE('\X2\04220435043B043E\X0\ \X2\0434043504420430043B0438\X0\',(#1057),#1020,.F.) ;
#1089=ADVANCED_FACE('\X2\04220435043B043E\X0\ \X2\0434043504420430043B0438\X0\',(#1088),#1063,.F.) ;
#1101=ADVANCED_FACE('\X2\04220435043B043E\X0\ \X2\0434043504420430043B0438\X0\',(#1100),#1063,.F.) ;
#1132=ADVANCED_FACE('\X2\04220435043B043E\X0\ \X2\0434043504420430043B0438\X0\',(#1131),#1106,.F.) ;
#1144=ADVANCED_FACE('\X2\04220435043B043E\X0\ \X2\0434043504420430043B0438\X0\',(#1143),#1106,.F.) ;
#1175=ADVANCED_FACE('\X2\04220435043B043E\X0\ \X2\0434043504420430043B0438\X0\',(#1174),#1149,.F.) ;
#1187=ADVANCED_FACE('\X2\04220435043B043E\X0\ \X2\0434043504420430043B0438\X0\',(#1186),#1149,.F.) ;
#1218=ADVANCED_FACE('\X2\04220435043B043E\X0\ \X2\0434043504420430043B0438\X0\',(#1217),#1192,.F.) ;
#1230=ADVANCED_FACE('\X2\04220435043B043E\X0\ \X2\0434043504420430043B0438\X0\',(#1229),#1192,.F.) ;
#1261=ADVANCED_FACE('\X2\04220435043B043E\X0\ \X2\0434043504420430043B0438\X0\',(#1260),#1235,.F.) ;
#1273=ADVANCED_FACE('\X2\04220435043B043E\X0\ \X2\0434043504420430043B0438\X0\',(#1272),#1235,.F.) ;
#1304=ADVANCED_FACE('\X2\04220435043B043E\X0\ \X2\0434043504420430043B0438\X0\',(#1303),#1278,.F.) ;
#1316=ADVANCED_FACE('\X2\04220435043B043E\X0\ \X2\0434043504420430043B0438\X0\',(#1315),#1278,.F.) ;
#1347=ADVANCED_FACE('\X2\04220435043B043E\X0\ \X2\0434043504420430043B0438\X0\',(#1346),#1321,.F.) ;
#1359=ADVANCED_FACE('\X2\04220435043B043E\X0\ \X2\0434043504420430043B0438\X0\',(#1358),#1321,.F.) ;
#1390=ADVANCED_FACE('\X2\04220435043B043E\X0\ \X2\0434043504420430043B0438\X0\',(#1389),#1364,.F.) ;
#1402=ADVANCED_FACE('\X2\04220435043B043E\X0\ \X2\0434043504420430043B0438\X0\',(#1401),#1364,.F.) ;
#1433=ADVANCED_FACE('\X2\04220435043B043E\X0\ \X2\0434043504420430043B0438\X0\',(#1432),#1407,.F.) ;
#1445=ADVANCED_FACE('\X2\04220435043B043E\X0\ \X2\0434043504420430043B0438\X0\',(#1444),#1407,.F.) ;
#1476=ADVANCED_FACE('\X2\04220435043B043E\X0\ \X2\0434043504420430043B0438\X0\',(#1475),#1450,.F.) ;
#1488=ADVANCED_FACE('\X2\04220435043B043E\X0\ \X2\0434043504420430043B0438\X0\',(#1487),#1450,.F.) ;
#1519=ADVANCED_FACE('\X2\04220435043B043E\X0\ \X2\0434043504420430043B0438\X0\',(#1518),#1493,.F.) ;
#1531=ADVANCED_FACE('\X2\04220435043B043E\X0\ \X2\0434043504420430043B0438\X0\',(#1530),#1493,.F.) ;
#1562=ADVANCED_FACE('\X2\04220435043B043E\X0\ \X2\0434043504420430043B0438\X0\',(#1561),#1536,.F.) ;
#1574=ADVANCED_FACE('\X2\04220435043B043E\X0\ \X2\0434043504420430043B0438\X0\',(#1573),#1536,.F.) ;
#1605=ADVANCED_FACE('\X2\04220435043B043E\X0\ \X2\0434043504420430043B0438\X0\',(#1604),#1579,.F.) ;
#1617=ADVANCED_FACE('\X2\04220435043B043E\X0\ \X2\0434043504420430043B0438\X0\',(#1616),#1579,.F.) ;
#1646=ADVANCED_FACE('\X2\04220435043B043E\X0\ \X2\0434043504420430043B0438\X0\',(#1641,#1645),#1622,.T.) ;
#1804=ADVANCED_FACE('\X2\04220435043B043E\X0\ \X2\0434043504420430043B0438\X0\',(#1653,#1659,#1683,#1707,#1731,#1735,#1739,#1743,#1747,#1751,#1755,#1759,#1763,#1767,#1771,#1775,#1779,#1783,#1787,#1791,#1795,#1799,#1803),#234,.T.) ;
#1827=ADVANCED_FACE('\X2\04220435043B043E\X0\ \X2\0434043504420430043B0438\X0\',(#1822,#1826),#234,.T.) ;
#1850=ADVANCED_FACE('\X2\04220435043B043E\X0\ \X2\0434043504420430043B0438\X0\',(#1845,#1849),#234,.T.) ;
#1872=ADVANCED_FACE('\X2\04220435043B043E\X0\ \X2\0434043504420430043B0438\X0\',(#1871),#1855,.F.) ;
#1880=ADVANCED_FACE('\X2\04220435043B043E\X0\ \X2\0434043504420430043B0438\X0\',(#1879),#1855,.F.) ;
#1912=ADVANCED_FACE('\X2\04220435043B043E\X0\ \X2\0434043504420430043B0438\X0\',(#1911),#1885,.F.) ;
#1924=ADVANCED_FACE('\X2\04220435043B043E\X0\ \X2\0434043504420430043B0438\X0\',(#1923),#1885,.F.) ;
#1956=ADVANCED_FACE('\X2\04220435043B043E\X0\ \X2\0434043504420430043B0438\X0\',(#1955),#1929,.F.) ;
#1968=ADVANCED_FACE('\X2\04220435043B043E\X0\ \X2\0434043504420430043B0438\X0\',(#1967),#1929,.F.) ;
#1999=ADVANCED_FACE('\X2\04220435043B043E\X0\ \X2\0434043504420430043B0438\X0\',(#1998),#1973,.T.) ;
#2011=ADVANCED_FACE('\X2\04220435043B043E\X0\ \X2\0434043504420430043B0438\X0\',(#2010),#1973,.T.) ;
#2042=ADVANCED_FACE('\X2\04220435043B043E\X0\ \X2\0434043504420430043B0438\X0\',(#2041),#2016,.T.) ;
#2054=ADVANCED_FACE('\X2\04220435043B043E\X0\ \X2\0434043504420430043B0438\X0\',(#2053),#2016,.T.) ;
#2063=ADVANCED_FACE('\X2\04220435043B043E\X0\ \X2\0434043504420430043B0438\X0\',(#2058,#2062),#1622,.T.) ;
#2072=ADVANCED_FACE('\X2\04220435043B043E\X0\ \X2\0434043504420430043B0438\X0\',(#2067,#2071),#1622,.T.) ;
#4=APPLICATION_PROTOCOL_DEFINITION('international standard','automotive_design',2001,#1) ;
#21=MANIFOLD_SOLID_BREP('\X2\04220435043B043E\X0\ \X2\0434043504420430043B0438\X0\',#31) ;
#190=CIRCLE('generated circle',#189,1.5) ;
#204=CIRCLE('generated circle',#203,1.5) ;
#216=CIRCLE('generated circle',#215,1.5) ;
#221=CIRCLE('generated circle',#220,1.5) ;
#239=CIRCLE('generated circle',#238,2.8) ;
#248=CIRCLE('generated circle',#247,2.8) ;
#268=CIRCLE('generated circle',#267,16.5) ;
#277=CIRCLE('generated circle',#276,16.5) ;
#286=CIRCLE('generated circle',#285,1.5) ;
#295=CIRCLE('generated circle',#294,1.5) ;
#304=CIRCLE('generated circle',#303,1.5) ;
#313=CIRCLE('generated circle',#312,1.5) ;
#326=CIRCLE('generated circle',#325,0.5) ;
#335=CIRCLE('generated circle',#334,0.5) ;
#344=CIRCLE('generated circle',#343,0.5) ;
#353=CIRCLE('generated circle',#352,0.5) ;
#362=CIRCLE('generated circle',#361,0.5) ;
#371=CIRCLE('generated circle',#370,0.5) ;
#380=CIRCLE('generated circle',#379,0.5) ;
#389=CIRCLE('generated circle',#388,0.5) ;
#398=CIRCLE('generated circle',#397,0.5) ;
#407=CIRCLE('generated circle',#406,0.5) ;
#416=CIRCLE('generated circle',#415,0.5) ;
#425=CIRCLE('generated circle',#424,0.5) ;
#434=CIRCLE('generated circle',#433,0.5) ;
#443=CIRCLE('generated circle',#442,0.5) ;
#452=CIRCLE('generated circle',#451,0.5) ;
#461=CIRCLE('generated circle',#460,0.5) ;
#470=CIRCLE('generated circle',#469,0.5) ;
#479=CIRCLE('generated circle',#478,0.5) ;
#488=CIRCLE('generated circle',#487,0.5) ;
#497=CIRCLE('generated circle',#496,0.5) ;
#506=CIRCLE('generated circle',#505,0.5) ;
#515=CIRCLE('generated circle',#514,0.5) ;
#524=CIRCLE('generated circle',#523,0.5) ;
#533=CIRCLE('generated circle',#532,0.5) ;
#542=CIRCLE('generated circle',#541,0.5) ;
#551=CIRCLE('generated circle',#550,0.5) ;
#560=CIRCLE('generated circle',#559,0.5) ;
#569=CIRCLE('generated circle',#568,0.5) ;
#578=CIRCLE('generated circle',#577,0.5) ;
#587=CIRCLE('generated circle',#586,0.5) ;
#596=CIRCLE('generated circle',#595,0.5) ;
#605=CIRCLE('generated circle',#604,0.5) ;
#614=CIRCLE('generated circle',#613,0.5) ;
#623=CIRCLE('generated circle',#622,0.5) ;
#632=CIRCLE('generated circle',#631,0.5) ;
#641=CIRCLE('generated circle',#640,0.5) ;
#656=CIRCLE('generated circle',#655,2.8) ;
#682=CIRCLE('generated circle',#681,2.8) ;
#713=CIRCLE('generated circle',#712,16.5) ;
#720=CIRCLE('generated circle',#719,16.5) ;
#733=CIRCLE('generated circle',#732,16.5) ;
#740=CIRCLE('generated circle',#739,16.5) ;
#747=CIRCLE('generated circle',#746,16.5) ;
#773=CIRCLE('generated circle',#772,1.5) ;
#792=CIRCLE('generated circle',#791,1.5) ;
#816=CIRCLE('generated circle',#815,1.5) ;
#835=CIRCLE('generated circle',#834,1.5) ;
#859=CIRCLE('generated circle',#858,0.5) ;
#878=CIRCLE('generated circle',#877,0.5) ;
#902=CIRCLE('generated circle',#901,0.5) ;
#921=CIRCLE('generated circle',#920,0.5) ;
#945=CIRCLE('generated circle',#944,0.5) ;
#964=CIRCLE('generated circle',#963,0.5) ;
#988=CIRCLE('generated circle',#987,0.5) ;
#1007=CIRCLE('generated circle',#1006,0.5) ;
#1031=CIRCLE('generated circle',#1030,0.5) ;
#1050=CIRCLE('generated circle',#1049,0.5) ;
#1074=CIRCLE('generated circle',#1073,0.5) ;
#1093=CIRCLE('generated circle',#1092,0.5) ;
#1117=CIRCLE('generated circle',#1116,0.5) ;
#1136=CIRCLE('generated circle',#1135,0.5) ;
#1160=CIRCLE('generated circle',#1159,0.5) ;
#1179=CIRCLE('generated circle',#1178,0.5) ;
#1203=CIRCLE('generated circle',#1202,0.5) ;
#1222=CIRCLE('generated circle',#1221,0.5) ;
#1246=CIRCLE('generated circle',#1245,0.5) ;
#1265=CIRCLE('generated circle',#1264,0.5) ;
#1289=CIRCLE('generated circle',#1288,0.5) ;
#1308=CIRCLE('generated circle',#1307,0.5) ;
#1332=CIRCLE('generated circle',#1331,0.5) ;
#1351=CIRCLE('generated circle',#1350,0.5) ;
#1375=CIRCLE('generated circle',#1374,0.5) ;
#1394=CIRCLE('generated circle',#1393,0.5) ;
#1418=CIRCLE('generated circle',#1417,0.5) ;
#1437=CIRCLE('generated circle',#1436,0.5) ;
#1461=CIRCLE('generated circle',#1460,0.5) ;
#1480=CIRCLE('generated circle',#1479,0.5) ;
#1504=CIRCLE('generated circle',#1503,0.5) ;
#1523=CIRCLE('generated circle',#1522,0.5) ;
#1547=CIRCLE('generated circle',#1546,0.5) ;
#1566=CIRCLE('generated circle',#1565,0.5) ;
#1590=CIRCLE('generated circle',#1589,0.5) ;
#1609=CIRCLE('generated circle',#1608,0.5) ;
#1627=CIRCLE('generated circle',#1626,3.) ;
#1636=CIRCLE('generated circle',#1635,3.) ;
#1663=CIRCLE('generated circle',#1662,3.) ;
#1670=CIRCLE('generated circle',#1669,3.) ;
#1677=CIRCLE('generated circle',#1676,3.) ;
#1687=CIRCLE('generated circle',#1686,3.) ;
#1694=CIRCLE('generated circle',#1693,3.) ;
#1701=CIRCLE('generated circle',#1700,3.) ;
#1711=CIRCLE('generated circle',#1710,3.) ;
#1718=CIRCLE('generated circle',#1717,3.) ;
#1725=CIRCLE('generated circle',#1724,3.) ;
#1808=CIRCLE('generated circle',#1807,2.8) ;
#1817=CIRCLE('generated circle',#1816,2.8) ;
#1831=CIRCLE('generated circle',#1830,2.8) ;
#1840=CIRCLE('generated circle',#1839,2.8) ;
#1903=CIRCLE('generated circle',#1902,3.) ;
#1916=CIRCLE('generated circle',#1915,3.) ;
#1947=CIRCLE('generated circle',#1946,3.) ;
#1960=CIRCLE('generated circle',#1959,3.) ;
#1977=CIRCLE('generated circle',#1976,2.8) ;
#2003=CIRCLE('generated circle',#2002,2.8) ;
#2020=CIRCLE('generated circle',#2019,2.8) ;
#2046=CIRCLE('generated circle',#2045,2.8) ;
#22=COLOUR_RGB('Colour',0.823529411765,0.823529411765,1.) ;
#177=CYLINDRICAL_SURFACE('generated cylinder',#176,1.5) ;
#652=CYLINDRICAL_SURFACE('generated cylinder',#651,2.8) ;
#695=CYLINDRICAL_SURFACE('generated cylinder',#694,16.5) ;
#762=CYLINDRICAL_SURFACE('generated cylinder',#761,1.5) ;
#805=CYLINDRICAL_SURFACE('generated cylinder',#804,1.5) ;
#848=CYLINDRICAL_SURFACE('generated cylinder',#847,0.5) ;
#891=CYLINDRICAL_SURFACE('generated cylinder',#890,0.5) ;
#934=CYLINDRICAL_SURFACE('generated cylinder',#933,0.5) ;
#977=CYLINDRICAL_SURFACE('generated cylinder',#976,0.5) ;
#1020=CYLINDRICAL_SURFACE('generated cylinder',#1019,0.5) ;
#1063=CYLINDRICAL_SURFACE('generated cylinder',#1062,0.5) ;
#1106=CYLINDRICAL_SURFACE('generated cylinder',#1105,0.5) ;
#1149=CYLINDRICAL_SURFACE('generated cylinder',#1148,0.5) ;
#1192=CYLINDRICAL_SURFACE('generated cylinder',#1191,0.5) ;
#1235=CYLINDRICAL_SURFACE('generated cylinder',#1234,0.5) ;
#1278=CYLINDRICAL_SURFACE('generated cylinder',#1277,0.5) ;
#1321=CYLINDRICAL_SURFACE('generated cylinder',#1320,0.5) ;
#1364=CYLINDRICAL_SURFACE('generated cylinder',#1363,0.5) ;
#1407=CYLINDRICAL_SURFACE('generated cylinder',#1406,0.5) ;
#1450=CYLINDRICAL_SURFACE('generated cylinder',#1449,0.5) ;
#1493=CYLINDRICAL_SURFACE('generated cylinder',#1492,0.5) ;
#1536=CYLINDRICAL_SURFACE('generated cylinder',#1535,0.5) ;
#1579=CYLINDRICAL_SURFACE('generated cylinder',#1578,0.5) ;
#1855=CYLINDRICAL_SURFACE('generated cylinder',#1854,3.) ;
#1885=CYLINDRICAL_SURFACE('generated cylinder',#1884,3.) ;
#1929=CYLINDRICAL_SURFACE('generated cylinder',#1928,3.) ;
#1973=CYLINDRICAL_SURFACE('generated cylinder',#1972,2.8) ;
#2016=CYLINDRICAL_SURFACE('generated cylinder',#2015,2.8) ;
#2086=DRAUGHTING_PRE_DEFINED_COLOUR('white') ;
#2085=DRAUGHTING_PRE_DEFINED_CURVE_FONT('continuous') ;
#46=EDGE_CURVE('',#43,#45,#41,.T.) ;
#53=EDGE_CURVE('',#43,#52,#50,.F.) ;
#60=EDGE_CURVE('',#52,#59,#57,.T.) ;
#65=EDGE_CURVE('',#45,#59,#64,.F.) ;
#85=EDGE_CURVE('',#59,#84,#82,.F.) ;
#92=EDGE_CURVE('',#84,#91,#89,.F.) ;
#97=EDGE_CURVE('',#91,#45,#96,.F.) ;
#117=EDGE_CURVE('',#52,#116,#114,.F.) ;
#122=EDGE_CURVE('',#116,#84,#121,.T.) ;
#142=EDGE_CURVE('',#141,#91,#139,.T.) ;
#147=EDGE_CURVE('',#141,#43,#146,.F.) ;
#165=EDGE_CURVE('',#116,#141,#164,.F.) ;
#186=EDGE_CURVE('',#183,#185,#181,.F.) ;
#193=EDGE_CURVE('',#183,#192,#190,.T.) ;
#200=EDGE_CURVE('',#192,#199,#197,.F.) ;
#205=EDGE_CURVE('',#185,#199,#204,.T.) ;
#217=EDGE_CURVE('',#192,#183,#216,.T.) ;
#222=EDGE_CURVE('',#199,#185,#221,.T.) ;
#244=EDGE_CURVE('',#241,#243,#239,.T.) ;
#249=EDGE_CURVE('',#243,#241,#248,.T.) ;
#273=EDGE_CURVE('',#270,#272,#268,.T.) ;
#278=EDGE_CURVE('',#272,#270,#277,.T.) ;
#291=EDGE_CURVE('',#288,#290,#286,.T.) ;
#296=EDGE_CURVE('',#290,#288,#295,.T.) ;
#309=EDGE_CURVE('',#306,#308,#304,.T.) ;
#314=EDGE_CURVE('',#308,#306,#313,.T.) ;
#331=EDGE_CURVE('',#328,#330,#326,.T.) ;
#336=EDGE_CURVE('',#330,#328,#335,.T.) ;
#349=EDGE_CURVE('',#346,#348,#344,.T.) ;
#354=EDGE_CURVE('',#348,#346,#353,.T.) ;
#367=EDGE_CURVE('',#364,#366,#362,.T.) ;
#372=EDGE_CURVE('',#366,#364,#371,.T.) ;
#385=EDGE_CURVE('',#382,#384,#380,.T.) ;
#390=EDGE_CURVE('',#384,#382,#389,.T.) ;
#403=EDGE_CURVE('',#400,#402,#398,.T.) ;
#408=EDGE_CURVE('',#402,#400,#407,.T.) ;
#421=EDGE_CURVE('',#418,#420,#416,.T.) ;
#426=EDGE_CURVE('',#420,#418,#425,.T.) ;
#439=EDGE_CURVE('',#436,#438,#434,.T.) ;
#444=EDGE_CURVE('',#438,#436,#443,.T.) ;
#457=EDGE_CURVE('',#454,#456,#452,.T.) ;
#462=EDGE_CURVE('',#456,#454,#461,.T.) ;
#475=EDGE_CURVE('',#472,#474,#470,.T.) ;
#480=EDGE_CURVE('',#474,#472,#479,.T.) ;
#493=EDGE_CURVE('',#490,#492,#488,.T.) ;
#498=EDGE_CURVE('',#492,#490,#497,.T.) ;
#511=EDGE_CURVE('',#508,#510,#506,.T.) ;
#516=EDGE_CURVE('',#510,#508,#515,.T.) ;
#529=EDGE_CURVE('',#526,#528,#524,.T.) ;
#534=EDGE_CURVE('',#528,#526,#533,.T.) ;
#547=EDGE_CURVE('',#544,#546,#542,.T.) ;
#552=EDGE_CURVE('',#546,#544,#551,.T.) ;
#565=EDGE_CURVE('',#562,#564,#560,.T.) ;
#570=EDGE_CURVE('',#564,#562,#569,.T.) ;
#583=EDGE_CURVE('',#580,#582,#578,.T.) ;
#588=EDGE_CURVE('',#582,#580,#587,.T.) ;
#601=EDGE_CURVE('',#598,#600,#596,.T.) ;
#606=EDGE_CURVE('',#600,#598,#605,.T.) ;
#619=EDGE_CURVE('',#616,#618,#614,.T.) ;
#624=EDGE_CURVE('',#618,#616,#623,.T.) ;
#637=EDGE_CURVE('',#634,#636,#632,.T.) ;
#642=EDGE_CURVE('',#636,#634,#641,.T.) ;
#661=EDGE_CURVE('',#658,#660,#656,.T.) ;
#666=EDGE_CURVE('',#243,#660,#665,.F.) ;
#671=EDGE_CURVE('',#241,#658,#670,.F.) ;
#683=EDGE_CURVE('',#660,#658,#682,.T.) ;
#702=EDGE_CURVE('',#272,#701,#699,.T.) ;
#709=EDGE_CURVE('',#270,#708,#706,.T.) ;
#716=EDGE_CURVE('',#715,#708,#713,.T.) ;
#721=EDGE_CURVE('',#701,#715,#720,.T.) ;
#736=EDGE_CURVE('',#735,#701,#733,.T.) ;
#743=EDGE_CURVE('',#742,#735,#740,.T.) ;
#748=EDGE_CURVE('',#708,#742,#747,.T.) ;
#769=EDGE_CURVE('',#768,#290,#766,.F.) ;
#776=EDGE_CURVE('',#768,#775,#773,.T.) ;
#781=EDGE_CURVE('',#775,#288,#780,.F.) ;
#793=EDGE_CURVE('',#775,#768,#792,.T.) ;
#812=EDGE_CURVE('',#811,#308,#809,.F.) ;
#819=EDGE_CURVE('',#811,#818,#816,.T.) ;
#824=EDGE_CURVE('',#818,#306,#823,.F.) ;
#836=EDGE_CURVE('',#818,#811,#835,.T.) ;
#855=EDGE_CURVE('',#854,#330,#852,.F.) ;
#862=EDGE_CURVE('',#854,#861,#859,.T.) ;
#867=EDGE_CURVE('',#861,#328,#866,.F.) ;
#879=EDGE_CURVE('',#861,#854,#878,.T.) ;
#898=EDGE_CURVE('',#897,#348,#895,.F.) ;
#905=EDGE_CURVE('',#897,#904,#902,.T.) ;
#910=EDGE_CURVE('',#904,#346,#909,.F.) ;
#922=EDGE_CURVE('',#904,#897,#921,.T.) ;
#941=EDGE_CURVE('',#940,#366,#938,.F.) ;
#948=EDGE_CURVE('',#940,#947,#945,.T.) ;
#953=EDGE_CURVE('',#947,#364,#952,.F.) ;
#965=EDGE_CURVE('',#947,#940,#964,.T.) ;
#984=EDGE_CURVE('',#983,#384,#981,.F.) ;
#991=EDGE_CURVE('',#983,#990,#988,.T.) ;
#996=EDGE_CURVE('',#990,#382,#995,.F.) ;
#1008=EDGE_CURVE('',#990,#983,#1007,.T.) ;
#1027=EDGE_CURVE('',#1026,#402,#1024,.F.) ;
#1034=EDGE_CURVE('',#1026,#1033,#1031,.T.) ;
#1039=EDGE_CURVE('',#1033,#400,#1038,.F.) ;
#1051=EDGE_CURVE('',#1033,#1026,#1050,.T.) ;
#1070=EDGE_CURVE('',#1069,#420,#1067,.F.) ;
#1077=EDGE_CURVE('',#1069,#1076,#1074,.T.) ;
#1082=EDGE_CURVE('',#1076,#418,#1081,.F.) ;
#1094=EDGE_CURVE('',#1076,#1069,#1093,.T.) ;
#1113=EDGE_CURVE('',#1112,#438,#1110,.F.) ;
#1120=EDGE_CURVE('',#1112,#1119,#1117,.T.) ;
#1125=EDGE_CURVE('',#1119,#436,#1124,.F.) ;
#1137=EDGE_CURVE('',#1119,#1112,#1136,.T.) ;
#1156=EDGE_CURVE('',#1155,#456,#1153,.F.) ;
#1163=EDGE_CURVE('',#1155,#1162,#1160,.T.) ;
#1168=EDGE_CURVE('',#1162,#454,#1167,.F.) ;
#1180=EDGE_CURVE('',#1162,#1155,#1179,.T.) ;
#1199=EDGE_CURVE('',#1198,#474,#1196,.F.) ;
#1206=EDGE_CURVE('',#1198,#1205,#1203,.T.) ;
#1211=EDGE_CURVE('',#1205,#472,#1210,.F.) ;
#1223=EDGE_CURVE('',#1205,#1198,#1222,.T.) ;
#1242=EDGE_CURVE('',#1241,#492,#1239,.F.) ;
#1249=EDGE_CURVE('',#1241,#1248,#1246,.T.) ;
#1254=EDGE_CURVE('',#1248,#490,#1253,.F.) ;
#1266=EDGE_CURVE('',#1248,#1241,#1265,.T.) ;
#1285=EDGE_CURVE('',#1284,#510,#1282,.F.) ;
#1292=EDGE_CURVE('',#1284,#1291,#1289,.T.) ;
#1297=EDGE_CURVE('',#1291,#508,#1296,.F.) ;
#1309=EDGE_CURVE('',#1291,#1284,#1308,.T.) ;
#1328=EDGE_CURVE('',#1327,#528,#1325,.F.) ;
#1335=EDGE_CURVE('',#1327,#1334,#1332,.T.) ;
#1340=EDGE_CURVE('',#1334,#526,#1339,.F.) ;
#1352=EDGE_CURVE('',#1334,#1327,#1351,.T.) ;
#1371=EDGE_CURVE('',#1370,#546,#1368,.F.) ;
#1378=EDGE_CURVE('',#1370,#1377,#1375,.T.) ;
#1383=EDGE_CURVE('',#1377,#544,#1382,.F.) ;
#1395=EDGE_CURVE('',#1377,#1370,#1394,.T.) ;
#1414=EDGE_CURVE('',#1413,#564,#1411,.F.) ;
#1421=EDGE_CURVE('',#1413,#1420,#1418,.T.) ;
#1426=EDGE_CURVE('',#1420,#562,#1425,.F.) ;
#1438=EDGE_CURVE('',#1420,#1413,#1437,.T.) ;
#1457=EDGE_CURVE('',#1456,#582,#1454,.F.) ;
#1464=EDGE_CURVE('',#1456,#1463,#1461,.T.) ;
#1469=EDGE_CURVE('',#1463,#580,#1468,.F.) ;
#1481=EDGE_CURVE('',#1463,#1456,#1480,.T.) ;
#1500=EDGE_CURVE('',#1499,#600,#1497,.F.) ;
#1507=EDGE_CURVE('',#1499,#1506,#1504,.T.) ;
#1512=EDGE_CURVE('',#1506,#598,#1511,.F.) ;
#1524=EDGE_CURVE('',#1506,#1499,#1523,.T.) ;
#1543=EDGE_CURVE('',#1542,#618,#1540,.F.) ;
#1550=EDGE_CURVE('',#1542,#1549,#1547,.T.) ;
#1555=EDGE_CURVE('',#1549,#616,#1554,.F.) ;
#1567=EDGE_CURVE('',#1549,#1542,#1566,.T.) ;
#1586=EDGE_CURVE('',#1585,#636,#1583,.F.) ;
#1593=EDGE_CURVE('',#1585,#1592,#1590,.T.) ;
#1598=EDGE_CURVE('',#1592,#634,#1597,.F.) ;
#1610=EDGE_CURVE('',#1592,#1585,#1609,.T.) ;
#1632=EDGE_CURVE('',#1629,#1631,#1627,.T.) ;
#1637=EDGE_CURVE('',#1631,#1629,#1636,.T.) ;
#1666=EDGE_CURVE('',#1665,#715,#1663,.T.) ;
#1673=EDGE_CURVE('',#1672,#1665,#1670,.T.) ;
#1678=EDGE_CURVE('',#715,#1672,#1677,.T.) ;
#1690=EDGE_CURVE('',#1689,#742,#1687,.T.) ;
#1697=EDGE_CURVE('',#1696,#1689,#1694,.T.) ;
#1702=EDGE_CURVE('',#742,#1696,#1701,.T.) ;
#1714=EDGE_CURVE('',#1713,#735,#1711,.T.) ;
#1721=EDGE_CURVE('',#1720,#1713,#1718,.T.) ;
#1726=EDGE_CURVE('',#735,#1720,#1725,.T.) ;
#1813=EDGE_CURVE('',#1810,#1812,#1808,.T.) ;
#1818=EDGE_CURVE('',#1812,#1810,#1817,.T.) ;
#1836=EDGE_CURVE('',#1833,#1835,#1831,.T.) ;
#1841=EDGE_CURVE('',#1835,#1833,#1840,.T.) ;
#1860=EDGE_CURVE('',#1696,#1629,#1859,.F.) ;
#1865=EDGE_CURVE('',#1689,#1631,#1864,.F.) ;
#1892=EDGE_CURVE('',#1665,#1891,#1889,.F.) ;
#1899=EDGE_CURVE('',#1672,#1898,#1896,.F.) ;
#1904=EDGE_CURVE('',#1891,#1898,#1903,.T.) ;
#1917=EDGE_CURVE('',#1898,#1891,#1916,.T.) ;
#1936=EDGE_CURVE('',#1713,#1935,#1933,.F.) ;
#1943=EDGE_CURVE('',#1720,#1942,#1940,.F.) ;
#1948=EDGE_CURVE('',#1935,#1942,#1947,.T.) ;
#1961=EDGE_CURVE('',#1942,#1935,#1960,.T.) ;
#1982=EDGE_CURVE('',#1979,#1981,#1977,.T.) ;
#1987=EDGE_CURVE('',#1812,#1981,#1986,.F.) ;
#1992=EDGE_CURVE('',#1810,#1979,#1991,.F.) ;
#2004=EDGE_CURVE('',#1981,#1979,#2003,.T.) ;
#2025=EDGE_CURVE('',#2022,#2024,#2020,.T.) ;
#2030=EDGE_CURVE('',#1835,#2024,#2029,.F.) ;
#2035=EDGE_CURVE('',#1833,#2022,#2034,.F.) ;
#2047=EDGE_CURVE('',#2024,#2022,#2046,.T.) ;
#66=EDGE_LOOP('',(#67,#68,#69,#70)) ;
#98=EDGE_LOOP('',(#99,#100,#101,#102)) ;
#123=EDGE_LOOP('',(#124,#125,#126,#127)) ;
#148=EDGE_LOOP('',(#149,#150,#151,#152)) ;
#166=EDGE_LOOP('',(#167,#168,#169,#170)) ;
#206=EDGE_LOOP('',(#207,#208,#209,#210)) ;
#223=EDGE_LOOP('',(#224,#225,#226,#227)) ;
#250=EDGE_LOOP('',(#251,#252)) ;
#254=EDGE_LOOP('',(#255,#256)) ;
#279=EDGE_LOOP('',(#280,#281)) ;
#297=EDGE_LOOP('',(#298,#299)) ;
#315=EDGE_LOOP('',(#316,#317)) ;
#319=EDGE_LOOP('',(#320,#321)) ;
#337=EDGE_LOOP('',(#338,#339)) ;
#355=EDGE_LOOP('',(#356,#357)) ;
#373=EDGE_LOOP('',(#374,#375)) ;
#391=EDGE_LOOP('',(#392,#393)) ;
#409=EDGE_LOOP('',(#410,#411)) ;
#427=EDGE_LOOP('',(#428,#429)) ;
#445=EDGE_LOOP('',(#446,#447)) ;
#463=EDGE_LOOP('',(#464,#465)) ;
#481=EDGE_LOOP('',(#482,#483)) ;
#499=EDGE_LOOP('',(#500,#501)) ;
#517=EDGE_LOOP('',(#518,#519)) ;
#535=EDGE_LOOP('',(#536,#537)) ;
#553=EDGE_LOOP('',(#554,#555)) ;
#571=EDGE_LOOP('',(#572,#573)) ;
#589=EDGE_LOOP('',(#590,#591)) ;
#607=EDGE_LOOP('',(#608,#609)) ;
#625=EDGE_LOOP('',(#626,#627)) ;
#643=EDGE_LOOP('',(#644,#645)) ;
#672=EDGE_LOOP('',(#673,#674,#675,#676)) ;
#684=EDGE_LOOP('',(#685,#686,#687,#688)) ;
#722=EDGE_LOOP('',(#723,#724,#725,#726,#727)) ;
#749=EDGE_LOOP('',(#750,#751,#752,#753,#754,#755)) ;
#782=EDGE_LOOP('',(#783,#784,#785,#786)) ;
#794=EDGE_LOOP('',(#795,#796,#797,#798)) ;
#825=EDGE_LOOP('',(#826,#827,#828,#829)) ;
#837=EDGE_LOOP('',(#838,#839,#840,#841)) ;
#868=EDGE_LOOP('',(#869,#870,#871,#872)) ;
#880=EDGE_LOOP('',(#881,#882,#883,#884)) ;
#911=EDGE_LOOP('',(#912,#913,#914,#915)) ;
#923=EDGE_LOOP('',(#924,#925,#926,#927)) ;
#954=EDGE_LOOP('',(#955,#956,#957,#958)) ;
#966=EDGE_LOOP('',(#967,#968,#969,#970)) ;
#997=EDGE_LOOP('',(#998,#999,#1000,#1001)) ;
#1009=EDGE_LOOP('',(#1010,#1011,#1012,#1013)) ;
#1040=EDGE_LOOP('',(#1041,#1042,#1043,#1044)) ;
#1052=EDGE_LOOP('',(#1053,#1054,#1055,#1056)) ;
#1083=EDGE_LOOP('',(#1084,#1085,#1086,#1087)) ;
#1095=EDGE_LOOP('',(#1096,#1097,#1098,#1099)) ;
#1126=EDGE_LOOP('',(#1127,#1128,#1129,#1130)) ;
#1138=EDGE_LOOP('',(#1139,#1140,#1141,#1142)) ;
#1169=EDGE_LOOP('',(#1170,#1171,#1172,#1173)) ;
#1181=EDGE_LOOP('',(#1182,#1183,#1184,#1185)) ;
#1212=EDGE_LOOP('',(#1213,#1214,#1215,#1216)) ;
#1224=EDGE_LOOP('',(#1225,#1226,#1227,#1228)) ;
#1255=EDGE_LOOP('',(#1256,#1257,#1258,#1259)) ;
#1267=EDGE_LOOP('',(#1268,#1269,#1270,#1271)) ;
#1298=EDGE_LOOP('',(#1299,#1300,#1301,#1302)) ;
#1310=EDGE_LOOP('',(#1311,#1312,#1313,#1314)) ;
#1341=EDGE_LOOP('',(#1342,#1343,#1344,#1345)) ;
#1353=EDGE_LOOP('',(#1354,#1355,#1356,#1357)) ;
#1384=EDGE_LOOP('',(#1385,#1386,#1387,#1388)) ;
#1396=EDGE_LOOP('',(#1397,#1398,#1399,#1400)) ;
#1427=EDGE_LOOP('',(#1428,#1429,#1430,#1431)) ;
#1439=EDGE_LOOP('',(#1440,#1441,#1442,#1443)) ;
#1470=EDGE_LOOP('',(#1471,#1472,#1473,#1474)) ;
#1482=EDGE_LOOP('',(#1483,#1484,#1485,#1486)) ;
#1513=EDGE_LOOP('',(#1514,#1515,#1516,#1517)) ;
#1525=EDGE_LOOP('',(#1526,#1527,#1528,#1529)) ;
#1556=EDGE_LOOP('',(#1557,#1558,#1559,#1560)) ;
#1568=EDGE_LOOP('',(#1569,#1570,#1571,#1572)) ;
#1599=EDGE_LOOP('',(#1600,#1601,#1602,#1603)) ;
#1611=EDGE_LOOP('',(#1612,#1613,#1614,#1615)) ;
#1638=EDGE_LOOP('',(#1639,#1640)) ;
#1642=EDGE_LOOP('',(#1643,#1644)) ;
#1647=EDGE_LOOP('',(#1648,#1649,#1650,#1651,#1652)) ;
#1654=EDGE_LOOP('',(#1655,#1656,#1657,#1658)) ;
#1679=EDGE_LOOP('',(#1680,#1681,#1682)) ;
#1703=EDGE_LOOP('',(#1704,#1705,#1706)) ;
#1727=EDGE_LOOP('',(#1728,#1729,#1730)) ;
#1732=EDGE_LOOP('',(#1733,#1734)) ;
#1736=EDGE_LOOP('',(#1737,#1738)) ;
#1740=EDGE_LOOP('',(#1741,#1742)) ;
#1744=EDGE_LOOP('',(#1745,#1746)) ;
#1748=EDGE_LOOP('',(#1749,#1750)) ;
#1752=EDGE_LOOP('',(#1753,#1754)) ;
#1756=EDGE_LOOP('',(#1757,#1758)) ;
#1760=EDGE_LOOP('',(#1761,#1762)) ;
#1764=EDGE_LOOP('',(#1765,#1766)) ;
#1768=EDGE_LOOP('',(#1769,#1770)) ;
#1772=EDGE_LOOP('',(#1773,#1774)) ;
#1776=EDGE_LOOP('',(#1777,#1778)) ;
#1780=EDGE_LOOP('',(#1781,#1782)) ;
#1784=EDGE_LOOP('',(#1785,#1786)) ;
#1788=EDGE_LOOP('',(#1789,#1790)) ;
#1792=EDGE_LOOP('',(#1793,#1794)) ;
#1796=EDGE_LOOP('',(#1797,#1798)) ;
#1800=EDGE_LOOP('',(#1801,#1802)) ;
#1819=EDGE_LOOP('',(#1820,#1821)) ;
#1823=EDGE_LOOP('',(#1824,#1825)) ;
#1842=EDGE_LOOP('',(#1843,#1844)) ;
#1846=EDGE_LOOP('',(#1847,#1848)) ;
#1866=EDGE_LOOP('',(#1867,#1868,#1869,#1870)) ;
#1873=EDGE_LOOP('',(#1874,#1875,#1876,#1877,#1878)) ;
#1905=EDGE_LOOP('',(#1906,#1907,#1908,#1909,#1910)) ;
#1918=EDGE_LOOP('',(#1919,#1920,#1921,#1922)) ;
#1949=EDGE_LOOP('',(#1950,#1951,#1952,#1953,#1954)) ;
#1962=EDGE_LOOP('',(#1963,#1964,#1965,#1966)) ;
#1993=EDGE_LOOP('',(#1994,#1995,#1996,#1997)) ;
#2005=EDGE_LOOP('',(#2006,#2007,#2008,#2009)) ;
#2036=EDGE_LOOP('',(#2037,#2038,#2039,#2040)) ;
#2048=EDGE_LOOP('',(#2049,#2050,#2051,#2052)) ;
#2055=EDGE_LOOP('',(#2056,#2057)) ;
#2059=EDGE_LOOP('',(#2060,#2061)) ;
#2064=EDGE_LOOP('',(#2065,#2066)) ;
#2068=EDGE_LOOP('',(#2069,#2070)) ;
#71=FACE_OUTER_BOUND('',#66,.T.) ;
#103=FACE_OUTER_BOUND('',#98,.T.) ;
#128=FACE_OUTER_BOUND('',#123,.T.) ;
#153=FACE_OUTER_BOUND('',#148,.T.) ;
#171=FACE_OUTER_BOUND('',#166,.T.) ;
#211=FACE_OUTER_BOUND('',#206,.T.) ;
#228=FACE_OUTER_BOUND('',#223,.T.) ;
#253=FACE_OUTER_BOUND('',#250,.T.) ;
#282=FACE_OUTER_BOUND('',#279,.T.) ;
#677=FACE_OUTER_BOUND('',#672,.T.) ;
#689=FACE_OUTER_BOUND('',#684,.T.) ;
#728=FACE_OUTER_BOUND('',#722,.T.) ;
#756=FACE_OUTER_BOUND('',#749,.T.) ;
#787=FACE_OUTER_BOUND('',#782,.T.) ;
#799=FACE_OUTER_BOUND('',#794,.T.) ;
#830=FACE_OUTER_BOUND('',#825,.T.) ;
#842=FACE_OUTER_BOUND('',#837,.T.) ;
#873=FACE_OUTER_BOUND('',#868,.T.) ;
#885=FACE_OUTER_BOUND('',#880,.T.) ;
#916=FACE_OUTER_BOUND('',#911,.T.) ;
#928=FACE_OUTER_BOUND('',#923,.T.) ;
#959=FACE_OUTER_BOUND('',#954,.T.) ;
#971=FACE_OUTER_BOUND('',#966,.T.) ;
#1002=FACE_OUTER_BOUND('',#997,.T.) ;
#1014=FACE_OUTER_BOUND('',#1009,.T.) ;
#1045=FACE_OUTER_BOUND('',#1040,.T.) ;
#1057=FACE_OUTER_BOUND('',#1052,.T.) ;
#1088=FACE_OUTER_BOUND('',#1083,.T.) ;
#1100=FACE_OUTER_BOUND('',#1095,.T.) ;
#1131=FACE_OUTER_BOUND('',#1126,.T.) ;
#1143=FACE_OUTER_BOUND('',#1138,.T.) ;
#1174=FACE_OUTER_BOUND('',#1169,.T.) ;
#1186=FACE_OUTER_BOUND('',#1181,.T.) ;
#1217=FACE_OUTER_BOUND('',#1212,.T.) ;
#1229=FACE_OUTER_BOUND('',#1224,.T.) ;
#1260=FACE_OUTER_BOUND('',#1255,.T.) ;
#1272=FACE_OUTER_BOUND('',#1267,.T.) ;
#1303=FACE_OUTER_BOUND('',#1298,.T.) ;
#1315=FACE_OUTER_BOUND('',#1310,.T.) ;
#1346=FACE_OUTER_BOUND('',#1341,.T.) ;
#1358=FACE_OUTER_BOUND('',#1353,.T.) ;
#1389=FACE_OUTER_BOUND('',#1384,.T.) ;
#1401=FACE_OUTER_BOUND('',#1396,.T.) ;
#1432=FACE_OUTER_BOUND('',#1427,.T.) ;
#1444=FACE_OUTER_BOUND('',#1439,.T.) ;
#1475=FACE_OUTER_BOUND('',#1470,.T.) ;
#1487=FACE_OUTER_BOUND('',#1482,.T.) ;
#1518=FACE_OUTER_BOUND('',#1513,.T.) ;
#1530=FACE_OUTER_BOUND('',#1525,.T.) ;
#1561=FACE_OUTER_BOUND('',#1556,.T.) ;
#1573=FACE_OUTER_BOUND('',#1568,.T.) ;
#1604=FACE_OUTER_BOUND('',#1599,.T.) ;
#1616=FACE_OUTER_BOUND('',#1611,.T.) ;
#1641=FACE_OUTER_BOUND('',#1638,.T.) ;
#1653=FACE_OUTER_BOUND('',#1647,.T.) ;
#1822=FACE_OUTER_BOUND('',#1819,.T.) ;
#1845=FACE_OUTER_BOUND('',#1842,.T.) ;
#1871=FACE_OUTER_BOUND('',#1866,.T.) ;
#1879=FACE_OUTER_BOUND('',#1873,.T.) ;
#1911=FACE_OUTER_BOUND('',#1905,.T.) ;
#1923=FACE_OUTER_BOUND('',#1918,.T.) ;
#1955=FACE_OUTER_BOUND('',#1949,.T.) ;
#1967=FACE_OUTER_BOUND('',#1962,.T.) ;
#1998=FACE_OUTER_BOUND('',#1993,.T.) ;
#2010=FACE_OUTER_BOUND('',#2005,.T.) ;
#2041=FACE_OUTER_BOUND('',#2036,.T.) ;
#2053=FACE_OUTER_BOUND('',#2048,.T.) ;
#2058=FACE_OUTER_BOUND('',#2055,.T.) ;
#2067=FACE_OUTER_BOUND('',#2064,.T.) ;
#2091=GEOMETRIC_SET('NONE',(#2083,#2101,#2114,#2127,#2140,#2169,#2182,#2195,#2224,#2237,#2250,#2263,#2276,#2289,#2302,#2315,#2328,#2341,#2354,#2367,#2380,#2417)) ;
#2090=GEOMETRICALLY_BOUNDED_SURFACE_SHAPE_REPRESENTATION('NONE',(#2091),#16) ;
#41=LINE('Line',#38,#40) ;
#50=LINE('Line',#47,#49) ;
#57=LINE('Line',#54,#56) ;
#64=LINE('Line',#61,#63) ;
#82=LINE('Line',#79,#81) ;
#89=LINE('Line',#86,#88) ;
#96=LINE('Line',#93,#95) ;
#114=LINE('Line',#111,#113) ;
#121=LINE('Line',#118,#120) ;
#139=LINE('Line',#136,#138) ;
#146=LINE('Line',#143,#145) ;
#164=LINE('Line',#161,#163) ;
#181=LINE('Line',#178,#180) ;
#197=LINE('Line',#194,#196) ;
#665=LINE('Line',#662,#664) ;
#670=LINE('Line',#667,#669) ;
#699=LINE('Line',#696,#698) ;
#706=LINE('Line',#703,#705) ;
#766=LINE('Line',#763,#765) ;
#780=LINE('Line',#777,#779) ;
#809=LINE('Line',#806,#808) ;
#823=LINE('Line',#820,#822) ;
#852=LINE('Line',#849,#851) ;
#866=LINE('Line',#863,#865) ;
#895=LINE('Line',#892,#894) ;
#909=LINE('Line',#906,#908) ;
#938=LINE('Line',#935,#937) ;
#952=LINE('Line',#949,#951) ;
#981=LINE('Line',#978,#980) ;
#995=LINE('Line',#992,#994) ;
#1024=LINE('Line',#1021,#1023) ;
#1038=LINE('Line',#1035,#1037) ;
#1067=LINE('Line',#1064,#1066) ;
#1081=LINE('Line',#1078,#1080) ;
#1110=LINE('Line',#1107,#1109) ;
#1124=LINE('Line',#1121,#1123) ;
#1153=LINE('Line',#1150,#1152) ;
#1167=LINE('Line',#1164,#1166) ;
#1196=LINE('Line',#1193,#1195) ;
#1210=LINE('Line',#1207,#1209) ;
#1239=LINE('Line',#1236,#1238) ;
#1253=LINE('Line',#1250,#1252) ;
#1282=LINE('Line',#1279,#1281) ;
#1296=LINE('Line',#1293,#1295) ;
#1325=LINE('Line',#1322,#1324) ;
#1339=LINE('Line',#1336,#1338) ;
#1368=LINE('Line',#1365,#1367) ;
#1382=LINE('Line',#1379,#1381) ;
#1411=LINE('Line',#1408,#1410) ;
#1425=LINE('Line',#1422,#1424) ;
#1454=LINE('Line',#1451,#1453) ;
#1468=LINE('Line',#1465,#1467) ;
#1497=LINE('Line',#1494,#1496) ;
#1511=LINE('Line',#1508,#1510) ;
#1540=LINE('Line',#1537,#1539) ;
#1554=LINE('Line',#1551,#1553) ;
#1583=LINE('Line',#1580,#1582) ;
#1597=LINE('Line',#1594,#1596) ;
#1859=LINE('Line',#1856,#1858) ;
#1864=LINE('Line',#1861,#1863) ;
#1889=LINE('Line',#1886,#1888) ;
#1896=LINE('Line',#1893,#1895) ;
#1933=LINE('Line',#1930,#1932) ;
#1940=LINE('Line',#1937,#1939) ;
#1986=LINE('Line',#1983,#1985) ;
#1991=LINE('Line',#1988,#1990) ;
#2029=LINE('Line',#2026,#2028) ;
#2034=LINE('Line',#2031,#2033) ;
#2078=LINE('Line',#2075,#2077) ;
#2096=LINE('Line',#2093,#2095) ;
#2109=LINE('Line',#2106,#2108) ;
#2122=LINE('Line',#2119,#2121) ;
#2135=LINE('Line',#2132,#2134) ;
#2148=LINE('Line',#2145,#2147) ;
#2156=LINE('Line',#2153,#2155) ;
#2164=LINE('Line',#2161,#2163) ;
#2177=LINE('Line',#2174,#2176) ;
#2190=LINE('Line',#2187,#2189) ;
#2203=LINE('Line',#2200,#2202) ;
#2211=LINE('Line',#2208,#2210) ;
#2219=LINE('Line',#2216,#2218) ;
#2232=LINE('Line',#2229,#2231) ;
#2245=LINE('Line',#2242,#2244) ;
#2258=LINE('Line',#2255,#2257) ;
#2271=LINE('Line',#2268,#2270) ;
#2284=LINE('Line',#2281,#2283) ;
#2297=LINE('Line',#2294,#2296) ;
#2310=LINE('Line',#2307,#2309) ;
#2323=LINE('Line',#2320,#2322) ;
#2336=LINE('Line',#2333,#2335) ;
#2349=LINE('Line',#2346,#2348) ;
#2362=LINE('Line',#2359,#2361) ;
#2375=LINE('Line',#2372,#2374) ;
#2388=LINE('Line',#2385,#2387) ;
#2396=LINE('Line',#2393,#2395) ;
#2404=LINE('Line',#2401,#2403) ;
#2412=LINE('Line',#2409,#2411) ;
#2081=TRIMMED_CURVE('',#2078,(#2079),(#2080),.T.,.CARTESIAN.) ;
#2099=TRIMMED_CURVE('',#2096,(#2097),(#2098),.T.,.CARTESIAN.) ;
#2112=TRIMMED_CURVE('',#2109,(#2110),(#2111),.T.,.CARTESIAN.) ;
#2125=TRIMMED_CURVE('',#2122,(#2123),(#2124),.T.,.CARTESIAN.) ;
#2138=TRIMMED_CURVE('',#2135,(#2136),(#2137),.T.,.CARTESIAN.) ;
#2151=TRIMMED_CURVE('',#2148,(#2149),(#2150),.T.,.CARTESIAN.) ;
#2159=TRIMMED_CURVE('',#2156,(#2157),(#2158),.T.,.CARTESIAN.) ;
#2167=TRIMMED_CURVE('',#2164,(#2165),(#2166),.T.,.CARTESIAN.) ;
#2180=TRIMMED_CURVE('',#2177,(#2178),(#2179),.T.,.CARTESIAN.) ;
#2193=TRIMMED_CURVE('',#2190,(#2191),(#2192),.T.,.CARTESIAN.) ;
#2206=TRIMMED_CURVE('',#2203,(#2204),(#2205),.F.,.CARTESIAN.) ;
#2214=TRIMMED_CURVE('',#2211,(#2212),(#2213),.F.,.CARTESIAN.) ;
#2222=TRIMMED_CURVE('',#2219,(#2220),(#2221),.F.,.CARTESIAN.) ;
#2235=TRIMMED_CURVE('',#2232,(#2233),(#2234),.T.,.CARTESIAN.) ;
#2248=TRIMMED_CURVE('',#2245,(#2246),(#2247),.T.,.CARTESIAN.) ;
#2261=TRIMMED_CURVE('',#2258,(#2259),(#2260),.T.,.CARTESIAN.) ;
#2274=TRIMMED_CURVE('',#2271,(#2272),(#2273),.T.,.CARTESIAN.) ;
#2287=TRIMMED_CURVE('',#2284,(#2285),(#2286),.T.,.CARTESIAN.) ;
#2300=TRIMMED_CURVE('',#2297,(#2298),(#2299),.T.,.CARTESIAN.) ;
#2313=TRIMMED_CURVE('',#2310,(#2311),(#2312),.T.,.CARTESIAN.) ;
#2326=TRIMMED_CURVE('',#2323,(#2324),(#2325),.T.,.CARTESIAN.) ;
#2339=TRIMMED_CURVE('',#2336,(#2337),(#2338),.T.,.CARTESIAN.) ;
#2352=TRIMMED_CURVE('',#2349,(#2350),(#2351),.T.,.CARTESIAN.) ;
#2365=TRIMMED_CURVE('',#2362,(#2363),(#2364),.T.,.CARTESIAN.) ;
#2378=TRIMMED_CURVE('',#2375,(#2376),(#2377),.T.,.CARTESIAN.) ;
#2391=TRIMMED_CURVE('',#2388,(#2389),(#2390),.T.,.CARTESIAN.) ;
#2399=TRIMMED_CURVE('',#2396,(#2397),(#2398),.F.,.CARTESIAN.) ;
#2407=TRIMMED_CURVE('',#2404,(#2405),(#2406),.F.,.CARTESIAN.) ;
#2415=TRIMMED_CURVE('',#2412,(#2413),(#2414),.F.,.CARTESIAN.) ;
#36=PLANE('',#35) ;
#77=PLANE('',#76) ;
#109=PLANE('',#108) ;
#134=PLANE('',#133) ;
#159=PLANE('',#158) ;
#234=PLANE('',#233) ;
#263=PLANE('',#262) ;
#1622=PLANE('',#1621) ;
#9=PRODUCT_CATEGORY_RELATIONSHIP(' ',' ',#7,#8) ;
#6=PRODUCT_DEFINITION_FORMATION_WITH_SPECIFIED_SOURCE('',' ',#5,.NOT_KNOWN.) ;
#20=SHAPE_DEFINITION_REPRESENTATION(#11,#19) ;
#43=VERTEX_POINT('',#42) ;
#45=VERTEX_POINT('',#44) ;
#52=VERTEX_POINT('',#51) ;
#59=VERTEX_POINT('',#58) ;
#84=VERTEX_POINT('',#83) ;
#91=VERTEX_POINT('',#90) ;
#116=VERTEX_POINT('',#115) ;
#141=VERTEX_POINT('',#140) ;
#183=VERTEX_POINT('',#182) ;
#185=VERTEX_POINT('',#184) ;
#192=VERTEX_POINT('',#191) ;
#199=VERTEX_POINT('',#198) ;
#241=VERTEX_POINT('',#240) ;
#243=VERTEX_POINT('',#242) ;
#270=VERTEX_POINT('',#269) ;
#272=VERTEX_POINT('',#271) ;
#288=VERTEX_POINT('',#287) ;
#290=VERTEX_POINT('',#289) ;
#306=VERTEX_POINT('',#305) ;
#308=VERTEX_POINT('',#307) ;
#328=VERTEX_POINT('',#327) ;
#330=VERTEX_POINT('',#329) ;
#346=VERTEX_POINT('',#345) ;
#348=VERTEX_POINT('',#347) ;
#364=VERTEX_POINT('',#363) ;
#366=VERTEX_POINT('',#365) ;
#382=VERTEX_POINT('',#381) ;
#384=VERTEX_POINT('',#383) ;
#400=VERTEX_POINT('',#399) ;
#402=VERTEX_POINT('',#401) ;
#418=VERTEX_POINT('',#417) ;
#420=VERTEX_POINT('',#419) ;
#436=VERTEX_POINT('',#435) ;
#438=VERTEX_POINT('',#437) ;
#454=VERTEX_POINT('',#453) ;
#456=VERTEX_POINT('',#455) ;
#472=VERTEX_POINT('',#471) ;
#474=VERTEX_POINT('',#473) ;
#490=VERTEX_POINT('',#489) ;
#492=VERTEX_POINT('',#491) ;
#508=VERTEX_POINT('',#507) ;
#510=VERTEX_POINT('',#509) ;
#526=VERTEX_POINT('',#525) ;
#528=VERTEX_POINT('',#527) ;
#544=VERTEX_POINT('',#543) ;
#546=VERTEX_POINT('',#545) ;
#562=VERTEX_POINT('',#561) ;
#564=VERTEX_POINT('',#563) ;
#580=VERTEX_POINT('',#579) ;
#582=VERTEX_POINT('',#581) ;
#598=VERTEX_POINT('',#597) ;
#600=VERTEX_POINT('',#599) ;
#616=VERTEX_POINT('',#615) ;
#618=VERTEX_POINT('',#617) ;
#634=VERTEX_POINT('',#633) ;
#636=VERTEX_POINT('',#635) ;
#658=VERTEX_POINT('',#657) ;
#660=VERTEX_POINT('',#659) ;
#701=VERTEX_POINT('',#700) ;
#708=VERTEX_POINT('',#707) ;
#715=VERTEX_POINT('',#714) ;
#735=VERTEX_POINT('',#734) ;
#742=VERTEX_POINT('',#741) ;
#768=VERTEX_POINT('',#767) ;
#775=VERTEX_POINT('',#774) ;
#811=VERTEX_POINT('',#810) ;
#818=VERTEX_POINT('',#817) ;
#854=VERTEX_POINT('',#853) ;
#861=VERTEX_POINT('',#860) ;
#897=VERTEX_POINT('',#896) ;
#904=VERTEX_POINT('',#903) ;
#940=VERTEX_POINT('',#939) ;
#947=VERTEX_POINT('',#946) ;
#983=VERTEX_POINT('',#982) ;
#990=VERTEX_POINT('',#989) ;
#1026=VERTEX_POINT('',#1025) ;
#1033=VERTEX_POINT('',#1032) ;
#1069=VERTEX_POINT('',#1068) ;
#1076=VERTEX_POINT('',#1075) ;
#1112=VERTEX_POINT('',#1111) ;
#1119=VERTEX_POINT('',#1118) ;
#1155=VERTEX_POINT('',#1154) ;
#1162=VERTEX_POINT('',#1161) ;
#1198=VERTEX_POINT('',#1197) ;
#1205=VERTEX_POINT('',#1204) ;
#1241=VERTEX_POINT('',#1240) ;
#1248=VERTEX_POINT('',#1247) ;
#1284=VERTEX_POINT('',#1283) ;
#1291=VERTEX_POINT('',#1290) ;
#1327=VERTEX_POINT('',#1326) ;
#1334=VERTEX_POINT('',#1333) ;
#1370=VERTEX_POINT('',#1369) ;
#1377=VERTEX_POINT('',#1376) ;
#1413=VERTEX_POINT('',#1412) ;
#1420=VERTEX_POINT('',#1419) ;
#1456=VERTEX_POINT('',#1455) ;
#1463=VERTEX_POINT('',#1462) ;
#1499=VERTEX_POINT('',#1498) ;
#1506=VERTEX_POINT('',#1505) ;
#1542=VERTEX_POINT('',#1541) ;
#1549=VERTEX_POINT('',#1548) ;
#1585=VERTEX_POINT('',#1584) ;
#1592=VERTEX_POINT('',#1591) ;
#1629=VERTEX_POINT('',#1628) ;
#1631=VERTEX_POINT('',#1630) ;
#1665=VERTEX_POINT('',#1664) ;
#1672=VERTEX_POINT('',#1671) ;
#1689=VERTEX_POINT('',#1688) ;
#1696=VERTEX_POINT('',#1695) ;
#1713=VERTEX_POINT('',#1712) ;
#1720=VERTEX_POINT('',#1719) ;
#1810=VERTEX_POINT('',#1809) ;
#1812=VERTEX_POINT('',#1811) ;
#1833=VERTEX_POINT('',#1832) ;
#1835=VERTEX_POINT('',#1834) ;
#1891=VERTEX_POINT('',#1890) ;
#1898=VERTEX_POINT('',#1897) ;
#1935=VERTEX_POINT('',#1934) ;
#1942=VERTEX_POINT('',#1941) ;
#1979=VERTEX_POINT('',#1978) ;
#1981=VERTEX_POINT('',#1980) ;
#2022=VERTEX_POINT('',#2021) ;
#2024=VERTEX_POINT('',#2023) ;
#12=(LENGTH_UNIT()NAMED_UNIT(*)SI_UNIT(.MILLI.,.METRE.)) ;
#13=(NAMED_UNIT(*)PLANE_ANGLE_UNIT()SI_UNIT($,.RADIAN.)) ;
#14=(NAMED_UNIT(*)SI_UNIT($,.STERADIAN.)SOLID_ANGLE_UNIT()) ;
#16=(GEOMETRIC_REPRESENTATION_CONTEXT(3)GLOBAL_UNCERTAINTY_ASSIGNED_CONTEXT((#15))GLOBAL_UNIT_ASSIGNED_CONTEXT((#12,#13,#14))REPRESENTATION_CONTEXT(' ',' ')) ;
ENDSEC;
END-ISO-10303-21;
